benchmark group : Nguyen
cases           : Nguyen-1, Nguyen-2, Nguyen-3, Nguyen-4, Nguyen-5, Nguyen-6, Nguyen-7, Nguyen-8, Nguyen-9, Nguyen-10, Nguyen-11, Nguyen-12*
runs per case   : 100
seed_source     : quantum
ops             : +,-,*,/,sin,cos,exp,log
c               : 6.0
gamma           : 0.5
gp_rate         : 0.5
mutation_rate   : 0.1
exploration_rate: 0.1
sample_multiplier: 2.0
test_ratio      : 0.5
workers         : 32
output          : /root/bench_results/mt19937-quantum/nguyen
          Nguyen-8 run=0  seed=723072574 time=0.009s reward=1.000000 train_r2=1.000000 test_r2=1.000000 complexity=3 evals=1914
          Nguyen-1 run=0  seed=723072574 time=0.015s reward=1.000000 train_r2=1.000000 test_r2=1.000000 complexity=9 evals=2823
         Nguyen-11 run=1  seed=971434279 time=0.019s reward=1.000000 train_r2=1.000000 test_r2=1.000000 complexity=5 evals=3828
         Nguyen-11 run=0  seed=723072574 time=0.015s reward=1.000000 train_r2=1.000000 test_r2=1.000000 complexity=5 evals=3081
          Nguyen-1 run=1  seed=971434279 time=0.058s reward=1.000000 train_r2=1.000000 test_r2=1.000000 complexity=9 evals=10950
          Nguyen-1 run=2  seed=3325160576 time=0.025s reward=1.000000 train_r2=1.000000 test_r2=1.000000 complexity=9 evals=4490
         Nguyen-11 run=2  seed=3325160576 time=0.027s reward=1.000000 train_r2=1.000000 test_r2=1.000000 complexity=5 evals=5063
          Nguyen-9 run=2  seed=3325160576 time=0.061s reward=1.000000 train_r2=1.000000 test_r2=1.000000 complexity=7 evals=11504
          Nguyen-9 run=0  seed=723072574 time=0.088s reward=1.000000 train_r2=1.000000 test_r2=1.000000 complexity=7 evals=15962
          Nguyen-1 run=3  seed=3163586042 time=0.076s reward=1.000000 train_r2=1.000000 test_r2=1.000000 complexity=9 evals=13727
          Nguyen-9 run=1  seed=971434279 time=0.134s reward=1.000000 train_r2=1.000000 test_r2=1.000000 complexity=7 evals=24804
          Nguyen-5 run=1  seed=971434279 time=0.111s reward=1.000000 train_r2=1.000000 test_r2=1.000000 complexity=9 evals=18335
          Nguyen-2 run=2  seed=3325160576 time=0.153s reward=1.000000 train_r2=1.000000 test_r2=1.000000 complexity=10 evals=25662
          Nguyen-2 run=3  seed=3163586042 time=0.112s reward=1.000000 train_r2=1.000000 test_r2=1.000000 complexity=10 evals=17586
          Nguyen-6 run=0  seed=723072574 time=0.172s reward=1.000000 train_r2=1.000000 test_r2=1.000000 complexity=9 evals=29518
          Nguyen-6 run=2  seed=3325160576 time=0.135s reward=1.000000 train_r2=1.000000 test_r2=1.000000 complexity=9 evals=22830
         Nguyen-10 run=0  seed=723072574 time=0.187s reward=1.000000 train_r2=1.000000 test_r2=1.000000 complexity=6 evals=31597
          Nguyen-5 run=2  seed=3325160576 time=0.174s reward=1.000000 train_r2=1.000000 test_r2=1.000000 complexity=9 evals=29082
         Nguyen-10 run=1  seed=971434279 time=0.222s reward=1.000000 train_r2=1.000000 test_r2=1.000000 complexity=6 evals=36624
          Nguyen-2 run=1  seed=971434279 time=0.224s reward=1.000000 train_r2=1.000000 test_r2=1.000000 complexity=12 evals=35146
         Nguyen-11 run=3  seed=3163586042 time=0.042s reward=1.000000 train_r2=1.000000 test_r2=1.000000 complexity=5 evals=8178
          Nguyen-8 run=1  seed=971434279 time=0.284s reward=1.000000 train_r2=1.000000 test_r2=1.000000 complexity=3 evals=49291
          Nguyen-6 run=3  seed=3163586042 time=0.086s reward=1.000000 train_r2=1.000000 test_r2=1.000000 complexity=9 evals=15965
          Nguyen-1 run=4  seed=1227433701 time=0.051s reward=1.000000 train_r2=1.000000 test_r2=1.000000 complexity=9 evals=9110
          Nguyen-2 run=0  seed=723072574 time=0.234s reward=1.000000 train_r2=1.000000 test_r2=1.000000 complexity=12 evals=36647
          Nguyen-4 run=1  seed=971434279 time=0.301s reward=1.000000 train_r2=1.000000 test_r2=1.000000 complexity=14 evals=48266
          Nguyen-5 run=3  seed=3163586042 time=0.160s reward=1.000000 train_r2=1.000000 test_r2=1.000000 complexity=9 evals=26181
          Nguyen-8 run=3  seed=3163586042 time=0.140s reward=1.000000 train_r2=1.000000 test_r2=1.000000 complexity=3 evals=24039
          Nguyen-6 run=1  seed=971434279 time=0.310s reward=1.000000 train_r2=1.000000 test_r2=1.000000 complexity=9 evals=52774
         Nguyen-11 run=4  seed=1227433701 time=0.022s reward=1.000000 train_r2=1.000000 test_r2=1.000000 complexity=5 evals=4261
          Nguyen-1 run=5  seed=2057259013 time=0.023s reward=1.000000 train_r2=1.000000 test_r2=1.000000 complexity=9 evals=4499
          Nguyen-3 run=4  seed=1227433701 time=0.118s reward=1.000000 train_r2=1.000000 test_r2=1.000000 complexity=14 evals=20341
          Nguyen-2 run=4  seed=1227433701 time=0.135s reward=1.000000 train_r2=1.000000 test_r2=1.000000 complexity=10 evals=21451
          Nguyen-8 run=4  seed=1227433701 time=0.116s reward=1.000000 train_r2=1.000000 test_r2=1.000000 complexity=3 evals=20298
          Nguyen-9 run=3  seed=3163586042 time=0.199s reward=1.000000 train_r2=1.000000 test_r2=1.000000 complexity=7 evals=33540
          Nguyen-5 run=0  seed=723072574 time=0.415s reward=1.000000 train_r2=1.000000 test_r2=1.000000 complexity=9 evals=64618
          Nguyen-7 run=2  seed=3325160576 time=0.363s reward=1.000000 train_r2=1.000000 test_r2=1.000000 complexity=10 evals=51613
         Nguyen-10 run=3  seed=3163586042 time=0.217s reward=1.000000 train_r2=1.000000 test_r2=1.000000 complexity=6 evals=35116
          Nguyen-7 run=3  seed=3163586042 time=0.281s reward=1.000000 train_r2=1.000000 test_r2=1.000000 complexity=11 evals=46308
         Nguyen-11 run=5  seed=2057259013 time=0.011s reward=1.000000 train_r2=1.000000 test_r2=1.000000 complexity=5 evals=2239
          Nguyen-3 run=1  seed=971434279 time=0.449s reward=1.000000 train_r2=1.000000 test_r2=1.000000 complexity=14 evals=63823
          Nguyen-2 run=5  seed=2057259013 time=0.132s reward=1.000000 train_r2=1.000000 test_r2=1.000000 complexity=10 evals=22775
          Nguyen-9 run=4  seed=1227433701 time=0.186s reward=1.000000 train_r2=1.000000 test_r2=1.000000 complexity=7 evals=30707
          Nguyen-8 run=5  seed=2057259013 time=0.091s reward=1.000000 train_r2=1.000000 test_r2=1.000000 complexity=3 evals=16065
          Nguyen-7 run=0  seed=723072574 time=0.491s reward=1.000000 train_r2=1.000000 test_r2=1.000000 complexity=11 evals=70408
          Nguyen-5 run=5  seed=2057259013 time=0.142s reward=1.000000 train_r2=1.000000 test_r2=1.000000 complexity=9 evals=22843
          Nguyen-6 run=5  seed=2057259013 time=0.120s reward=1.000000 train_r2=1.000000 test_r2=1.000000 complexity=9 evals=21676
          Nguyen-9 run=5  seed=2057259013 time=0.097s reward=1.000000 train_r2=1.000000 test_r2=1.000000 complexity=7 evals=16412
          Nguyen-1 run=6  seed=3814845113 time=0.071s reward=1.000000 train_r2=1.000000 test_r2=1.000000 complexity=9 evals=11896
          Nguyen-3 run=2  seed=3325160576 time=0.548s reward=1.000000 train_r2=1.000000 test_r2=1.000000 complexity=14 evals=78124
         Nguyen-10 run=2  seed=3325160576 time=0.493s reward=1.000000 train_r2=1.000000 test_r2=1.000000 complexity=6 evals=72285
         Nguyen-10 run=4  seed=1227433701 time=0.307s reward=1.000000 train_r2=1.000000 test_r2=1.000000 complexity=6 evals=50661
          Nguyen-5 run=6  seed=3814845113 time=0.089s reward=1.000000 train_r2=1.000000 test_r2=1.000000 complexity=9 evals=14798
         Nguyen-11 run=6  seed=3814845113 time=0.036s reward=1.000000 train_r2=1.000000 test_r2=1.000000 complexity=5 evals=6692
          Nguyen-9 run=6  seed=3814845113 time=0.042s reward=1.000000 train_r2=1.000000 test_r2=1.000000 complexity=7 evals=7913
         Nguyen-10 run=5  seed=2057259013 time=0.191s reward=1.000000 train_r2=1.000000 test_r2=1.000000 complexity=6 evals=32224
          Nguyen-6 run=4  seed=1227433701 time=0.375s reward=1.000000 train_r2=1.000000 test_r2=1.000000 complexity=9 evals=62879
          Nguyen-1 run=7  seed=2770303473 time=0.041s reward=1.000000 train_r2=1.000000 test_r2=1.000000 complexity=8 evals=7712
          Nguyen-8 run=6  seed=3814845113 time=0.126s reward=1.000000 train_r2=1.000000 test_r2=1.000000 complexity=3 evals=18884
          Nguyen-6 run=6  seed=3814845113 time=0.125s reward=1.000000 train_r2=1.000000 test_r2=1.000000 complexity=9 evals=21084
          Nguyen-7 run=4  seed=1227433701 time=0.472s reward=1.000000 train_r2=1.000000 test_r2=1.000000 complexity=10 evals=73492
          Nguyen-4 run=0  seed=723072574 time=0.743s reward=1.000000 train_r2=1.000000 test_r2=1.000000 complexity=17 evals=106729
          Nguyen-5 run=7  seed=2770303473 time=0.080s reward=1.000000 train_r2=1.000000 test_r2=1.000000 complexity=9 evals=14629
          Nguyen-3 run=0  seed=723072574 time=0.747s reward=1.000000 train_r2=1.000000 test_r2=1.000000 complexity=14 evals=100862
         Nguyen-10 run=6  seed=3814845113 time=0.220s reward=1.000000 train_r2=1.000000 test_r2=1.000000 complexity=6 evals=36035
          Nguyen-6 run=7  seed=2770303473 time=0.108s reward=1.000000 train_r2=1.000000 test_r2=1.000000 complexity=9 evals=19135
          Nguyen-9 run=7  seed=2770303473 time=0.065s reward=1.000000 train_r2=1.000000 test_r2=1.000000 complexity=7 evals=12300
         Nguyen-11 run=7  seed=2770303473 time=0.040s reward=1.000000 train_r2=1.000000 test_r2=1.000000 complexity=5 evals=7996
          Nguyen-2 run=6  seed=3814845113 time=0.338s reward=1.000000 train_r2=1.000000 test_r2=1.000000 complexity=10 evals=52810
          Nguyen-8 run=7  seed=2770303473 time=0.154s reward=1.000000 train_r2=1.000000 test_r2=1.000000 complexity=3 evals=25998
          Nguyen-4 run=2  seed=3325160576 time=0.884s reward=1.000000 train_r2=1.000000 test_r2=1.000000 complexity=13 evals=131137
          Nguyen-2 run=8  seed=3183815639 time=0.040s reward=1.000000 train_r2=1.000000 test_r2=1.000000 complexity=10 evals=7340
          Nguyen-7 run=6  seed=3814845113 time=0.314s reward=1.000000 train_r2=1.000000 test_r2=1.000000 complexity=11 evals=47901
          Nguyen-3 run=3  seed=3163586042 time=0.802s reward=1.000000 train_r2=1.000000 test_r2=1.000000 complexity=14 evals=115991
          Nguyen-8 run=8  seed=3183815639 time=0.031s reward=1.000000 train_r2=1.000000 test_r2=1.000000 complexity=3 evals=5613
         Nguyen-10 run=7  seed=2770303473 time=0.139s reward=1.000000 train_r2=1.000000 test_r2=1.000000 complexity=6 evals=24933
         Nguyen-11 run=8  seed=3183815639 time=0.019s reward=1.000000 train_r2=1.000000 test_r2=1.000000 complexity=5 evals=3917
          Nguyen-1 run=8  seed=3183815639 time=0.144s reward=1.000000 train_r2=1.000000 test_r2=1.000000 complexity=9 evals=23831
          Nguyen-1 run=9  seed=3828183215 time=0.028s reward=1.000000 train_r2=1.000000 test_r2=1.000000 complexity=9 evals=5533
          Nguyen-7 run=7  seed=2770303473 time=0.293s reward=1.000000 train_r2=1.000000 test_r2=1.000000 complexity=11 evals=44665
          Nguyen-9 run=8  seed=3183815639 time=0.096s reward=1.000000 train_r2=1.000000 test_r2=1.000000 complexity=7 evals=17598
          Nguyen-7 run=5  seed=2057259013 time=0.639s reward=1.000000 train_r2=1.000000 test_r2=1.000000 complexity=10 evals=88744
          Nguyen-2 run=7  seed=2770303473 time=0.403s reward=1.000000 train_r2=1.000000 test_r2=1.000000 complexity=10 evals=57898
          Nguyen-6 run=8  seed=3183815639 time=0.243s reward=1.000000 train_r2=1.000000 test_r2=1.000000 complexity=9 evals=38149
          Nguyen-2 run=9  seed=3828183215 time=0.140s reward=1.000000 train_r2=1.000000 test_r2=1.000000 complexity=10 evals=23300
          Nguyen-5 run=8  seed=3183815639 time=0.270s reward=1.000000 train_r2=1.000000 test_r2=1.000000 complexity=9 evals=41544
          Nguyen-6 run=9  seed=3828183215 time=0.051s reward=1.000000 train_r2=1.000000 test_r2=1.000000 complexity=9 evals=9406
          Nguyen-7 run=8  seed=3183815639 time=0.252s reward=1.000000 train_r2=1.000000 test_r2=1.000000 complexity=10 evals=43324
         Nguyen-11 run=9  seed=3828183215 time=0.004s reward=1.000000 train_r2=1.000000 test_r2=1.000000 complexity=5 evals=856
          Nguyen-3 run=5  seed=2057259013 time=0.781s reward=1.000000 train_r2=1.000000 test_r2=1.000000 complexity=14 evals=108947
          Nguyen-1 run=10 seed=2437489881 time=0.030s reward=1.000000 train_r2=1.000000 test_r2=1.000000 complexity=9 evals=5724
         Nguyen-10 run=8  seed=3183815639 time=0.276s reward=1.000000 train_r2=1.000000 test_r2=1.000000 complexity=6 evals=45225
          Nguyen-3 run=7  seed=2770303473 time=0.540s reward=1.000000 train_r2=1.000000 test_r2=1.000000 complexity=14 evals=77590
          Nguyen-3 run=6  seed=3814845113 time=0.684s reward=1.000000 train_r2=1.000000 test_r2=1.000000 complexity=15 evals=94331
          Nguyen-9 run=9  seed=3828183215 time=0.067s reward=1.000000 train_r2=1.000000 test_r2=1.000000 complexity=7 evals=12524
          Nguyen-7 run=1  seed=971434279 time=1.251s reward=1.000000 train_r2=1.000000 test_r2=1.000000 complexity=10 evals=169199
          Nguyen-3 run=8  seed=3183815639 time=0.405s reward=1.000000 train_r2=1.000000 test_r2=1.000000 complexity=14 evals=67778
         Nguyen-10 run=9  seed=3828183215 time=0.109s reward=1.000000 train_r2=1.000000 test_r2=1.000000 complexity=6 evals=19682
          Nguyen-9 run=10 seed=2437489881 time=0.065s reward=1.000000 train_r2=1.000000 test_r2=1.000000 complexity=7 evals=12910
         Nguyen-11 run=10 seed=2437489881 time=0.019s reward=1.000000 train_r2=1.000000 test_r2=1.000000 complexity=5 evals=3908
          Nguyen-5 run=10 seed=2437489881 time=0.209s reward=1.000000 train_r2=1.000000 test_r2=1.000000 complexity=9 evals=32360
          Nguyen-4 run=3  seed=3163586042 time=1.363s reward=1.000000 train_r2=1.000000 test_r2=1.000000 complexity=13 evals=167993
          Nguyen-6 run=10 seed=2437489881 time=0.212s reward=1.000000 train_r2=1.000000 test_r2=1.000000 complexity=9 evals=33603
          Nguyen-7 run=9  seed=3828183215 time=0.397s reward=1.000000 train_r2=1.000000 test_r2=1.000000 complexity=11 evals=56622
          Nguyen-3 run=9  seed=3828183215 time=0.464s reward=1.000000 train_r2=1.000000 test_r2=1.000000 complexity=16 evals=70316
          Nguyen-7 run=10 seed=2437489881 time=0.273s reward=1.000000 train_r2=1.000000 test_r2=1.000000 complexity=10 evals=41475
         Nguyen-10 run=10 seed=2437489881 time=0.244s reward=1.000000 train_r2=1.000000 test_r2=1.000000 complexity=6 evals=40605
          Nguyen-2 run=11 seed=2218870180 time=0.039s reward=1.000000 train_r2=1.000000 test_r2=1.000000 complexity=10 evals=7094
          Nguyen-1 run=11 seed=2218870180 time=0.094s reward=1.000000 train_r2=1.000000 test_r2=1.000000 complexity=9 evals=16185
          Nguyen-2 run=10 seed=2437489881 time=0.392s reward=1.000000 train_r2=1.000000 test_r2=1.000000 complexity=12 evals=64293
          Nguyen-3 run=10 seed=2437489881 time=0.361s reward=1.000000 train_r2=1.000000 test_r2=1.000000 complexity=14 evals=53986
          Nguyen-5 run=9  seed=3828183215 time=0.557s reward=1.000000 train_r2=1.000000 test_r2=1.000000 complexity=9 evals=78270
         Nguyen-11 run=11 seed=2218870180 time=0.064s reward=1.000000 train_r2=1.000000 test_r2=1.000000 complexity=5 evals=12007
        Nguyen-12* run=3  seed=3163586042 time=1.413s reward=1.000000 train_r2=1.000000 test_r2=1.000000 complexity=17 evals=186949
          Nguyen-1 run=12 seed=1677402687 time=0.010s reward=1.000000 train_r2=1.000000 test_r2=1.000000 complexity=9 evals=1753
          Nguyen-9 run=11 seed=2218870180 time=0.117s reward=1.000000 train_r2=1.000000 test_r2=1.000000 complexity=7 evals=20099
          Nguyen-4 run=5  seed=2057259013 time=1.280s reward=1.000000 train_r2=1.000000 test_r2=1.000000 complexity=17 evals=168164
          Nguyen-7 run=11 seed=2218870180 time=0.263s reward=1.000000 train_r2=1.000000 test_r2=1.000000 complexity=10 evals=41678
          Nguyen-4 run=8  seed=3183815639 time=1.031s reward=1.000000 train_r2=1.000000 test_r2=1.000000 complexity=17 evals=152684
          Nguyen-2 run=12 seed=1677402687 time=0.238s reward=1.000000 train_r2=1.000000 test_r2=1.000000 complexity=12 evals=38082
          Nguyen-6 run=12 seed=1677402687 time=0.094s reward=1.000000 train_r2=1.000000 test_r2=1.000000 complexity=9 evals=16411
          Nguyen-5 run=11 seed=2218870180 time=0.460s reward=1.000000 train_r2=1.000000 test_r2=1.000000 complexity=9 evals=69852
         Nguyen-10 run=12 seed=1677402687 time=0.012s reward=1.000000 train_r2=1.000000 test_r2=1.000000 complexity=6 evals=2391
          Nguyen-8 run=12 seed=1677402687 time=0.100s reward=1.000000 train_r2=1.000000 test_r2=1.000000 complexity=3 evals=16672
         Nguyen-11 run=12 seed=1677402687 time=0.020s reward=1.000000 train_r2=1.000000 test_r2=1.000000 complexity=5 evals=3914
          Nguyen-4 run=12 seed=1677402687 time=0.324s reward=1.000000 train_r2=1.000000 test_r2=1.000000 complexity=13 evals=46714
          Nguyen-9 run=12 seed=1677402687 time=0.102s reward=1.000000 train_r2=1.000000 test_r2=1.000000 complexity=7 evals=19071
          Nguyen-1 run=13 seed=310923819 time=0.023s reward=1.000000 train_r2=1.000000 test_r2=1.000000 complexity=8 evals=4603
          Nguyen-6 run=11 seed=2218870180 time=0.527s reward=1.000000 train_r2=1.000000 test_r2=1.000000 complexity=9 evals=76709
          Nguyen-4 run=4  seed=1227433701 time=1.954s reward=1.000000 train_r2=1.000000 test_r2=1.000000 complexity=16 evals=241938
         Nguyen-10 run=11 seed=2218870180 time=0.596s reward=1.000000 train_r2=1.000000 test_r2=1.000000 complexity=6 evals=97831
          Nguyen-3 run=12 seed=1677402687 time=0.527s reward=1.000000 train_r2=1.000000 test_r2=1.000000 complexity=14 evals=73622
          Nguyen-2 run=13 seed=310923819 time=0.210s reward=1.000000 train_r2=1.000000 test_r2=1.000000 complexity=10 evals=32508
          Nguyen-4 run=10 seed=2437489881 time=1.008s reward=1.000000 train_r2=1.000000 test_r2=1.000000 complexity=16 evals=138839
          Nguyen-4 run=9  seed=3828183215 time=1.244s reward=1.000000 train_r2=1.000000 test_r2=1.000000 complexity=19 evals=157514
          Nguyen-5 run=12 seed=1677402687 time=0.563s reward=1.000000 train_r2=1.000000 test_r2=1.000000 complexity=9 evals=79748
          Nguyen-3 run=11 seed=2218870180 time=0.796s reward=1.000000 train_r2=1.000000 test_r2=1.000000 complexity=14 evals=110601
          Nguyen-8 run=13 seed=310923819 time=0.084s reward=1.000000 train_r2=1.000000 test_r2=1.000000 complexity=3 evals=15130
          Nguyen-6 run=13 seed=310923819 time=0.084s reward=1.000000 train_r2=1.000000 test_r2=1.000000 complexity=9 evals=15000
         Nguyen-11 run=13 seed=310923819 time=0.029s reward=1.000000 train_r2=1.000000 test_r2=1.000000 complexity=5 evals=5767
          Nguyen-1 run=14 seed=1777581980 time=0.031s reward=1.000000 train_r2=1.000000 test_r2=1.000000 complexity=9 evals=5802
          Nguyen-8 run=9  seed=3828183215 time=1.240s reward=1.000000 train_r2=1.000000 test_r2=1.000000 complexity=3 evals=170436
          Nguyen-7 run=12 seed=1677402687 time=0.492s reward=1.000000 train_r2=1.000000 test_r2=1.000000 complexity=10 evals=78758
          Nguyen-7 run=13 seed=310923819 time=0.213s reward=1.000000 train_r2=1.000000 test_r2=1.000000 complexity=10 evals=33974
          Nguyen-8 run=14 seed=1777581980 time=0.045s reward=1.000000 train_r2=1.000000 test_r2=1.000000 complexity=3 evals=7996
          Nguyen-4 run=7  seed=2770303473 time=1.776s reward=1.000000 train_r2=1.000000 test_r2=1.000000 complexity=13 evals=219571
          Nguyen-6 run=14 seed=1777581980 time=0.078s reward=1.000000 train_r2=1.000000 test_r2=1.000000 complexity=9 evals=13836
          Nguyen-9 run=13 seed=310923819 time=0.271s reward=1.000000 train_r2=1.000000 test_r2=1.000000 complexity=7 evals=45193
         Nguyen-11 run=14 seed=1777581980 time=0.021s reward=1.000000 train_r2=1.000000 test_r2=1.000000 complexity=5 evals=4049
          Nguyen-2 run=14 seed=1777581980 time=0.270s reward=1.000000 train_r2=1.000000 test_r2=1.000000 complexity=12 evals=43451
          Nguyen-7 run=14 seed=1777581980 time=0.182s reward=1.000000 train_r2=1.000000 test_r2=1.000000 complexity=10 evals=31058
          Nguyen-1 run=15 seed=354449225 time=0.079s reward=1.000000 train_r2=1.000000 test_r2=1.000000 complexity=9 evals=14003
          Nguyen-4 run=6  seed=3814845113 time=2.073s reward=1.000000 train_r2=1.000000 test_r2=1.000000 complexity=17 evals=279367
         Nguyen-10 run=14 seed=1777581980 time=0.159s reward=1.000000 train_r2=1.000000 test_r2=1.000000 complexity=6 evals=26865
          Nguyen-3 run=13 seed=310923819 time=0.673s reward=1.000000 train_r2=1.000000 test_r2=1.000000 complexity=14 evals=94518
          Nguyen-4 run=13 seed=310923819 time=0.660s reward=1.000000 train_r2=1.000000 test_r2=1.000000 complexity=17 evals=93260
         Nguyen-10 run=13 seed=310923819 time=0.542s reward=1.000000 train_r2=1.000000 test_r2=1.000000 complexity=6 evals=84493
          Nguyen-8 run=15 seed=354449225 time=0.081s reward=1.000000 train_r2=1.000000 test_r2=1.000000 complexity=3 evals=14463
          Nguyen-5 run=15 seed=354449225 time=0.194s reward=1.000000 train_r2=1.000000 test_r2=1.000000 complexity=9 evals=32461
          Nguyen-9 run=14 seed=1777581980 time=0.366s reward=1.000000 train_r2=1.000000 test_r2=1.000000 complexity=7 evals=63193
          Nguyen-5 run=13 seed=310923819 time=0.735s reward=1.000000 train_r2=1.000000 test_r2=1.000000 complexity=9 evals=96488
          Nguyen-9 run=15 seed=354449225 time=0.076s reward=1.000000 train_r2=1.000000 test_r2=1.000000 complexity=7 evals=13815
         Nguyen-11 run=15 seed=354449225 time=0.045s reward=1.000000 train_r2=1.000000 test_r2=1.000000 complexity=5 evals=8976
          Nguyen-1 run=16 seed=1949615811 time=0.053s reward=1.000000 train_r2=1.000000 test_r2=1.000000 complexity=9 evals=9206
          Nguyen-2 run=15 seed=354449225 time=0.371s reward=1.000000 train_r2=1.000000 test_r2=1.000000 complexity=10 evals=56240
          Nguyen-3 run=14 seed=1777581980 time=0.686s reward=1.000000 train_r2=1.000000 test_r2=1.000000 complexity=14 evals=99365
          Nguyen-6 run=15 seed=354449225 time=0.380s reward=1.000000 train_r2=1.000000 test_r2=1.000000 complexity=9 evals=54667
          Nguyen-6 run=16 seed=1949615811 time=0.110s reward=1.000000 train_r2=1.000000 test_r2=1.000000 complexity=9 evals=19610
          Nguyen-2 run=16 seed=1949615811 time=0.320s reward=1.000000 train_r2=1.000000 test_r2=1.000000 complexity=10 evals=49565
          Nguyen-7 run=16 seed=1949615811 time=0.198s reward=1.000000 train_r2=1.000000 test_r2=1.000000 complexity=10 evals=29673
          Nguyen-5 run=14 seed=1777581980 time=0.957s reward=1.000000 train_r2=1.000000 test_r2=1.000000 complexity=9 evals=122726
          Nguyen-3 run=15 seed=354449225 time=0.725s reward=1.000000 train_r2=1.000000 test_r2=1.000000 complexity=14 evals=112893
          Nguyen-3 run=16 seed=1949615811 time=0.421s reward=1.000000 train_r2=1.000000 test_r2=1.000000 complexity=14 evals=66188
         Nguyen-11 run=16 seed=1949615811 time=0.015s reward=1.000000 train_r2=1.000000 test_r2=1.000000 complexity=5 evals=2900
          Nguyen-5 run=4  seed=1227433701 time=3.120s reward=1.000000 train_r2=1.000000 test_r2=1.000000 complexity=9 evals=371724
          Nguyen-9 run=16 seed=1949615811 time=0.128s reward=1.000000 train_r2=1.000000 test_r2=1.000000 complexity=7 evals=22047
          Nguyen-1 run=17 seed=2845477618 time=0.112s reward=1.000000 train_r2=1.000000 test_r2=1.000000 complexity=9 evals=20207
         Nguyen-10 run=16 seed=1949615811 time=0.189s reward=1.000000 train_r2=1.000000 test_r2=1.000000 complexity=6 evals=31375
          Nguyen-5 run=16 seed=1949615811 time=0.544s reward=1.000000 train_r2=1.000000 test_r2=1.000000 complexity=9 evals=86920
          Nguyen-6 run=17 seed=2845477618 time=0.067s reward=1.000000 train_r2=1.000000 test_r2=1.000000 complexity=9 evals=11484
          Nguyen-7 run=17 seed=2845477618 time=0.193s reward=1.000000 train_r2=1.000000 test_r2=1.000000 complexity=11 evals=30762
          Nguyen-4 run=16 seed=1949615811 time=0.852s reward=1.000000 train_r2=1.000000 test_r2=1.000000 complexity=16 evals=114861
          Nguyen-7 run=15 seed=354449225 time=1.059s reward=1.000000 train_r2=1.000000 test_r2=1.000000 complexity=10 evals=144033
         Nguyen-11 run=17 seed=2845477618 time=0.012s reward=1.000000 train_r2=1.000000 test_r2=1.000000 complexity=5 evals=2429
          Nguyen-2 run=17 seed=2845477618 time=0.471s reward=1.000000 train_r2=1.000000 test_r2=1.000000 complexity=12 evals=69943
          Nguyen-4 run=17 seed=2845477618 time=0.500s reward=1.000000 train_r2=1.000000 test_r2=1.000000 complexity=17 evals=75608
          Nguyen-4 run=15 seed=354449225 time=1.238s reward=1.000000 train_r2=1.000000 test_r2=1.000000 complexity=17 evals=165758
          Nguyen-1 run=18 seed=3334804072 time=0.085s reward=1.000000 train_r2=1.000000 test_r2=1.000000 complexity=8 evals=14827
          Nguyen-3 run=17 seed=2845477618 time=0.573s reward=1.000000 train_r2=1.000000 test_r2=1.000000 complexity=14 evals=89369
          Nguyen-8 run=17 seed=2845477618 time=0.370s reward=1.000000 train_r2=1.000000 test_r2=1.000000 complexity=3 evals=56458
         Nguyen-10 run=17 seed=2845477618 time=0.165s reward=1.000000 train_r2=1.000000 test_r2=1.000000 complexity=6 evals=28095
          Nguyen-2 run=18 seed=3334804072 time=0.086s reward=1.000000 train_r2=1.000000 test_r2=1.000000 complexity=10 evals=14663
         Nguyen-10 run=15 seed=354449225 time=1.158s reward=1.000000 train_r2=1.000000 test_r2=1.000000 complexity=6 evals=156621
          Nguyen-5 run=17 seed=2845477618 time=0.557s reward=1.000000 train_r2=1.000000 test_r2=1.000000 complexity=9 evals=81563
          Nguyen-9 run=17 seed=2845477618 time=0.288s reward=1.000000 train_r2=1.000000 test_r2=1.000000 complexity=7 evals=47051
         Nguyen-11 run=18 seed=3334804072 time=0.025s reward=1.000000 train_r2=1.000000 test_r2=1.000000 complexity=5 evals=4966
          Nguyen-8 run=18 seed=3334804072 time=0.088s reward=1.000000 train_r2=1.000000 test_r2=1.000000 complexity=3 evals=15421
          Nguyen-7 run=18 seed=3334804072 time=0.090s reward=1.000000 train_r2=1.000000 test_r2=1.000000 complexity=11 evals=14553
          Nguyen-9 run=18 seed=3334804072 time=0.093s reward=1.000000 train_r2=1.000000 test_r2=1.000000 complexity=7 evals=16305
          Nguyen-5 run=18 seed=3334804072 time=0.185s reward=1.000000 train_r2=1.000000 test_r2=1.000000 complexity=9 evals=31218
          Nguyen-1 run=19 seed=3003924095 time=0.043s reward=1.000000 train_r2=1.000000 test_r2=1.000000 complexity=9 evals=7738
          Nguyen-6 run=18 seed=3334804072 time=0.240s reward=1.000000 train_r2=1.000000 test_r2=1.000000 complexity=9 evals=37272
          Nguyen-4 run=18 seed=3334804072 time=0.332s reward=1.000000 train_r2=1.000000 test_r2=1.000000 complexity=13 evals=48669
          Nguyen-3 run=18 seed=3334804072 time=0.439s reward=1.000000 train_r2=1.000000 test_r2=1.000000 complexity=14 evals=63952
          Nguyen-2 run=19 seed=3003924095 time=0.258s reward=1.000000 train_r2=1.000000 test_r2=1.000000 complexity=12 evals=39272
         Nguyen-10 run=18 seed=3334804072 time=0.329s reward=1.000000 train_r2=1.000000 test_r2=1.000000 complexity=6 evals=57726
          Nguyen-6 run=19 seed=3003924095 time=0.174s reward=1.000000 train_r2=1.000000 test_r2=1.000000 complexity=9 evals=27896
         Nguyen-11 run=19 seed=3003924095 time=0.006s reward=1.000000 train_r2=1.000000 test_r2=1.000000 complexity=5 evals=1173
          Nguyen-8 run=19 seed=3003924095 time=0.089s reward=1.000000 train_r2=1.000000 test_r2=1.000000 complexity=3 evals=15854
          Nguyen-9 run=19 seed=3003924095 time=0.104s reward=1.000000 train_r2=1.000000 test_r2=1.000000 complexity=7 evals=18551
          Nguyen-1 run=20 seed=938757074 time=0.052s reward=1.000000 train_r2=1.000000 test_r2=1.000000 complexity=9 evals=9534
          Nguyen-4 run=19 seed=3003924095 time=0.397s reward=1.000000 train_r2=1.000000 test_r2=1.000000 complexity=13 evals=62999
          Nguyen-7 run=19 seed=3003924095 time=0.306s reward=1.000000 train_r2=1.000000 test_r2=1.000000 complexity=11 evals=45025
         Nguyen-10 run=19 seed=3003924095 time=0.204s reward=1.000000 train_r2=1.000000 test_r2=1.000000 complexity=6 evals=35904
          Nguyen-3 run=19 seed=3003924095 time=0.470s reward=1.000000 train_r2=1.000000 test_r2=1.000000 complexity=14 evals=71864
          Nguyen-7 run=20 seed=938757074 time=0.091s reward=1.000000 train_r2=1.000000 test_r2=1.000000 complexity=10 evals=15360
          Nguyen-5 run=19 seed=3003924095 time=0.578s reward=1.000000 train_r2=1.000000 test_r2=1.000000 complexity=9 evals=79182
          Nguyen-5 run=20 seed=938757074 time=0.138s reward=1.000000 train_r2=1.000000 test_r2=1.000000 complexity=9 evals=22627
          Nguyen-9 run=20 seed=938757074 time=0.043s reward=1.000000 train_r2=1.000000 test_r2=1.000000 complexity=7 evals=8159
         Nguyen-11 run=20 seed=938757074 time=0.034s reward=1.000000 train_r2=1.000000 test_r2=1.000000 complexity=5 evals=6871
          Nguyen-2 run=20 seed=938757074 time=0.340s reward=1.000000 train_r2=1.000000 test_r2=1.000000 complexity=12 evals=50240
          Nguyen-6 run=20 seed=938757074 time=0.209s reward=1.000000 train_r2=1.000000 test_r2=1.000000 complexity=9 evals=34914
          Nguyen-1 run=21 seed=3434952867 time=0.026s reward=1.000000 train_r2=1.000000 test_r2=1.000000 complexity=8 evals=4761
          Nguyen-3 run=20 seed=938757074 time=0.399s reward=1.000000 train_r2=1.000000 test_r2=1.000000 complexity=14 evals=58886
          Nguyen-8 run=11 seed=2218870180 time=3.519s reward=1.000000 train_r2=1.000000 test_r2=1.000000 complexity=3 evals=438852
          Nguyen-8 run=16 seed=1949615811 time=1.845s reward=1.000000 train_r2=1.000000 test_r2=1.000000 complexity=12 evals=252348
          Nguyen-8 run=20 seed=938757074 time=0.283s reward=1.000000 train_r2=1.000000 test_r2=1.000000 complexity=3 evals=46137
         Nguyen-10 run=20 seed=938757074 time=0.263s reward=1.000000 train_r2=1.000000 test_r2=1.000000 complexity=6 evals=42280
        Nguyen-12* run=2  seed=3325160576 time=4.892s reward=1.000000 train_r2=1.000000 test_r2=1.000000 complexity=17 evals=597271
          Nguyen-4 run=20 seed=938757074 time=0.508s reward=1.000000 train_r2=1.000000 test_r2=1.000000 complexity=13 evals=80027
          Nguyen-7 run=21 seed=3434952867 time=0.069s reward=1.000000 train_r2=1.000000 test_r2=1.000000 complexity=11 evals=11902
         Nguyen-11 run=21 seed=3434952867 time=0.009s reward=1.000000 train_r2=1.000000 test_r2=1.000000 complexity=5 evals=1788
          Nguyen-8 run=21 seed=3434952867 time=0.073s reward=1.000000 train_r2=1.000000 test_r2=1.000000 complexity=3 evals=12819
          Nguyen-9 run=21 seed=3434952867 time=0.102s reward=1.000000 train_r2=1.000000 test_r2=1.000000 complexity=7 evals=18245
          Nguyen-2 run=21 seed=3434952867 time=0.337s reward=1.000000 train_r2=1.000000 test_r2=1.000000 complexity=12 evals=52208
          Nguyen-6 run=21 seed=3434952867 time=0.187s reward=1.000000 train_r2=1.000000 test_r2=1.000000 complexity=9 evals=29842
          Nguyen-1 run=22 seed=2073228580 time=0.110s reward=1.000000 train_r2=1.000000 test_r2=1.000000 complexity=8 evals=18952
          Nguyen-3 run=21 seed=3434952867 time=0.380s reward=1.000000 train_r2=1.000000 test_r2=1.000000 complexity=14 evals=56871
          Nguyen-5 run=21 seed=3434952867 time=0.286s reward=1.000000 train_r2=1.000000 test_r2=1.000000 complexity=9 evals=44271
         Nguyen-10 run=21 seed=3434952867 time=0.253s reward=1.000000 train_r2=1.000000 test_r2=1.000000 complexity=6 evals=45964
          Nguyen-3 run=22 seed=2073228580 time=0.254s reward=1.000000 train_r2=1.000000 test_r2=1.000000 complexity=14 evals=41831
          Nguyen-2 run=22 seed=2073228580 time=0.424s reward=1.000000 train_r2=1.000000 test_r2=1.000000 complexity=12 evals=60141
          Nguyen-9 run=22 seed=2073228580 time=0.143s reward=1.000000 train_r2=1.000000 test_r2=1.000000 complexity=7 evals=26686
         Nguyen-11 run=22 seed=2073228580 time=0.009s reward=1.000000 train_r2=1.000000 test_r2=1.000000 complexity=5 evals=1802
          Nguyen-8 run=22 seed=2073228580 time=0.324s reward=1.000000 train_r2=1.000000 test_r2=1.000000 complexity=3 evals=55105
          Nguyen-1 run=23 seed=1668493585 time=0.096s reward=1.000000 train_r2=1.000000 test_r2=1.000000 complexity=8 evals=17412
         Nguyen-10 run=22 seed=2073228580 time=0.329s reward=1.000000 train_r2=1.000000 test_r2=1.000000 complexity=6 evals=52305
          Nguyen-2 run=23 seed=1668493585 time=0.233s reward=1.000000 train_r2=1.000000 test_r2=1.000000 complexity=12 evals=39341
          Nguyen-6 run=22 seed=2073228580 time=0.911s reward=1.000000 train_r2=1.000000 test_r2=1.000000 complexity=9 evals=125450
          Nguyen-4 run=22 seed=2073228580 time=1.119s reward=1.000000 train_r2=1.000000 test_r2=1.000000 complexity=13 evals=147281
          Nguyen-6 run=23 seed=1668493585 time=0.196s reward=1.000000 train_r2=1.000000 test_r2=1.000000 complexity=9 evals=32121
          Nguyen-7 run=22 seed=2073228580 time=1.365s reward=1.000000 train_r2=1.000000 test_r2=1.000000 complexity=10 evals=182785
        Nguyen-12* run=20 seed=938757074 time=1.906s reward=1.000000 train_r2=1.000000 test_r2=1.000000 complexity=17 evals=276521
          Nguyen-8 run=2  seed=3325160576 time=6.879s reward=1.000000 train_r2=1.000000 test_r2=1.000000 complexity=3 evals=784835
          Nguyen-3 run=23 seed=1668493585 time=0.909s reward=1.000000 train_r2=1.000000 test_r2=1.000000 complexity=14 evals=122896
         Nguyen-11 run=23 seed=1668493585 time=0.030s reward=1.000000 train_r2=1.000000 test_r2=1.000000 complexity=5 evals=5727
          Nguyen-7 run=23 seed=1668493585 time=0.393s reward=1.000000 train_r2=1.000000 test_r2=1.000000 complexity=11 evals=58443
          Nguyen-1 run=24 seed=3850872759 time=0.039s reward=1.000000 train_r2=1.000000 test_r2=1.000000 complexity=9 evals=6998
          Nguyen-5 run=23 seed=1668493585 time=0.790s reward=1.000000 train_r2=1.000000 test_r2=1.000000 complexity=9 evals=104113
          Nguyen-5 run=22 seed=2073228580 time=1.857s reward=1.000000 train_r2=1.000000 test_r2=1.000000 complexity=9 evals=225018
         Nguyen-10 run=23 seed=1668493585 time=0.257s reward=1.000000 train_r2=1.000000 test_r2=1.000000 complexity=6 evals=41691
          Nguyen-9 run=23 seed=1668493585 time=0.277s reward=1.000000 train_r2=1.000000 test_r2=1.000000 complexity=7 evals=46255
          Nguyen-8 run=23 seed=1668493585 time=0.454s reward=1.000000 train_r2=1.000000 test_r2=1.000000 complexity=3 evals=72047
          Nguyen-6 run=24 seed=3850872759 time=0.112s reward=1.000000 train_r2=1.000000 test_r2=1.000000 complexity=9 evals=19351
          Nguyen-4 run=24 seed=3850872759 time=0.180s reward=1.000000 train_r2=1.000000 test_r2=1.000000 complexity=16 evals=29309
          Nguyen-2 run=24 seed=3850872759 time=0.293s reward=1.000000 train_r2=1.000000 test_r2=1.000000 complexity=10 evals=46215
          Nguyen-7 run=24 seed=3850872759 time=0.265s reward=1.000000 train_r2=1.000000 test_r2=1.000000 complexity=11 evals=40269
          Nguyen-9 run=24 seed=3850872759 time=0.171s reward=1.000000 train_r2=1.000000 test_r2=1.000000 complexity=7 evals=28786
         Nguyen-11 run=24 seed=3850872759 time=0.005s reward=1.000000 train_r2=1.000000 test_r2=1.000000 complexity=5 evals=959
         Nguyen-10 run=24 seed=3850872759 time=0.189s reward=1.000000 train_r2=1.000000 test_r2=1.000000 complexity=6 evals=32102
          Nguyen-2 run=25 seed=2537996840 time=0.053s reward=1.000000 train_r2=1.000000 test_r2=1.000000 complexity=10 evals=9456
          Nguyen-1 run=25 seed=2537996840 time=0.168s reward=1.000000 train_r2=1.000000 test_r2=1.000000 complexity=8 evals=27601
        Nguyen-12* run=11 seed=2218870180 time=6.223s reward=1.000000 train_r2=1.000000 test_r2=1.000000 complexity=17 evals=758359
          Nguyen-3 run=24 seed=3850872759 time=0.735s reward=1.000000 train_r2=1.000000 test_r2=1.000000 complexity=14 evals=98466
          Nguyen-6 run=25 seed=2537996840 time=0.063s reward=1.000000 train_r2=1.000000 test_r2=1.000000 complexity=9 evals=11172
          Nguyen-3 run=25 seed=2537996840 time=0.304s reward=1.000000 train_r2=1.000000 test_r2=1.000000 complexity=14 evals=47523
          Nguyen-5 run=25 seed=2537996840 time=0.166s reward=1.000000 train_r2=1.000000 test_r2=1.000000 complexity=9 evals=26498
          Nguyen-9 run=25 seed=2537996840 time=0.111s reward=1.000000 train_r2=1.000000 test_r2=1.000000 complexity=7 evals=19767
          Nguyen-8 run=24 seed=3850872759 time=0.867s reward=1.000000 train_r2=1.000000 test_r2=1.000000 complexity=3 evals=125568
         Nguyen-11 run=25 seed=2537996840 time=0.062s reward=1.000000 train_r2=1.000000 test_r2=1.000000 complexity=5 evals=11933
          Nguyen-4 run=23 seed=1668493585 time=2.250s reward=1.000000 train_r2=1.000000 test_r2=1.000000 complexity=13 evals=286180
          Nguyen-4 run=25 seed=2537996840 time=0.596s reward=1.000000 train_r2=1.000000 test_r2=1.000000 complexity=13 evals=82967
         Nguyen-10 run=25 seed=2537996840 time=0.188s reward=1.000000 train_r2=1.000000 test_r2=1.000000 complexity=6 evals=31730
          Nguyen-8 run=25 seed=2537996840 time=0.346s reward=1.000000 train_r2=1.000000 test_r2=1.000000 complexity=3 evals=55094
          Nguyen-1 run=26 seed=3995401709 time=0.044s reward=1.000000 train_r2=1.000000 test_r2=1.000000 complexity=8 evals=7941
          Nguyen-5 run=26 seed=3995401709 time=0.142s reward=1.000000 train_r2=1.000000 test_r2=1.000000 complexity=9 evals=24266
          Nguyen-2 run=26 seed=3995401709 time=0.233s reward=1.000000 train_r2=1.000000 test_r2=1.000000 complexity=11 evals=37239
          Nguyen-6 run=26 seed=3995401709 time=0.055s reward=1.000000 train_r2=1.000000 test_r2=1.000000 complexity=9 evals=10263
          Nguyen-7 run=25 seed=2537996840 time=0.648s reward=1.000000 train_r2=1.000000 test_r2=1.000000 complexity=10 evals=87866
          Nguyen-9 run=26 seed=3995401709 time=0.052s reward=1.000000 train_r2=1.000000 test_r2=1.000000 complexity=7 evals=10031
          Nguyen-8 run=26 seed=3995401709 time=0.083s reward=1.000000 train_r2=1.000000 test_r2=1.000000 complexity=3 evals=14888
         Nguyen-11 run=26 seed=3995401709 time=0.039s reward=1.000000 train_r2=1.000000 test_r2=1.000000 complexity=5 evals=8241
         Nguyen-10 run=26 seed=3995401709 time=0.140s reward=1.000000 train_r2=1.000000 test_r2=1.000000 complexity=6 evals=25137
          Nguyen-3 run=26 seed=3995401709 time=0.548s reward=1.000000 train_r2=1.000000 test_r2=1.000000 complexity=15 evals=78459
          Nguyen-1 run=27 seed=3994838759 time=0.081s reward=1.000000 train_r2=1.000000 test_r2=1.000000 complexity=9 evals=14300
          Nguyen-7 run=26 seed=3995401709 time=0.384s reward=1.000000 train_r2=1.000000 test_r2=1.000000 complexity=11 evals=57730
          Nguyen-2 run=27 seed=3994838759 time=0.190s reward=1.000000 train_r2=1.000000 test_r2=1.000000 complexity=10 evals=29951
          Nguyen-3 run=27 seed=3994838759 time=0.422s reward=1.000000 train_r2=1.000000 test_r2=1.000000 complexity=14 evals=62181
          Nguyen-6 run=27 seed=3994838759 time=0.109s reward=1.000000 train_r2=1.000000 test_r2=1.000000 complexity=9 evals=18405
          Nguyen-5 run=27 seed=3994838759 time=0.372s reward=1.000000 train_r2=1.000000 test_r2=1.000000 complexity=9 evals=55220
          Nguyen-4 run=26 seed=3995401709 time=1.125s reward=1.000000 train_r2=1.000000 test_r2=1.000000 complexity=13 evals=152515
          Nguyen-8 run=27 seed=3994838759 time=0.057s reward=1.000000 train_r2=1.000000 test_r2=1.000000 complexity=3 evals=9510
          Nguyen-9 run=27 seed=3994838759 time=0.041s reward=1.000000 train_r2=1.000000 test_r2=1.000000 complexity=7 evals=7941
         Nguyen-11 run=27 seed=3994838759 time=0.012s reward=1.000000 train_r2=1.000000 test_r2=1.000000 complexity=5 evals=2465
          Nguyen-4 run=21 seed=3434952867 time=4.640s reward=1.000000 train_r2=1.000000 test_r2=1.000000 complexity=17 evals=525432
          Nguyen-7 run=27 seed=3994838759 time=0.189s reward=1.000000 train_r2=1.000000 test_r2=1.000000 complexity=10 evals=29045
          Nguyen-1 run=28 seed=861316294 time=0.005s reward=1.000000 train_r2=1.000000 test_r2=1.000000 complexity=9 evals=889
          Nguyen-3 run=28 seed=861316294 time=0.204s reward=1.000000 train_r2=1.000000 test_r2=1.000000 complexity=14 evals=30933
          Nguyen-2 run=28 seed=861316294 time=0.272s reward=1.000000 train_r2=1.000000 test_r2=1.000000 complexity=12 evals=42038
          Nguyen-5 run=28 seed=861316294 time=0.327s reward=1.000000 train_r2=1.000000 test_r2=1.000000 complexity=9 evals=48445
          Nguyen-4 run=27 seed=3994838759 time=1.408s reward=1.000000 train_r2=1.000000 test_r2=1.000000 complexity=13 evals=187315
          Nguyen-6 run=28 seed=861316294 time=0.039s reward=1.000000 train_r2=1.000000 test_r2=1.000000 complexity=9 evals=6969
          Nguyen-5 run=24 seed=3850872759 time=3.297s reward=1.000000 train_r2=1.000000 test_r2=1.000000 complexity=9 evals=393085
          Nguyen-7 run=28 seed=861316294 time=0.171s reward=1.000000 train_r2=1.000000 test_r2=1.000000 complexity=11 evals=27850
          Nguyen-8 run=28 seed=861316294 time=0.193s reward=1.000000 train_r2=1.000000 test_r2=1.000000 complexity=3 evals=32010
         Nguyen-10 run=28 seed=861316294 time=0.016s reward=1.000000 train_r2=1.000000 test_r2=1.000000 complexity=6 evals=3093
         Nguyen-11 run=28 seed=861316294 time=0.032s reward=1.000000 train_r2=1.000000 test_r2=1.000000 complexity=5 evals=6335
          Nguyen-9 run=28 seed=861316294 time=0.183s reward=1.000000 train_r2=1.000000 test_r2=1.000000 complexity=7 evals=30904
          Nguyen-1 run=29 seed=2169555080 time=0.055s reward=1.000000 train_r2=1.000000 test_r2=1.000000 complexity=9 evals=9834
         Nguyen-10 run=27 seed=3994838759 time=1.269s reward=1.000000 train_r2=1.000000 test_r2=1.000000 complexity=6 evals=173294
          Nguyen-2 run=29 seed=2169555080 time=0.213s reward=1.000000 train_r2=1.000000 test_r2=1.000000 complexity=10 evals=32548
          Nguyen-3 run=29 seed=2169555080 time=0.387s reward=1.000000 train_r2=1.000000 test_r2=1.000000 complexity=14 evals=59428
          Nguyen-6 run=29 seed=2169555080 time=0.092s reward=1.000000 train_r2=1.000000 test_r2=1.000000 complexity=9 evals=15705
          Nguyen-7 run=29 seed=2169555080 time=0.278s reward=1.000000 train_r2=1.000000 test_r2=1.000000 complexity=11 evals=42624
          Nguyen-8 run=29 seed=2169555080 time=0.021s reward=1.000000 train_r2=1.000000 test_r2=1.000000 complexity=3 evals=3791
          Nguyen-9 run=29 seed=2169555080 time=0.056s reward=1.000000 train_r2=1.000000 test_r2=1.000000 complexity=7 evals=10351
         Nguyen-10 run=29 seed=2169555080 time=0.429s reward=1.000000 train_r2=1.000000 test_r2=1.000000 complexity=6 evals=68986
         Nguyen-11 run=29 seed=2169555080 time=0.050s reward=1.000000 train_r2=1.000000 test_r2=1.000000 complexity=5 evals=9934
        Nguyen-12* run=6  seed=3814845113 time=11.908s reward=1.000000 train_r2=1.000000 test_r2=1.000000 complexity=17 evals=1395080
          Nguyen-4 run=29 seed=2169555080 time=1.606s reward=1.000000 train_r2=1.000000 test_r2=1.000000 complexity=13 evals=204766
          Nguyen-1 run=30 seed=758553822 time=0.051s reward=1.000000 train_r2=1.000000 test_r2=1.000000 complexity=8 evals=9385
          Nguyen-2 run=30 seed=758553822 time=0.062s reward=1.000000 train_r2=1.000000 test_r2=1.000000 complexity=10 evals=11247
          Nguyen-3 run=30 seed=758553822 time=0.300s reward=1.000000 train_r2=1.000000 test_r2=1.000000 complexity=14 evals=48480
          Nguyen-8 run=10 seed=2437489881 time=12.352s reward=1.000000 train_r2=1.000000 test_r2=1.000000 complexity=3 evals=1285090
          Nguyen-4 run=30 seed=758553822 time=0.973s reward=1.000000 train_r2=1.000000 test_r2=1.000000 complexity=17 evals=131257
          Nguyen-4 run=28 seed=861316294 time=3.563s reward=1.000000 train_r2=1.000000 test_r2=1.000000 complexity=13 evals=413146
          Nguyen-8 run=30 seed=758553822 time=0.012s reward=1.000000 train_r2=1.000000 test_r2=1.000000 complexity=3 evals=2129
          Nguyen-6 run=30 seed=758553822 time=0.057s reward=1.000000 train_r2=1.000000 test_r2=1.000000 complexity=9 evals=10310
          Nguyen-5 run=30 seed=758553822 time=0.913s reward=1.000000 train_r2=1.000000 test_r2=1.000000 complexity=9 evals=131656
          Nguyen-7 run=30 seed=758553822 time=0.222s reward=1.000000 train_r2=1.000000 test_r2=1.000000 complexity=10 evals=35221
         Nguyen-11 run=30 seed=758553822 time=0.009s reward=1.000000 train_r2=1.000000 test_r2=1.000000 complexity=5 evals=1799
          Nguyen-4 run=14 seed=1777581980 time=11.595s reward=1.000000 train_r2=1.000000 test_r2=1.000000 complexity=16 evals=1184259
          Nguyen-1 run=31 seed=1393567789 time=0.118s reward=1.000000 train_r2=1.000000 test_r2=1.000000 complexity=8 evals=20748
          Nguyen-9 run=30 seed=758553822 time=0.352s reward=1.000000 train_r2=1.000000 test_r2=1.000000 complexity=7 evals=55327
         Nguyen-10 run=30 seed=758553822 time=0.369s reward=1.000000 train_r2=1.000000 test_r2=1.000000 complexity=6 evals=60107
          Nguyen-2 run=31 seed=1393567789 time=0.225s reward=1.000000 train_r2=1.000000 test_r2=1.000000 complexity=10 evals=36042
          Nguyen-3 run=31 seed=1393567789 time=0.161s reward=1.000000 train_r2=1.000000 test_r2=1.000000 complexity=14 evals=28377
          Nguyen-6 run=31 seed=1393567789 time=0.265s reward=1.000000 train_r2=1.000000 test_r2=1.000000 complexity=9 evals=41639
          Nguyen-8 run=31 seed=1393567789 time=0.014s reward=1.000000 train_r2=1.000000 test_r2=1.000000 complexity=3 evals=2689
          Nguyen-7 run=31 seed=1393567789 time=0.291s reward=1.000000 train_r2=1.000000 test_r2=1.000000 complexity=11 evals=48608
          Nguyen-4 run=11 seed=2218870180 time=13.094s reward=1.000000 train_r2=1.000000 test_r2=1.000000 complexity=16 evals=1331224
         Nguyen-11 run=31 seed=1393567789 time=0.013s reward=1.000000 train_r2=1.000000 test_r2=1.000000 complexity=5 evals=2591
          Nguyen-9 run=31 seed=1393567789 time=0.147s reward=1.000000 train_r2=1.000000 test_r2=1.000000 complexity=7 evals=25553
          Nguyen-1 run=32 seed=540967856 time=0.034s reward=1.000000 train_r2=1.000000 test_r2=1.000000 complexity=9 evals=6098
         Nguyen-10 run=31 seed=1393567789 time=0.287s reward=1.000000 train_r2=1.000000 test_r2=1.000000 complexity=6 evals=46849
          Nguyen-5 run=31 seed=1393567789 time=0.981s reward=1.000000 train_r2=1.000000 test_r2=1.000000 complexity=9 evals=140132
          Nguyen-2 run=32 seed=540967856 time=0.332s reward=1.000000 train_r2=1.000000 test_r2=1.000000 complexity=12 evals=49045
          Nguyen-4 run=31 seed=1393567789 time=1.101s reward=1.000000 train_r2=1.000000 test_r2=1.000000 complexity=13 evals=140729
        Nguyen-12* run=24 seed=3850872759 time=7.475s reward=1.000000 train_r2=1.000000 test_r2=1.000000 complexity=17 evals=882064
          Nguyen-6 run=32 seed=540967856 time=0.252s reward=1.000000 train_r2=1.000000 test_r2=1.000000 complexity=9 evals=39841
          Nguyen-7 run=32 seed=540967856 time=0.305s reward=1.000000 train_r2=1.000000 test_r2=1.000000 complexity=10 evals=44798
          Nguyen-3 run=32 seed=540967856 time=0.752s reward=1.000000 train_r2=1.000000 test_r2=1.000000 complexity=14 evals=113755
          Nguyen-9 run=32 seed=540967856 time=0.115s reward=1.000000 train_r2=1.000000 test_r2=1.000000 complexity=7 evals=19711
         Nguyen-11 run=32 seed=540967856 time=0.018s reward=1.000000 train_r2=1.000000 test_r2=1.000000 complexity=5 evals=3592
          Nguyen-5 run=32 seed=540967856 time=0.826s reward=1.000000 train_r2=1.000000 test_r2=1.000000 complexity=9 evals=109357
          Nguyen-1 run=33 seed=902677639 time=0.047s reward=1.000000 train_r2=1.000000 test_r2=1.000000 complexity=9 evals=8204
          Nguyen-8 run=32 seed=540967856 time=0.687s reward=1.000000 train_r2=1.000000 test_r2=1.000000 complexity=3 evals=102267
          Nguyen-4 run=32 seed=540967856 time=1.127s reward=1.000000 train_r2=1.000000 test_r2=1.000000 complexity=17 evals=153412
         Nguyen-10 run=32 seed=540967856 time=0.738s reward=1.000000 train_r2=1.000000 test_r2=1.000000 complexity=6 evals=112239
          Nguyen-2 run=33 seed=902677639 time=0.398s reward=1.000000 train_r2=1.000000 test_r2=1.000000 complexity=10 evals=58328
          Nguyen-5 run=33 seed=902677639 time=0.082s reward=1.000000 train_r2=1.000000 test_r2=1.000000 complexity=9 evals=15067
          Nguyen-6 run=33 seed=902677639 time=0.076s reward=1.000000 train_r2=1.000000 test_r2=1.000000 complexity=9 evals=13088
          Nguyen-4 run=33 seed=902677639 time=0.308s reward=1.000000 train_r2=1.000000 test_r2=1.000000 complexity=13 evals=48782
          Nguyen-9 run=33 seed=902677639 time=0.073s reward=1.000000 train_r2=1.000000 test_r2=1.000000 complexity=7 evals=13750
          Nguyen-3 run=33 seed=902677639 time=0.850s reward=1.000000 train_r2=1.000000 test_r2=1.000000 complexity=14 evals=113862
         Nguyen-11 run=33 seed=902677639 time=0.021s reward=1.000000 train_r2=1.000000 test_r2=1.000000 complexity=5 evals=4117
        Nguyen-12* run=5  seed=2057259013 time=16.449s reward=0.999637 train_r2=1.000000 test_r2=1.000000 complexity=18 evals=2000001
          Nguyen-1 run=34 seed=2191321948 time=0.078s reward=1.000000 train_r2=1.000000 test_r2=1.000000 complexity=9 evals=14296
        Nguyen-12* run=21 seed=3434952867 time=12.044s reward=1.000000 train_r2=1.000000 test_r2=1.000000 complexity=17 evals=1340350
          Nguyen-2 run=34 seed=2191321948 time=0.225s reward=1.000000 train_r2=1.000000 test_r2=1.000000 complexity=12 evals=37905
          Nguyen-3 run=34 seed=2191321948 time=0.210s reward=1.000000 train_r2=1.000000 test_r2=1.000000 complexity=15 evals=32581
         Nguyen-10 run=33 seed=902677639 time=0.832s reward=1.000000 train_r2=1.000000 test_r2=1.000000 complexity=6 evals=129345
          Nguyen-6 run=34 seed=2191321948 time=0.132s reward=1.000000 train_r2=1.000000 test_r2=1.000000 complexity=9 evals=23981
        Nguyen-12* run=9  seed=3828183215 time=16.607s reward=0.999523 train_r2=1.000000 test_r2=1.000000 complexity=32 evals=2000006
          Nguyen-8 run=34 seed=2191321948 time=0.089s reward=1.000000 train_r2=1.000000 test_r2=1.000000 complexity=3 evals=15901
          Nguyen-7 run=34 seed=2191321948 time=0.208s reward=1.000000 train_r2=1.000000 test_r2=1.000000 complexity=11 evals=33299
        Nguyen-12* run=8  seed=3183815639 time=16.479s reward=0.999206 train_r2=0.999999 test_r2=0.999999 complexity=16 evals=2000001
        Nguyen-12* run=1  seed=971434279 time=17.944s reward=0.999416 train_r2=1.000000 test_r2=0.999999 complexity=21 evals=2000004
         Nguyen-11 run=34 seed=2191321948 time=0.010s reward=1.000000 train_r2=1.000000 test_r2=1.000000 complexity=5 evals=2075
          Nguyen-9 run=34 seed=2191321948 time=0.092s reward=1.000000 train_r2=1.000000 test_r2=1.000000 complexity=7 evals=17554
          Nguyen-1 run=35 seed=1851676975 time=0.049s reward=1.000000 train_r2=1.000000 test_r2=1.000000 complexity=9 evals=8786
          Nguyen-2 run=35 seed=1851676975 time=0.151s reward=1.000000 train_r2=1.000000 test_r2=1.000000 complexity=11 evals=26978
          Nguyen-7 run=33 seed=902677639 time=1.618s reward=1.000000 train_r2=1.000000 test_r2=1.000000 complexity=11 evals=221053
         Nguyen-10 run=34 seed=2191321948 time=0.413s reward=1.000000 train_r2=1.000000 test_r2=1.000000 complexity=6 evals=67420
          Nguyen-5 run=35 seed=1851676975 time=0.150s reward=1.000000 train_r2=1.000000 test_r2=1.000000 complexity=9 evals=25264
        Nguyen-12* run=0  seed=723072574 time=18.376s reward=0.999174 train_r2=0.999999 test_r2=0.999999 complexity=17 evals=2000005
        Nguyen-12* run=10 seed=2437489881 time=17.060s reward=0.999413 train_r2=1.000000 test_r2=1.000000 complexity=24 evals=2000005
          Nguyen-6 run=35 seed=1851676975 time=0.248s reward=1.000000 train_r2=1.000000 test_r2=1.000000 complexity=9 evals=42416
          Nguyen-9 run=35 seed=1851676975 time=0.119s reward=1.000000 train_r2=1.000000 test_r2=1.000000 complexity=7 evals=22555
          Nguyen-7 run=35 seed=1851676975 time=0.334s reward=1.000000 train_r2=1.000000 test_r2=1.000000 complexity=11 evals=54005
         Nguyen-11 run=35 seed=1851676975 time=0.079s reward=1.000000 train_r2=1.000000 test_r2=1.000000 complexity=5 evals=16038
          Nguyen-1 run=36 seed=1139067352 time=0.028s reward=1.000000 train_r2=1.000000 test_r2=1.000000 complexity=8 evals=5478
          Nguyen-3 run=35 seed=1851676975 time=0.710s reward=1.000000 train_r2=1.000000 test_r2=1.000000 complexity=14 evals=104678
          Nguyen-8 run=35 seed=1851676975 time=0.464s reward=1.000000 train_r2=1.000000 test_r2=1.000000 complexity=3 evals=67204
          Nguyen-2 run=36 seed=1139067352 time=0.110s reward=1.000000 train_r2=1.000000 test_r2=1.000000 complexity=10 evals=20238
         Nguyen-10 run=35 seed=1851676975 time=0.327s reward=1.000000 train_r2=1.000000 test_r2=1.000000 complexity=6 evals=57408
        Nguyen-12* run=4  seed=1227433701 time=18.658s reward=0.999763 train_r2=1.000000 test_r2=1.000000 complexity=20 evals=2000005
          Nguyen-6 run=36 seed=1139067352 time=0.008s reward=1.000000 train_r2=1.000000 test_r2=1.000000 complexity=9 evals=1565
          Nguyen-8 run=36 seed=1139067352 time=0.096s reward=1.000000 train_r2=1.000000 test_r2=1.000000 complexity=3 evals=17293
          Nguyen-4 run=34 seed=2191321948 time=1.842s reward=1.000000 train_r2=1.000000 test_r2=1.000000 complexity=13 evals=247605
          Nguyen-3 run=36 seed=1139067352 time=0.552s reward=1.000000 train_r2=1.000000 test_r2=1.000000 complexity=14 evals=83029
         Nguyen-11 run=36 seed=1139067352 time=0.046s reward=1.000000 train_r2=1.000000 test_r2=1.000000 complexity=5 evals=9528
          Nguyen-4 run=35 seed=1851676975 time=1.221s reward=1.000000 train_r2=1.000000 test_r2=1.000000 complexity=16 evals=179388
          Nguyen-1 run=37 seed=1305444561 time=0.030s reward=1.000000 train_r2=1.000000 test_r2=1.000000 complexity=8 evals=5873
         Nguyen-10 run=36 seed=1139067352 time=0.117s reward=1.000000 train_r2=1.000000 test_r2=1.000000 complexity=6 evals=22044
        Nguyen-12* run=7  seed=2770303473 time=18.582s reward=0.999588 train_r2=1.000000 test_r2=1.000000 complexity=22 evals=2000008
          Nguyen-2 run=37 seed=1305444561 time=0.138s reward=1.000000 train_r2=1.000000 test_r2=1.000000 complexity=12 evals=25143
          Nguyen-4 run=36 seed=1139067352 time=0.721s reward=1.000000 train_r2=1.000000 test_r2=1.000000 complexity=13 evals=99744
          Nguyen-5 run=36 seed=1139067352 time=0.708s reward=1.000000 train_r2=1.000000 test_r2=1.000000 complexity=9 evals=111059
          Nguyen-7 run=36 seed=1139067352 time=0.630s reward=1.000000 train_r2=1.000000 test_r2=1.000000 complexity=11 evals=87906
          Nguyen-6 run=37 seed=1305444561 time=0.054s reward=1.000000 train_r2=1.000000 test_r2=1.000000 complexity=9 evals=9546
          Nguyen-9 run=36 seed=1139067352 time=0.722s reward=1.000000 train_r2=1.000000 test_r2=1.000000 complexity=7 evals=111899
          Nguyen-9 run=37 seed=1305444561 time=0.125s reward=1.000000 train_r2=1.000000 test_r2=1.000000 complexity=7 evals=22276
         Nguyen-11 run=37 seed=1305444561 time=0.024s reward=1.000000 train_r2=1.000000 test_r2=1.000000 complexity=5 evals=4897
          Nguyen-7 run=37 seed=1305444561 time=0.255s reward=1.000000 train_r2=1.000000 test_r2=1.000000 complexity=11 evals=43319
        Nguyen-12* run=16 seed=1949615811 time=16.522s reward=0.999399 train_r2=1.000000 test_r2=1.000000 complexity=21 evals=2000000
          Nguyen-1 run=38 seed=1869174399 time=0.026s reward=1.000000 train_r2=1.000000 test_r2=1.000000 complexity=9 evals=5049
          Nguyen-5 run=37 seed=1305444561 time=0.360s reward=1.000000 train_r2=1.000000 test_r2=1.000000 complexity=9 evals=57363
          Nguyen-2 run=38 seed=1869174399 time=0.134s reward=1.000000 train_r2=1.000000 test_r2=1.000000 complexity=10 evals=23574
         Nguyen-10 run=37 seed=1305444561 time=0.304s reward=1.000000 train_r2=1.000000 test_r2=1.000000 complexity=6 evals=51097
          Nguyen-3 run=37 seed=1305444561 time=0.785s reward=1.000000 train_r2=1.000000 test_r2=1.000000 complexity=16 evals=115820
          Nguyen-5 run=38 seed=1869174399 time=0.224s reward=1.000000 train_r2=1.000000 test_r2=1.000000 complexity=9 evals=38292
          Nguyen-6 run=38 seed=1869174399 time=0.137s reward=1.000000 train_r2=1.000000 test_r2=1.000000 complexity=9 evals=23399
        Nguyen-12* run=13 seed=310923819 time=17.992s reward=0.999416 train_r2=1.000000 test_r2=1.000000 complexity=18 evals=2000003
          Nguyen-8 run=38 seed=1869174399 time=0.043s reward=1.000000 train_r2=1.000000 test_r2=1.000000 complexity=3 evals=5371
         Nguyen-11 run=38 seed=1869174399 time=0.008s reward=1.000000 train_r2=1.000000 test_r2=1.000000 complexity=5 evals=1668
          Nguyen-9 run=38 seed=1869174399 time=0.147s reward=1.000000 train_r2=1.000000 test_r2=1.000000 complexity=7 evals=26535
          Nguyen-4 run=38 seed=1869174399 time=0.467s reward=1.000000 train_r2=1.000000 test_r2=1.000000 complexity=17 evals=74496
          Nguyen-1 run=39 seed=2928440539 time=0.037s reward=1.000000 train_r2=1.000000 test_r2=1.000000 complexity=9 evals=6990
          Nguyen-3 run=38 seed=1869174399 time=0.732s reward=1.000000 train_r2=1.000000 test_r2=1.000000 complexity=14 evals=117037
        Nguyen-12* run=15 seed=354449225 time=17.853s reward=0.998654 train_r2=0.999998 test_r2=0.999998 complexity=14 evals=2000005
         Nguyen-10 run=38 seed=1869174399 time=0.411s reward=1.000000 train_r2=1.000000 test_r2=1.000000 complexity=6 evals=65212
          Nguyen-6 run=39 seed=2928440539 time=0.042s reward=1.000000 train_r2=1.000000 test_r2=1.000000 complexity=9 evals=7709
        Nguyen-12* run=12 seed=1677402687 time=18.796s reward=0.998969 train_r2=0.999999 test_r2=1.000000 complexity=35 evals=2000004
        Nguyen-12* run=14 seed=1777581980 time=18.327s reward=0.999016 train_r2=0.999999 test_r2=0.999995 complexity=27 evals=2000002
          Nguyen-7 run=39 seed=2928440539 time=0.118s reward=1.000000 train_r2=1.000000 test_r2=1.000000 complexity=11 evals=19145
          Nguyen-7 run=38 seed=1869174399 time=0.745s reward=1.000000 train_r2=1.000000 test_r2=1.000000 complexity=11 evals=116011
         Nguyen-11 run=39 seed=2928440539 time=0.024s reward=1.000000 train_r2=1.000000 test_r2=1.000000 complexity=5 evals=4877
          Nguyen-9 run=39 seed=2928440539 time=0.130s reward=1.000000 train_r2=1.000000 test_r2=1.000000 complexity=7 evals=23273
          Nguyen-5 run=29 seed=2169555080 time=10.124s reward=1.000000 train_r2=1.000000 test_r2=1.000000 complexity=9 evals=1037831
          Nguyen-5 run=39 seed=2928440539 time=0.363s reward=1.000000 train_r2=1.000000 test_r2=1.000000 complexity=9 evals=55968
          Nguyen-2 run=40 seed=4027297405 time=0.088s reward=1.000000 train_r2=1.000000 test_r2=1.000000 complexity=12 evals=14801
          Nguyen-2 run=39 seed=2928440539 time=0.698s reward=1.000000 train_r2=1.000000 test_r2=1.000000 complexity=12 evals=109417
          Nguyen-1 run=40 seed=4027297405 time=0.121s reward=1.000000 train_r2=1.000000 test_r2=1.000000 complexity=9 evals=20364
          Nguyen-6 run=40 seed=4027297405 time=0.034s reward=1.000000 train_r2=1.000000 test_r2=1.000000 complexity=9 evals=6317
          Nguyen-8 run=37 seed=1305444561 time=1.673s reward=1.000000 train_r2=1.000000 test_r2=1.000000 complexity=3 evals=222515
          Nguyen-3 run=39 seed=2928440539 time=0.778s reward=1.000000 train_r2=1.000000 test_r2=1.000000 complexity=14 evals=114112
         Nguyen-10 run=39 seed=2928440539 time=0.386s reward=1.000000 train_r2=1.000000 test_r2=1.000000 complexity=6 evals=60850
          Nguyen-8 run=33 seed=902677639 time=4.826s reward=1.000000 train_r2=1.000000 test_r2=1.000000 complexity=3 evals=582030
          Nguyen-4 run=39 seed=2928440539 time=0.696s reward=1.000000 train_r2=1.000000 test_r2=1.000000 complexity=16 evals=110552
          Nguyen-8 run=40 seed=4027297405 time=0.102s reward=1.000000 train_r2=1.000000 test_r2=1.000000 complexity=3 evals=18010
         Nguyen-11 run=40 seed=4027297405 time=0.056s reward=1.000000 train_r2=1.000000 test_r2=1.000000 complexity=5 evals=10692
          Nguyen-1 run=41 seed=3926696696 time=0.009s reward=1.000000 train_r2=1.000000 test_r2=1.000000 complexity=8 evals=1723
          Nguyen-5 run=40 seed=4027297405 time=0.221s reward=1.000000 train_r2=1.000000 test_r2=1.000000 complexity=9 evals=36465
          Nguyen-3 run=40 seed=4027297405 time=0.443s reward=1.000000 train_r2=1.000000 test_r2=1.000000 complexity=14 evals=68599
          Nguyen-4 run=37 seed=1305444561 time=1.986s reward=1.000000 train_r2=1.000000 test_r2=1.000000 complexity=17 evals=238833
          Nguyen-2 run=41 seed=3926696696 time=0.225s reward=1.000000 train_r2=1.000000 test_r2=1.000000 complexity=10 evals=34882
         Nguyen-10 run=40 seed=4027297405 time=0.383s reward=1.000000 train_r2=1.000000 test_r2=1.000000 complexity=6 evals=60314
          Nguyen-9 run=40 seed=4027297405 time=0.417s reward=1.000000 train_r2=1.000000 test_r2=1.000000 complexity=7 evals=68869
          Nguyen-8 run=39 seed=2928440539 time=0.917s reward=1.000000 train_r2=1.000000 test_r2=1.000000 complexity=3 evals=131272
          Nguyen-7 run=41 seed=3926696696 time=0.104s reward=1.000000 train_r2=1.000000 test_r2=1.000000 complexity=10 evals=16418
         Nguyen-11 run=41 seed=3926696696 time=0.011s reward=1.000000 train_r2=1.000000 test_r2=1.000000 complexity=5 evals=2195
          Nguyen-9 run=41 seed=3926696696 time=0.021s reward=1.000000 train_r2=1.000000 test_r2=1.000000 complexity=7 evals=4374
         Nguyen-10 run=41 seed=3926696696 time=0.031s reward=1.000000 train_r2=1.000000 test_r2=1.000000 complexity=6 evals=5849
          Nguyen-6 run=41 seed=3926696696 time=0.207s reward=1.000000 train_r2=1.000000 test_r2=1.000000 complexity=9 evals=32875
          Nguyen-1 run=42 seed=3747793057 time=0.056s reward=1.000000 train_r2=1.000000 test_r2=1.000000 complexity=8 evals=10313
          Nguyen-5 run=41 seed=3926696696 time=0.299s reward=1.000000 train_r2=1.000000 test_r2=1.000000 complexity=9 evals=44845
        Nguyen-12* run=19 seed=3003924095 time=17.416s reward=0.999261 train_r2=0.999999 test_r2=0.999999 complexity=16 evals=2000006
          Nguyen-3 run=41 seed=3926696696 time=0.460s reward=1.000000 train_r2=1.000000 test_r2=1.000000 complexity=14 evals=68841
          Nguyen-4 run=40 seed=4027297405 time=0.736s reward=1.000000 train_r2=1.000000 test_r2=1.000000 complexity=16 evals=96534
          Nguyen-4 run=41 seed=3926696696 time=0.491s reward=1.000000 train_r2=1.000000 test_r2=1.000000 complexity=14 evals=77587
          Nguyen-7 run=40 seed=4027297405 time=0.718s reward=1.000000 train_r2=1.000000 test_r2=1.000000 complexity=10 evals=98003
          Nguyen-9 run=42 seed=3747793057 time=0.082s reward=1.000000 train_r2=1.000000 test_r2=1.000000 complexity=7 evals=16334
          Nguyen-6 run=42 seed=3747793057 time=0.128s reward=1.000000 train_r2=1.000000 test_r2=1.000000 complexity=9 evals=21417
          Nguyen-8 run=41 seed=3926696696 time=0.303s reward=1.000000 train_r2=1.000000 test_r2=1.000000 complexity=3 evals=45760
          Nguyen-8 run=42 seed=3747793057 time=0.160s reward=1.000000 train_r2=1.000000 test_r2=1.000000 complexity=3 evals=26349
         Nguyen-11 run=42 seed=3747793057 time=0.062s reward=1.000000 train_r2=1.000000 test_r2=1.000000 complexity=5 evals=12643
          Nguyen-2 run=42 seed=3747793057 time=0.304s reward=1.000000 train_r2=1.000000 test_r2=1.000000 complexity=10 evals=46311
          Nguyen-5 run=42 seed=3747793057 time=0.269s reward=1.000000 train_r2=1.000000 test_r2=1.000000 complexity=9 evals=41203
          Nguyen-1 run=43 seed=837591013 time=0.101s reward=1.000000 train_r2=1.000000 test_r2=1.000000 complexity=9 evals=17107
          Nguyen-7 run=42 seed=3747793057 time=0.255s reward=1.000000 train_r2=1.000000 test_r2=1.000000 complexity=11 evals=39400
        Nguyen-12* run=39 seed=2928440539 time=1.102s reward=1.000000 train_r2=1.000000 test_r2=1.000000 complexity=17 evals=164668
          Nguyen-2 run=43 seed=837591013 time=0.139s reward=1.000000 train_r2=1.000000 test_r2=1.000000 complexity=10 evals=23097
          Nguyen-9 run=43 seed=837591013 time=0.030s reward=1.000000 train_r2=1.000000 test_r2=1.000000 complexity=7 evals=5675
          Nguyen-8 run=43 seed=837591013 time=0.113s reward=1.000000 train_r2=1.000000 test_r2=1.000000 complexity=3 evals=20330
        Nguyen-12* run=17 seed=2845477618 time=18.450s reward=0.999221 train_r2=0.999999 test_r2=0.999999 complexity=35 evals=2000007
         Nguyen-10 run=42 seed=3747793057 time=0.300s reward=1.000000 train_r2=1.000000 test_r2=1.000000 complexity=6 evals=49758
         Nguyen-11 run=43 seed=837591013 time=0.018s reward=1.000000 train_r2=1.000000 test_r2=1.000000 complexity=5 evals=3852
          Nguyen-3 run=42 seed=3747793057 time=0.522s reward=1.000000 train_r2=1.000000 test_r2=1.000000 complexity=14 evals=75917
          Nguyen-1 run=44 seed=2366855942 time=0.107s reward=1.000000 train_r2=1.000000 test_r2=1.000000 complexity=9 evals=18106
          Nguyen-3 run=43 seed=837591013 time=0.332s reward=1.000000 train_r2=1.000000 test_r2=1.000000 complexity=14 evals=54876
        Nguyen-12* run=18 seed=3334804072 time=18.396s reward=0.999191 train_r2=0.999999 test_r2=0.999998 complexity=21 evals=2000003
          Nguyen-6 run=43 seed=837591013 time=0.341s reward=1.000000 train_r2=1.000000 test_r2=1.000000 complexity=9 evals=51342
          Nguyen-2 run=44 seed=2366855942 time=0.248s reward=1.000000 train_r2=1.000000 test_r2=1.000000 complexity=12 evals=41514
          Nguyen-6 run=44 seed=2366855942 time=0.057s reward=1.000000 train_r2=1.000000 test_r2=1.000000 complexity=9 evals=10236
        Nguyen-12* run=22 seed=2073228580 time=16.968s reward=0.999465 train_r2=1.000000 test_r2=1.000000 complexity=15 evals=2000008
          Nguyen-3 run=44 seed=2366855942 time=0.374s reward=1.000000 train_r2=1.000000 test_r2=1.000000 complexity=14 evals=56510
          Nguyen-7 run=43 seed=837591013 time=0.575s reward=1.000000 train_r2=1.000000 test_r2=1.000000 complexity=11 evals=82940
         Nguyen-10 run=44 seed=2366855942 time=0.078s reward=1.000000 train_r2=1.000000 test_r2=1.000000 complexity=6 evals=14830
          Nguyen-5 run=44 seed=2366855942 time=0.312s reward=1.000000 train_r2=1.000000 test_r2=1.000000 complexity=9 evals=51180
         Nguyen-11 run=44 seed=2366855942 time=0.066s reward=1.000000 train_r2=1.000000 test_r2=1.000000 complexity=5 evals=12533
          Nguyen-9 run=44 seed=2366855942 time=0.195s reward=1.000000 train_r2=1.000000 test_r2=1.000000 complexity=7 evals=33670
          Nguyen-2 run=45 seed=3465266528 time=0.160s reward=1.000000 train_r2=1.000000 test_r2=1.000000 complexity=12 evals=27545
          Nguyen-1 run=45 seed=3465266528 time=0.180s reward=1.000000 train_r2=1.000000 test_r2=1.000000 complexity=8 evals=30869
          Nguyen-7 run=44 seed=2366855942 time=0.493s reward=1.000000 train_r2=1.000000 test_r2=1.000000 complexity=10 evals=74660
          Nguyen-6 run=45 seed=3465266528 time=0.180s reward=1.000000 train_r2=1.000000 test_r2=1.000000 complexity=9 evals=30793
          Nguyen-5 run=45 seed=3465266528 time=0.282s reward=1.000000 train_r2=1.000000 test_r2=1.000000 complexity=9 evals=46401
          Nguyen-3 run=45 seed=3465266528 time=0.454s reward=1.000000 train_r2=1.000000 test_r2=1.000000 complexity=14 evals=65821
          Nguyen-7 run=45 seed=3465266528 time=0.247s reward=1.000000 train_r2=1.000000 test_r2=1.000000 complexity=11 evals=37765
         Nguyen-11 run=45 seed=3465266528 time=0.029s reward=1.000000 train_r2=1.000000 test_r2=1.000000 complexity=5 evals=5546
          Nguyen-4 run=45 seed=3465266528 time=0.520s reward=1.000000 train_r2=1.000000 test_r2=1.000000 complexity=17 evals=76403
          Nguyen-9 run=45 seed=3465266528 time=0.114s reward=1.000000 train_r2=1.000000 test_r2=1.000000 complexity=7 evals=21433
          Nguyen-1 run=46 seed=323105323 time=0.063s reward=1.000000 train_r2=1.000000 test_r2=1.000000 complexity=9 evals=10841
         Nguyen-10 run=45 seed=3465266528 time=0.284s reward=1.000000 train_r2=1.000000 test_r2=1.000000 complexity=6 evals=44980
          Nguyen-5 run=34 seed=2191321948 time=6.181s reward=1.000000 train_r2=1.000000 test_r2=1.000000 complexity=9 evals=677358
          Nguyen-2 run=46 seed=323105323 time=0.230s reward=1.000000 train_r2=1.000000 test_r2=1.000000 complexity=10 evals=37757
          Nguyen-3 run=46 seed=323105323 time=0.247s reward=1.000000 train_r2=1.000000 test_r2=1.000000 complexity=14 evals=38913
          Nguyen-6 run=46 seed=323105323 time=0.122s reward=1.000000 train_r2=1.000000 test_r2=1.000000 complexity=9 evals=21659
          Nguyen-5 run=46 seed=323105323 time=0.384s reward=1.000000 train_r2=1.000000 test_r2=1.000000 complexity=9 evals=56777
          Nguyen-4 run=43 seed=837591013 time=1.909s reward=1.000000 train_r2=1.000000 test_r2=1.000000 complexity=17 evals=239011
          Nguyen-7 run=46 seed=323105323 time=0.355s reward=1.000000 train_r2=1.000000 test_r2=1.000000 complexity=11 evals=53173
          Nguyen-4 run=42 seed=3747793057 time=2.226s reward=1.000000 train_r2=1.000000 test_r2=1.000000 complexity=17 evals=282540
         Nguyen-11 run=46 seed=323105323 time=0.044s reward=1.000000 train_r2=1.000000 test_r2=1.000000 complexity=5 evals=8746
          Nguyen-9 run=46 seed=323105323 time=0.151s reward=1.000000 train_r2=1.000000 test_r2=1.000000 complexity=7 evals=27618
        Nguyen-12* run=28 seed=861316294 time=13.534s reward=1.000000 train_r2=1.000000 test_r2=1.000000 complexity=17 evals=1526229
          Nguyen-5 run=43 seed=837591013 time=2.038s reward=1.000000 train_r2=1.000000 test_r2=1.000000 complexity=9 evals=271197
          Nguyen-1 run=47 seed=3059174495 time=0.144s reward=1.000000 train_r2=1.000000 test_r2=1.000000 complexity=8 evals=24427
          Nguyen-2 run=47 seed=3059174495 time=0.088s reward=1.000000 train_r2=1.000000 test_r2=1.000000 complexity=10 evals=15254
         Nguyen-10 run=46 seed=323105323 time=0.302s reward=1.000000 train_r2=1.000000 test_r2=1.000000 complexity=6 evals=46494
          Nguyen-6 run=47 seed=3059174495 time=0.060s reward=1.000000 train_r2=1.000000 test_r2=1.000000 complexity=9 evals=10969
          Nguyen-7 run=47 seed=3059174495 time=0.008s reward=1.000000 train_r2=1.000000 test_r2=1.000000 complexity=10 evals=1480
          Nguyen-8 run=47 seed=3059174495 time=0.030s reward=1.000000 train_r2=1.000000 test_r2=1.000000 complexity=3 evals=5156
         Nguyen-10 run=47 seed=3059174495 time=0.020s reward=1.000000 train_r2=1.000000 test_r2=1.000000 complexity=6 evals=4016
          Nguyen-5 run=47 seed=3059174495 time=0.137s reward=1.000000 train_r2=1.000000 test_r2=1.000000 complexity=9 evals=21341
         Nguyen-11 run=47 seed=3059174495 time=0.023s reward=1.000000 train_r2=1.000000 test_r2=1.000000 complexity=5 evals=3027
          Nguyen-9 run=47 seed=3059174495 time=0.072s reward=1.000000 train_r2=1.000000 test_r2=1.000000 complexity=7 evals=13106
          Nguyen-4 run=44 seed=2366855942 time=2.023s reward=1.000000 train_r2=1.000000 test_r2=1.000000 complexity=17 evals=243482
          Nguyen-1 run=48 seed=1796736039 time=0.048s reward=1.000000 train_r2=1.000000 test_r2=1.000000 complexity=9 evals=8871
          Nguyen-8 run=46 seed=323105323 time=0.761s reward=1.000000 train_r2=1.000000 test_r2=1.000000 complexity=3 evals=124969
          Nguyen-2 run=48 seed=1796736039 time=0.266s reward=1.000000 train_r2=1.000000 test_r2=1.000000 complexity=12 evals=41229
          Nguyen-4 run=47 seed=3059174495 time=0.573s reward=1.000000 train_r2=1.000000 test_r2=1.000000 complexity=16 evals=85294
          Nguyen-5 run=48 seed=1796736039 time=0.331s reward=1.000000 train_r2=1.000000 test_r2=1.000000 complexity=9 evals=51670
        Nguyen-12* run=38 seed=1869174399 time=4.543s reward=1.000000 train_r2=1.000000 test_r2=1.000000 complexity=17 evals=602916
          Nguyen-9 run=48 seed=1796736039 time=0.017s reward=1.000000 train_r2=1.000000 test_r2=1.000000 complexity=7 evals=3309
          Nguyen-6 run=48 seed=1796736039 time=0.248s reward=1.000000 train_r2=1.000000 test_r2=1.000000 complexity=9 evals=38910
         Nguyen-11 run=48 seed=1796736039 time=0.008s reward=1.000000 train_r2=1.000000 test_r2=1.000000 complexity=5 evals=1559
          Nguyen-3 run=47 seed=3059174495 time=0.996s reward=1.000000 train_r2=1.000000 test_r2=1.000000 complexity=16 evals=135863
          Nguyen-3 run=48 seed=1796736039 time=0.715s reward=1.000000 train_r2=1.000000 test_r2=1.000000 complexity=14 evals=97037
          Nguyen-1 run=49 seed=4080976823 time=0.049s reward=1.000000 train_r2=1.000000 test_r2=1.000000 complexity=9 evals=9217
         Nguyen-10 run=48 seed=1796736039 time=0.317s reward=1.000000 train_r2=1.000000 test_r2=1.000000 complexity=6 evals=54991
          Nguyen-4 run=46 seed=323105323 time=1.771s reward=1.000000 train_r2=1.000000 test_r2=1.000000 complexity=16 evals=214712
          Nguyen-2 run=49 seed=4080976823 time=0.178s reward=1.000000 train_r2=1.000000 test_r2=1.000000 complexity=10 evals=28400
          Nguyen-6 run=49 seed=4080976823 time=0.016s reward=1.000000 train_r2=1.000000 test_r2=1.000000 complexity=9 evals=2983
          Nguyen-3 run=49 seed=4080976823 time=0.288s reward=1.000000 train_r2=1.000000 test_r2=1.000000 complexity=14 evals=45467
          Nguyen-7 run=48 seed=1796736039 time=0.792s reward=1.000000 train_r2=1.000000 test_r2=1.000000 complexity=10 evals=114073
          Nguyen-9 run=49 seed=4080976823 time=0.127s reward=1.000000 train_r2=1.000000 test_r2=1.000000 complexity=7 evals=23205
         Nguyen-10 run=43 seed=837591013 time=3.444s reward=1.000000 train_r2=1.000000 test_r2=1.000000 complexity=6 evals=410452
         Nguyen-11 run=49 seed=4080976823 time=0.008s reward=1.000000 train_r2=1.000000 test_r2=1.000000 complexity=5 evals=1687
        Nguyen-12* run=26 seed=3995401709 time=16.577s reward=0.999529 train_r2=1.000000 test_r2=0.999991 complexity=34 evals=2000005
          Nguyen-8 run=49 seed=4080976823 time=0.319s reward=1.000000 train_r2=1.000000 test_r2=1.000000 complexity=3 evals=52145
        Nguyen-12* run=25 seed=2537996840 time=17.672s reward=0.999130 train_r2=0.999999 test_r2=1.000000 complexity=20 evals=2000000
          Nguyen-1 run=50 seed=1129862598 time=0.071s reward=1.000000 train_r2=1.000000 test_r2=1.000000 complexity=9 evals=12693
          Nguyen-2 run=50 seed=1129862598 time=0.095s reward=1.000000 train_r2=1.000000 test_r2=1.000000 complexity=10 evals=15994
          Nguyen-7 run=49 seed=4080976823 time=0.549s reward=1.000000 train_r2=1.000000 test_r2=1.000000 complexity=11 evals=74737
        Nguyen-12* run=23 seed=1668493585 time=18.503s reward=0.999286 train_r2=0.999999 test_r2=0.999999 complexity=21 evals=2000003
          Nguyen-4 run=48 seed=1796736039 time=1.585s reward=1.000000 train_r2=1.000000 test_r2=1.000000 complexity=13 evals=200058
          Nguyen-4 run=49 seed=4080976823 time=0.852s reward=1.000000 train_r2=1.000000 test_r2=1.000000 complexity=16 evals=121981
          Nguyen-5 run=50 seed=1129862598 time=0.245s reward=1.000000 train_r2=1.000000 test_r2=1.000000 complexity=9 evals=38836
          Nguyen-6 run=50 seed=1129862598 time=0.223s reward=1.000000 train_r2=1.000000 test_r2=1.000000 complexity=9 evals=34814
          Nguyen-7 run=50 seed=1129862598 time=0.216s reward=1.000000 train_r2=1.000000 test_r2=1.000000 complexity=10 evals=32936
         Nguyen-11 run=50 seed=1129862598 time=0.015s reward=1.000000 train_r2=1.000000 test_r2=1.000000 complexity=5 evals=3101
          Nguyen-9 run=50 seed=1129862598 time=0.104s reward=1.000000 train_r2=1.000000 test_r2=1.000000 complexity=7 evals=19416
          Nguyen-1 run=51 seed=2501308237 time=0.089s reward=1.000000 train_r2=1.000000 test_r2=1.000000 complexity=8 evals=15147
          Nguyen-3 run=50 seed=1129862598 time=0.476s reward=1.000000 train_r2=1.000000 test_r2=1.000000 complexity=14 evals=67402
          Nguyen-2 run=51 seed=2501308237 time=0.075s reward=1.000000 train_r2=1.000000 test_r2=1.000000 complexity=10 evals=13904
          Nguyen-8 run=50 seed=1129862598 time=0.415s reward=1.000000 train_r2=1.000000 test_r2=1.000000 complexity=3 evals=66495
          Nguyen-5 run=51 seed=2501308237 time=0.141s reward=1.000000 train_r2=1.000000 test_r2=1.000000 complexity=9 evals=24776
        Nguyen-12* run=27 seed=3994838759 time=17.097s reward=0.999419 train_r2=1.000000 test_r2=1.000000 complexity=17 evals=2000000
          Nguyen-6 run=51 seed=2501308237 time=0.163s reward=1.000000 train_r2=1.000000 test_r2=1.000000 complexity=9 evals=26748
         Nguyen-10 run=49 seed=4080976823 time=0.919s reward=1.000000 train_r2=1.000000 test_r2=1.000000 complexity=6 evals=133200
          Nguyen-8 run=51 seed=2501308237 time=0.026s reward=1.000000 train_r2=1.000000 test_r2=1.000000 complexity=3 evals=4554
         Nguyen-11 run=51 seed=2501308237 time=0.023s reward=1.000000 train_r2=1.000000 test_r2=1.000000 complexity=5 evals=4836
          Nguyen-9 run=51 seed=2501308237 time=0.076s reward=1.000000 train_r2=1.000000 test_r2=1.000000 complexity=7 evals=14626
         Nguyen-10 run=50 seed=1129862598 time=0.558s reward=1.000000 train_r2=1.000000 test_r2=1.000000 complexity=6 evals=84076
          Nguyen-1 run=52 seed=2872581883 time=0.079s reward=1.000000 train_r2=1.000000 test_r2=1.000000 complexity=9 evals=13921
          Nguyen-7 run=51 seed=2501308237 time=0.338s reward=1.000000 train_r2=1.000000 test_r2=1.000000 complexity=10 evals=54974
         Nguyen-10 run=51 seed=2501308237 time=0.223s reward=1.000000 train_r2=1.000000 test_r2=1.000000 complexity=6 evals=39476
          Nguyen-2 run=52 seed=2872581883 time=0.179s reward=1.000000 train_r2=1.000000 test_r2=1.000000 complexity=10 evals=30520
          Nguyen-3 run=51 seed=2501308237 time=0.628s reward=1.000000 train_r2=1.000000 test_r2=1.000000 complexity=14 evals=90296
          Nguyen-6 run=52 seed=2872581883 time=0.050s reward=1.000000 train_r2=1.000000 test_r2=1.000000 complexity=9 evals=9113
          Nguyen-5 run=52 seed=2872581883 time=0.129s reward=1.000000 train_r2=1.000000 test_r2=1.000000 complexity=9 evals=21718
        Nguyen-12* run=34 seed=2191321948 time=9.190s reward=1.000000 train_r2=1.000000 test_r2=1.000000 complexity=17 evals=1044576
          Nguyen-3 run=52 seed=2872581883 time=0.227s reward=1.000000 train_r2=1.000000 test_r2=1.000000 complexity=14 evals=37160
         Nguyen-11 run=52 seed=2872581883 time=0.015s reward=1.000000 train_r2=1.000000 test_r2=1.000000 complexity=5 evals=2864
          Nguyen-7 run=52 seed=2872581883 time=0.100s reward=1.000000 train_r2=1.000000 test_r2=1.000000 complexity=10 evals=15829
          Nguyen-1 run=53 seed=2157573201 time=0.020s reward=1.000000 train_r2=1.000000 test_r2=1.000000 complexity=9 evals=3755
          Nguyen-8 run=45 seed=3465266528 time=4.054s reward=1.000000 train_r2=1.000000 test_r2=1.000000 complexity=3 evals=557144
          Nguyen-2 run=53 seed=2157573201 time=0.051s reward=1.000000 train_r2=1.000000 test_r2=1.000000 complexity=10 evals=8898
         Nguyen-10 run=52 seed=2872581883 time=0.221s reward=1.000000 train_r2=1.000000 test_r2=1.000000 complexity=6 evals=35136
          Nguyen-9 run=52 seed=2872581883 time=0.279s reward=1.000000 train_r2=1.000000 test_r2=1.000000 complexity=7 evals=48812
          Nguyen-5 run=53 seed=2157573201 time=0.081s reward=1.000000 train_r2=1.000000 test_r2=1.000000 complexity=9 evals=13363
          Nguyen-6 run=53 seed=2157573201 time=0.071s reward=1.000000 train_r2=1.000000 test_r2=1.000000 complexity=9 evals=12889
          Nguyen-8 run=53 seed=2157573201 time=0.031s reward=1.000000 train_r2=1.000000 test_r2=1.000000 complexity=3 evals=5865
          Nguyen-4 run=52 seed=2872581883 time=0.666s reward=1.000000 train_r2=1.000000 test_r2=1.000000 complexity=16 evals=98991
          Nguyen-9 run=53 seed=2157573201 time=0.069s reward=1.000000 train_r2=1.000000 test_r2=1.000000 complexity=7 evals=13468
          Nguyen-7 run=53 seed=2157573201 time=0.172s reward=1.000000 train_r2=1.000000 test_r2=1.000000 complexity=11 evals=25714
         Nguyen-11 run=53 seed=2157573201 time=0.041s reward=1.000000 train_r2=1.000000 test_r2=1.000000 complexity=5 evals=8066
          Nguyen-1 run=54 seed=1287263512 time=0.039s reward=1.000000 train_r2=1.000000 test_r2=1.000000 complexity=9 evals=7163
          Nguyen-8 run=52 seed=2872581883 time=0.670s reward=1.000000 train_r2=1.000000 test_r2=1.000000 complexity=3 evals=104013
         Nguyen-10 run=53 seed=2157573201 time=0.189s reward=1.000000 train_r2=1.000000 test_r2=1.000000 complexity=6 evals=33532
          Nguyen-3 run=53 seed=2157573201 time=0.718s reward=1.000000 train_r2=1.000000 test_r2=1.000000 complexity=14 evals=111934
          Nguyen-2 run=54 seed=1287263512 time=0.354s reward=1.000000 train_r2=1.000000 test_r2=1.000000 complexity=10 evals=55258
        Nguyen-12* run=37 seed=1305444561 time=8.091s reward=1.000000 train_r2=1.000000 test_r2=1.000000 complexity=17 evals=982040
          Nguyen-6 run=54 seed=1287263512 time=0.099s reward=1.000000 train_r2=1.000000 test_r2=1.000000 complexity=9 evals=17202
          Nguyen-3 run=54 seed=1287263512 time=0.517s reward=1.000000 train_r2=1.000000 test_r2=1.000000 complexity=14 evals=71978
          Nguyen-7 run=54 seed=1287263512 time=0.121s reward=1.000000 train_r2=1.000000 test_r2=1.000000 complexity=10 evals=19705
          Nguyen-5 run=54 seed=1287263512 time=0.404s reward=1.000000 train_r2=1.000000 test_r2=1.000000 complexity=9 evals=61358
          Nguyen-9 run=54 seed=1287263512 time=0.033s reward=1.000000 train_r2=1.000000 test_r2=1.000000 complexity=7 evals=6423
         Nguyen-11 run=54 seed=1287263512 time=0.030s reward=1.000000 train_r2=1.000000 test_r2=1.000000 complexity=5 evals=5799
          Nguyen-1 run=55 seed=1830868652 time=0.041s reward=1.000000 train_r2=1.000000 test_r2=1.000000 complexity=9 evals=7585
         Nguyen-10 run=54 seed=1287263512 time=0.121s reward=1.000000 train_r2=1.000000 test_r2=1.000000 complexity=6 evals=21497
        Nguyen-12* run=44 seed=2366855942 time=5.782s reward=1.000000 train_r2=1.000000 test_r2=1.000000 complexity=14 evals=711786
          Nguyen-2 run=55 seed=1830868652 time=0.324s reward=1.000000 train_r2=1.000000 test_r2=1.000000 complexity=10 evals=51391
          Nguyen-4 run=50 seed=1129862598 time=2.779s reward=1.000000 train_r2=1.000000 test_r2=1.000000 complexity=13 evals=360044
          Nguyen-3 run=55 seed=1830868652 time=0.430s reward=1.000000 train_r2=1.000000 test_r2=1.000000 complexity=15 evals=62257
          Nguyen-6 run=55 seed=1830868652 time=0.208s reward=1.000000 train_r2=1.000000 test_r2=1.000000 complexity=9 evals=36440
          Nguyen-7 run=55 seed=1830868652 time=0.252s reward=1.000000 train_r2=1.000000 test_r2=1.000000 complexity=10 evals=38545
          Nguyen-4 run=53 seed=2157573201 time=1.906s reward=1.000000 train_r2=1.000000 test_r2=1.000000 complexity=13 evals=235942
          Nguyen-9 run=55 seed=1830868652 time=0.009s reward=1.000000 train_r2=1.000000 test_r2=1.000000 complexity=7 evals=1769
          Nguyen-4 run=54 seed=1287263512 time=1.368s reward=1.000000 train_r2=1.000000 test_r2=1.000000 complexity=17 evals=190881
         Nguyen-11 run=55 seed=1830868652 time=0.009s reward=1.000000 train_r2=1.000000 test_r2=1.000000 complexity=5 evals=1826
          Nguyen-1 run=56 seed=3383119910 time=0.076s reward=1.000000 train_r2=1.000000 test_r2=1.000000 complexity=8 evals=13740
          Nguyen-5 run=55 seed=1830868652 time=0.653s reward=1.000000 train_r2=1.000000 test_r2=1.000000 complexity=9 evals=96565
          Nguyen-2 run=56 seed=3383119910 time=0.346s reward=1.000000 train_r2=1.000000 test_r2=1.000000 complexity=12 evals=53660
          Nguyen-3 run=56 seed=3383119910 time=0.241s reward=1.000000 train_r2=1.000000 test_r2=1.000000 complexity=14 evals=39924
          Nguyen-8 run=44 seed=2366855942 time=7.224s reward=1.000000 train_r2=1.000000 test_r2=1.000000 complexity=3 evals=934138
          Nguyen-5 run=56 seed=3383119910 time=0.089s reward=1.000000 train_r2=1.000000 test_r2=1.000000 complexity=9 evals=15787
          Nguyen-7 run=56 seed=3383119910 time=0.243s reward=1.000000 train_r2=1.000000 test_r2=1.000000 complexity=10 evals=40090
          Nguyen-8 run=56 seed=3383119910 time=0.040s reward=1.000000 train_r2=1.000000 test_r2=1.000000 complexity=3 evals=7336
        Nguyen-12* run=29 seed=2169555080 time=17.527s reward=0.998966 train_r2=0.999999 test_r2=0.999999 complexity=18 evals=2000002
          Nguyen-6 run=56 seed=3383119910 time=0.494s reward=1.000000 train_r2=1.000000 test_r2=1.000000 complexity=9 evals=80193
          Nguyen-9 run=56 seed=3383119910 time=0.193s reward=1.000000 train_r2=1.000000 test_r2=1.000000 complexity=7 evals=35471
         Nguyen-11 run=56 seed=3383119910 time=0.074s reward=1.000000 train_r2=1.000000 test_r2=1.000000 complexity=5 evals=14880
          Nguyen-1 run=57 seed=646788872 time=0.016s reward=1.000000 train_r2=1.000000 test_r2=1.000000 complexity=8 evals=2968
          Nguyen-8 run=54 seed=1287263512 time=2.302s reward=1.000000 train_r2=1.000000 test_r2=1.000000 complexity=3 evals=331659
          Nguyen-2 run=57 seed=646788872 time=0.251s reward=1.000000 train_r2=1.000000 test_r2=1.000000 complexity=10 evals=43026
          Nguyen-5 run=49 seed=4080976823 time=5.357s reward=1.000000 train_r2=1.000000 test_r2=1.000000 complexity=9 evals=594845
          Nguyen-3 run=57 seed=646788872 time=0.483s reward=1.000000 train_r2=1.000000 test_r2=1.000000 complexity=14 evals=71857
        Nguyen-12* run=31 seed=1393567789 time=16.698s reward=1.000000 train_r2=1.000000 test_r2=1.000000 complexity=17 evals=1815309
          Nguyen-6 run=57 seed=646788872 time=0.141s reward=1.000000 train_r2=1.000000 test_r2=1.000000 complexity=9 evals=24765
         Nguyen-10 run=56 seed=3383119910 time=1.065s reward=1.000000 train_r2=1.000000 test_r2=1.000000 complexity=6 evals=141933
          Nguyen-7 run=57 seed=646788872 time=0.095s reward=1.000000 train_r2=1.000000 test_r2=1.000000 complexity=11 evals=15214
          Nguyen-8 run=55 seed=1830868652 time=2.387s reward=1.000000 train_r2=1.000000 test_r2=1.000000 complexity=3 evals=345810
         Nguyen-11 run=57 seed=646788872 time=0.021s reward=1.000000 train_r2=1.000000 test_r2=1.000000 complexity=5 evals=4239
          Nguyen-4 run=57 seed=646788872 time=0.831s reward=1.000000 train_r2=1.000000 test_r2=1.000000 complexity=13 evals=125725
          Nguyen-1 run=58 seed=3169893663 time=0.018s reward=1.000000 train_r2=1.000000 test_r2=1.000000 complexity=8 evals=3330
          Nguyen-9 run=57 seed=646788872 time=0.326s reward=1.000000 train_r2=1.000000 test_r2=1.000000 complexity=7 evals=50665
        Nguyen-12* run=30 seed=758553822 time=17.979s reward=0.998050 train_r2=0.999996 test_r2=0.999997 complexity=17 evals=2000000
          Nguyen-2 run=58 seed=3169893663 time=0.278s reward=1.000000 train_r2=1.000000 test_r2=1.000000 complexity=12 evals=45478
          Nguyen-3 run=58 seed=3169893663 time=0.232s reward=1.000000 train_r2=1.000000 test_r2=1.000000 complexity=14 evals=36821
          Nguyen-5 run=58 seed=3169893663 time=0.127s reward=1.000000 train_r2=1.000000 test_r2=1.000000 complexity=9 evals=21479
         Nguyen-10 run=57 seed=646788872 time=0.632s reward=1.000000 train_r2=1.000000 test_r2=1.000000 complexity=6 evals=92968
          Nguyen-6 run=58 seed=3169893663 time=0.251s reward=1.000000 train_r2=1.000000 test_r2=1.000000 complexity=9 evals=39128
          Nguyen-7 run=58 seed=3169893663 time=0.179s reward=1.000000 train_r2=1.000000 test_r2=1.000000 complexity=11 evals=30303
          Nguyen-8 run=58 seed=3169893663 time=0.248s reward=1.000000 train_r2=1.000000 test_r2=1.000000 complexity=3 evals=39349
         Nguyen-11 run=58 seed=3169893663 time=0.009s reward=1.000000 train_r2=1.000000 test_r2=1.000000 complexity=5 evals=1721
          Nguyen-9 run=58 seed=3169893663 time=0.158s reward=1.000000 train_r2=1.000000 test_r2=1.000000 complexity=7 evals=26613
          Nguyen-1 run=59 seed=314500441 time=0.015s reward=1.000000 train_r2=1.000000 test_r2=1.000000 complexity=9 evals=2927
          Nguyen-4 run=56 seed=3383119910 time=2.834s reward=1.000000 train_r2=1.000000 test_r2=1.000000 complexity=17 evals=343123
         Nguyen-10 run=58 seed=3169893663 time=0.480s reward=1.000000 train_r2=1.000000 test_r2=1.000000 complexity=6 evals=80014
          Nguyen-2 run=59 seed=314500441 time=0.315s reward=1.000000 train_r2=1.000000 test_r2=1.000000 complexity=10 evals=47908
          Nguyen-5 run=57 seed=646788872 time=1.989s reward=1.000000 train_r2=1.000000 test_r2=1.000000 complexity=9 evals=239922
          Nguyen-5 run=59 seed=314500441 time=0.143s reward=1.000000 train_r2=1.000000 test_r2=1.000000 complexity=9 evals=23209
          Nguyen-3 run=59 seed=314500441 time=0.280s reward=1.000000 train_r2=1.000000 test_r2=1.000000 complexity=14 evals=42993
          Nguyen-6 run=59 seed=314500441 time=0.211s reward=1.000000 train_r2=1.000000 test_r2=1.000000 complexity=9 evals=34139
          Nguyen-8 run=59 seed=314500441 time=0.046s reward=1.000000 train_r2=1.000000 test_r2=1.000000 complexity=3 evals=8426
          Nguyen-9 run=59 seed=314500441 time=0.115s reward=1.000000 train_r2=1.000000 test_r2=1.000000 complexity=7 evals=20348
         Nguyen-11 run=59 seed=314500441 time=0.015s reward=1.000000 train_r2=1.000000 test_r2=1.000000 complexity=5 evals=2953
          Nguyen-4 run=59 seed=314500441 time=0.588s reward=1.000000 train_r2=1.000000 test_r2=1.000000 complexity=17 evals=89968
          Nguyen-1 run=60 seed=1881455519 time=0.059s reward=1.000000 train_r2=1.000000 test_r2=1.000000 complexity=9 evals=10896
          Nguyen-2 run=60 seed=1881455519 time=0.229s reward=1.000000 train_r2=1.000000 test_r2=1.000000 complexity=12 evals=38928
         Nguyen-10 run=59 seed=314500441 time=0.743s reward=1.000000 train_r2=1.000000 test_r2=1.000000 complexity=6 evals=107462
          Nguyen-7 run=59 seed=314500441 time=0.924s reward=1.000000 train_r2=1.000000 test_r2=1.000000 complexity=11 evals=125687
          Nguyen-5 run=60 seed=1881455519 time=0.081s reward=1.000000 train_r2=1.000000 test_r2=1.000000 complexity=9 evals=13910
        Nguyen-12* run=32 seed=540967856 time=18.444s reward=0.999439 train_r2=1.000000 test_r2=0.999998 complexity=25 evals=2000000
          Nguyen-3 run=60 seed=1881455519 time=0.541s reward=1.000000 train_r2=1.000000 test_r2=1.000000 complexity=14 evals=86074
          Nguyen-6 run=60 seed=1881455519 time=0.289s reward=1.000000 train_r2=1.000000 test_r2=1.000000 complexity=9 evals=45595
          Nguyen-9 run=60 seed=1881455519 time=0.110s reward=1.000000 train_r2=1.000000 test_r2=1.000000 complexity=7 evals=19710
          Nguyen-8 run=60 seed=1881455519 time=0.321s reward=1.000000 train_r2=1.000000 test_r2=1.000000 complexity=3 evals=54226
         Nguyen-11 run=60 seed=1881455519 time=0.042s reward=1.000000 train_r2=1.000000 test_r2=1.000000 complexity=5 evals=8609
          Nguyen-4 run=60 seed=1881455519 time=0.764s reward=1.000000 train_r2=1.000000 test_r2=1.000000 complexity=16 evals=104954
          Nguyen-1 run=61 seed=2621623777 time=0.002s reward=1.000000 train_r2=1.000000 test_r2=1.000000 complexity=8 evals=311
          Nguyen-7 run=60 seed=1881455519 time=0.463s reward=1.000000 train_r2=1.000000 test_r2=1.000000 complexity=10 evals=65173
         Nguyen-10 run=60 seed=1881455519 time=0.267s reward=1.000000 train_r2=1.000000 test_r2=1.000000 complexity=6 evals=41622
          Nguyen-2 run=61 seed=2621623777 time=0.310s reward=1.000000 train_r2=1.000000 test_r2=1.000000 complexity=12 evals=46304
          Nguyen-3 run=61 seed=2621623777 time=0.466s reward=1.000000 train_r2=1.000000 test_r2=1.000000 complexity=14 evals=68391
          Nguyen-6 run=61 seed=2621623777 time=0.093s reward=1.000000 train_r2=1.000000 test_r2=1.000000 complexity=9 evals=16537
        Nguyen-12* run=33 seed=902677639 time=18.516s reward=0.998930 train_r2=0.999999 test_r2=0.999999 complexity=16 evals=2000003
          Nguyen-4 run=61 seed=2621623777 time=0.836s reward=1.000000 train_r2=1.000000 test_r2=1.000000 complexity=17 evals=113443
          Nguyen-9 run=61 seed=2621623777 time=0.059s reward=1.000000 train_r2=1.000000 test_r2=1.000000 complexity=7 evals=11088
          Nguyen-7 run=61 seed=2621623777 time=0.481s reward=1.000000 train_r2=1.000000 test_r2=1.000000 complexity=10 evals=72817
         Nguyen-11 run=61 seed=2621623777 time=0.025s reward=1.000000 train_r2=1.000000 test_r2=1.000000 complexity=5 evals=4815
          Nguyen-5 run=61 seed=2621623777 time=0.949s reward=1.000000 train_r2=1.000000 test_r2=1.000000 complexity=9 evals=118635
          Nguyen-1 run=62 seed=4135381994 time=0.047s reward=1.000000 train_r2=1.000000 test_r2=1.000000 complexity=9 evals=8337
         Nguyen-10 run=61 seed=2621623777 time=0.483s reward=1.000000 train_r2=1.000000 test_r2=1.000000 complexity=6 evals=71619
        Nguyen-12* run=35 seed=1851676975 time=17.060s reward=0.999117 train_r2=0.999999 test_r2=0.999999 complexity=25 evals=2000001
          Nguyen-2 run=62 seed=4135381994 time=0.355s reward=1.000000 train_r2=1.000000 test_r2=1.000000 complexity=12 evals=53394
          Nguyen-3 run=62 seed=4135381994 time=0.466s reward=1.000000 train_r2=1.000000 test_r2=1.000000 complexity=14 evals=67191
          Nguyen-6 run=62 seed=4135381994 time=0.144s reward=1.000000 train_r2=1.000000 test_r2=1.000000 complexity=9 evals=23956
        Nguyen-12* run=36 seed=1139067352 time=17.632s reward=0.999060 train_r2=0.999999 test_r2=nan complexity=21 evals=2000001
          Nguyen-8 run=62 seed=4135381994 time=0.059s reward=1.000000 train_r2=1.000000 test_r2=1.000000 complexity=3 evals=10928
          Nguyen-9 run=62 seed=4135381994 time=0.101s reward=1.000000 train_r2=1.000000 test_r2=1.000000 complexity=7 evals=19077
        Nguyen-12* run=40 seed=4027297405 time=16.035s reward=0.998227 train_r2=0.999997 test_r2=0.999999 complexity=18 evals=2000005
         Nguyen-11 run=62 seed=4135381994 time=0.019s reward=1.000000 train_r2=1.000000 test_r2=1.000000 complexity=5 evals=3761
          Nguyen-7 run=62 seed=4135381994 time=0.652s reward=1.000000 train_r2=1.000000 test_r2=1.000000 complexity=10 evals=90853
          Nguyen-1 run=63 seed=2643969318 time=0.035s reward=1.000000 train_r2=1.000000 test_r2=1.000000 complexity=9 evals=6125
         Nguyen-10 run=55 seed=1830868652 time=8.401s reward=1.000000 train_r2=1.000000 test_r2=1.000000 complexity=6 evals=902227
          Nguyen-8 run=61 seed=2621623777 time=2.279s reward=1.000000 train_r2=1.000000 test_r2=1.000000 complexity=3 evals=299417
          Nguyen-2 run=63 seed=2643969318 time=0.268s reward=1.000000 train_r2=1.000000 test_r2=1.000000 complexity=12 evals=40837
          Nguyen-5 run=63 seed=2643969318 time=0.359s reward=1.000000 train_r2=1.000000 test_r2=1.000000 complexity=9 evals=52307
          Nguyen-6 run=63 seed=2643969318 time=0.347s reward=1.000000 train_r2=1.000000 test_r2=1.000000 complexity=9 evals=54000
          Nguyen-4 run=63 seed=2643969318 time=1.207s reward=1.000000 train_r2=1.000000 test_r2=1.000000 complexity=17 evals=157808
          Nguyen-8 run=63 seed=2643969318 time=0.004s reward=1.000000 train_r2=1.000000 test_r2=1.000000 complexity=3 evals=669
          Nguyen-7 run=63 seed=2643969318 time=0.460s reward=1.000000 train_r2=1.000000 test_r2=1.000000 complexity=10 evals=67496
          Nguyen-3 run=63 seed=2643969318 time=1.428s reward=1.000000 train_r2=1.000000 test_r2=1.000000 complexity=14 evals=178962
         Nguyen-11 run=63 seed=2643969318 time=0.007s reward=1.000000 train_r2=1.000000 test_r2=1.000000 complexity=5 evals=988
          Nguyen-9 run=63 seed=2643969318 time=0.123s reward=1.000000 train_r2=1.000000 test_r2=1.000000 complexity=7 evals=21854
          Nguyen-4 run=62 seed=4135381994 time=2.894s reward=1.000000 train_r2=1.000000 test_r2=1.000000 complexity=13 evals=358619
          Nguyen-5 run=62 seed=4135381994 time=2.907s reward=1.000000 train_r2=1.000000 test_r2=1.000000 complexity=9 evals=318988
          Nguyen-1 run=64 seed=2172690349 time=0.095s reward=1.000000 train_r2=1.000000 test_r2=1.000000 complexity=9 evals=16075
         Nguyen-10 run=63 seed=2643969318 time=0.382s reward=1.000000 train_r2=1.000000 test_r2=1.000000 complexity=6 evals=58823
          Nguyen-2 run=64 seed=2172690349 time=0.381s reward=1.000000 train_r2=1.000000 test_r2=1.000000 complexity=10 evals=59720
          Nguyen-6 run=64 seed=2172690349 time=0.245s reward=1.000000 train_r2=1.000000 test_r2=1.000000 complexity=9 evals=41701
        Nguyen-12* run=43 seed=837591013 time=17.642s reward=0.999356 train_r2=1.000000 test_r2=0.999999 complexity=54 evals=2000004
          Nguyen-4 run=64 seed=2172690349 time=0.688s reward=1.000000 train_r2=1.000000 test_r2=1.000000 complexity=14 evals=93878
        Nguyen-12* run=41 seed=3926696696 time=18.224s reward=0.999098 train_r2=0.999999 test_r2=0.999998 complexity=26 evals=2000000
          Nguyen-8 run=64 seed=2172690349 time=0.041s reward=1.000000 train_r2=1.000000 test_r2=1.000000 complexity=3 evals=7306
          Nguyen-7 run=64 seed=2172690349 time=0.118s reward=1.000000 train_r2=1.000000 test_r2=1.000000 complexity=10 evals=19786
          Nguyen-9 run=64 seed=2172690349 time=0.047s reward=1.000000 train_r2=1.000000 test_r2=1.000000 complexity=7 evals=8814
         Nguyen-11 run=64 seed=2172690349 time=0.056s reward=1.000000 train_r2=1.000000 test_r2=1.000000 complexity=5 evals=10586
          Nguyen-1 run=65 seed=534831994 time=0.036s reward=1.000000 train_r2=1.000000 test_r2=1.000000 complexity=9 evals=6360
         Nguyen-10 run=64 seed=2172690349 time=0.136s reward=1.000000 train_r2=1.000000 test_r2=1.000000 complexity=6 evals=23037
         Nguyen-10 run=62 seed=4135381994 time=3.023s reward=1.000000 train_r2=1.000000 test_r2=1.000000 complexity=6 evals=372703
          Nguyen-3 run=65 seed=534831994 time=0.299s reward=1.000000 train_r2=1.000000 test_r2=1.000000 complexity=14 evals=46407
          Nguyen-2 run=65 seed=534831994 time=0.341s reward=1.000000 train_r2=1.000000 test_r2=1.000000 complexity=11 evals=52662
        Nguyen-12* run=42 seed=3747793057 time=18.362s reward=0.998897 train_r2=0.999999 test_r2=0.999996 complexity=22 evals=2000003
          Nguyen-3 run=64 seed=2172690349 time=1.299s reward=1.000000 train_r2=1.000000 test_r2=1.000000 complexity=16 evals=166595
          Nguyen-5 run=65 seed=534831994 time=0.272s reward=1.000000 train_r2=1.000000 test_r2=1.000000 complexity=9 evals=42149
          Nguyen-6 run=65 seed=534831994 time=0.178s reward=1.000000 train_r2=1.000000 test_r2=1.000000 complexity=9 evals=29343
         Nguyen-11 run=65 seed=534831994 time=0.012s reward=1.000000 train_r2=1.000000 test_r2=1.000000 complexity=5 evals=2496
          Nguyen-7 run=65 seed=534831994 time=0.303s reward=1.000000 train_r2=1.000000 test_r2=1.000000 complexity=10 evals=46239
          Nguyen-1 run=66 seed=2701542408 time=0.006s reward=1.000000 train_r2=1.000000 test_r2=1.000000 complexity=8 evals=1274
          Nguyen-4 run=51 seed=2501308237 time=14.610s reward=1.000000 train_r2=1.000000 test_r2=1.000000 complexity=13 evals=1486408
          Nguyen-2 run=66 seed=2701542408 time=0.227s reward=1.000000 train_r2=1.000000 test_r2=1.000000 complexity=12 evals=35933
         Nguyen-10 run=65 seed=534831994 time=0.680s reward=1.000000 train_r2=1.000000 test_r2=1.000000 complexity=6 evals=102350
          Nguyen-8 run=48 seed=1796736039 time=16.330s reward=0.973109 train_r2=0.999236 test_r2=0.951967 complexity=23 evals=2000006
          Nguyen-6 run=66 seed=2701542408 time=0.086s reward=1.000000 train_r2=1.000000 test_r2=1.000000 complexity=9 evals=15368
          Nguyen-5 run=66 seed=2701542408 time=0.147s reward=1.000000 train_r2=1.000000 test_r2=1.000000 complexity=9 evals=25568
        Nguyen-12* run=45 seed=3465266528 time=18.059s reward=0.999472 train_r2=1.000000 test_r2=0.999999 complexity=29 evals=2000005
          Nguyen-4 run=65 seed=534831994 time=1.296s reward=1.000000 train_r2=1.000000 test_r2=1.000000 complexity=17 evals=160936
        Nguyen-12* run=63 seed=2643969318 time=2.476s reward=1.000000 train_r2=1.000000 test_r2=1.000000 complexity=17 evals=312823
          Nguyen-8 run=57 seed=646788872 time=10.383s reward=1.000000 train_r2=1.000000 test_r2=1.000000 complexity=3 evals=1284914
          Nguyen-3 run=66 seed=2701542408 time=0.619s reward=1.000000 train_r2=1.000000 test_r2=1.000000 complexity=15 evals=87896
          Nguyen-9 run=66 seed=2701542408 time=0.145s reward=1.000000 train_r2=1.000000 test_r2=1.000000 complexity=7 evals=25253
         Nguyen-11 run=66 seed=2701542408 time=0.039s reward=1.000000 train_r2=1.000000 test_r2=1.000000 complexity=5 evals=7677
          Nguyen-1 run=67 seed=3905278380 time=0.046s reward=1.000000 train_r2=1.000000 test_r2=1.000000 complexity=9 evals=8382
          Nguyen-7 run=66 seed=2701542408 time=0.262s reward=1.000000 train_r2=1.000000 test_r2=1.000000 complexity=10 evals=43051
         Nguyen-10 run=66 seed=2701542408 time=0.313s reward=1.000000 train_r2=1.000000 test_r2=1.000000 complexity=6 evals=49050
          Nguyen-2 run=67 seed=3905278380 time=0.170s reward=1.000000 train_r2=1.000000 test_r2=1.000000 complexity=10 evals=28051
          Nguyen-6 run=67 seed=3905278380 time=0.057s reward=1.000000 train_r2=1.000000 test_r2=1.000000 complexity=9 evals=9810
          Nguyen-9 run=65 seed=534831994 time=1.513s reward=1.000000 train_r2=1.000000 test_r2=1.000000 complexity=7 evals=190748
          Nguyen-9 run=67 seed=3905278380 time=0.018s reward=1.000000 train_r2=1.000000 test_r2=1.000000 complexity=7 evals=3711
          Nguyen-8 run=67 seed=3905278380 time=0.241s reward=1.000000 train_r2=1.000000 test_r2=1.000000 complexity=3 evals=37883
          Nguyen-3 run=67 seed=3905278380 time=0.480s reward=1.000000 train_r2=1.000000 test_r2=1.000000 complexity=14 evals=69132
         Nguyen-11 run=67 seed=3905278380 time=0.016s reward=1.000000 train_r2=1.000000 test_r2=1.000000 complexity=5 evals=3139
          Nguyen-7 run=67 seed=3905278380 time=0.349s reward=1.000000 train_r2=1.000000 test_r2=1.000000 complexity=11 evals=51213
         Nguyen-10 run=67 seed=3905278380 time=0.135s reward=1.000000 train_r2=1.000000 test_r2=1.000000 complexity=6 evals=22629
          Nguyen-1 run=68 seed=2580222673 time=0.122s reward=1.000000 train_r2=1.000000 test_r2=1.000000 complexity=9 evals=19580
        Nguyen-12* run=46 seed=323105323 time=18.257s reward=0.999629 train_r2=1.000000 test_r2=1.000000 complexity=20 evals=2000003
          Nguyen-8 run=65 seed=534831994 time=1.875s reward=1.000000 train_r2=1.000000 test_r2=1.000000 complexity=3 evals=251936
          Nguyen-6 run=68 seed=2580222673 time=0.067s reward=1.000000 train_r2=1.000000 test_r2=1.000000 complexity=9 evals=11643
          Nguyen-2 run=68 seed=2580222673 time=0.260s reward=1.000000 train_r2=1.000000 test_r2=1.000000 complexity=10 evals=39222
          Nguyen-8 run=68 seed=2580222673 time=0.047s reward=1.000000 train_r2=1.000000 test_r2=1.000000 complexity=3 evals=8462
          Nguyen-5 run=68 seed=2580222673 time=0.202s reward=1.000000 train_r2=1.000000 test_r2=1.000000 complexity=9 evals=33174
          Nguyen-4 run=67 seed=3905278380 time=0.859s reward=1.000000 train_r2=1.000000 test_r2=1.000000 complexity=17 evals=122852
          Nguyen-7 run=68 seed=2580222673 time=0.147s reward=1.000000 train_r2=1.000000 test_r2=1.000000 complexity=11 evals=23331
         Nguyen-11 run=68 seed=2580222673 time=0.043s reward=1.000000 train_r2=1.000000 test_r2=1.000000 complexity=5 evals=8395
          Nguyen-9 run=68 seed=2580222673 time=0.073s reward=1.000000 train_r2=1.000000 test_r2=1.000000 complexity=7 evals=13614
        Nguyen-12* run=47 seed=3059174495 time=18.271s reward=0.999287 train_r2=0.999999 test_r2=1.000000 complexity=17 evals=2000005
          Nguyen-1 run=69 seed=864589219 time=0.151s reward=1.000000 train_r2=1.000000 test_r2=1.000000 complexity=9 evals=25493
          Nguyen-2 run=69 seed=864589219 time=0.206s reward=1.000000 train_r2=1.000000 test_r2=1.000000 complexity=10 evals=32127
          Nguyen-3 run=68 seed=2580222673 time=0.584s reward=1.000000 train_r2=1.000000 test_r2=1.000000 complexity=14 evals=82128
          Nguyen-6 run=69 seed=864589219 time=0.089s reward=1.000000 train_r2=1.000000 test_r2=1.000000 complexity=9 evals=14836
          Nguyen-4 run=69 seed=864589219 time=0.525s reward=1.000000 train_r2=1.000000 test_r2=1.000000 complexity=17 evals=79076
        Nguyen-12* run=48 seed=1796736039 time=18.279s reward=0.999664 train_r2=1.000000 test_r2=1.000000 complexity=17 evals=2000000
          Nguyen-7 run=69 seed=864589219 time=0.342s reward=1.000000 train_r2=1.000000 test_r2=1.000000 complexity=11 evals=50447
         Nguyen-10 run=68 seed=2580222673 time=0.779s reward=1.000000 train_r2=1.000000 test_r2=1.000000 complexity=6 evals=120528
          Nguyen-5 run=64 seed=2172690349 time=3.869s reward=1.000000 train_r2=1.000000 test_r2=1.000000 complexity=9 evals=434391
         Nguyen-11 run=69 seed=864589219 time=0.007s reward=1.000000 train_r2=1.000000 test_r2=1.000000 complexity=5 evals=1465
          Nguyen-8 run=69 seed=864589219 time=0.048s reward=1.000000 train_r2=1.000000 test_r2=1.000000 complexity=3 evals=8729
          Nguyen-1 run=70 seed=2499012356 time=0.032s reward=1.000000 train_r2=1.000000 test_r2=1.000000 complexity=8 evals=5852
          Nguyen-3 run=69 seed=864589219 time=0.791s reward=1.000000 train_r2=1.000000 test_r2=1.000000 complexity=14 evals=109229
          Nguyen-4 run=58 seed=3169893663 time=11.786s reward=1.000000 train_r2=1.000000 test_r2=1.000000 complexity=17 evals=1214151
          Nguyen-9 run=69 seed=864589219 time=0.243s reward=1.000000 train_r2=1.000000 test_r2=1.000000 complexity=7 evals=39999
          Nguyen-4 run=68 seed=2580222673 time=1.274s reward=1.000000 train_r2=1.000000 test_r2=1.000000 complexity=13 evals=164004
        Nguyen-12* run=50 seed=1129862598 time=17.372s reward=0.999435 train_r2=1.000000 test_r2=0.999980 complexity=32 evals=2000001
          Nguyen-8 run=70 seed=2499012356 time=0.032s reward=1.000000 train_r2=1.000000 test_r2=1.000000 complexity=3 evals=5708
        Nguyen-12* run=52 seed=2872581883 time=16.592s reward=1.000000 train_r2=1.000000 test_r2=1.000000 complexity=17 evals=1872362
          Nguyen-6 run=70 seed=2499012356 time=0.104s reward=1.000000 train_r2=1.000000 test_r2=1.000000 complexity=9 evals=17520
          Nguyen-2 run=70 seed=2499012356 time=0.340s reward=1.000000 train_r2=1.000000 test_r2=1.000000 complexity=12 evals=50893
         Nguyen-11 run=70 seed=2499012356 time=0.033s reward=1.000000 train_r2=1.000000 test_r2=1.000000 complexity=5 evals=6351
          Nguyen-5 run=70 seed=2499012356 time=0.167s reward=1.000000 train_r2=1.000000 test_r2=1.000000 complexity=9 evals=27442
          Nguyen-3 run=70 seed=2499012356 time=0.356s reward=1.000000 train_r2=1.000000 test_r2=1.000000 complexity=14 evals=57243
          Nguyen-9 run=70 seed=2499012356 time=0.089s reward=1.000000 train_r2=1.000000 test_r2=1.000000 complexity=7 evals=15823
          Nguyen-1 run=71 seed=1980462661 time=0.036s reward=1.000000 train_r2=1.000000 test_r2=1.000000 complexity=8 evals=6355
          Nguyen-7 run=70 seed=2499012356 time=0.205s reward=1.000000 train_r2=1.000000 test_r2=1.000000 complexity=11 evals=31094
          Nguyen-6 run=71 seed=1980462661 time=0.081s reward=1.000000 train_r2=1.000000 test_r2=1.000000 complexity=9 evals=13672
          Nguyen-3 run=71 seed=1980462661 time=0.177s reward=1.000000 train_r2=1.000000 test_r2=1.000000 complexity=14 evals=30692
          Nguyen-5 run=67 seed=3905278380 time=2.271s reward=1.000000 train_r2=1.000000 test_r2=1.000000 complexity=9 evals=301098
          Nguyen-2 run=71 seed=1980462661 time=0.232s reward=1.000000 train_r2=1.000000 test_r2=1.000000 complexity=10 evals=37274
          Nguyen-9 run=71 seed=1980462661 time=0.030s reward=1.000000 train_r2=1.000000 test_r2=1.000000 complexity=7 evals=5912
          Nguyen-8 run=71 seed=1980462661 time=0.088s reward=1.000000 train_r2=1.000000 test_r2=1.000000 complexity=3 evals=16145
         Nguyen-10 run=70 seed=2499012356 time=0.326s reward=1.000000 train_r2=1.000000 test_r2=1.000000 complexity=6 evals=52941
         Nguyen-11 run=71 seed=1980462661 time=0.027s reward=1.000000 train_r2=1.000000 test_r2=1.000000 complexity=5 evals=4770
          Nguyen-1 run=72 seed=2452680695 time=0.068s reward=1.000000 train_r2=1.000000 test_r2=1.000000 complexity=9 evals=11934
          Nguyen-7 run=71 seed=1980462661 time=0.264s reward=1.000000 train_r2=1.000000 test_r2=1.000000 complexity=11 evals=39017
          Nguyen-2 run=72 seed=2452680695 time=0.168s reward=1.000000 train_r2=1.000000 test_r2=1.000000 complexity=10 evals=28520
        Nguyen-12* run=49 seed=4080976823 time=18.486s reward=0.999692 train_r2=1.000000 test_r2=1.000000 complexity=25 evals=2000002
          Nguyen-5 run=72 seed=2452680695 time=0.199s reward=1.000000 train_r2=1.000000 test_r2=1.000000 complexity=9 evals=32237
          Nguyen-6 run=72 seed=2452680695 time=0.159s reward=1.000000 train_r2=1.000000 test_r2=1.000000 complexity=9 evals=25050
        Nguyen-12* run=51 seed=2501308237 time=17.795s reward=0.999263 train_r2=0.999999 test_r2=0.999990 complexity=27 evals=2000002
          Nguyen-8 run=72 seed=2452680695 time=0.298s reward=1.000000 train_r2=1.000000 test_r2=1.000000 complexity=3 evals=47578
          Nguyen-3 run=72 seed=2452680695 time=0.689s reward=1.000000 train_r2=1.000000 test_r2=1.000000 complexity=16 evals=95457
         Nguyen-11 run=72 seed=2452680695 time=0.015s reward=1.000000 train_r2=1.000000 test_r2=1.000000 complexity=5 evals=3025
          Nguyen-9 run=72 seed=2452680695 time=0.155s reward=1.000000 train_r2=1.000000 test_r2=1.000000 complexity=7 evals=26947
          Nguyen-1 run=73 seed=3630032764 time=0.059s reward=1.000000 train_r2=1.000000 test_r2=1.000000 complexity=9 evals=10346
         Nguyen-10 run=72 seed=2452680695 time=0.174s reward=1.000000 train_r2=1.000000 test_r2=1.000000 complexity=6 evals=28355
          Nguyen-7 run=72 seed=2452680695 time=0.590s reward=1.000000 train_r2=1.000000 test_r2=1.000000 complexity=10 evals=87468
          Nguyen-2 run=73 seed=3630032764 time=0.336s reward=1.000000 train_r2=1.000000 test_r2=1.000000 complexity=12 evals=50920
          Nguyen-5 run=71 seed=1980462661 time=1.498s reward=1.000000 train_r2=1.000000 test_r2=1.000000 complexity=9 evals=182667
          Nguyen-3 run=73 seed=3630032764 time=0.367s reward=1.000000 train_r2=1.000000 test_r2=1.000000 complexity=14 evals=54398
         Nguyen-10 run=71 seed=1980462661 time=1.347s reward=1.000000 train_r2=1.000000 test_r2=1.000000 complexity=6 evals=181853
          Nguyen-6 run=73 seed=3630032764 time=0.076s reward=1.000000 train_r2=1.000000 test_r2=1.000000 complexity=9 evals=13335
          Nguyen-9 run=73 seed=3630032764 time=0.090s reward=1.000000 train_r2=1.000000 test_r2=1.000000 complexity=7 evals=16618
          Nguyen-7 run=73 seed=3630032764 time=0.197s reward=1.000000 train_r2=1.000000 test_r2=1.000000 complexity=10 evals=29660
         Nguyen-11 run=73 seed=3630032764 time=0.018s reward=1.000000 train_r2=1.000000 test_r2=1.000000 complexity=5 evals=3493
          Nguyen-4 run=70 seed=2499012356 time=2.098s reward=1.000000 train_r2=1.000000 test_r2=1.000000 complexity=13 evals=255937
          Nguyen-1 run=74 seed=4174106357 time=0.129s reward=1.000000 train_r2=1.000000 test_r2=1.000000 complexity=9 evals=21831
         Nguyen-10 run=73 seed=3630032764 time=0.273s reward=1.000000 train_r2=1.000000 test_r2=1.000000 complexity=6 evals=44701
        Nguyen-12* run=54 seed=1287263512 time=17.517s reward=0.999539 train_r2=1.000000 test_r2=0.999989 complexity=19 evals=2000005
          Nguyen-2 run=74 seed=4174106357 time=0.163s reward=1.000000 train_r2=1.000000 test_r2=1.000000 complexity=10 evals=26374
        Nguyen-12* run=55 seed=1830868652 time=17.066s reward=0.999500 train_r2=1.000000 test_r2=1.000000 complexity=21 evals=2000005
        Nguyen-12* run=53 seed=2157573201 time=18.533s reward=0.998942 train_r2=0.999999 test_r2=0.999998 complexity=16 evals=2000002
          Nguyen-5 run=74 seed=4174106357 time=0.433s reward=1.000000 train_r2=1.000000 test_r2=1.000000 complexity=9 evals=63768
          Nguyen-6 run=74 seed=4174106357 time=0.131s reward=1.000000 train_r2=1.000000 test_r2=1.000000 complexity=9 evals=25479
          Nguyen-8 run=74 seed=4174106357 time=0.096s reward=1.000000 train_r2=1.000000 test_r2=1.000000 complexity=3 evals=16951
          Nguyen-9 run=74 seed=4174106357 time=0.071s reward=1.000000 train_r2=1.000000 test_r2=1.000000 complexity=7 evals=14938
         Nguyen-11 run=74 seed=4174106357 time=0.015s reward=1.000000 train_r2=1.000000 test_r2=1.000000 complexity=5 evals=3365
          Nguyen-4 run=73 seed=3630032764 time=1.432s reward=1.000000 train_r2=1.000000 test_r2=1.000000 complexity=17 evals=200022
          Nguyen-3 run=74 seed=4174106357 time=0.729s reward=1.000000 train_r2=1.000000 test_r2=1.000000 complexity=14 evals=98576
          Nguyen-7 run=74 seed=4174106357 time=0.252s reward=1.000000 train_r2=1.000000 test_r2=1.000000 complexity=11 evals=38237
          Nguyen-8 run=66 seed=2701542408 time=5.197s reward=1.000000 train_r2=1.000000 test_r2=1.000000 complexity=3 evals=671135
          Nguyen-1 run=75 seed=867240961 time=0.094s reward=1.000000 train_r2=1.000000 test_r2=1.000000 complexity=9 evals=16984
         Nguyen-10 run=74 seed=4174106357 time=0.232s reward=1.000000 train_r2=1.000000 test_r2=1.000000 complexity=6 evals=38797
          Nguyen-3 run=75 seed=867240961 time=0.158s reward=1.000000 train_r2=1.000000 test_r2=1.000000 complexity=14 evals=25433
          Nguyen-2 run=75 seed=867240961 time=0.304s reward=1.000000 train_r2=1.000000 test_r2=1.000000 complexity=12 evals=46513
          Nguyen-6 run=75 seed=867240961 time=0.134s reward=1.000000 train_r2=1.000000 test_r2=1.000000 complexity=9 evals=22191
          Nguyen-8 run=75 seed=867240961 time=0.050s reward=1.000000 train_r2=1.000000 test_r2=1.000000 complexity=3 evals=8825
          Nguyen-9 run=75 seed=867240961 time=0.080s reward=1.000000 train_r2=1.000000 test_r2=1.000000 complexity=7 evals=14768
        Nguyen-12* run=70 seed=2499012356 time=3.311s reward=1.000000 train_r2=1.000000 test_r2=1.000000 complexity=17 evals=416902
         Nguyen-11 run=75 seed=867240961 time=0.008s reward=1.000000 train_r2=1.000000 test_r2=1.000000 complexity=5 evals=1550
          Nguyen-4 run=75 seed=867240961 time=0.420s reward=1.000000 train_r2=1.000000 test_r2=1.000000 complexity=16 evals=66040
          Nguyen-1 run=76 seed=1596437698 time=0.062s reward=1.000000 train_r2=1.000000 test_r2=1.000000 complexity=8 evals=10817
        Nguyen-12* run=56 seed=3383119910 time=16.346s reward=0.999671 train_r2=1.000000 test_r2=1.000000 complexity=17 evals=2000005
         Nguyen-10 run=75 seed=867240961 time=0.271s reward=1.000000 train_r2=1.000000 test_r2=1.000000 complexity=6 evals=43932
          Nguyen-2 run=76 seed=1596437698 time=0.238s reward=1.000000 train_r2=1.000000 test_r2=1.000000 complexity=10 evals=39380
          Nguyen-5 run=69 seed=864589219 time=4.507s reward=1.000000 train_r2=1.000000 test_r2=1.000000 complexity=9 evals=523432
          Nguyen-6 run=76 seed=1596437698 time=0.048s reward=1.000000 train_r2=1.000000 test_r2=1.000000 complexity=9 evals=8751
          Nguyen-7 run=75 seed=867240961 time=0.730s reward=1.000000 train_r2=1.000000 test_r2=1.000000 complexity=10 evals=99780
          Nguyen-3 run=76 seed=1596437698 time=0.400s reward=1.000000 train_r2=1.000000 test_r2=1.000000 complexity=14 evals=60771
          Nguyen-4 run=76 seed=1596437698 time=0.386s reward=1.000000 train_r2=1.000000 test_r2=1.000000 complexity=16 evals=60724
          Nguyen-4 run=74 seed=4174106357 time=1.734s reward=1.000000 train_r2=1.000000 test_r2=1.000000 complexity=16 evals=217832
         Nguyen-11 run=76 seed=1596437698 time=0.024s reward=1.000000 train_r2=1.000000 test_r2=1.000000 complexity=5 evals=4875
          Nguyen-1 run=77 seed=3765576040 time=0.019s reward=1.000000 train_r2=1.000000 test_r2=1.000000 complexity=9 evals=3490
          Nguyen-8 run=76 seed=1596437698 time=0.457s reward=1.000000 train_r2=1.000000 test_r2=1.000000 complexity=3 evals=77151
          Nguyen-2 run=77 seed=3765576040 time=0.197s reward=1.000000 train_r2=1.000000 test_r2=1.000000 complexity=12 evals=33061
          Nguyen-5 run=75 seed=867240961 time=1.194s reward=1.000000 train_r2=1.000000 test_r2=1.000000 complexity=9 evals=172216
         Nguyen-10 run=76 seed=1596437698 time=0.336s reward=1.000000 train_r2=1.000000 test_r2=1.000000 complexity=6 evals=53816
          Nguyen-9 run=76 seed=1596437698 time=0.402s reward=1.000000 train_r2=1.000000 test_r2=1.000000 complexity=7 evals=64793
          Nguyen-6 run=77 seed=3765576040 time=0.083s reward=1.000000 train_r2=1.000000 test_r2=1.000000 complexity=9 evals=14825
          Nguyen-8 run=77 seed=3765576040 time=0.057s reward=1.000000 train_r2=1.000000 test_r2=1.000000 complexity=3 evals=9566
          Nguyen-5 run=77 seed=3765576040 time=0.163s reward=1.000000 train_r2=1.000000 test_r2=1.000000 complexity=9 evals=27832
          Nguyen-5 run=76 seed=1596437698 time=0.843s reward=1.000000 train_r2=1.000000 test_r2=1.000000 complexity=9 evals=110813
         Nguyen-11 run=77 seed=3765576040 time=0.003s reward=1.000000 train_r2=1.000000 test_r2=1.000000 complexity=5 evals=466
          Nguyen-8 run=73 seed=3630032764 time=2.744s reward=1.000000 train_r2=1.000000 test_r2=1.000000 complexity=3 evals=359476
          Nguyen-3 run=77 seed=3765576040 time=0.267s reward=1.000000 train_r2=1.000000 test_r2=1.000000 complexity=14 evals=43995
          Nguyen-9 run=77 seed=3765576040 time=0.078s reward=1.000000 train_r2=1.000000 test_r2=1.000000 complexity=7 evals=14782
          Nguyen-2 run=78 seed=1820974996 time=0.038s reward=1.000000 train_r2=1.000000 test_r2=1.000000 complexity=10 evals=7121
        Nguyen-12* run=57 seed=646788872 time=16.768s reward=0.999356 train_r2=1.000000 test_r2=1.000000 complexity=16 evals=2000002
          Nguyen-1 run=78 seed=1820974996 time=0.125s reward=1.000000 train_r2=1.000000 test_r2=1.000000 complexity=8 evals=21349
          Nguyen-7 run=77 seed=3765576040 time=0.309s reward=1.000000 train_r2=1.000000 test_r2=1.000000 complexity=11 evals=45849
          Nguyen-4 run=77 seed=3765576040 time=0.417s reward=1.000000 train_r2=1.000000 test_r2=1.000000 complexity=17 evals=66513
          Nguyen-6 run=78 seed=1820974996 time=0.065s reward=1.000000 train_r2=1.000000 test_r2=1.000000 complexity=9 evals=11822
          Nguyen-9 run=78 seed=1820974996 time=0.063s reward=1.000000 train_r2=1.000000 test_r2=1.000000 complexity=7 evals=11681
          Nguyen-3 run=78 seed=1820974996 time=0.390s reward=1.000000 train_r2=1.000000 test_r2=1.000000 complexity=14 evals=57360
         Nguyen-11 run=78 seed=1820974996 time=0.034s reward=1.000000 train_r2=1.000000 test_r2=1.000000 complexity=5 evals=6439
          Nguyen-4 run=78 seed=1820974996 time=0.516s reward=1.000000 train_r2=1.000000 test_r2=1.000000 complexity=13 evals=77500
         Nguyen-10 run=78 seed=1820974996 time=0.314s reward=1.000000 train_r2=1.000000 test_r2=1.000000 complexity=6 evals=50733
          Nguyen-1 run=79 seed=23958531 time=0.047s reward=1.000000 train_r2=1.000000 test_r2=1.000000 complexity=8 evals=8727
          Nguyen-3 run=79 seed=23958531 time=0.163s reward=1.000000 train_r2=1.000000 test_r2=1.000000 complexity=14 evals=27811
         Nguyen-10 run=77 seed=3765576040 time=0.889s reward=1.000000 train_r2=1.000000 test_r2=1.000000 complexity=6 evals=141711
          Nguyen-2 run=79 seed=23958531 time=0.262s reward=1.000000 train_r2=1.000000 test_r2=1.000000 complexity=10 evals=40983
          Nguyen-7 run=78 seed=1820974996 time=0.806s reward=1.000000 train_r2=1.000000 test_r2=1.000000 complexity=11 evals=107906
          Nguyen-6 run=79 seed=23958531 time=0.137s reward=1.000000 train_r2=1.000000 test_r2=1.000000 complexity=9 evals=22694
          Nguyen-5 run=79 seed=23958531 time=0.207s reward=1.000000 train_r2=1.000000 test_r2=1.000000 complexity=9 evals=34581
          Nguyen-9 run=79 seed=23958531 time=0.026s reward=1.000000 train_r2=1.000000 test_r2=1.000000 complexity=7 evals=5062
          Nguyen-4 run=55 seed=1830868652 time=20.422s reward=0.996797 train_r2=0.999990 test_r2=0.999675 complexity=25 evals=2000005
         Nguyen-11 run=79 seed=23958531 time=0.051s reward=1.000000 train_r2=1.000000 test_r2=1.000000 complexity=5 evals=9591
          Nguyen-8 run=79 seed=23958531 time=0.192s reward=1.000000 train_r2=1.000000 test_r2=1.000000 complexity=3 evals=32578
        Nguyen-12* run=72 seed=2452680695 time=4.419s reward=1.000000 train_r2=1.000000 test_r2=1.000000 complexity=17 evals=565617
          Nguyen-1 run=80 seed=3823501306 time=0.011s reward=1.000000 train_r2=1.000000 test_r2=1.000000 complexity=9 evals=2204
          Nguyen-5 run=73 seed=3630032764 time=4.093s reward=1.000000 train_r2=1.000000 test_r2=1.000000 complexity=9 evals=435179
         Nguyen-10 run=79 seed=23958531 time=0.220s reward=1.000000 train_r2=1.000000 test_r2=1.000000 complexity=6 evals=39921
          Nguyen-2 run=80 seed=3823501306 time=0.141s reward=1.000000 train_r2=1.000000 test_r2=1.000000 complexity=10 evals=23708
          Nguyen-5 run=80 seed=3823501306 time=0.082s reward=1.000000 train_r2=1.000000 test_r2=1.000000 complexity=9 evals=14405
          Nguyen-6 run=80 seed=3823501306 time=0.004s reward=1.000000 train_r2=1.000000 test_r2=1.000000 complexity=9 evals=838
          Nguyen-4 run=80 seed=3823501306 time=0.158s reward=1.000000 train_r2=1.000000 test_r2=1.000000 complexity=14 evals=26113
          Nguyen-9 run=80 seed=3823501306 time=0.032s reward=1.000000 train_r2=1.000000 test_r2=1.000000 complexity=7 evals=6280
         Nguyen-10 run=80 seed=3823501306 time=0.004s reward=1.000000 train_r2=1.000000 test_r2=1.000000 complexity=6 evals=675
         Nguyen-11 run=80 seed=3823501306 time=0.014s reward=1.000000 train_r2=1.000000 test_r2=1.000000 complexity=5 evals=2804
          Nguyen-7 run=80 seed=3823501306 time=0.240s reward=1.000000 train_r2=1.000000 test_r2=1.000000 complexity=10 evals=39902
          Nguyen-7 run=76 seed=1596437698 time=2.529s reward=1.000000 train_r2=1.000000 test_r2=1.000000 complexity=10 evals=312592
          Nguyen-1 run=81 seed=2654901646 time=0.044s reward=1.000000 train_r2=1.000000 test_r2=1.000000 complexity=11 evals=8053
         Nguyen-10 run=69 seed=864589219 time=6.338s reward=1.000000 train_r2=1.000000 test_r2=1.000000 complexity=6 evals=734388
          Nguyen-7 run=79 seed=23958531 time=0.806s reward=1.000000 train_r2=1.000000 test_r2=1.000000 complexity=10 evals=104255
          Nguyen-2 run=81 seed=2654901646 time=0.339s reward=1.000000 train_r2=1.000000 test_r2=1.000000 complexity=12 evals=51841
        Nguyen-12* run=58 seed=3169893663 time=17.999s reward=0.999618 train_r2=1.000000 test_r2=1.000000 complexity=20 evals=2000000
          Nguyen-6 run=81 seed=2654901646 time=0.016s reward=1.000000 train_r2=1.000000 test_r2=1.000000 complexity=9 evals=3087
          Nguyen-8 run=81 seed=2654901646 time=0.051s reward=1.000000 train_r2=1.000000 test_r2=1.000000 complexity=3 evals=9335
          Nguyen-3 run=80 seed=3823501306 time=0.917s reward=1.000000 train_r2=1.000000 test_r2=1.000000 complexity=14 evals=122538
          Nguyen-9 run=81 seed=2654901646 time=0.050s reward=1.000000 train_r2=1.000000 test_r2=1.000000 complexity=7 evals=9779
         Nguyen-11 run=81 seed=2654901646 time=0.013s reward=1.000000 train_r2=1.000000 test_r2=1.000000 complexity=5 evals=2577
          Nguyen-4 run=79 seed=23958531 time=1.540s reward=1.000000 train_r2=1.000000 test_r2=1.000000 complexity=17 evals=208534
          Nguyen-1 run=82 seed=3259510512 time=0.019s reward=1.000000 train_r2=1.000000 test_r2=1.000000 complexity=8 evals=3673
        Nguyen-12* run=60 seed=1881455519 time=16.054s reward=0.999304 train_r2=1.000000 test_r2=0.999999 complexity=28 evals=2000002
          Nguyen-7 run=81 seed=2654901646 time=0.382s reward=1.000000 train_r2=1.000000 test_r2=1.000000 complexity=10 evals=53845
          Nguyen-5 run=81 seed=2654901646 time=0.757s reward=1.000000 train_r2=1.000000 test_r2=1.000000 complexity=9 evals=99594
          Nguyen-5 run=78 seed=1820974996 time=2.558s reward=1.000000 train_r2=1.000000 test_r2=1.000000 complexity=9 evals=323631
         Nguyen-10 run=81 seed=2654901646 time=0.455s reward=1.000000 train_r2=1.000000 test_r2=1.000000 complexity=6 evals=70453
          Nguyen-2 run=82 seed=3259510512 time=0.276s reward=1.000000 train_r2=1.000000 test_r2=1.000000 complexity=10 evals=44393
          Nguyen-6 run=82 seed=3259510512 time=0.078s reward=1.000000 train_r2=1.000000 test_r2=1.000000 complexity=9 evals=14636
          Nguyen-4 run=81 seed=2654901646 time=0.970s reward=1.000000 train_r2=1.000000 test_r2=1.000000 complexity=13 evals=127899
          Nguyen-3 run=81 seed=2654901646 time=0.973s reward=1.000000 train_r2=1.000000 test_r2=1.000000 complexity=14 evals=145216
         Nguyen-11 run=82 seed=3259510512 time=0.006s reward=1.000000 train_r2=1.000000 test_r2=1.000000 complexity=5 evals=1315
          Nguyen-8 run=82 seed=3259510512 time=0.041s reward=1.000000 train_r2=1.000000 test_r2=1.000000 complexity=3 evals=7362
          Nguyen-9 run=82 seed=3259510512 time=0.074s reward=1.000000 train_r2=1.000000 test_r2=1.000000 complexity=7 evals=14207
          Nguyen-1 run=83 seed=950346302 time=0.053s reward=1.000000 train_r2=1.000000 test_r2=1.000000 complexity=8 evals=9854
         Nguyen-10 run=82 seed=3259510512 time=0.102s reward=1.000000 train_r2=1.000000 test_r2=1.000000 complexity=6 evals=18226
          Nguyen-3 run=83 seed=950346302 time=0.175s reward=1.000000 train_r2=1.000000 test_r2=1.000000 complexity=14 evals=29495
          Nguyen-4 run=71 seed=1980462661 time=7.419s reward=1.000000 train_r2=1.000000 test_r2=1.000000 complexity=17 evals=784580
          Nguyen-7 run=82 seed=3259510512 time=0.370s reward=1.000000 train_r2=1.000000 test_r2=1.000000 complexity=10 evals=53336
          Nguyen-2 run=83 seed=950346302 time=0.248s reward=1.000000 train_r2=1.000000 test_r2=1.000000 complexity=10 evals=41747
          Nguyen-3 run=82 seed=3259510512 time=0.676s reward=1.000000 train_r2=1.000000 test_r2=1.000000 complexity=14 evals=103137
          Nguyen-9 run=83 seed=950346302 time=0.106s reward=1.000000 train_r2=1.000000 test_r2=1.000000 complexity=7 evals=20218
          Nguyen-6 run=83 seed=950346302 time=0.182s reward=1.000000 train_r2=1.000000 test_r2=1.000000 complexity=9 evals=29273
          Nguyen-7 run=83 seed=950346302 time=0.173s reward=1.000000 train_r2=1.000000 test_r2=1.000000 complexity=10 evals=26715
        Nguyen-12* run=64 seed=2172690349 time=11.033s reward=1.000000 train_r2=1.000000 test_r2=1.000000 complexity=17 evals=1337215
          Nguyen-4 run=82 seed=3259510512 time=0.801s reward=1.000000 train_r2=1.000000 test_r2=1.000000 complexity=13 evals=108853
         Nguyen-11 run=83 seed=950346302 time=0.052s reward=1.000000 train_r2=1.000000 test_r2=1.000000 complexity=5 evals=9839
          Nguyen-1 run=84 seed=1436364170 time=0.039s reward=1.000000 train_r2=1.000000 test_r2=1.000000 complexity=9 evals=6978
          Nguyen-4 run=84 seed=1436364170 time=0.106s reward=1.000000 train_r2=1.000000 test_r2=1.000000 complexity=16 evals=18451
          Nguyen-5 run=83 seed=950346302 time=0.430s reward=1.000000 train_r2=1.000000 test_r2=1.000000 complexity=9 evals=65874
          Nguyen-5 run=84 seed=1436364170 time=0.055s reward=1.000000 train_r2=1.000000 test_r2=1.000000 complexity=9 evals=9438
          Nguyen-6 run=84 seed=1436364170 time=0.077s reward=1.000000 train_r2=1.000000 test_r2=1.000000 complexity=9 evals=14192
          Nguyen-2 run=84 seed=1436364170 time=0.281s reward=1.000000 train_r2=1.000000 test_r2=1.000000 complexity=12 evals=41523
          Nguyen-3 run=84 seed=1436364170 time=0.294s reward=1.000000 train_r2=1.000000 test_r2=1.000000 complexity=14 evals=44556
         Nguyen-10 run=84 seed=1436364170 time=0.079s reward=1.000000 train_r2=1.000000 test_r2=1.000000 complexity=6 evals=14225
         Nguyen-11 run=84 seed=1436364170 time=0.029s reward=1.000000 train_r2=1.000000 test_r2=1.000000 complexity=5 evals=5626
          Nguyen-7 run=84 seed=1436364170 time=0.254s reward=1.000000 train_r2=1.000000 test_r2=1.000000 complexity=11 evals=41638
          Nguyen-9 run=84 seed=1436364170 time=0.183s reward=1.000000 train_r2=1.000000 test_r2=1.000000 complexity=7 evals=30665
          Nguyen-1 run=85 seed=1570424568 time=0.044s reward=1.000000 train_r2=1.000000 test_r2=1.000000 complexity=8 evals=7984
          Nguyen-5 run=82 seed=3259510512 time=1.261s reward=1.000000 train_r2=1.000000 test_r2=1.000000 complexity=9 evals=150597
          Nguyen-4 run=83 seed=950346302 time=1.059s reward=1.000000 train_r2=1.000000 test_r2=1.000000 complexity=13 evals=138433
         Nguyen-10 run=83 seed=950346302 time=0.738s reward=1.000000 train_r2=1.000000 test_r2=1.000000 complexity=6 evals=117980
          Nguyen-6 run=85 seed=1570424568 time=0.037s reward=1.000000 train_r2=1.000000 test_r2=1.000000 complexity=9 evals=6980
        Nguyen-12* run=59 seed=314500441 time=18.952s reward=0.999072 train_r2=0.999999 test_r2=0.999927 complexity=43 evals=2000007
          Nguyen-4 run=72 seed=2452680695 time=8.100s reward=1.000000 train_r2=1.000000 test_r2=1.000000 complexity=17 evals=860756
          Nguyen-5 run=85 seed=1570424568 time=0.229s reward=1.000000 train_r2=1.000000 test_r2=1.000000 complexity=9 evals=35171
          Nguyen-3 run=85 seed=1570424568 time=0.330s reward=1.000000 train_r2=1.000000 test_r2=1.000000 complexity=16 evals=52745
          Nguyen-9 run=85 seed=1570424568 time=0.054s reward=1.000000 train_r2=1.000000 test_r2=1.000000 complexity=7 evals=10392
          Nguyen-2 run=85 seed=1570424568 time=0.403s reward=1.000000 train_r2=1.000000 test_r2=1.000000 complexity=10 evals=58196
         Nguyen-11 run=85 seed=1570424568 time=0.024s reward=1.000000 train_r2=1.000000 test_r2=1.000000 complexity=5 evals=4695
          Nguyen-8 run=85 seed=1570424568 time=0.173s reward=1.000000 train_r2=1.000000 test_r2=1.000000 complexity=3 evals=27567
          Nguyen-1 run=86 seed=4035782163 time=0.042s reward=1.000000 train_r2=1.000000 test_r2=1.000000 complexity=8 evals=7313
          Nguyen-7 run=85 seed=1570424568 time=0.237s reward=1.000000 train_r2=1.000000 test_r2=1.000000 complexity=10 evals=38731
          Nguyen-4 run=85 seed=1570424568 time=0.491s reward=1.000000 train_r2=1.000000 test_r2=1.000000 complexity=13 evals=70729
          Nguyen-2 run=86 seed=4035782163 time=0.127s reward=1.000000 train_r2=1.000000 test_r2=1.000000 complexity=12 evals=22289
          Nguyen-3 run=86 seed=4035782163 time=0.214s reward=1.000000 train_r2=1.000000 test_r2=1.000000 complexity=14 evals=32798
          Nguyen-6 run=86 seed=4035782163 time=0.371s reward=1.000000 train_r2=1.000000 test_r2=1.000000 complexity=9 evals=55805
          Nguyen-5 run=86 seed=4035782163 time=0.467s reward=1.000000 train_r2=1.000000 test_r2=1.000000 complexity=9 evals=69877
        Nguyen-12* run=78 seed=1820974996 time=4.249s reward=1.000000 train_r2=1.000000 test_r2=1.000000 complexity=17 evals=542246
          Nguyen-9 run=86 seed=4035782163 time=0.059s reward=1.000000 train_r2=1.000000 test_r2=1.000000 complexity=7 evals=11370
         Nguyen-11 run=86 seed=4035782163 time=0.033s reward=1.000000 train_r2=1.000000 test_r2=1.000000 complexity=5 evals=6535
         Nguyen-10 run=86 seed=4035782163 time=0.130s reward=1.000000 train_r2=1.000000 test_r2=1.000000 complexity=6 evals=24109
          Nguyen-1 run=87 seed=2538244260 time=0.043s reward=1.000000 train_r2=1.000000 test_r2=1.000000 complexity=8 evals=7723
          Nguyen-8 run=86 seed=4035782163 time=0.507s reward=1.000000 train_r2=1.000000 test_r2=1.000000 complexity=3 evals=78244
          Nguyen-2 run=87 seed=2538244260 time=0.179s reward=1.000000 train_r2=1.000000 test_r2=1.000000 complexity=10 evals=31371
          Nguyen-8 run=83 seed=950346302 time=2.059s reward=1.000000 train_r2=1.000000 test_r2=1.000000 complexity=3 evals=296715
         Nguyen-10 run=85 seed=1570424568 time=0.949s reward=1.000000 train_r2=1.000000 test_r2=1.000000 complexity=6 evals=129020
          Nguyen-7 run=86 seed=4035782163 time=0.824s reward=1.000000 train_r2=1.000000 test_r2=1.000000 complexity=10 evals=121202
          Nguyen-6 run=87 seed=2538244260 time=0.095s reward=1.000000 train_r2=1.000000 test_r2=1.000000 complexity=9 evals=17016
          Nguyen-5 run=87 seed=2538244260 time=0.120s reward=1.000000 train_r2=1.000000 test_r2=1.000000 complexity=9 evals=21412
          Nguyen-8 run=87 seed=2538244260 time=0.141s reward=1.000000 train_r2=1.000000 test_r2=1.000000 complexity=3 evals=24194
         Nguyen-11 run=87 seed=2538244260 time=0.009s reward=1.000000 train_r2=1.000000 test_r2=1.000000 complexity=5 evals=1917
          Nguyen-9 run=87 seed=2538244260 time=0.143s reward=1.000000 train_r2=1.000000 test_r2=1.000000 complexity=7 evals=27490
          Nguyen-1 run=88 seed=741423123 time=0.038s reward=1.000000 train_r2=1.000000 test_r2=1.000000 complexity=9 evals=7151
        Nguyen-12* run=61 seed=2621623777 time=17.423s reward=0.999435 train_r2=1.000000 test_r2=0.999996 complexity=26 evals=2000004
         Nguyen-10 run=87 seed=2538244260 time=0.404s reward=1.000000 train_r2=1.000000 test_r2=1.000000 complexity=6 evals=69168
          Nguyen-2 run=88 seed=741423123 time=0.270s reward=1.000000 train_r2=1.000000 test_r2=1.000000 complexity=10 evals=45534
          Nguyen-7 run=87 seed=2538244260 time=0.588s reward=1.000000 train_r2=1.000000 test_r2=1.000000 complexity=11 evals=82304
          Nguyen-5 run=88 seed=741423123 time=0.019s reward=1.000000 train_r2=1.000000 test_r2=1.000000 complexity=9 evals=3814
          Nguyen-3 run=87 seed=2538244260 time=0.832s reward=1.000000 train_r2=1.000000 test_r2=1.000000 complexity=14 evals=106886
          Nguyen-8 run=88 seed=741423123 time=0.021s reward=1.000000 train_r2=1.000000 test_r2=1.000000 complexity=3 evals=3667
          Nguyen-8 run=78 seed=1820974996 time=5.697s reward=1.000000 train_r2=1.000000 test_r2=1.000000 complexity=3 evals=698527
          Nguyen-9 run=88 seed=741423123 time=0.100s reward=1.000000 train_r2=1.000000 test_r2=1.000000 complexity=7 evals=17999
        Nguyen-12* run=62 seed=4135381994 time=16.727s reward=0.999360 train_r2=1.000000 test_r2=0.999999 complexity=14 evals=2000002
         Nguyen-11 run=88 seed=741423123 time=0.039s reward=1.000000 train_r2=1.000000 test_r2=1.000000 complexity=5 evals=7802
          Nguyen-1 run=89 seed=4203616987 time=0.043s reward=1.000000 train_r2=1.000000 test_r2=1.000000 complexity=9 evals=7735
          Nguyen-6 run=88 seed=741423123 time=0.261s reward=1.000000 train_r2=1.000000 test_r2=1.000000 complexity=9 evals=41004
          Nguyen-2 run=89 seed=4203616987 time=0.104s reward=1.000000 train_r2=1.000000 test_r2=1.000000 complexity=10 evals=17721
          Nguyen-3 run=88 seed=741423123 time=0.550s reward=1.000000 train_r2=1.000000 test_r2=1.000000 complexity=14 evals=80127
          Nguyen-7 run=88 seed=741423123 time=0.372s reward=1.000000 train_r2=1.000000 test_r2=1.000000 complexity=10 evals=60394
          Nguyen-6 run=89 seed=4203616987 time=0.048s reward=1.000000 train_r2=1.000000 test_r2=1.000000 complexity=9 evals=9050
          Nguyen-7 run=89 seed=4203616987 time=0.109s reward=1.000000 train_r2=1.000000 test_r2=1.000000 complexity=11 evals=19688
          Nguyen-5 run=89 seed=4203616987 time=0.230s reward=1.000000 train_r2=1.000000 test_r2=1.000000 complexity=9 evals=33649
        Nguyen-12* run=69 seed=864589219 time=11.163s reward=1.000000 train_r2=1.000000 test_r2=1.000000 complexity=24 evals=1254848
          Nguyen-8 run=89 seed=4203616987 time=0.385s reward=1.000000 train_r2=1.000000 test_r2=1.000000 complexity=3 evals=67061
         Nguyen-10 run=89 seed=4203616987 time=0.229s reward=1.000000 train_r2=1.000000 test_r2=1.000000 complexity=6 evals=35540
         Nguyen-11 run=89 seed=4203616987 time=0.023s reward=1.000000 train_r2=1.000000 test_r2=1.000000 complexity=5 evals=4660
          Nguyen-1 run=90 seed=1451685539 time=0.015s reward=1.000000 train_r2=1.000000 test_r2=1.000000 complexity=9 evals=3089
          Nguyen-2 run=90 seed=1451685539 time=0.033s reward=1.000000 train_r2=1.000000 test_r2=1.000000 complexity=10 evals=6209
          Nguyen-3 run=89 seed=4203616987 time=0.832s reward=1.000000 train_r2=1.000000 test_r2=1.000000 complexity=16 evals=114011
          Nguyen-9 run=89 seed=4203616987 time=0.480s reward=1.000000 train_r2=1.000000 test_r2=1.000000 complexity=7 evals=74227
        Nguyen-12* run=79 seed=23958531 time=5.924s reward=1.000000 train_r2=1.000000 test_r2=1.000000 complexity=16 evals=717797
          Nguyen-3 run=90 seed=1451685539 time=0.239s reward=1.000000 train_r2=1.000000 test_r2=1.000000 complexity=14 evals=40474
          Nguyen-5 run=90 seed=1451685539 time=0.188s reward=1.000000 train_r2=1.000000 test_r2=1.000000 complexity=9 evals=29488
          Nguyen-6 run=90 seed=1451685539 time=0.105s reward=1.000000 train_r2=1.000000 test_r2=1.000000 complexity=9 evals=18207
          Nguyen-8 run=90 seed=1451685539 time=0.118s reward=1.000000 train_r2=1.000000 test_r2=1.000000 complexity=3 evals=19844
          Nguyen-9 run=90 seed=1451685539 time=0.128s reward=1.000000 train_r2=1.000000 test_r2=1.000000 complexity=7 evals=21993
         Nguyen-10 run=88 seed=741423123 time=1.562s reward=1.000000 train_r2=1.000000 test_r2=1.000000 complexity=6 evals=226001
         Nguyen-11 run=90 seed=1451685539 time=0.037s reward=1.000000 train_r2=1.000000 test_r2=1.000000 complexity=5 evals=7167
          Nguyen-1 run=91 seed=3089837783 time=0.028s reward=1.000000 train_r2=1.000000 test_r2=1.000000 complexity=9 evals=5140
         Nguyen-10 run=90 seed=1451685539 time=0.235s reward=1.000000 train_r2=1.000000 test_r2=1.000000 complexity=6 evals=38989
          Nguyen-2 run=91 seed=3089837783 time=0.110s reward=1.000000 train_r2=1.000000 test_r2=1.000000 complexity=10 evals=18282
          Nguyen-3 run=91 seed=3089837783 time=0.242s reward=1.000000 train_r2=1.000000 test_r2=1.000000 complexity=14 evals=38032
          Nguyen-8 run=80 seed=3823501306 time=6.488s reward=1.000000 train_r2=1.000000 test_r2=1.000000 complexity=3 evals=710328
          Nguyen-7 run=90 seed=1451685539 time=0.944s reward=1.000000 train_r2=1.000000 test_r2=1.000000 complexity=10 evals=139565
          Nguyen-6 run=91 seed=3089837783 time=0.237s reward=1.000000 train_r2=1.000000 test_r2=1.000000 complexity=9 evals=38438
          Nguyen-8 run=91 seed=3089837783 time=0.059s reward=1.000000 train_r2=1.000000 test_r2=1.000000 complexity=3 evals=10665
          Nguyen-9 run=91 seed=3089837783 time=0.032s reward=1.000000 train_r2=1.000000 test_r2=1.000000 complexity=7 evals=6251
         Nguyen-10 run=91 seed=3089837783 time=0.236s reward=1.000000 train_r2=1.000000 test_r2=1.000000 complexity=6 evals=40705
          Nguyen-4 run=91 seed=3089837783 time=0.918s reward=1.000000 train_r2=1.000000 test_r2=1.000000 complexity=14 evals=116657
         Nguyen-11 run=91 seed=3089837783 time=0.027s reward=1.000000 train_r2=1.000000 test_r2=1.000000 complexity=5 evals=5485
          Nguyen-1 run=92 seed=2706151228 time=0.023s reward=1.000000 train_r2=1.000000 test_r2=1.000000 complexity=8 evals=4382
          Nguyen-4 run=90 seed=1451685539 time=1.685s reward=1.000000 train_r2=1.000000 test_r2=1.000000 complexity=16 evals=203886
          Nguyen-2 run=92 seed=2706151228 time=0.221s reward=1.000000 train_r2=1.000000 test_r2=1.000000 complexity=11 evals=35299
          Nguyen-8 run=84 seed=1436364170 time=5.356s reward=1.000000 train_r2=1.000000 test_r2=1.000000 complexity=3 evals=676770
          Nguyen-3 run=92 seed=2706151228 time=0.512s reward=1.000000 train_r2=1.000000 test_r2=1.000000 complexity=14 evals=74062
          Nguyen-7 run=91 seed=3089837783 time=1.133s reward=1.000000 train_r2=1.000000 test_r2=1.000000 complexity=10 evals=169302
          Nguyen-6 run=92 seed=2706151228 time=0.208s reward=1.000000 train_r2=1.000000 test_r2=1.000000 complexity=9 evals=32351
          Nguyen-7 run=92 seed=2706151228 time=0.226s reward=1.000000 train_r2=1.000000 test_r2=1.000000 complexity=10 evals=38397
          Nguyen-4 run=88 seed=741423123 time=3.777s reward=1.000000 train_r2=1.000000 test_r2=1.000000 complexity=16 evals=488380
          Nguyen-8 run=92 seed=2706151228 time=0.146s reward=1.000000 train_r2=1.000000 test_r2=1.000000 complexity=3 evals=23689
         Nguyen-11 run=92 seed=2706151228 time=0.028s reward=1.000000 train_r2=1.000000 test_r2=1.000000 complexity=5 evals=5516
          Nguyen-9 run=92 seed=2706151228 time=0.066s reward=1.000000 train_r2=1.000000 test_r2=1.000000 complexity=7 evals=12918
          Nguyen-4 run=87 seed=2538244260 time=4.569s reward=1.000000 train_r2=1.000000 test_r2=1.000000 complexity=17 evals=512998
          Nguyen-1 run=93 seed=2970813244 time=0.019s reward=1.000000 train_r2=1.000000 test_r2=1.000000 complexity=9 evals=3517
          Nguyen-4 run=92 seed=2706151228 time=0.844s reward=1.000000 train_r2=1.000000 test_r2=1.000000 complexity=16 evals=114009
          Nguyen-4 run=86 seed=4035782163 time=5.452s reward=1.000000 train_r2=1.000000 test_r2=1.000000 complexity=17 evals=594520
          Nguyen-5 run=93 seed=2970813244 time=0.078s reward=1.000000 train_r2=1.000000 test_r2=1.000000 complexity=9 evals=12819
          Nguyen-2 run=93 seed=2970813244 time=0.349s reward=1.000000 train_r2=1.000000 test_r2=1.000000 complexity=12 evals=50757
          Nguyen-4 run=93 seed=2970813244 time=0.295s reward=1.000000 train_r2=1.000000 test_r2=1.000000 complexity=14 evals=45538
          Nguyen-7 run=93 seed=2970813244 time=0.168s reward=1.000000 train_r2=1.000000 test_r2=1.000000 complexity=11 evals=25937
          Nguyen-6 run=93 seed=2970813244 time=0.312s reward=1.000000 train_r2=1.000000 test_r2=1.000000 complexity=9 evals=47216
         Nguyen-10 run=92 seed=2706151228 time=0.699s reward=1.000000 train_r2=1.000000 test_r2=1.000000 complexity=6 evals=108582
          Nguyen-9 run=93 seed=2970813244 time=0.108s reward=1.000000 train_r2=1.000000 test_r2=1.000000 complexity=7 evals=19659
         Nguyen-11 run=93 seed=2970813244 time=0.087s reward=1.000000 train_r2=1.000000 test_r2=1.000000 complexity=5 evals=16949
         Nguyen-10 run=93 seed=2970813244 time=0.184s reward=1.000000 train_r2=1.000000 test_r2=1.000000 complexity=6 evals=31351
          Nguyen-1 run=94 seed=172779871 time=0.115s reward=1.000000 train_r2=1.000000 test_r2=1.000000 complexity=9 evals=20901
          Nguyen-3 run=93 seed=2970813244 time=0.831s reward=1.000000 train_r2=1.000000 test_r2=1.000000 complexity=14 evals=127570
          Nguyen-2 run=94 seed=172779871 time=0.218s reward=1.000000 train_r2=1.000000 test_r2=1.000000 complexity=10 evals=34017
          Nguyen-4 run=94 seed=172779871 time=0.157s reward=1.000000 train_r2=1.000000 test_r2=1.000000 complexity=14 evals=28199
          Nguyen-6 run=94 seed=172779871 time=0.012s reward=1.000000 train_r2=1.000000 test_r2=1.000000 complexity=9 evals=2318
        Nguyen-12* run=65 seed=534831994 time=17.650s reward=0.999154 train_r2=0.999999 test_r2=0.999999 complexity=19 evals=2000003
          Nguyen-8 run=94 seed=172779871 time=0.039s reward=1.000000 train_r2=1.000000 test_r2=1.000000 complexity=3 evals=6877
          Nguyen-3 run=94 seed=172779871 time=0.386s reward=1.000000 train_r2=1.000000 test_r2=1.000000 complexity=14 evals=61993
          Nguyen-4 run=89 seed=4203616987 time=4.779s reward=1.000000 train_r2=1.000000 test_r2=1.000000 complexity=16 evals=537033
         Nguyen-11 run=94 seed=172779871 time=0.017s reward=1.000000 train_r2=1.000000 test_r2=1.000000 complexity=5 evals=3151
          Nguyen-9 run=94 seed=172779871 time=0.250s reward=1.000000 train_r2=1.000000 test_r2=1.000000 complexity=7 evals=40117
         Nguyen-10 run=94 seed=172779871 time=0.158s reward=1.000000 train_r2=1.000000 test_r2=1.000000 complexity=6 evals=28117
          Nguyen-7 run=94 seed=172779871 time=0.386s reward=1.000000 train_r2=1.000000 test_r2=1.000000 complexity=11 evals=62717
          Nguyen-1 run=95 seed=2754163514 time=0.096s reward=1.000000 train_r2=1.000000 test_r2=1.000000 complexity=9 evals=16300
        Nguyen-12* run=66 seed=2701542408 time=17.718s reward=0.999740 train_r2=1.000000 test_r2=1.000000 complexity=51 evals=2000007
        Nguyen-12* run=92 seed=2706151228 time=1.592s reward=1.000000 train_r2=1.000000 test_r2=1.000000 complexity=17 evals=217342
          Nguyen-5 run=94 seed=172779871 time=0.605s reward=1.000000 train_r2=1.000000 test_r2=1.000000 complexity=9 evals=81126
          Nguyen-2 run=95 seed=2754163514 time=0.218s reward=1.000000 train_r2=1.000000 test_r2=1.000000 complexity=10 evals=38199
          Nguyen-6 run=95 seed=2754163514 time=0.039s reward=1.000000 train_r2=1.000000 test_r2=1.000000 complexity=9 evals=7156
          Nguyen-9 run=95 seed=2754163514 time=0.028s reward=1.000000 train_r2=1.000000 test_r2=1.000000 complexity=7 evals=5594
          Nguyen-5 run=95 seed=2754163514 time=0.218s reward=1.000000 train_r2=1.000000 test_r2=1.000000 complexity=9 evals=35881
         Nguyen-11 run=95 seed=2754163514 time=0.006s reward=1.000000 train_r2=1.000000 test_r2=1.000000 complexity=5 evals=1052
         Nguyen-10 run=95 seed=2754163514 time=0.190s reward=1.000000 train_r2=1.000000 test_r2=1.000000 complexity=6 evals=32915
          Nguyen-7 run=95 seed=2754163514 time=0.296s reward=1.000000 train_r2=1.000000 test_r2=1.000000 complexity=10 evals=43595
          Nguyen-1 run=96 seed=3294841411 time=0.111s reward=1.000000 train_r2=1.000000 test_r2=1.000000 complexity=9 evals=18504
        Nguyen-12* run=67 seed=3905278380 time=17.790s reward=0.999582 train_r2=1.000000 test_r2=1.000000 complexity=17 evals=2000005
          Nguyen-2 run=96 seed=3294841411 time=0.169s reward=1.000000 train_r2=1.000000 test_r2=1.000000 complexity=12 evals=27431
          Nguyen-3 run=95 seed=2754163514 time=0.835s reward=1.000000 train_r2=1.000000 test_r2=1.000000 complexity=14 evals=124841
          Nguyen-5 run=91 seed=3089837783 time=4.232s reward=1.000000 train_r2=1.000000 test_r2=1.000000 complexity=9 evals=454638
          Nguyen-3 run=96 seed=3294841411 time=0.403s reward=1.000000 train_r2=1.000000 test_r2=1.000000 complexity=14 evals=58817
          Nguyen-8 run=96 seed=3294841411 time=0.025s reward=1.000000 train_r2=1.000000 test_r2=1.000000 complexity=3 evals=4457
          Nguyen-6 run=96 seed=3294841411 time=0.281s reward=1.000000 train_r2=1.000000 test_r2=1.000000 complexity=9 evals=48086
          Nguyen-9 run=96 seed=3294841411 time=0.128s reward=1.000000 train_r2=1.000000 test_r2=1.000000 complexity=7 evals=22827
         Nguyen-11 run=96 seed=3294841411 time=0.008s reward=1.000000 train_r2=1.000000 test_r2=1.000000 complexity=5 evals=1716
          Nguyen-5 run=92 seed=2706151228 time=3.509s reward=1.000000 train_r2=1.000000 test_r2=1.000000 complexity=9 evals=400332
          Nguyen-1 run=97 seed=3184510963 time=0.045s reward=1.000000 train_r2=1.000000 test_r2=1.000000 complexity=8 evals=8236
          Nguyen-7 run=96 seed=3294841411 time=0.485s reward=1.000000 train_r2=1.000000 test_r2=1.000000 complexity=11 evals=68923
          Nguyen-4 run=96 seed=3294841411 time=0.806s reward=1.000000 train_r2=1.000000 test_r2=1.000000 complexity=13 evals=109053
         Nguyen-10 run=96 seed=3294841411 time=0.309s reward=1.000000 train_r2=1.000000 test_r2=1.000000 complexity=6 evals=53313
        Nguyen-12* run=71 seed=1980462661 time=16.611s reward=0.998413 train_r2=0.999997 test_r2=0.999997 complexity=31 evals=2000007
          Nguyen-6 run=97 seed=3184510963 time=0.058s reward=1.000000 train_r2=1.000000 test_r2=1.000000 complexity=9 evals=10283
          Nguyen-2 run=97 seed=3184510963 time=0.241s reward=1.000000 train_r2=1.000000 test_r2=1.000000 complexity=11 evals=39943
          Nguyen-5 run=96 seed=3294841411 time=0.980s reward=1.000000 train_r2=1.000000 test_r2=1.000000 complexity=9 evals=125208
        Nguyen-12* run=68 seed=2580222673 time=17.771s reward=0.999047 train_r2=0.999999 test_r2=0.999999 complexity=24 evals=2000001
          Nguyen-7 run=97 seed=3184510963 time=0.080s reward=1.000000 train_r2=1.000000 test_r2=1.000000 complexity=11 evals=13933
         Nguyen-11 run=97 seed=3184510963 time=0.019s reward=1.000000 train_r2=1.000000 test_r2=1.000000 complexity=5 evals=3909
          Nguyen-9 run=97 seed=3184510963 time=0.207s reward=1.000000 train_r2=1.000000 test_r2=1.000000 complexity=7 evals=34471
          Nguyen-1 run=98 seed=1468460158 time=0.086s reward=1.000000 train_r2=1.000000 test_r2=1.000000 complexity=9 evals=14727
          Nguyen-3 run=97 seed=3184510963 time=0.520s reward=1.000000 train_r2=1.000000 test_r2=1.000000 complexity=16 evals=75451
          Nguyen-2 run=98 seed=1468460158 time=0.187s reward=1.000000 train_r2=1.000000 test_r2=1.000000 complexity=10 evals=28630
         Nguyen-10 run=97 seed=3184510963 time=0.535s reward=1.000000 train_r2=1.000000 test_r2=1.000000 complexity=6 evals=84309
          Nguyen-4 run=95 seed=2754163514 time=2.192s reward=1.000000 train_r2=1.000000 test_r2=1.000000 complexity=17 evals=266737
          Nguyen-4 run=97 seed=3184510963 time=0.835s reward=1.000000 train_r2=1.000000 test_r2=1.000000 complexity=16 evals=109279
          Nguyen-4 run=66 seed=2701542408 time=20.415s reward=0.996983 train_r2=0.999991 test_r2=0.999991 complexity=35 evals=2000000
          Nguyen-6 run=98 seed=1468460158 time=0.134s reward=1.000000 train_r2=1.000000 test_r2=1.000000 complexity=9 evals=22334
          Nguyen-8 run=98 seed=1468460158 time=0.099s reward=1.000000 train_r2=1.000000 test_r2=1.000000 complexity=3 evals=17762
          Nguyen-9 run=98 seed=1468460158 time=0.120s reward=1.000000 train_r2=1.000000 test_r2=1.000000 complexity=7 evals=20906
          Nguyen-8 run=93 seed=2970813244 time=3.606s reward=1.000000 train_r2=1.000000 test_r2=1.000000 complexity=3 evals=444039
         Nguyen-11 run=98 seed=1468460158 time=0.029s reward=1.000000 train_r2=1.000000 test_r2=1.000000 complexity=5 evals=5539
          Nguyen-1 run=99 seed=972782567 time=0.027s reward=1.000000 train_r2=1.000000 test_r2=1.000000 complexity=8 evals=4859
wrote 100 rows to /root/bench_results/mt19937-quantum/nguyen/nguyen_001_nguyen-1.csv
          Nguyen-2 run=99 seed=972782567 time=0.077s reward=1.000000 train_r2=1.000000 test_r2=1.000000 complexity=10 evals=13556
wrote 100 rows to /root/bench_results/mt19937-quantum/nguyen/nguyen_002_nguyen-2.csv
          Nguyen-7 run=98 seed=1468460158 time=0.396s reward=1.000000 train_r2=1.000000 test_r2=1.000000 complexity=10 evals=55747
          Nguyen-3 run=98 seed=1468460158 time=0.744s reward=1.000000 train_r2=1.000000 test_r2=1.000000 complexity=16 evals=101793
        Nguyen-12* run=88 seed=741423123 time=7.981s reward=1.000000 train_r2=1.000000 test_r2=1.000000 complexity=17 evals=1069604
          Nguyen-6 run=99 seed=972782567 time=0.025s reward=1.000000 train_r2=1.000000 test_r2=1.000000 complexity=9 evals=4818
wrote 100 rows to /root/bench_results/mt19937-quantum/nguyen/nguyen_006_nguyen-6.csv
         Nguyen-10 run=98 seed=1468460158 time=0.465s reward=1.000000 train_r2=1.000000 test_r2=1.000000 complexity=6 evals=74344
        Nguyen-12* run=94 seed=172779871 time=3.018s reward=1.000000 train_r2=1.000000 test_r2=1.000000 complexity=17 evals=364401
          Nguyen-8 run=99 seed=972782567 time=0.077s reward=1.000000 train_r2=1.000000 test_r2=1.000000 complexity=3 evals=13416
          Nguyen-9 run=99 seed=972782567 time=0.052s reward=1.000000 train_r2=1.000000 test_r2=1.000000 complexity=7 evals=9947
wrote 100 rows to /root/bench_results/mt19937-quantum/nguyen/nguyen_009_nguyen-9.csv
         Nguyen-11 run=99 seed=972782567 time=0.037s reward=1.000000 train_r2=1.000000 test_r2=1.000000 complexity=5 evals=7535
wrote 100 rows to /root/bench_results/mt19937-quantum/nguyen/nguyen_011_nguyen-11.csv
          Nguyen-7 run=99 seed=972782567 time=0.165s reward=1.000000 train_r2=1.000000 test_r2=1.000000 complexity=11 evals=28188
wrote 100 rows to /root/bench_results/mt19937-quantum/nguyen/nguyen_007_nguyen-7.csv
          Nguyen-5 run=99 seed=972782567 time=0.357s reward=1.000000 train_r2=1.000000 test_r2=1.000000 complexity=9 evals=53083
          Nguyen-3 run=99 seed=972782567 time=0.534s reward=1.000000 train_r2=1.000000 test_r2=1.000000 complexity=14 evals=80672
wrote 100 rows to /root/bench_results/mt19937-quantum/nguyen/nguyen_003_nguyen-3.csv
         Nguyen-10 run=99 seed=972782567 time=0.196s reward=1.000000 train_r2=1.000000 test_r2=1.000000 complexity=6 evals=33801
wrote 100 rows to /root/bench_results/mt19937-quantum/nguyen/nguyen_010_nguyen-10.csv
          Nguyen-5 run=97 seed=3184510963 time=2.072s reward=1.000000 train_r2=1.000000 test_r2=1.000000 complexity=9 evals=267013
          Nguyen-5 run=98 seed=1468460158 time=1.465s reward=1.000000 train_r2=1.000000 test_r2=1.000000 complexity=9 evals=179815
wrote 100 rows to /root/bench_results/mt19937-quantum/nguyen/nguyen_005_nguyen-5.csv
        Nguyen-12* run=74 seed=4174106357 time=16.874s reward=0.998612 train_r2=0.999998 test_r2=0.999996 complexity=25 evals=2000005
        Nguyen-12* run=73 seed=3630032764 time=18.000s reward=0.999045 train_r2=0.999999 test_r2=0.999998 complexity=20 evals=2000002
          Nguyen-8 run=95 seed=2754163514 time=4.857s reward=1.000000 train_r2=1.000000 test_r2=1.000000 complexity=3 evals=734956
        Nguyen-12* run=75 seed=867240961 time=17.452s reward=0.997672 train_r2=0.999995 test_r2=0.999996 complexity=18 evals=2000003
        Nguyen-12* run=95 seed=2754163514 time=5.476s reward=1.000000 train_r2=1.000000 test_r2=1.000000 complexity=17 evals=674590
        Nguyen-12* run=87 seed=2538244260 time=11.452s reward=1.000000 train_r2=1.000000 test_r2=1.000000 complexity=17 evals=1390142
        Nguyen-12* run=96 seed=3294841411 time=5.051s reward=1.000000 train_r2=1.000000 test_r2=1.000000 complexity=17 evals=781465
          Nguyen-4 run=99 seed=972782567 time=3.566s reward=1.000000 train_r2=1.000000 test_r2=1.000000 complexity=17 evals=415802
        Nguyen-12* run=76 seed=1596437698 time=18.078s reward=0.999240 train_r2=0.999999 test_r2=0.999999 complexity=33 evals=2000001
        Nguyen-12* run=82 seed=3259510512 time=15.139s reward=0.999576 train_r2=1.000000 test_r2=1.000000 complexity=17 evals=2000000
        Nguyen-12* run=77 seed=3765576040 time=18.078s reward=0.999009 train_r2=0.999999 test_r2=0.999999 complexity=16 evals=2000003
        Nguyen-12* run=80 seed=3823501306 time=16.692s reward=0.998943 train_r2=0.999999 test_r2=1.000000 complexity=19 evals=2000007
        Nguyen-12* run=81 seed=2654901646 time=16.836s reward=0.999740 train_r2=1.000000 test_r2=1.000000 complexity=20 evals=2000004
        Nguyen-12* run=84 seed=1436364170 time=16.175s reward=0.998895 train_r2=0.999999 test_r2=0.999999 complexity=14 evals=2000005
        Nguyen-12* run=85 seed=1570424568 time=15.703s reward=0.999679 train_r2=1.000000 test_r2=1.000000 complexity=21 evals=2000001
        Nguyen-12* run=83 seed=950346302 time=16.953s reward=0.999319 train_r2=1.000000 test_r2=0.999996 complexity=29 evals=2000008
        Nguyen-12* run=86 seed=4035782163 time=16.032s reward=0.999353 train_r2=1.000000 test_r2=0.999999 complexity=20 evals=2000000
        Nguyen-12* run=90 seed=1451685539 time=14.171s reward=0.999484 train_r2=1.000000 test_r2=1.000000 complexity=18 evals=2000005
        Nguyen-12* run=89 seed=4203616987 time=15.045s reward=0.999194 train_r2=0.999999 test_r2=0.999998 complexity=24 evals=2000000
        Nguyen-12* run=91 seed=3089837783 time=14.086s reward=0.999169 train_r2=0.999999 test_r2=1.000000 complexity=22 evals=2000004
        Nguyen-12* run=93 seed=2970813244 time=14.445s reward=0.999354 train_r2=1.000000 test_r2=0.999999 complexity=23 evals=2000001
        Nguyen-12* run=98 seed=1468460158 time=11.365s reward=0.999219 train_r2=0.999999 test_r2=1.000000 complexity=35 evals=2000001
        Nguyen-12* run=97 seed=3184510963 time=12.657s reward=0.999358 train_r2=1.000000 test_r2=1.000000 complexity=24 evals=2000002
          Nguyen-8 run=97 seed=3184510963 time=12.929s reward=0.974181 train_r2=0.999298 test_r2=0.997989 complexity=30 evals=2000005
wrote 100 rows to /root/bench_results/mt19937-quantum/nguyen/nguyen_008_nguyen-8.csv
        Nguyen-12* run=99 seed=972782567 time=12.214s reward=0.998851 train_r2=0.999999 test_r2=0.999999 complexity=16 evals=2000006
wrote 100 rows to /root/bench_results/mt19937-quantum/nguyen/nguyen_012_nguyen-12.csv
          Nguyen-4 run=98 seed=1468460158 time=14.028s reward=0.997249 train_r2=0.999992 test_r2=0.999924 complexity=21 evals=2000003
wrote 100 rows to /root/bench_results/mt19937-quantum/nguyen/nguyen_004_nguyen-4.csv
total wall time : 76.6s
