benchmark group : Nguyen
cases           : Nguyen-1, Nguyen-2, Nguyen-3, Nguyen-4, Nguyen-5, Nguyen-6, Nguyen-7, Nguyen-8, Nguyen-9, Nguyen-10, Nguyen-11, Nguyen-12*
runs per case   : 100
seed_source     : srbench
ops             : +,-,*,/,sin,cos,exp,log
c               : 6.0
gamma           : 0.5
gp_rate         : 0.5
mutation_rate   : 0.1
exploration_rate: 0.1
sample_multiplier: 2.0
test_ratio      : 0.5
workers         : 32
output          : /root/bench_results/mt19937-srbench/nguyen
          Nguyen-1 run=1  seed=15795 time=0.026s reward=1.000000 train_r2=1.000000 test_r2=1.000000 complexity=9 evals=4953
          Nguyen-1 run=2  seed=860   time=0.028s reward=1.000000 train_r2=1.000000 test_r2=1.000000 complexity=9 evals=5263
         Nguyen-11 run=1  seed=15795 time=0.016s reward=1.000000 train_r2=1.000000 test_r2=1.000000 complexity=5 evals=3398
         Nguyen-11 run=0  seed=23654 time=0.030s reward=1.000000 train_r2=1.000000 test_r2=1.000000 complexity=5 evals=5820
          Nguyen-1 run=0  seed=23654 time=0.074s reward=1.000000 train_r2=1.000000 test_r2=1.000000 complexity=8 evals=13702
         Nguyen-11 run=2  seed=860   time=0.008s reward=1.000000 train_r2=1.000000 test_r2=1.000000 complexity=5 evals=1480
          Nguyen-6 run=2  seed=860   time=0.071s reward=1.000000 train_r2=1.000000 test_r2=1.000000 complexity=9 evals=13350
          Nguyen-1 run=3  seed=5390  time=0.033s reward=1.000000 train_r2=1.000000 test_r2=1.000000 complexity=8 evals=5648
          Nguyen-9 run=0  seed=23654 time=0.104s reward=1.000000 train_r2=1.000000 test_r2=1.000000 complexity=7 evals=19429
          Nguyen-9 run=1  seed=15795 time=0.093s reward=1.000000 train_r2=1.000000 test_r2=1.000000 complexity=7 evals=17479
          Nguyen-9 run=2  seed=860   time=0.066s reward=1.000000 train_r2=1.000000 test_r2=1.000000 complexity=7 evals=12379
          Nguyen-8 run=2  seed=860   time=0.125s reward=1.000000 train_r2=1.000000 test_r2=1.000000 complexity=3 evals=22732
          Nguyen-2 run=0  seed=23654 time=0.110s reward=1.000000 train_r2=1.000000 test_r2=1.000000 complexity=12 evals=19192
          Nguyen-5 run=1  seed=15795 time=0.174s reward=1.000000 train_r2=1.000000 test_r2=1.000000 complexity=9 evals=28328
          Nguyen-6 run=0  seed=23654 time=0.149s reward=1.000000 train_r2=1.000000 test_r2=1.000000 complexity=9 evals=25081
         Nguyen-11 run=3  seed=5390  time=0.012s reward=1.000000 train_r2=1.000000 test_r2=1.000000 complexity=5 evals=2300
          Nguyen-2 run=1  seed=15795 time=0.241s reward=1.000000 train_r2=1.000000 test_r2=1.000000 complexity=10 evals=38858
          Nguyen-6 run=3  seed=5390  time=0.112s reward=1.000000 train_r2=1.000000 test_r2=1.000000 complexity=9 evals=18232
          Nguyen-8 run=3  seed=5390  time=0.143s reward=1.000000 train_r2=1.000000 test_r2=1.000000 complexity=3 evals=24828
          Nguyen-9 run=3  seed=5390  time=0.092s reward=1.000000 train_r2=1.000000 test_r2=1.000000 complexity=7 evals=16400
          Nguyen-2 run=2  seed=860   time=0.288s reward=1.000000 train_r2=1.000000 test_r2=1.000000 complexity=10 evals=42653
          Nguyen-5 run=3  seed=5390  time=0.183s reward=1.000000 train_r2=1.000000 test_r2=1.000000 complexity=9 evals=31438
          Nguyen-8 run=0  seed=23654 time=0.309s reward=1.000000 train_r2=1.000000 test_r2=1.000000 complexity=3 evals=47975
          Nguyen-5 run=2  seed=860   time=0.327s reward=1.000000 train_r2=1.000000 test_r2=1.000000 complexity=9 evals=50812
          Nguyen-7 run=0  seed=23654 time=0.310s reward=1.000000 train_r2=1.000000 test_r2=1.000000 complexity=10 evals=45810
          Nguyen-7 run=3  seed=5390  time=0.197s reward=1.000000 train_r2=1.000000 test_r2=1.000000 complexity=10 evals=32936
          Nguyen-1 run=4  seed=16850 time=0.067s reward=1.000000 train_r2=1.000000 test_r2=1.000000 complexity=9 evals=11814
         Nguyen-10 run=1  seed=15795 time=0.331s reward=1.000000 train_r2=1.000000 test_r2=1.000000 complexity=6 evals=53677
          Nguyen-8 run=4  seed=16850 time=0.033s reward=1.000000 train_r2=1.000000 test_r2=1.000000 complexity=3 evals=6256
         Nguyen-11 run=4  seed=16850 time=0.034s reward=1.000000 train_r2=1.000000 test_r2=1.000000 complexity=5 evals=6499
          Nguyen-5 run=0  seed=23654 time=0.370s reward=1.000000 train_r2=1.000000 test_r2=1.000000 complexity=9 evals=55929
          Nguyen-2 run=3  seed=5390  time=0.329s reward=1.000000 train_r2=1.000000 test_r2=1.000000 complexity=10 evals=47859
          Nguyen-1 run=5  seed=29910 time=0.046s reward=1.000000 train_r2=1.000000 test_r2=1.000000 complexity=8 evals=8555
          Nguyen-3 run=0  seed=23654 time=0.457s reward=1.000000 train_r2=1.000000 test_r2=1.000000 complexity=14 evals=74123
          Nguyen-6 run=4  seed=16850 time=0.084s reward=1.000000 train_r2=1.000000 test_r2=1.000000 complexity=9 evals=15523
         Nguyen-10 run=0  seed=23654 time=0.426s reward=1.000000 train_r2=1.000000 test_r2=1.000000 complexity=6 evals=66966
          Nguyen-7 run=2  seed=860   time=0.419s reward=1.000000 train_r2=1.000000 test_r2=1.000000 complexity=11 evals=62192
          Nguyen-6 run=1  seed=15795 time=0.461s reward=1.000000 train_r2=1.000000 test_r2=1.000000 complexity=9 evals=75581
          Nguyen-2 run=4  seed=16850 time=0.177s reward=1.000000 train_r2=1.000000 test_r2=1.000000 complexity=12 evals=29277
         Nguyen-10 run=3  seed=5390  time=0.273s reward=1.000000 train_r2=1.000000 test_r2=1.000000 complexity=6 evals=48574
          Nguyen-4 run=3  seed=5390  time=0.361s reward=1.000000 train_r2=1.000000 test_r2=1.000000 complexity=17 evals=57806
         Nguyen-11 run=5  seed=29910 time=0.029s reward=1.000000 train_r2=1.000000 test_r2=1.000000 complexity=5 evals=6007
          Nguyen-6 run=5  seed=29910 time=0.057s reward=1.000000 train_r2=1.000000 test_r2=1.000000 complexity=9 evals=10363
         Nguyen-10 run=2  seed=860   time=0.473s reward=1.000000 train_r2=1.000000 test_r2=1.000000 complexity=6 evals=71890
          Nguyen-1 run=6  seed=4426  time=0.058s reward=1.000000 train_r2=1.000000 test_r2=1.000000 complexity=9 evals=10680
         Nguyen-10 run=5  seed=29910 time=0.053s reward=1.000000 train_r2=1.000000 test_r2=1.000000 complexity=6 evals=10069
          Nguyen-7 run=5  seed=29910 time=0.111s reward=1.000000 train_r2=1.000000 test_r2=1.000000 complexity=10 evals=20232
          Nguyen-7 run=1  seed=15795 time=0.550s reward=1.000000 train_r2=1.000000 test_r2=1.000000 complexity=11 evals=80362
         Nguyen-10 run=4  seed=16850 time=0.229s reward=1.000000 train_r2=1.000000 test_r2=1.000000 complexity=6 evals=40463
          Nguyen-4 run=4  seed=16850 time=0.282s reward=1.000000 train_r2=1.000000 test_r2=1.000000 complexity=16 evals=43276
          Nguyen-8 run=5  seed=29910 time=0.161s reward=1.000000 train_r2=1.000000 test_r2=1.000000 complexity=3 evals=26168
          Nguyen-3 run=3  seed=5390  time=0.524s reward=1.000000 train_r2=1.000000 test_r2=1.000000 complexity=14 evals=81847
          Nguyen-4 run=5  seed=29910 time=0.203s reward=1.000000 train_r2=1.000000 test_r2=1.000000 complexity=13 evals=32186
         Nguyen-11 run=6  seed=4426  time=0.006s reward=1.000000 train_r2=1.000000 test_r2=1.000000 complexity=5 evals=1224
          Nguyen-9 run=5  seed=29910 time=0.174s reward=1.000000 train_r2=1.000000 test_r2=1.000000 complexity=7 evals=29771
          Nguyen-2 run=5  seed=29910 time=0.262s reward=1.000000 train_r2=1.000000 test_r2=1.000000 complexity=10 evals=41477
          Nguyen-1 run=7  seed=21962 time=0.029s reward=1.000000 train_r2=1.000000 test_r2=1.000000 complexity=9 evals=5519
          Nguyen-5 run=4  seed=16850 time=0.326s reward=1.000000 train_r2=1.000000 test_r2=1.000000 complexity=9 evals=49751
          Nguyen-9 run=4  seed=16850 time=0.329s reward=1.000000 train_r2=1.000000 test_r2=1.000000 complexity=7 evals=52072
          Nguyen-6 run=6  seed=4426  time=0.138s reward=1.000000 train_r2=1.000000 test_r2=1.000000 complexity=9 evals=25108
          Nguyen-2 run=7  seed=21962 time=0.062s reward=1.000000 train_r2=1.000000 test_r2=1.000000 complexity=10 evals=11060
          Nguyen-6 run=7  seed=21962 time=0.075s reward=1.000000 train_r2=1.000000 test_r2=1.000000 complexity=9 evals=12843
          Nguyen-3 run=6  seed=4426  time=0.256s reward=1.000000 train_r2=1.000000 test_r2=1.000000 complexity=14 evals=42062
         Nguyen-11 run=7  seed=21962 time=0.018s reward=1.000000 train_r2=1.000000 test_r2=1.000000 complexity=5 evals=3759
          Nguyen-7 run=7  seed=21962 time=0.116s reward=1.000000 train_r2=1.000000 test_r2=1.000000 complexity=10 evals=18791
          Nguyen-2 run=6  seed=4426  time=0.328s reward=1.000000 train_r2=1.000000 test_r2=1.000000 complexity=10 evals=50293
          Nguyen-1 run=8  seed=14423 time=0.047s reward=1.000000 train_r2=1.000000 test_r2=1.000000 complexity=8 evals=8285
          Nguyen-3 run=7  seed=21962 time=0.297s reward=1.000000 train_r2=1.000000 test_r2=1.000000 complexity=14 evals=46908
          Nguyen-7 run=6  seed=4426  time=0.413s reward=1.000000 train_r2=1.000000 test_r2=1.000000 complexity=10 evals=68027
          Nguyen-5 run=7  seed=21962 time=0.288s reward=1.000000 train_r2=1.000000 test_r2=1.000000 complexity=9 evals=44417
          Nguyen-4 run=0  seed=23654 time=1.018s reward=1.000000 train_r2=1.000000 test_r2=1.000000 complexity=13 evals=133772
          Nguyen-9 run=6  seed=4426  time=0.484s reward=1.000000 train_r2=1.000000 test_r2=1.000000 complexity=7 evals=76664
          Nguyen-3 run=5  seed=29910 time=0.669s reward=1.000000 train_r2=1.000000 test_r2=1.000000 complexity=14 evals=95248
          Nguyen-3 run=2  seed=860   time=1.077s reward=1.000000 train_r2=1.000000 test_r2=1.000000 complexity=14 evals=145484
          Nguyen-7 run=8  seed=14423 time=0.115s reward=1.000000 train_r2=1.000000 test_r2=1.000000 complexity=10 evals=19144
          Nguyen-3 run=1  seed=15795 time=1.146s reward=1.000000 train_r2=1.000000 test_r2=1.000000 complexity=16 evals=148980
          Nguyen-6 run=8  seed=14423 time=0.151s reward=1.000000 train_r2=1.000000 test_r2=1.000000 complexity=9 evals=24927
         Nguyen-11 run=8  seed=14423 time=0.009s reward=1.000000 train_r2=1.000000 test_r2=1.000000 complexity=5 evals=1843
         Nguyen-10 run=6  seed=4426  time=0.555s reward=1.000000 train_r2=1.000000 test_r2=1.000000 complexity=6 evals=79764
          Nguyen-9 run=7  seed=21962 time=0.457s reward=1.000000 train_r2=1.000000 test_r2=1.000000 complexity=7 evals=73154
          Nguyen-8 run=8  seed=14423 time=0.132s reward=1.000000 train_r2=1.000000 test_r2=1.000000 complexity=3 evals=24502
          Nguyen-9 run=8  seed=14423 time=0.126s reward=1.000000 train_r2=1.000000 test_r2=1.000000 complexity=7 evals=22532
          Nguyen-1 run=9  seed=28020 time=0.085s reward=1.000000 train_r2=1.000000 test_r2=1.000000 complexity=8 evals=15093
          Nguyen-4 run=1  seed=15795 time=1.270s reward=1.000000 train_r2=1.000000 test_r2=1.000000 complexity=13 evals=162226
          Nguyen-3 run=4  seed=16850 time=0.981s reward=1.000000 train_r2=1.000000 test_r2=1.000000 complexity=14 evals=144362
          Nguyen-2 run=8  seed=14423 time=0.448s reward=1.000000 train_r2=1.000000 test_r2=1.000000 complexity=10 evals=69206
          Nguyen-6 run=9  seed=28020 time=0.082s reward=1.000000 train_r2=1.000000 test_r2=1.000000 complexity=9 evals=14570
          Nguyen-5 run=8  seed=14423 time=0.376s reward=1.000000 train_r2=1.000000 test_r2=1.000000 complexity=9 evals=58720
          Nguyen-8 run=9  seed=28020 time=0.087s reward=1.000000 train_r2=1.000000 test_r2=1.000000 complexity=3 evals=14907
          Nguyen-2 run=9  seed=28020 time=0.200s reward=1.000000 train_r2=1.000000 test_r2=1.000000 complexity=10 evals=33554
         Nguyen-11 run=9  seed=28020 time=0.021s reward=1.000000 train_r2=1.000000 test_r2=1.000000 complexity=5 evals=4053
          Nguyen-1 run=10 seed=29802 time=0.026s reward=1.000000 train_r2=1.000000 test_r2=1.000000 complexity=8 evals=4740
          Nguyen-8 run=7  seed=21962 time=0.709s reward=1.000000 train_r2=1.000000 test_r2=1.000000 complexity=3 evals=116430
          Nguyen-5 run=9  seed=28020 time=0.185s reward=1.000000 train_r2=1.000000 test_r2=1.000000 complexity=9 evals=30659
          Nguyen-5 run=6  seed=4426  time=0.851s reward=1.000000 train_r2=1.000000 test_r2=1.000000 complexity=9 evals=118701
          Nguyen-4 run=6  seed=4426  time=0.908s reward=1.000000 train_r2=1.000000 test_r2=1.000000 complexity=13 evals=118657
         Nguyen-10 run=9  seed=28020 time=0.141s reward=1.000000 train_r2=1.000000 test_r2=1.000000 complexity=6 evals=25396
          Nguyen-3 run=9  seed=28020 time=0.305s reward=1.000000 train_r2=1.000000 test_r2=1.000000 complexity=14 evals=45284
          Nguyen-9 run=10 seed=29802 time=0.057s reward=1.000000 train_r2=1.000000 test_r2=1.000000 complexity=7 evals=10925
          Nguyen-2 run=10 seed=29802 time=0.151s reward=1.000000 train_r2=1.000000 test_r2=1.000000 complexity=10 evals=25626
          Nguyen-4 run=8  seed=14423 time=0.553s reward=1.000000 train_r2=1.000000 test_r2=1.000000 complexity=16 evals=80997
          Nguyen-8 run=10 seed=29802 time=0.104s reward=1.000000 train_r2=1.000000 test_r2=1.000000 complexity=3 evals=17809
          Nguyen-1 run=11 seed=21575 time=0.012s reward=1.000000 train_r2=1.000000 test_r2=1.000000 complexity=9 evals=2219
          Nguyen-5 run=10 seed=29802 time=0.140s reward=1.000000 train_r2=1.000000 test_r2=1.000000 complexity=9 evals=24328
         Nguyen-11 run=10 seed=29802 time=0.048s reward=1.000000 train_r2=1.000000 test_r2=1.000000 complexity=5 evals=9394
          Nguyen-2 run=11 seed=21575 time=0.069s reward=1.000000 train_r2=1.000000 test_r2=1.000000 complexity=10 evals=12170
          Nguyen-6 run=10 seed=29802 time=0.187s reward=1.000000 train_r2=1.000000 test_r2=1.000000 complexity=9 evals=32999
          Nguyen-3 run=8  seed=14423 time=0.793s reward=1.000000 train_r2=1.000000 test_r2=1.000000 complexity=14 evals=112184
          Nguyen-8 run=11 seed=21575 time=0.019s reward=1.000000 train_r2=1.000000 test_r2=1.000000 complexity=3 evals=3365
          Nguyen-9 run=9  seed=28020 time=0.442s reward=1.000000 train_r2=1.000000 test_r2=1.000000 complexity=7 evals=73772
          Nguyen-5 run=11 seed=21575 time=0.134s reward=1.000000 train_r2=1.000000 test_r2=1.000000 complexity=9 evals=23163
         Nguyen-11 run=11 seed=21575 time=0.006s reward=1.000000 train_r2=1.000000 test_r2=1.000000 complexity=5 evals=1288
         Nguyen-10 run=10 seed=29802 time=0.285s reward=1.000000 train_r2=1.000000 test_r2=1.000000 complexity=6 evals=46554
          Nguyen-7 run=9  seed=28020 time=0.516s reward=1.000000 train_r2=1.000000 test_r2=1.000000 complexity=11 evals=74971
          Nguyen-9 run=11 seed=21575 time=0.068s reward=1.000000 train_r2=1.000000 test_r2=1.000000 complexity=7 evals=12610
          Nguyen-3 run=10 seed=29802 time=0.410s reward=1.000000 train_r2=1.000000 test_r2=1.000000 complexity=14 evals=61919
         Nguyen-10 run=8  seed=14423 time=0.667s reward=1.000000 train_r2=1.000000 test_r2=1.000000 complexity=6 evals=94954
          Nguyen-4 run=7  seed=21962 time=1.145s reward=1.000000 train_r2=1.000000 test_r2=1.000000 complexity=13 evals=155091
          Nguyen-7 run=4  seed=16850 time=1.492s reward=1.000000 train_r2=1.000000 test_r2=1.000000 complexity=10 evals=193152
          Nguyen-1 run=12 seed=11964 time=0.068s reward=1.000000 train_r2=1.000000 test_r2=1.000000 complexity=9 evals=11571
         Nguyen-10 run=11 seed=21575 time=0.116s reward=1.000000 train_r2=1.000000 test_r2=1.000000 complexity=6 evals=21569
          Nguyen-7 run=10 seed=29802 time=0.495s reward=1.000000 train_r2=1.000000 test_r2=1.000000 complexity=10 evals=76512
          Nguyen-7 run=11 seed=21575 time=0.280s reward=1.000000 train_r2=1.000000 test_r2=1.000000 complexity=11 evals=44702
          Nguyen-8 run=12 seed=11964 time=0.069s reward=1.000000 train_r2=1.000000 test_r2=1.000000 complexity=3 evals=11662
          Nguyen-9 run=12 seed=11964 time=0.069s reward=1.000000 train_r2=1.000000 test_r2=1.000000 complexity=7 evals=13197
         Nguyen-11 run=12 seed=11964 time=0.004s reward=1.000000 train_r2=1.000000 test_r2=1.000000 complexity=5 evals=863
          Nguyen-5 run=5  seed=29910 time=1.579s reward=1.000000 train_r2=1.000000 test_r2=1.000000 complexity=9 evals=213574
          Nguyen-1 run=13 seed=11284 time=0.097s reward=1.000000 train_r2=1.000000 test_r2=1.000000 complexity=8 evals=17304
          Nguyen-3 run=11 seed=21575 time=0.497s reward=1.000000 train_r2=1.000000 test_r2=1.000000 complexity=15 evals=73721
          Nguyen-6 run=12 seed=11964 time=0.217s reward=1.000000 train_r2=1.000000 test_r2=1.000000 complexity=9 evals=36097
          Nguyen-6 run=11 seed=21575 time=0.506s reward=1.000000 train_r2=1.000000 test_r2=1.000000 complexity=9 evals=74835
          Nguyen-2 run=13 seed=11284 time=0.211s reward=1.000000 train_r2=1.000000 test_r2=1.000000 complexity=10 evals=36492
          Nguyen-6 run=13 seed=11284 time=0.066s reward=1.000000 train_r2=1.000000 test_r2=1.000000 complexity=9 evals=11791
          Nguyen-7 run=12 seed=11964 time=0.341s reward=1.000000 train_r2=1.000000 test_r2=1.000000 complexity=10 evals=50765
          Nguyen-4 run=12 seed=11964 time=0.362s reward=1.000000 train_r2=1.000000 test_r2=1.000000 complexity=13 evals=54721
         Nguyen-11 run=13 seed=11284 time=0.009s reward=1.000000 train_r2=1.000000 test_r2=1.000000 complexity=5 evals=1727
          Nguyen-8 run=13 seed=11284 time=0.051s reward=1.000000 train_r2=1.000000 test_r2=1.000000 complexity=3 evals=9634
         Nguyen-10 run=7  seed=21962 time=1.402s reward=1.000000 train_r2=1.000000 test_r2=1.000000 complexity=6 evals=180565
         Nguyen-10 run=12 seed=11964 time=0.343s reward=1.000000 train_r2=1.000000 test_r2=1.000000 complexity=6 evals=59356
          Nguyen-1 run=14 seed=22118 time=0.046s reward=1.000000 train_r2=1.000000 test_r2=1.000000 complexity=8 evals=8722
          Nguyen-4 run=9  seed=28020 time=1.082s reward=1.000000 train_r2=1.000000 test_r2=1.000000 complexity=17 evals=142637
          Nguyen-5 run=12 seed=11964 time=0.470s reward=1.000000 train_r2=1.000000 test_r2=1.000000 complexity=9 evals=65448
          Nguyen-2 run=12 seed=11964 time=0.526s reward=1.000000 train_r2=1.000000 test_r2=1.000000 complexity=10 evals=77320
          Nguyen-2 run=14 seed=22118 time=0.219s reward=1.000000 train_r2=1.000000 test_r2=1.000000 complexity=10 evals=33711
          Nguyen-9 run=13 seed=11284 time=0.318s reward=1.000000 train_r2=1.000000 test_r2=1.000000 complexity=7 evals=52137
          Nguyen-9 run=14 seed=22118 time=0.036s reward=1.000000 train_r2=1.000000 test_r2=1.000000 complexity=7 evals=6920
          Nguyen-7 run=13 seed=11284 time=0.398s reward=1.000000 train_r2=1.000000 test_r2=1.000000 complexity=11 evals=58002
          Nguyen-4 run=13 seed=11284 time=0.516s reward=1.000000 train_r2=1.000000 test_r2=1.000000 complexity=17 evals=77828
         Nguyen-11 run=14 seed=22118 time=0.001s reward=1.000000 train_r2=1.000000 test_r2=1.000000 complexity=5 evals=140
          Nguyen-5 run=13 seed=11284 time=0.499s reward=1.000000 train_r2=1.000000 test_r2=1.000000 complexity=9 evals=71259
          Nguyen-3 run=12 seed=11964 time=0.813s reward=1.000000 train_r2=1.000000 test_r2=1.000000 complexity=14 evals=111948
          Nguyen-1 run=15 seed=6265  time=0.051s reward=1.000000 train_r2=1.000000 test_r2=1.000000 complexity=8 evals=8941
          Nguyen-8 run=14 seed=22118 time=0.243s reward=1.000000 train_r2=1.000000 test_r2=1.000000 complexity=3 evals=37921
          Nguyen-5 run=14 seed=22118 time=0.393s reward=1.000000 train_r2=1.000000 test_r2=1.000000 complexity=9 evals=57159
          Nguyen-6 run=14 seed=22118 time=0.390s reward=1.000000 train_r2=1.000000 test_r2=1.000000 complexity=9 evals=57891
         Nguyen-10 run=13 seed=11284 time=0.559s reward=1.000000 train_r2=1.000000 test_r2=1.000000 complexity=6 evals=83861
          Nguyen-3 run=14 seed=22118 time=0.570s reward=1.000000 train_r2=1.000000 test_r2=1.000000 complexity=14 evals=86772
          Nguyen-7 run=15 seed=6265  time=0.141s reward=1.000000 train_r2=1.000000 test_r2=1.000000 complexity=10 evals=22657
          Nguyen-7 run=14 seed=22118 time=0.574s reward=1.000000 train_r2=1.000000 test_r2=1.000000 complexity=11 evals=81595
          Nguyen-9 run=15 seed=6265  time=0.045s reward=1.000000 train_r2=1.000000 test_r2=1.000000 complexity=7 evals=9061
         Nguyen-10 run=14 seed=22118 time=0.363s reward=1.000000 train_r2=1.000000 test_r2=1.000000 complexity=6 evals=57050
          Nguyen-2 run=15 seed=6265  time=0.327s reward=1.000000 train_r2=1.000000 test_r2=1.000000 complexity=12 evals=48933
         Nguyen-11 run=15 seed=6265  time=0.035s reward=1.000000 train_r2=1.000000 test_r2=1.000000 complexity=5 evals=6804
          Nguyen-3 run=13 seed=11284 time=1.012s reward=1.000000 train_r2=1.000000 test_r2=1.000000 complexity=14 evals=148567
          Nguyen-1 run=16 seed=11363 time=0.061s reward=1.000000 train_r2=1.000000 test_r2=1.000000 complexity=9 evals=10823
          Nguyen-6 run=15 seed=6265  time=0.378s reward=1.000000 train_r2=1.000000 test_r2=1.000000 complexity=9 evals=56609
          Nguyen-8 run=6  seed=4426  time=2.641s reward=1.000000 train_r2=1.000000 test_r2=1.000000 complexity=3 evals=341015
          Nguyen-4 run=14 seed=22118 time=0.931s reward=1.000000 train_r2=1.000000 test_r2=1.000000 complexity=17 evals=135068
         Nguyen-10 run=15 seed=6265  time=0.357s reward=1.000000 train_r2=1.000000 test_r2=1.000000 complexity=6 evals=56708
          Nguyen-8 run=16 seed=11363 time=0.070s reward=1.000000 train_r2=1.000000 test_r2=1.000000 complexity=3 evals=12821
          Nguyen-9 run=16 seed=11363 time=0.064s reward=1.000000 train_r2=1.000000 test_r2=1.000000 complexity=7 evals=11658
          Nguyen-2 run=16 seed=11363 time=0.402s reward=1.000000 train_r2=1.000000 test_r2=1.000000 complexity=10 evals=60658
         Nguyen-11 run=16 seed=11363 time=0.034s reward=1.000000 train_r2=1.000000 test_r2=1.000000 complexity=5 evals=6409
          Nguyen-1 run=17 seed=27495 time=0.043s reward=1.000000 train_r2=1.000000 test_r2=1.000000 complexity=9 evals=7762
          Nguyen-6 run=16 seed=11363 time=0.472s reward=1.000000 train_r2=1.000000 test_r2=1.000000 complexity=9 evals=68264
          Nguyen-7 run=16 seed=11363 time=0.501s reward=1.000000 train_r2=1.000000 test_r2=1.000000 complexity=10 evals=72955
         Nguyen-10 run=16 seed=11363 time=0.399s reward=1.000000 train_r2=1.000000 test_r2=1.000000 complexity=6 evals=67800
          Nguyen-5 run=17 seed=27495 time=0.258s reward=1.000000 train_r2=1.000000 test_r2=1.000000 complexity=9 evals=39712
          Nguyen-3 run=16 seed=11363 time=1.143s reward=1.000000 train_r2=1.000000 test_r2=1.000000 complexity=14 evals=151821
          Nguyen-6 run=17 seed=27495 time=0.182s reward=1.000000 train_r2=1.000000 test_r2=1.000000 complexity=9 evals=32259
          Nguyen-8 run=17 seed=27495 time=0.192s reward=1.000000 train_r2=1.000000 test_r2=1.000000 complexity=3 evals=34940
          Nguyen-4 run=17 seed=27495 time=0.755s reward=1.000000 train_r2=1.000000 test_r2=1.000000 complexity=16 evals=105294
          Nguyen-9 run=17 seed=27495 time=0.027s reward=1.000000 train_r2=1.000000 test_r2=1.000000 complexity=7 evals=5306
          Nguyen-8 run=15 seed=6265  time=1.715s reward=1.000000 train_r2=1.000000 test_r2=1.000000 complexity=3 evals=233999
          Nguyen-3 run=17 seed=27495 time=0.823s reward=1.000000 train_r2=1.000000 test_r2=1.000000 complexity=14 evals=109073
         Nguyen-11 run=17 seed=27495 time=0.030s reward=1.000000 train_r2=1.000000 test_r2=1.000000 complexity=5 evals=5830
          Nguyen-1 run=18 seed=16023 time=0.029s reward=1.000000 train_r2=1.000000 test_r2=1.000000 complexity=9 evals=5009
          Nguyen-4 run=2  seed=860   time=4.822s reward=1.000000 train_r2=1.000000 test_r2=1.000000 complexity=13 evals=547515
          Nguyen-2 run=18 seed=16023 time=0.289s reward=1.000000 train_r2=1.000000 test_r2=1.000000 complexity=10 evals=45836
          Nguyen-5 run=16 seed=11363 time=1.893s reward=1.000000 train_r2=1.000000 test_r2=1.000000 complexity=9 evals=224358
          Nguyen-2 run=17 seed=27495 time=1.447s reward=1.000000 train_r2=1.000000 test_r2=1.000000 complexity=12 evals=190419
          Nguyen-4 run=15 seed=6265  time=2.227s reward=1.000000 train_r2=1.000000 test_r2=1.000000 complexity=13 evals=277184
          Nguyen-3 run=18 seed=16023 time=0.451s reward=1.000000 train_r2=1.000000 test_r2=1.000000 complexity=16 evals=62988
          Nguyen-8 run=18 seed=16023 time=0.077s reward=1.000000 train_r2=1.000000 test_r2=1.000000 complexity=3 evals=13377
          Nguyen-5 run=18 seed=16023 time=0.226s reward=1.000000 train_r2=1.000000 test_r2=1.000000 complexity=9 evals=37225
          Nguyen-6 run=18 seed=16023 time=0.108s reward=1.000000 train_r2=1.000000 test_r2=1.000000 complexity=9 evals=18535
         Nguyen-11 run=18 seed=16023 time=0.017s reward=1.000000 train_r2=1.000000 test_r2=1.000000 complexity=5 evals=3327
          Nguyen-1 run=19 seed=8322  time=0.041s reward=1.000000 train_r2=1.000000 test_r2=1.000000 complexity=9 evals=7737
          Nguyen-9 run=18 seed=16023 time=0.174s reward=1.000000 train_r2=1.000000 test_r2=1.000000 complexity=7 evals=29508
          Nguyen-7 run=17 seed=27495 time=0.986s reward=1.000000 train_r2=1.000000 test_r2=1.000000 complexity=10 evals=132216
        Nguyen-12* run=10 seed=29802 time=3.716s reward=1.000000 train_r2=1.000000 test_r2=1.000000 complexity=17 evals=480240
          Nguyen-2 run=19 seed=8322  time=0.166s reward=1.000000 train_r2=1.000000 test_r2=1.000000 complexity=10 evals=28590
          Nguyen-6 run=19 seed=8322  time=0.068s reward=1.000000 train_r2=1.000000 test_r2=1.000000 complexity=9 evals=12374
          Nguyen-8 run=1  seed=15795 time=5.483s reward=1.000000 train_r2=1.000000 test_r2=1.000000 complexity=3 evals=659635
          Nguyen-7 run=18 seed=16023 time=0.446s reward=1.000000 train_r2=1.000000 test_r2=1.000000 complexity=10 evals=65229
         Nguyen-10 run=18 seed=16023 time=0.538s reward=1.000000 train_r2=1.000000 test_r2=1.000000 complexity=6 evals=78828
          Nguyen-9 run=19 seed=8322  time=0.175s reward=1.000000 train_r2=1.000000 test_r2=1.000000 complexity=7 evals=29737
         Nguyen-11 run=19 seed=8322  time=0.016s reward=1.000000 train_r2=1.000000 test_r2=1.000000 complexity=5 evals=3176
          Nguyen-3 run=19 seed=8322  time=0.445s reward=1.000000 train_r2=1.000000 test_r2=1.000000 complexity=14 evals=66392
          Nguyen-1 run=20 seed=1685  time=0.075s reward=1.000000 train_r2=1.000000 test_r2=1.000000 complexity=8 evals=12754
          Nguyen-4 run=19 seed=8322  time=0.587s reward=1.000000 train_r2=1.000000 test_r2=1.000000 complexity=13 evals=82138
          Nguyen-2 run=20 seed=1685  time=0.103s reward=1.000000 train_r2=1.000000 test_r2=1.000000 complexity=10 evals=17509
          Nguyen-3 run=15 seed=6265  time=3.123s reward=1.000000 train_r2=1.000000 test_r2=1.000000 complexity=15 evals=369319
          Nguyen-7 run=19 seed=8322  time=0.446s reward=1.000000 train_r2=1.000000 test_r2=1.000000 complexity=10 evals=70060
          Nguyen-4 run=18 seed=16023 time=1.190s reward=1.000000 train_r2=1.000000 test_r2=1.000000 complexity=13 evals=167676
          Nguyen-6 run=20 seed=1685  time=0.088s reward=1.000000 train_r2=1.000000 test_r2=1.000000 complexity=9 evals=15839
          Nguyen-8 run=20 seed=1685  time=0.055s reward=1.000000 train_r2=1.000000 test_r2=1.000000 complexity=3 evals=9972
         Nguyen-10 run=19 seed=8322  time=0.490s reward=1.000000 train_r2=1.000000 test_r2=1.000000 complexity=6 evals=75275
          Nguyen-9 run=20 seed=1685  time=0.104s reward=1.000000 train_r2=1.000000 test_r2=1.000000 complexity=7 evals=19645
         Nguyen-11 run=20 seed=1685  time=0.001s reward=1.000000 train_r2=1.000000 test_r2=1.000000 complexity=5 evals=312
          Nguyen-5 run=19 seed=8322  time=0.872s reward=1.000000 train_r2=1.000000 test_r2=1.000000 complexity=9 evals=122041
          Nguyen-1 run=21 seed=32052 time=0.023s reward=1.000000 train_r2=1.000000 test_r2=1.000000 complexity=8 evals=4487
          Nguyen-5 run=20 seed=1685  time=0.376s reward=1.000000 train_r2=1.000000 test_r2=1.000000 complexity=9 evals=57609
         Nguyen-10 run=17 seed=27495 time=1.801s reward=1.000000 train_r2=1.000000 test_r2=1.000000 complexity=6 evals=246979
          Nguyen-3 run=20 seed=1685  time=0.548s reward=1.000000 train_r2=1.000000 test_r2=1.000000 complexity=14 evals=76265
          Nguyen-4 run=20 seed=1685  time=0.611s reward=1.000000 train_r2=1.000000 test_r2=1.000000 complexity=13 evals=86967
          Nguyen-3 run=21 seed=32052 time=0.233s reward=1.000000 train_r2=1.000000 test_r2=1.000000 complexity=14 evals=36538
          Nguyen-5 run=21 seed=32052 time=0.162s reward=1.000000 train_r2=1.000000 test_r2=1.000000 complexity=9 evals=25052
          Nguyen-6 run=21 seed=32052 time=0.041s reward=1.000000 train_r2=1.000000 test_r2=1.000000 complexity=9 evals=7204
          Nguyen-2 run=21 seed=32052 time=0.330s reward=1.000000 train_r2=1.000000 test_r2=1.000000 complexity=10 evals=51550
         Nguyen-10 run=20 seed=1685  time=0.484s reward=1.000000 train_r2=1.000000 test_r2=1.000000 complexity=6 evals=74593
          Nguyen-9 run=21 seed=32052 time=0.046s reward=1.000000 train_r2=1.000000 test_r2=1.000000 complexity=7 evals=8726
          Nguyen-8 run=21 seed=32052 time=0.101s reward=1.000000 train_r2=1.000000 test_r2=1.000000 complexity=3 evals=17421
         Nguyen-11 run=21 seed=32052 time=0.059s reward=1.000000 train_r2=1.000000 test_r2=1.000000 complexity=5 evals=11380
          Nguyen-1 run=22 seed=769   time=0.064s reward=1.000000 train_r2=1.000000 test_r2=1.000000 complexity=9 evals=11082
          Nguyen-7 run=20 seed=1685  time=0.832s reward=1.000000 train_r2=1.000000 test_r2=1.000000 complexity=10 evals=120710
          Nguyen-7 run=21 seed=32052 time=0.315s reward=1.000000 train_r2=1.000000 test_r2=1.000000 complexity=10 evals=46450
          Nguyen-2 run=22 seed=769   time=0.274s reward=1.000000 train_r2=1.000000 test_r2=1.000000 complexity=10 evals=42280
          Nguyen-4 run=21 seed=32052 time=0.609s reward=1.000000 train_r2=1.000000 test_r2=1.000000 complexity=17 evals=84531
          Nguyen-5 run=22 seed=769   time=0.245s reward=1.000000 train_r2=1.000000 test_r2=1.000000 complexity=9 evals=37428
          Nguyen-6 run=22 seed=769   time=0.169s reward=1.000000 train_r2=1.000000 test_r2=1.000000 complexity=9 evals=27889
        Nguyen-12* run=16 seed=11363 time=3.771s reward=1.000000 train_r2=1.000000 test_r2=1.000000 complexity=17 evals=479759
          Nguyen-8 run=22 seed=769   time=0.086s reward=1.000000 train_r2=1.000000 test_r2=1.000000 complexity=3 evals=14982
          Nguyen-9 run=22 seed=769   time=0.052s reward=1.000000 train_r2=1.000000 test_r2=1.000000 complexity=7 evals=9756
         Nguyen-11 run=22 seed=769   time=0.005s reward=1.000000 train_r2=1.000000 test_r2=1.000000 complexity=5 evals=948
         Nguyen-10 run=21 seed=32052 time=0.662s reward=1.000000 train_r2=1.000000 test_r2=1.000000 complexity=6 evals=98472
          Nguyen-1 run=23 seed=26967 time=0.036s reward=1.000000 train_r2=1.000000 test_r2=1.000000 complexity=8 evals=6282
          Nguyen-7 run=22 seed=769   time=0.487s reward=1.000000 train_r2=1.000000 test_r2=1.000000 complexity=10 evals=71719
          Nguyen-3 run=22 seed=769   time=0.928s reward=1.000000 train_r2=1.000000 test_r2=1.000000 complexity=14 evals=123402
          Nguyen-2 run=23 seed=26967 time=0.461s reward=1.000000 train_r2=1.000000 test_r2=1.000000 complexity=10 evals=69211
          Nguyen-4 run=22 seed=769   time=0.976s reward=1.000000 train_r2=1.000000 test_r2=1.000000 complexity=17 evals=137461
          Nguyen-6 run=23 seed=26967 time=0.084s reward=1.000000 train_r2=1.000000 test_r2=1.000000 complexity=9 evals=14530
          Nguyen-8 run=23 seed=26967 time=0.125s reward=1.000000 train_r2=1.000000 test_r2=1.000000 complexity=3 evals=21500
          Nguyen-9 run=23 seed=26967 time=0.070s reward=1.000000 train_r2=1.000000 test_r2=1.000000 complexity=7 evals=12974
          Nguyen-4 run=23 seed=26967 time=0.578s reward=1.000000 train_r2=1.000000 test_r2=1.000000 complexity=17 evals=82034
         Nguyen-11 run=23 seed=26967 time=0.045s reward=1.000000 train_r2=1.000000 test_r2=1.000000 complexity=5 evals=8716
          Nguyen-3 run=23 seed=26967 time=0.857s reward=1.000000 train_r2=1.000000 test_r2=1.000000 complexity=14 evals=116106
         Nguyen-10 run=22 seed=769   time=0.953s reward=1.000000 train_r2=1.000000 test_r2=1.000000 complexity=6 evals=137691
          Nguyen-1 run=24 seed=30187 time=0.071s reward=1.000000 train_r2=1.000000 test_r2=1.000000 complexity=9 evals=12151
          Nguyen-7 run=23 seed=26967 time=0.493s reward=1.000000 train_r2=1.000000 test_r2=1.000000 complexity=10 evals=73504
          Nguyen-2 run=24 seed=30187 time=0.271s reward=1.000000 train_r2=1.000000 test_r2=1.000000 complexity=10 evals=41554
          Nguyen-3 run=24 seed=30187 time=0.227s reward=1.000000 train_r2=1.000000 test_r2=1.000000 complexity=14 evals=35704
         Nguyen-10 run=23 seed=26967 time=0.459s reward=1.000000 train_r2=1.000000 test_r2=1.000000 complexity=6 evals=73014
        Nguyen-12* run=12 seed=11964 time=6.481s reward=1.000000 train_r2=1.000000 test_r2=1.000000 complexity=17 evals=762175
          Nguyen-6 run=24 seed=30187 time=0.206s reward=1.000000 train_r2=1.000000 test_r2=1.000000 complexity=9 evals=32654
          Nguyen-8 run=24 seed=30187 time=0.205s reward=1.000000 train_r2=1.000000 test_r2=1.000000 complexity=3 evals=31962
          Nguyen-9 run=24 seed=30187 time=0.243s reward=1.000000 train_r2=1.000000 test_r2=1.000000 complexity=7 evals=40851
         Nguyen-11 run=24 seed=30187 time=0.019s reward=1.000000 train_r2=1.000000 test_r2=1.000000 complexity=5 evals=3639
          Nguyen-7 run=24 seed=30187 time=0.664s reward=1.000000 train_r2=1.000000 test_r2=1.000000 complexity=11 evals=94980
          Nguyen-1 run=25 seed=32157 time=0.045s reward=1.000000 train_r2=1.000000 test_r2=1.000000 complexity=9 evals=8088
         Nguyen-10 run=24 seed=30187 time=0.539s reward=1.000000 train_r2=1.000000 test_r2=1.000000 complexity=6 evals=79080
          Nguyen-5 run=23 seed=26967 time=1.910s reward=1.000000 train_r2=1.000000 test_r2=1.000000 complexity=9 evals=242124
          Nguyen-2 run=25 seed=32157 time=0.341s reward=1.000000 train_r2=1.000000 test_r2=1.000000 complexity=12 evals=51469
          Nguyen-3 run=25 seed=32157 time=0.306s reward=1.000000 train_r2=1.000000 test_r2=1.000000 complexity=16 evals=45557
          Nguyen-6 run=25 seed=32157 time=0.182s reward=1.000000 train_r2=1.000000 test_r2=1.000000 complexity=9 evals=29652
          Nguyen-5 run=25 seed=32157 time=0.253s reward=1.000000 train_r2=1.000000 test_r2=1.000000 complexity=9 evals=40598
          Nguyen-8 run=25 seed=32157 time=0.158s reward=1.000000 train_r2=1.000000 test_r2=1.000000 complexity=3 evals=26135
          Nguyen-7 run=25 seed=32157 time=0.205s reward=1.000000 train_r2=1.000000 test_r2=1.000000 complexity=10 evals=30657
          Nguyen-9 run=25 seed=32157 time=0.085s reward=1.000000 train_r2=1.000000 test_r2=1.000000 complexity=7 evals=15538
         Nguyen-11 run=25 seed=32157 time=0.068s reward=1.000000 train_r2=1.000000 test_r2=1.000000 complexity=5 evals=13246
         Nguyen-10 run=25 seed=32157 time=0.121s reward=1.000000 train_r2=1.000000 test_r2=1.000000 complexity=6 evals=20434
          Nguyen-1 run=26 seed=23333 time=0.085s reward=1.000000 train_r2=1.000000 test_r2=1.000000 complexity=8 evals=13968
          Nguyen-2 run=26 seed=23333 time=0.261s reward=1.000000 train_r2=1.000000 test_r2=1.000000 complexity=10 evals=39523
          Nguyen-5 run=24 seed=30187 time=2.619s reward=1.000000 train_r2=1.000000 test_r2=1.000000 complexity=9 evals=303090
          Nguyen-3 run=26 seed=23333 time=0.472s reward=1.000000 train_r2=1.000000 test_r2=1.000000 complexity=14 evals=66670
          Nguyen-8 run=19 seed=8322  time=5.901s reward=1.000000 train_r2=1.000000 test_r2=1.000000 complexity=3 evals=693677
          Nguyen-5 run=26 seed=23333 time=0.265s reward=1.000000 train_r2=1.000000 test_r2=1.000000 complexity=9 evals=39202
          Nguyen-6 run=26 seed=23333 time=0.130s reward=1.000000 train_r2=1.000000 test_r2=1.000000 complexity=9 evals=22164
          Nguyen-8 run=26 seed=23333 time=0.136s reward=1.000000 train_r2=1.000000 test_r2=1.000000 complexity=3 evals=22704
          Nguyen-4 run=24 seed=30187 time=3.291s reward=1.000000 train_r2=1.000000 test_r2=1.000000 complexity=13 evals=410048
          Nguyen-9 run=26 seed=23333 time=0.165s reward=1.000000 train_r2=1.000000 test_r2=1.000000 complexity=7 evals=28935
         Nguyen-11 run=26 seed=23333 time=0.008s reward=1.000000 train_r2=1.000000 test_r2=1.000000 complexity=5 evals=1620
          Nguyen-7 run=26 seed=23333 time=0.443s reward=1.000000 train_r2=1.000000 test_r2=1.000000 complexity=10 evals=63716
          Nguyen-1 run=27 seed=2433  time=0.034s reward=1.000000 train_r2=1.000000 test_r2=1.000000 complexity=9 evals=6207
         Nguyen-10 run=26 seed=23333 time=0.236s reward=1.000000 train_r2=1.000000 test_r2=1.000000 complexity=6 evals=41196
        Nguyen-12* run=7  seed=21962 time=11.335s reward=1.000000 train_r2=1.000000 test_r2=1.000000 complexity=17 evals=1376128
          Nguyen-5 run=15 seed=6265  time=9.418s reward=1.000000 train_r2=1.000000 test_r2=1.000000 complexity=9 evals=979591
          Nguyen-2 run=27 seed=2433  time=0.230s reward=1.000000 train_r2=1.000000 test_r2=1.000000 complexity=12 evals=35031
          Nguyen-4 run=26 seed=23333 time=1.269s reward=1.000000 train_r2=1.000000 test_r2=1.000000 complexity=16 evals=163022
          Nguyen-6 run=27 seed=2433  time=0.455s reward=1.000000 train_r2=1.000000 test_r2=1.000000 complexity=9 evals=68579
          Nguyen-8 run=27 seed=2433  time=0.032s reward=1.000000 train_r2=1.000000 test_r2=1.000000 complexity=3 evals=5436
          Nguyen-7 run=27 seed=2433  time=0.325s reward=1.000000 train_r2=1.000000 test_r2=1.000000 complexity=10 evals=46652
          Nguyen-9 run=27 seed=2433  time=0.044s reward=1.000000 train_r2=1.000000 test_r2=1.000000 complexity=7 evals=8426
          Nguyen-3 run=27 seed=2433  time=0.823s reward=1.000000 train_r2=1.000000 test_r2=1.000000 complexity=14 evals=121136
         Nguyen-11 run=27 seed=2433  time=0.061s reward=1.000000 train_r2=1.000000 test_r2=1.000000 complexity=5 evals=11090
          Nguyen-1 run=28 seed=5311  time=0.030s reward=1.000000 train_r2=1.000000 test_r2=1.000000 complexity=8 evals=5223
          Nguyen-2 run=28 seed=5311  time=0.106s reward=1.000000 train_r2=1.000000 test_r2=1.000000 complexity=10 evals=17715
          Nguyen-5 run=27 seed=2433  time=1.063s reward=1.000000 train_r2=1.000000 test_r2=1.000000 complexity=9 evals=148049
         Nguyen-10 run=27 seed=2433  time=1.392s reward=1.000000 train_r2=1.000000 test_r2=1.000000 complexity=6 evals=190263
          Nguyen-5 run=28 seed=5311  time=0.168s reward=1.000000 train_r2=1.000000 test_r2=1.000000 complexity=9 evals=25931
          Nguyen-6 run=28 seed=5311  time=0.187s reward=1.000000 train_r2=1.000000 test_r2=1.000000 complexity=9 evals=30132
          Nguyen-7 run=28 seed=5311  time=0.133s reward=1.000000 train_r2=1.000000 test_r2=1.000000 complexity=10 evals=21565
          Nguyen-4 run=28 seed=5311  time=1.663s reward=1.000000 train_r2=1.000000 test_r2=1.000000 complexity=16 evals=212432
        Nguyen-12* run=25 seed=32157 time=4.712s reward=1.000000 train_r2=1.000000 test_r2=1.000000 complexity=16 evals=556463
          Nguyen-9 run=28 seed=5311  time=0.116s reward=1.000000 train_r2=1.000000 test_r2=1.000000 complexity=7 evals=21193
          Nguyen-4 run=25 seed=32157 time=5.479s reward=1.000000 train_r2=1.000000 test_r2=1.000000 complexity=16 evals=592698
         Nguyen-11 run=28 seed=5311  time=0.059s reward=1.000000 train_r2=1.000000 test_r2=1.000000 complexity=5 evals=11524
          Nguyen-4 run=27 seed=2433  time=2.996s reward=1.000000 train_r2=1.000000 test_r2=1.000000 complexity=13 evals=385049
          Nguyen-1 run=29 seed=5051  time=0.016s reward=1.000000 train_r2=1.000000 test_r2=1.000000 complexity=8 evals=2929
         Nguyen-10 run=28 seed=5311  time=0.311s reward=1.000000 train_r2=1.000000 test_r2=1.000000 complexity=6 evals=50024
        Nguyen-12* run=9  seed=28020 time=14.061s reward=1.000000 train_r2=1.000000 test_r2=1.000000 complexity=17 evals=1629893
          Nguyen-8 run=28 seed=5311  time=0.688s reward=1.000000 train_r2=1.000000 test_r2=1.000000 complexity=3 evals=102461
          Nguyen-2 run=29 seed=5051  time=0.348s reward=1.000000 train_r2=1.000000 test_r2=1.000000 complexity=12 evals=57016
          Nguyen-6 run=29 seed=5051  time=0.053s reward=1.000000 train_r2=1.000000 test_r2=1.000000 complexity=9 evals=9365
          Nguyen-3 run=29 seed=5051  time=0.340s reward=1.000000 train_r2=1.000000 test_r2=1.000000 complexity=15 evals=51795
          Nguyen-5 run=29 seed=5051  time=0.177s reward=1.000000 train_r2=1.000000 test_r2=1.000000 complexity=9 evals=30540
          Nguyen-3 run=28 seed=5311  time=2.608s reward=1.000000 train_r2=1.000000 test_r2=1.000000 complexity=14 evals=317092
         Nguyen-11 run=29 seed=5051  time=0.024s reward=1.000000 train_r2=1.000000 test_r2=1.000000 complexity=5 evals=4594
          Nguyen-9 run=29 seed=5051  time=0.269s reward=1.000000 train_r2=1.000000 test_r2=1.000000 complexity=7 evals=43048
          Nguyen-1 run=30 seed=6420  time=0.031s reward=1.000000 train_r2=1.000000 test_r2=1.000000 complexity=9 evals=5763
         Nguyen-10 run=29 seed=5051  time=0.312s reward=1.000000 train_r2=1.000000 test_r2=1.000000 complexity=6 evals=53803
          Nguyen-3 run=30 seed=6420  time=0.147s reward=1.000000 train_r2=1.000000 test_r2=1.000000 complexity=14 evals=26028
          Nguyen-4 run=16 seed=11363 time=13.384s reward=1.000000 train_r2=1.000000 test_r2=1.000000 complexity=16 evals=1436481
          Nguyen-4 run=29 seed=5051  time=1.096s reward=1.000000 train_r2=1.000000 test_r2=1.000000 complexity=13 evals=144645
          Nguyen-5 run=30 seed=6420  time=0.099s reward=1.000000 train_r2=1.000000 test_r2=1.000000 complexity=9 evals=17529
          Nguyen-2 run=30 seed=6420  time=0.678s reward=1.000000 train_r2=1.000000 test_r2=1.000000 complexity=12 evals=94562
          Nguyen-6 run=30 seed=6420  time=0.239s reward=1.000000 train_r2=1.000000 test_r2=1.000000 complexity=9 evals=37666
          Nguyen-7 run=29 seed=5051  time=1.251s reward=1.000000 train_r2=1.000000 test_r2=1.000000 complexity=10 evals=177962
        Nguyen-12* run=6  seed=4426  time=16.260s reward=1.000000 train_r2=1.000000 test_r2=1.000000 complexity=17 evals=1830051
         Nguyen-11 run=30 seed=6420  time=0.008s reward=1.000000 train_r2=1.000000 test_r2=1.000000 complexity=5 evals=1645
          Nguyen-9 run=30 seed=6420  time=0.142s reward=1.000000 train_r2=1.000000 test_r2=1.000000 complexity=7 evals=24434
          Nguyen-8 run=30 seed=6420  time=0.355s reward=1.000000 train_r2=1.000000 test_r2=1.000000 complexity=3 evals=56533
          Nguyen-1 run=31 seed=17568 time=0.023s reward=1.000000 train_r2=1.000000 test_r2=1.000000 complexity=8 evals=3976
          Nguyen-2 run=31 seed=17568 time=0.041s reward=1.000000 train_r2=1.000000 test_r2=1.000000 complexity=10 evals=7489
        Nguyen-12* run=5  seed=29910 time=16.591s reward=0.998937 train_r2=0.999999 test_r2=1.000000 complexity=16 evals=2000003
          Nguyen-7 run=30 seed=6420  time=0.798s reward=1.000000 train_r2=1.000000 test_r2=1.000000 complexity=11 evals=123601
          Nguyen-4 run=30 seed=6420  time=1.367s reward=1.000000 train_r2=1.000000 test_r2=1.000000 complexity=17 evals=199019
          Nguyen-3 run=31 seed=17568 time=0.530s reward=1.000000 train_r2=1.000000 test_r2=1.000000 complexity=14 evals=73862
          Nguyen-6 run=31 seed=17568 time=0.143s reward=1.000000 train_r2=1.000000 test_r2=1.000000 complexity=9 evals=25512
        Nguyen-12* run=17 seed=27495 time=12.630s reward=1.000000 train_r2=1.000000 test_r2=1.000000 complexity=17 evals=1440035
          Nguyen-5 run=31 seed=17568 time=0.519s reward=1.000000 train_r2=1.000000 test_r2=1.000000 complexity=9 evals=78743
         Nguyen-11 run=31 seed=17568 time=0.039s reward=1.000000 train_r2=1.000000 test_r2=1.000000 complexity=5 evals=7754
          Nguyen-9 run=31 seed=17568 time=0.126s reward=1.000000 train_r2=1.000000 test_r2=1.000000 complexity=7 evals=23920
         Nguyen-10 run=31 seed=17568 time=0.121s reward=1.000000 train_r2=1.000000 test_r2=1.000000 complexity=6 evals=20246
          Nguyen-8 run=29 seed=5051  time=2.184s reward=1.000000 train_r2=1.000000 test_r2=1.000000 complexity=3 evals=285696
          Nguyen-8 run=31 seed=17568 time=0.217s reward=1.000000 train_r2=1.000000 test_r2=1.000000 complexity=3 evals=36632
          Nguyen-1 run=32 seed=20939 time=0.091s reward=1.000000 train_r2=1.000000 test_r2=1.000000 complexity=8 evals=16783
        Nguyen-12* run=1  seed=15795 time=17.743s reward=0.999392 train_r2=1.000000 test_r2=0.999990 complexity=24 evals=2000001
          Nguyen-2 run=32 seed=20939 time=0.273s reward=1.000000 train_r2=1.000000 test_r2=1.000000 complexity=10 evals=41354
          Nguyen-3 run=32 seed=20939 time=0.411s reward=1.000000 train_r2=1.000000 test_r2=1.000000 complexity=14 evals=61154
          Nguyen-7 run=32 seed=20939 time=0.307s reward=1.000000 train_r2=1.000000 test_r2=1.000000 complexity=10 evals=42908
          Nguyen-9 run=32 seed=20939 time=0.063s reward=1.000000 train_r2=1.000000 test_r2=1.000000 complexity=7 evals=10983
        Nguyen-12* run=2  seed=860   time=18.410s reward=0.999192 train_r2=0.999999 test_r2=1.000000 complexity=24 evals=2000000
         Nguyen-11 run=32 seed=20939 time=0.006s reward=1.000000 train_r2=1.000000 test_r2=1.000000 complexity=5 evals=1144
          Nguyen-6 run=32 seed=20939 time=0.582s reward=1.000000 train_r2=1.000000 test_r2=1.000000 complexity=9 evals=81563
        Nguyen-12* run=3  seed=5390  time=17.676s reward=0.998637 train_r2=0.999998 test_r2=0.999997 complexity=26 evals=2000000
          Nguyen-1 run=33 seed=19769 time=0.105s reward=1.000000 train_r2=1.000000 test_r2=1.000000 complexity=9 evals=17597
          Nguyen-7 run=31 seed=17568 time=1.113s reward=1.000000 train_r2=1.000000 test_r2=1.000000 complexity=10 evals=161232
          Nguyen-2 run=33 seed=19769 time=0.129s reward=1.000000 train_r2=1.000000 test_r2=1.000000 complexity=10 evals=21431
         Nguyen-10 run=32 seed=20939 time=0.235s reward=1.000000 train_r2=1.000000 test_r2=1.000000 complexity=6 evals=35097
          Nguyen-5 run=33 seed=19769 time=0.118s reward=1.000000 train_r2=1.000000 test_r2=1.000000 complexity=9 evals=19890
        Nguyen-12* run=0  seed=23654 time=18.894s reward=0.999214 train_r2=0.999999 test_r2=0.999999 complexity=17 evals=2000000
          Nguyen-3 run=33 seed=19769 time=0.298s reward=1.000000 train_r2=1.000000 test_r2=1.000000 complexity=14 evals=44500
          Nguyen-4 run=10 seed=29802 time=17.522s reward=1.000000 train_r2=1.000000 test_r2=1.000000 complexity=17 evals=1745034
          Nguyen-9 run=33 seed=19769 time=0.046s reward=1.000000 train_r2=1.000000 test_r2=1.000000 complexity=7 evals=8782
         Nguyen-11 run=33 seed=19769 time=0.036s reward=1.000000 train_r2=1.000000 test_r2=1.000000 complexity=5 evals=6935
          Nguyen-7 run=33 seed=19769 time=0.251s reward=1.000000 train_r2=1.000000 test_r2=1.000000 complexity=11 evals=39807
        Nguyen-12* run=14 seed=22118 time=16.436s reward=0.998967 train_r2=0.999999 test_r2=0.999997 complexity=20 evals=2000004
          Nguyen-4 run=32 seed=20939 time=1.349s reward=1.000000 train_r2=1.000000 test_r2=1.000000 complexity=16 evals=171061
          Nguyen-1 run=34 seed=28693 time=0.048s reward=1.000000 train_r2=1.000000 test_r2=1.000000 complexity=8 evals=9088
          Nguyen-6 run=33 seed=19769 time=0.435s reward=1.000000 train_r2=1.000000 test_r2=1.000000 complexity=9 evals=61127
          Nguyen-4 run=33 seed=19769 time=0.525s reward=1.000000 train_r2=1.000000 test_r2=1.000000 complexity=16 evals=84929
          Nguyen-6 run=34 seed=28693 time=0.177s reward=1.000000 train_r2=1.000000 test_r2=1.000000 complexity=9 evals=30801
          Nguyen-5 run=34 seed=28693 time=0.337s reward=1.000000 train_r2=1.000000 test_r2=1.000000 complexity=9 evals=46542
          Nguyen-2 run=34 seed=28693 time=0.459s reward=1.000000 train_r2=1.000000 test_r2=1.000000 complexity=12 evals=72132
          Nguyen-7 run=34 seed=28693 time=0.216s reward=1.000000 train_r2=1.000000 test_r2=1.000000 complexity=11 evals=36851
         Nguyen-10 run=30 seed=6420  time=2.898s reward=1.000000 train_r2=1.000000 test_r2=1.000000 complexity=6 evals=383107
        Nguyen-12* run=4  seed=16850 time=19.221s reward=0.999301 train_r2=1.000000 test_r2=0.999995 complexity=38 evals=2000000
         Nguyen-11 run=34 seed=28693 time=0.059s reward=1.000000 train_r2=1.000000 test_r2=1.000000 complexity=5 evals=12069
          Nguyen-9 run=34 seed=28693 time=0.240s reward=1.000000 train_r2=1.000000 test_r2=1.000000 complexity=7 evals=42913
          Nguyen-3 run=34 seed=28693 time=0.714s reward=1.000000 train_r2=1.000000 test_r2=1.000000 complexity=15 evals=100717
          Nguyen-1 run=35 seed=6396  time=0.060s reward=1.000000 train_r2=1.000000 test_r2=1.000000 complexity=9 evals=11575
          Nguyen-8 run=33 seed=19769 time=0.979s reward=1.000000 train_r2=1.000000 test_r2=1.000000 complexity=3 evals=137422
         Nguyen-10 run=34 seed=28693 time=0.235s reward=1.000000 train_r2=1.000000 test_r2=1.000000 complexity=6 evals=41872
          Nguyen-8 run=32 seed=20939 time=1.730s reward=1.000000 train_r2=1.000000 test_r2=1.000000 complexity=3 evals=240305
          Nguyen-2 run=35 seed=6396  time=0.156s reward=1.000000 train_r2=1.000000 test_r2=1.000000 complexity=10 evals=25590
        Nguyen-12* run=8  seed=14423 time=18.810s reward=0.999504 train_r2=1.000000 test_r2=1.000000 complexity=24 evals=2000003
        Nguyen-12* run=11 seed=21575 time=18.010s reward=0.998857 train_r2=0.999999 test_r2=0.999997 complexity=35 evals=2000000
          Nguyen-6 run=35 seed=6396  time=0.145s reward=1.000000 train_r2=1.000000 test_r2=1.000000 complexity=9 evals=26323
          Nguyen-9 run=35 seed=6396  time=0.049s reward=1.000000 train_r2=1.000000 test_r2=1.000000 complexity=7 evals=9402
          Nguyen-4 run=31 seed=17568 time=3.069s reward=1.000000 train_r2=1.000000 test_r2=1.000000 complexity=16 evals=353145
         Nguyen-11 run=35 seed=6396  time=0.055s reward=1.000000 train_r2=1.000000 test_r2=1.000000 complexity=5 evals=10658
          Nguyen-1 run=36 seed=29419 time=0.038s reward=1.000000 train_r2=1.000000 test_r2=1.000000 complexity=9 evals=7078
          Nguyen-7 run=35 seed=6396  time=0.328s reward=1.000000 train_r2=1.000000 test_r2=1.000000 complexity=10 evals=49492
          Nguyen-4 run=34 seed=28693 time=1.109s reward=1.000000 train_r2=1.000000 test_r2=1.000000 complexity=17 evals=143293
          Nguyen-8 run=35 seed=6396  time=0.289s reward=1.000000 train_r2=1.000000 test_r2=1.000000 complexity=3 evals=44541
          Nguyen-2 run=36 seed=29419 time=0.234s reward=1.000000 train_r2=1.000000 test_r2=1.000000 complexity=12 evals=40790
          Nguyen-5 run=35 seed=6396  time=0.463s reward=1.000000 train_r2=1.000000 test_r2=1.000000 complexity=9 evals=65688
          Nguyen-4 run=11 seed=21575 time=18.710s reward=0.998075 train_r2=0.999996 test_r2=0.999552 complexity=21 evals=2000010
          Nguyen-3 run=35 seed=6396  time=0.524s reward=1.000000 train_r2=1.000000 test_r2=1.000000 complexity=14 evals=74254
          Nguyen-6 run=36 seed=29419 time=0.079s reward=1.000000 train_r2=1.000000 test_r2=1.000000 complexity=9 evals=14399
         Nguyen-11 run=36 seed=29419 time=0.016s reward=1.000000 train_r2=1.000000 test_r2=1.000000 complexity=5 evals=3314
          Nguyen-5 run=36 seed=29419 time=0.151s reward=1.000000 train_r2=1.000000 test_r2=1.000000 complexity=9 evals=24366
         Nguyen-10 run=36 seed=29419 time=0.080s reward=1.000000 train_r2=1.000000 test_r2=1.000000 complexity=6 evals=14199
          Nguyen-1 run=37 seed=27480 time=0.039s reward=1.000000 train_r2=1.000000 test_r2=1.000000 complexity=8 evals=7103
          Nguyen-8 run=36 seed=29419 time=0.141s reward=1.000000 train_r2=1.000000 test_r2=1.000000 complexity=3 evals=23635
          Nguyen-3 run=36 seed=29419 time=0.416s reward=1.000000 train_r2=1.000000 test_r2=1.000000 complexity=16 evals=60994
         Nguyen-10 run=35 seed=6396  time=0.544s reward=1.000000 train_r2=1.000000 test_r2=1.000000 complexity=6 evals=76977
          Nguyen-9 run=36 seed=29419 time=0.222s reward=1.000000 train_r2=1.000000 test_r2=1.000000 complexity=7 evals=39065
        Nguyen-12* run=13 seed=11284 time=18.338s reward=0.998889 train_r2=0.999999 test_r2=0.999998 complexity=27 evals=2000003
          Nguyen-6 run=37 seed=27480 time=0.040s reward=1.000000 train_r2=1.000000 test_r2=1.000000 complexity=9 evals=7572
          Nguyen-7 run=37 seed=27480 time=0.034s reward=1.000000 train_r2=1.000000 test_r2=1.000000 complexity=10 evals=6011
        Nguyen-12* run=15 seed=6265  time=17.762s reward=0.999360 train_r2=1.000000 test_r2=0.999999 complexity=17 evals=2000004
          Nguyen-3 run=37 seed=27480 time=0.229s reward=1.000000 train_r2=1.000000 test_r2=1.000000 complexity=14 evals=36268
          Nguyen-9 run=37 seed=27480 time=0.108s reward=1.000000 train_r2=1.000000 test_r2=1.000000 complexity=7 evals=19974
          Nguyen-4 run=35 seed=6396  time=0.926s reward=1.000000 train_r2=1.000000 test_r2=1.000000 complexity=13 evals=137018
         Nguyen-11 run=37 seed=27480 time=0.055s reward=1.000000 train_r2=1.000000 test_r2=1.000000 complexity=5 evals=10489
          Nguyen-1 run=38 seed=32304 time=0.038s reward=1.000000 train_r2=1.000000 test_r2=1.000000 complexity=9 evals=7033
          Nguyen-2 run=37 seed=27480 time=0.345s reward=1.000000 train_r2=1.000000 test_r2=1.000000 complexity=10 evals=53726
         Nguyen-10 run=37 seed=27480 time=0.193s reward=1.000000 train_r2=1.000000 test_r2=1.000000 complexity=6 evals=34996
          Nguyen-5 run=37 seed=27480 time=0.309s reward=1.000000 train_r2=1.000000 test_r2=1.000000 complexity=9 evals=48425
          Nguyen-2 run=38 seed=32304 time=0.170s reward=1.000000 train_r2=1.000000 test_r2=1.000000 complexity=12 evals=29121
         Nguyen-10 run=33 seed=19769 time=2.076s reward=1.000000 train_r2=1.000000 test_r2=1.000000 complexity=6 evals=263619
          Nguyen-8 run=38 seed=32304 time=0.066s reward=1.000000 train_r2=1.000000 test_r2=1.000000 complexity=3 evals=12332
          Nguyen-6 run=38 seed=32304 time=0.161s reward=1.000000 train_r2=1.000000 test_r2=1.000000 complexity=9 evals=28849
          Nguyen-5 run=38 seed=32304 time=0.227s reward=1.000000 train_r2=1.000000 test_r2=1.000000 complexity=9 evals=36607
         Nguyen-11 run=38 seed=32304 time=0.033s reward=1.000000 train_r2=1.000000 test_r2=1.000000 complexity=5 evals=6982
          Nguyen-9 run=38 seed=32304 time=0.094s reward=1.000000 train_r2=1.000000 test_r2=1.000000 complexity=7 evals=17059
          Nguyen-1 run=39 seed=8666  time=0.034s reward=1.000000 train_r2=1.000000 test_r2=1.000000 complexity=9 evals=6420
          Nguyen-8 run=37 seed=27480 time=0.624s reward=1.000000 train_r2=1.000000 test_r2=1.000000 complexity=3 evals=97756
          Nguyen-3 run=38 seed=32304 time=0.441s reward=1.000000 train_r2=1.000000 test_r2=1.000000 complexity=14 evals=68881
         Nguyen-10 run=38 seed=32304 time=0.240s reward=1.000000 train_r2=1.000000 test_r2=1.000000 complexity=6 evals=42815
          Nguyen-2 run=39 seed=8666  time=0.214s reward=1.000000 train_r2=1.000000 test_r2=1.000000 complexity=10 evals=34017
          Nguyen-6 run=39 seed=8666  time=0.136s reward=1.000000 train_r2=1.000000 test_r2=1.000000 complexity=9 evals=24053
          Nguyen-4 run=37 seed=27480 time=1.068s reward=1.000000 train_r2=1.000000 test_r2=1.000000 complexity=17 evals=141493
          Nguyen-3 run=39 seed=8666  time=0.587s reward=1.000000 train_r2=1.000000 test_r2=1.000000 complexity=14 evals=92568
          Nguyen-9 run=39 seed=8666  time=0.183s reward=1.000000 train_r2=1.000000 test_r2=1.000000 complexity=7 evals=31374
          Nguyen-7 run=39 seed=8666  time=0.389s reward=1.000000 train_r2=1.000000 test_r2=1.000000 complexity=10 evals=55778
         Nguyen-11 run=39 seed=8666  time=0.014s reward=1.000000 train_r2=1.000000 test_r2=1.000000 complexity=5 evals=2922
          Nguyen-4 run=36 seed=29419 time=1.559s reward=1.000000 train_r2=1.000000 test_r2=1.000000 complexity=17 evals=200058
          Nguyen-1 run=40 seed=25658 time=0.038s reward=1.000000 train_r2=1.000000 test_r2=1.000000 complexity=8 evals=6698
         Nguyen-10 run=39 seed=8666  time=0.094s reward=1.000000 train_r2=1.000000 test_r2=1.000000 complexity=6 evals=17904
          Nguyen-2 run=40 seed=25658 time=0.140s reward=1.000000 train_r2=1.000000 test_r2=1.000000 complexity=12 evals=23649
          Nguyen-7 run=38 seed=32304 time=1.110s reward=1.000000 train_r2=1.000000 test_r2=1.000000 complexity=10 evals=149441
        Nguyen-12* run=31 seed=17568 time=4.332s reward=1.000000 train_r2=1.000000 test_r2=1.000000 complexity=17 evals=575591
          Nguyen-8 run=39 seed=8666  time=0.677s reward=1.000000 train_r2=1.000000 test_r2=1.000000 complexity=3 evals=111360
          Nguyen-5 run=39 seed=8666  time=0.876s reward=1.000000 train_r2=1.000000 test_r2=1.000000 complexity=9 evals=119840
          Nguyen-5 run=32 seed=20939 time=4.365s reward=1.000000 train_r2=1.000000 test_r2=1.000000 complexity=9 evals=531934
          Nguyen-6 run=40 seed=25658 time=0.143s reward=1.000000 train_r2=1.000000 test_r2=1.000000 complexity=9 evals=24189
          Nguyen-9 run=40 seed=25658 time=0.084s reward=1.000000 train_r2=1.000000 test_r2=1.000000 complexity=7 evals=16333
          Nguyen-5 run=40 seed=25658 time=0.223s reward=1.000000 train_r2=1.000000 test_r2=1.000000 complexity=9 evals=38166
          Nguyen-7 run=40 seed=25658 time=0.133s reward=1.000000 train_r2=1.000000 test_r2=1.000000 complexity=10 evals=23576
         Nguyen-11 run=40 seed=25658 time=0.042s reward=1.000000 train_r2=1.000000 test_r2=1.000000 complexity=5 evals=8129
          Nguyen-1 run=41 seed=18942 time=0.075s reward=1.000000 train_r2=1.000000 test_r2=1.000000 complexity=9 evals=12691
          Nguyen-2 run=41 seed=18942 time=0.084s reward=1.000000 train_r2=1.000000 test_r2=1.000000 complexity=10 evals=15106
          Nguyen-3 run=41 seed=18942 time=0.284s reward=1.000000 train_r2=1.000000 test_r2=1.000000 complexity=14 evals=43095
          Nguyen-4 run=39 seed=8666  time=1.319s reward=1.000000 train_r2=1.000000 test_r2=1.000000 complexity=17 evals=174739
          Nguyen-6 run=41 seed=18942 time=0.039s reward=1.000000 train_r2=1.000000 test_r2=1.000000 complexity=9 evals=7124
          Nguyen-7 run=36 seed=29419 time=2.298s reward=1.000000 train_r2=1.000000 test_r2=1.000000 complexity=10 evals=311551
          Nguyen-9 run=41 seed=18942 time=0.034s reward=1.000000 train_r2=1.000000 test_r2=1.000000 complexity=7 evals=6748
         Nguyen-10 run=40 seed=25658 time=0.574s reward=1.000000 train_r2=1.000000 test_r2=1.000000 complexity=6 evals=93226
         Nguyen-11 run=41 seed=18942 time=0.033s reward=1.000000 train_r2=1.000000 test_r2=1.000000 complexity=5 evals=6740
          Nguyen-8 run=41 seed=18942 time=0.285s reward=1.000000 train_r2=1.000000 test_r2=1.000000 complexity=3 evals=48397
          Nguyen-5 run=41 seed=18942 time=0.578s reward=1.000000 train_r2=1.000000 test_r2=1.000000 complexity=9 evals=84300
          Nguyen-1 run=42 seed=24233 time=0.044s reward=1.000000 train_r2=1.000000 test_r2=1.000000 complexity=9 evals=8179
          Nguyen-4 run=41 seed=18942 time=0.641s reward=1.000000 train_r2=1.000000 test_r2=1.000000 complexity=13 evals=88965
         Nguyen-10 run=41 seed=18942 time=0.282s reward=1.000000 train_r2=1.000000 test_r2=1.000000 complexity=6 evals=51245
          Nguyen-4 run=40 seed=25658 time=1.157s reward=1.000000 train_r2=1.000000 test_r2=1.000000 complexity=17 evals=172119
          Nguyen-6 run=42 seed=24233 time=0.029s reward=1.000000 train_r2=1.000000 test_r2=1.000000 complexity=9 evals=5357
          Nguyen-7 run=41 seed=18942 time=0.554s reward=1.000000 train_r2=1.000000 test_r2=1.000000 complexity=10 evals=78099
          Nguyen-8 run=42 seed=24233 time=0.119s reward=1.000000 train_r2=1.000000 test_r2=1.000000 complexity=3 evals=20672
          Nguyen-8 run=34 seed=28693 time=3.835s reward=1.000000 train_r2=1.000000 test_r2=1.000000 complexity=3 evals=478063
          Nguyen-9 run=42 seed=24233 time=0.030s reward=1.000000 train_r2=1.000000 test_r2=1.000000 complexity=7 evals=6024
         Nguyen-11 run=42 seed=24233 time=0.012s reward=1.000000 train_r2=1.000000 test_r2=1.000000 complexity=5 evals=2356
          Nguyen-5 run=42 seed=24233 time=0.331s reward=1.000000 train_r2=1.000000 test_r2=1.000000 complexity=9 evals=52401
          Nguyen-3 run=40 seed=25658 time=1.548s reward=1.000000 train_r2=1.000000 test_r2=1.000000 complexity=15 evals=195067
          Nguyen-1 run=43 seed=18431 time=0.052s reward=1.000000 train_r2=1.000000 test_r2=1.000000 complexity=8 evals=9685
          Nguyen-4 run=42 seed=24233 time=0.546s reward=1.000000 train_r2=1.000000 test_r2=1.000000 complexity=17 evals=76263
          Nguyen-2 run=42 seed=24233 time=0.601s reward=1.000000 train_r2=1.000000 test_r2=1.000000 complexity=10 evals=89965
        Nguyen-12* run=18 seed=16023 time=18.486s reward=0.999217 train_r2=0.999999 test_r2=0.999999 complexity=17 evals=2000000
          Nguyen-7 run=42 seed=24233 time=0.516s reward=1.000000 train_r2=1.000000 test_r2=1.000000 complexity=10 evals=82054
          Nguyen-5 run=43 seed=18431 time=0.114s reward=1.000000 train_r2=1.000000 test_r2=1.000000 complexity=9 evals=19138
          Nguyen-6 run=43 seed=18431 time=0.138s reward=1.000000 train_r2=1.000000 test_r2=1.000000 complexity=9 evals=23360
        Nguyen-12* run=20 seed=1685  time=17.576s reward=0.999341 train_r2=1.000000 test_r2=1.000000 complexity=17 evals=2000006
          Nguyen-2 run=43 seed=18431 time=0.339s reward=1.000000 train_r2=1.000000 test_r2=1.000000 complexity=12 evals=51777
         Nguyen-11 run=43 seed=18431 time=0.019s reward=1.000000 train_r2=1.000000 test_r2=1.000000 complexity=5 evals=3758
          Nguyen-7 run=43 seed=18431 time=0.151s reward=1.000000 train_r2=1.000000 test_r2=1.000000 complexity=10 evals=25425
          Nguyen-1 run=44 seed=32219 time=0.013s reward=1.000000 train_r2=1.000000 test_r2=1.000000 complexity=9 evals=2602
          Nguyen-9 run=43 seed=18431 time=0.111s reward=1.000000 train_r2=1.000000 test_r2=1.000000 complexity=7 evals=20267
          Nguyen-8 run=43 seed=18431 time=0.188s reward=1.000000 train_r2=1.000000 test_r2=1.000000 complexity=3 evals=30357
          Nguyen-4 run=38 seed=32304 time=3.161s reward=1.000000 train_r2=1.000000 test_r2=1.000000 complexity=13 evals=363222
          Nguyen-2 run=44 seed=32219 time=0.285s reward=1.000000 train_r2=1.000000 test_r2=1.000000 complexity=10 evals=48704
         Nguyen-10 run=42 seed=24233 time=0.785s reward=1.000000 train_r2=1.000000 test_r2=1.000000 complexity=6 evals=113150
         Nguyen-10 run=43 seed=18431 time=0.395s reward=1.000000 train_r2=1.000000 test_r2=1.000000 complexity=6 evals=65816
          Nguyen-4 run=44 seed=32219 time=0.330s reward=1.000000 train_r2=1.000000 test_r2=1.000000 complexity=13 evals=52452
          Nguyen-3 run=42 seed=24233 time=1.236s reward=1.000000 train_r2=1.000000 test_r2=1.000000 complexity=14 evals=170037
          Nguyen-8 run=44 seed=32219 time=0.113s reward=1.000000 train_r2=1.000000 test_r2=1.000000 complexity=3 evals=20633
         Nguyen-11 run=44 seed=32219 time=0.027s reward=1.000000 train_r2=1.000000 test_r2=1.000000 complexity=5 evals=5471
          Nguyen-9 run=44 seed=32219 time=0.124s reward=1.000000 train_r2=1.000000 test_r2=1.000000 complexity=7 evals=23191
          Nguyen-6 run=44 seed=32219 time=0.284s reward=1.000000 train_r2=1.000000 test_r2=1.000000 complexity=9 evals=48714
          Nguyen-3 run=43 seed=18431 time=1.003s reward=1.000000 train_r2=1.000000 test_r2=1.000000 complexity=16 evals=151730
        Nguyen-12* run=22 seed=769   time=17.255s reward=0.998931 train_r2=0.999999 test_r2=1.000000 complexity=16 evals=2000007
          Nguyen-1 run=45 seed=2747  time=0.057s reward=1.000000 train_r2=1.000000 test_r2=1.000000 complexity=9 evals=10356
          Nguyen-7 run=44 seed=32219 time=0.426s reward=1.000000 train_r2=1.000000 test_r2=1.000000 complexity=10 evals=61594
          Nguyen-2 run=45 seed=2747  time=0.150s reward=1.000000 train_r2=1.000000 test_r2=1.000000 complexity=10 evals=26409
          Nguyen-6 run=45 seed=2747  time=0.122s reward=1.000000 train_r2=1.000000 test_r2=1.000000 complexity=9 evals=20557
          Nguyen-7 run=45 seed=2747  time=0.109s reward=1.000000 train_r2=1.000000 test_r2=1.000000 complexity=11 evals=18929
          Nguyen-5 run=45 seed=2747  time=0.258s reward=1.000000 train_r2=1.000000 test_r2=1.000000 complexity=9 evals=43723
        Nguyen-12* run=19 seed=8322  time=19.106s reward=0.999711 train_r2=1.000000 test_r2=0.999978 complexity=20 evals=2000006
         Nguyen-11 run=45 seed=2747  time=0.010s reward=1.000000 train_r2=1.000000 test_r2=1.000000 complexity=5 evals=1487
          Nguyen-3 run=44 seed=32219 time=1.069s reward=1.000000 train_r2=1.000000 test_r2=1.000000 complexity=14 evals=146957
          Nguyen-3 run=45 seed=2747  time=0.510s reward=1.000000 train_r2=1.000000 test_r2=1.000000 complexity=14 evals=81771
          Nguyen-9 run=45 seed=2747  time=0.309s reward=1.000000 train_r2=1.000000 test_r2=1.000000 complexity=7 evals=55204
          Nguyen-1 run=46 seed=25551 time=0.116s reward=1.000000 train_r2=1.000000 test_r2=1.000000 complexity=8 evals=19586
          Nguyen-2 run=46 seed=25551 time=0.123s reward=1.000000 train_r2=1.000000 test_r2=1.000000 complexity=10 evals=21997
          Nguyen-8 run=40 seed=25658 time=3.233s reward=1.000000 train_r2=1.000000 test_r2=1.000000 complexity=3 evals=457371
          Nguyen-6 run=46 seed=25551 time=0.044s reward=1.000000 train_r2=1.000000 test_r2=1.000000 complexity=9 evals=8369
          Nguyen-3 run=46 seed=25551 time=0.399s reward=1.000000 train_r2=1.000000 test_r2=1.000000 complexity=14 evals=65084
        Nguyen-12* run=21 seed=32052 time=18.859s reward=0.999565 train_r2=1.000000 test_r2=1.000000 complexity=14 evals=2000002
          Nguyen-4 run=45 seed=2747  time=1.017s reward=1.000000 train_r2=1.000000 test_r2=1.000000 complexity=16 evals=129684
          Nguyen-5 run=44 seed=32219 time=1.642s reward=1.000000 train_r2=1.000000 test_r2=1.000000 complexity=9 evals=197926
          Nguyen-9 run=46 seed=25551 time=0.134s reward=1.000000 train_r2=1.000000 test_r2=1.000000 complexity=7 evals=24117
         Nguyen-11 run=46 seed=25551 time=0.019s reward=1.000000 train_r2=1.000000 test_r2=1.000000 complexity=5 evals=3813
          Nguyen-1 run=47 seed=26382 time=0.015s reward=1.000000 train_r2=1.000000 test_r2=1.000000 complexity=9 evals=2920
         Nguyen-10 run=46 seed=25551 time=0.161s reward=1.000000 train_r2=1.000000 test_r2=1.000000 complexity=6 evals=27760
         Nguyen-10 run=44 seed=32219 time=1.384s reward=1.000000 train_r2=1.000000 test_r2=1.000000 complexity=6 evals=188714
          Nguyen-7 run=46 seed=25551 time=0.251s reward=1.000000 train_r2=1.000000 test_r2=1.000000 complexity=11 evals=42651
          Nguyen-5 run=46 seed=25551 time=0.612s reward=1.000000 train_r2=1.000000 test_r2=1.000000 complexity=9 evals=96884
        Nguyen-12* run=33 seed=19769 time=6.779s reward=1.000000 train_r2=1.000000 test_r2=1.000000 complexity=17 evals=769967
          Nguyen-4 run=43 seed=18431 time=2.198s reward=1.000000 train_r2=1.000000 test_r2=1.000000 complexity=13 evals=269104
          Nguyen-5 run=47 seed=26382 time=0.113s reward=1.000000 train_r2=1.000000 test_r2=1.000000 complexity=9 evals=19419
          Nguyen-8 run=47 seed=26382 time=0.082s reward=1.000000 train_r2=1.000000 test_r2=1.000000 complexity=3 evals=14541
          Nguyen-9 run=47 seed=26382 time=0.047s reward=1.000000 train_r2=1.000000 test_r2=1.000000 complexity=7 evals=9223
          Nguyen-6 run=47 seed=26382 time=0.157s reward=1.000000 train_r2=1.000000 test_r2=1.000000 complexity=9 evals=27953
         Nguyen-11 run=47 seed=26382 time=0.014s reward=1.000000 train_r2=1.000000 test_r2=1.000000 complexity=5 evals=2829
          Nguyen-1 run=48 seed=189   time=0.096s reward=1.000000 train_r2=1.000000 test_r2=1.000000 complexity=9 evals=17361
          Nguyen-7 run=47 seed=26382 time=0.230s reward=1.000000 train_r2=1.000000 test_r2=1.000000 complexity=11 evals=34406
          Nguyen-4 run=46 seed=25551 time=1.018s reward=1.000000 train_r2=1.000000 test_r2=1.000000 complexity=17 evals=140117
          Nguyen-2 run=48 seed=189   time=0.140s reward=1.000000 train_r2=1.000000 test_r2=1.000000 complexity=10 evals=25376
          Nguyen-2 run=47 seed=26382 time=0.506s reward=1.000000 train_r2=1.000000 test_r2=1.000000 complexity=10 evals=73442
         Nguyen-10 run=47 seed=26382 time=0.342s reward=1.000000 train_r2=1.000000 test_r2=1.000000 complexity=6 evals=51420
          Nguyen-6 run=48 seed=189   time=0.140s reward=1.000000 train_r2=1.000000 test_r2=1.000000 complexity=9 evals=23852
          Nguyen-3 run=47 seed=26382 time=0.721s reward=1.000000 train_r2=1.000000 test_r2=1.000000 complexity=14 evals=99614
          Nguyen-7 run=48 seed=189   time=0.255s reward=1.000000 train_r2=1.000000 test_r2=1.000000 complexity=10 evals=38224
        Nguyen-12* run=23 seed=26967 time=18.410s reward=0.999502 train_r2=1.000000 test_r2=1.000000 complexity=17 evals=2000003
         Nguyen-11 run=48 seed=189   time=0.026s reward=1.000000 train_r2=1.000000 test_r2=1.000000 complexity=5 evals=5166
          Nguyen-9 run=48 seed=189   time=0.243s reward=1.000000 train_r2=1.000000 test_r2=1.000000 complexity=7 evals=40383
          Nguyen-4 run=48 seed=189   time=0.567s reward=1.000000 train_r2=1.000000 test_r2=1.000000 complexity=13 evals=80957
          Nguyen-3 run=48 seed=189   time=0.664s reward=1.000000 train_r2=1.000000 test_r2=1.000000 complexity=14 evals=90470
          Nguyen-1 run=49 seed=31677 time=0.038s reward=1.000000 train_r2=1.000000 test_r2=1.000000 complexity=9 evals=6858
          Nguyen-2 run=49 seed=31677 time=0.047s reward=1.000000 train_r2=1.000000 test_r2=1.000000 complexity=10 evals=8735
          Nguyen-5 run=49 seed=31677 time=0.123s reward=1.000000 train_r2=1.000000 test_r2=1.000000 complexity=9 evals=20729
          Nguyen-6 run=49 seed=31677 time=0.099s reward=1.000000 train_r2=1.000000 test_r2=1.000000 complexity=9 evals=17031
         Nguyen-10 run=48 seed=189   time=0.543s reward=1.000000 train_r2=1.000000 test_r2=1.000000 complexity=6 evals=82323
          Nguyen-4 run=47 seed=26382 time=1.449s reward=1.000000 train_r2=1.000000 test_r2=1.000000 complexity=13 evals=183214
        Nguyen-12* run=24 seed=30187 time=18.150s reward=0.998986 train_r2=0.999999 test_r2=0.999999 complexity=21 evals=2000003
          Nguyen-5 run=48 seed=189   time=0.989s reward=1.000000 train_r2=1.000000 test_r2=1.000000 complexity=9 evals=143752
         Nguyen-11 run=49 seed=31677 time=0.010s reward=1.000000 train_r2=1.000000 test_r2=1.000000 complexity=5 evals=1950
          Nguyen-3 run=49 seed=31677 time=0.478s reward=1.000000 train_r2=1.000000 test_r2=1.000000 complexity=14 evals=67536
          Nguyen-8 run=49 seed=31677 time=0.114s reward=1.000000 train_r2=1.000000 test_r2=1.000000 complexity=3 evals=19377
          Nguyen-8 run=48 seed=189   time=0.863s reward=1.000000 train_r2=1.000000 test_r2=1.000000 complexity=3 evals=127591
          Nguyen-1 run=50 seed=19118 time=0.031s reward=1.000000 train_r2=1.000000 test_r2=1.000000 complexity=9 evals=5637
          Nguyen-9 run=49 seed=31677 time=0.141s reward=1.000000 train_r2=1.000000 test_r2=1.000000 complexity=7 evals=25095
          Nguyen-8 run=46 seed=25551 time=1.865s reward=1.000000 train_r2=1.000000 test_r2=1.000000 complexity=3 evals=278930
          Nguyen-2 run=50 seed=19118 time=0.201s reward=1.000000 train_r2=1.000000 test_r2=1.000000 complexity=12 evals=30601
          Nguyen-6 run=50 seed=19118 time=0.175s reward=1.000000 train_r2=1.000000 test_r2=1.000000 complexity=9 evals=29966
         Nguyen-10 run=45 seed=2747  time=2.742s reward=1.000000 train_r2=1.000000 test_r2=1.000000 complexity=6 evals=369380
          Nguyen-7 run=49 seed=31677 time=0.553s reward=1.000000 train_r2=1.000000 test_r2=1.000000 complexity=11 evals=81243
          Nguyen-7 run=50 seed=19118 time=0.162s reward=1.000000 train_r2=1.000000 test_r2=1.000000 complexity=11 evals=24461
         Nguyen-11 run=50 seed=19118 time=0.033s reward=1.000000 train_r2=1.000000 test_r2=1.000000 complexity=5 evals=6397
          Nguyen-9 run=50 seed=19118 time=0.087s reward=1.000000 train_r2=1.000000 test_r2=1.000000 complexity=7 evals=16858
          Nguyen-1 run=51 seed=3005  time=0.053s reward=1.000000 train_r2=1.000000 test_r2=1.000000 complexity=9 evals=9890
          Nguyen-3 run=50 seed=19118 time=0.564s reward=1.000000 train_r2=1.000000 test_r2=1.000000 complexity=14 evals=79920
          Nguyen-2 run=51 seed=3005  time=0.113s reward=1.000000 train_r2=1.000000 test_r2=1.000000 complexity=12 evals=20425
          Nguyen-4 run=50 seed=19118 time=0.774s reward=1.000000 train_r2=1.000000 test_r2=1.000000 complexity=17 evals=104459
          Nguyen-3 run=51 seed=3005  time=0.266s reward=1.000000 train_r2=1.000000 test_r2=1.000000 complexity=14 evals=40036
          Nguyen-4 run=49 seed=31677 time=1.430s reward=1.000000 train_r2=1.000000 test_r2=1.000000 complexity=17 evals=182526
          Nguyen-5 run=50 seed=19118 time=0.838s reward=1.000000 train_r2=1.000000 test_r2=1.000000 complexity=9 evals=113365
          Nguyen-5 run=51 seed=3005  time=0.107s reward=1.000000 train_r2=1.000000 test_r2=1.000000 complexity=9 evals=16521
          Nguyen-7 run=51 seed=3005  time=0.122s reward=1.000000 train_r2=1.000000 test_r2=1.000000 complexity=10 evals=19419
          Nguyen-8 run=51 seed=3005  time=0.139s reward=1.000000 train_r2=1.000000 test_r2=1.000000 complexity=3 evals=24010
         Nguyen-11 run=51 seed=3005  time=0.017s reward=1.000000 train_r2=1.000000 test_r2=1.000000 complexity=5 evals=3472
          Nguyen-9 run=51 seed=3005  time=0.138s reward=1.000000 train_r2=1.000000 test_r2=1.000000 complexity=7 evals=23009
          Nguyen-6 run=51 seed=3005  time=0.276s reward=1.000000 train_r2=1.000000 test_r2=1.000000 complexity=9 evals=42225
         Nguyen-10 run=49 seed=31677 time=1.266s reward=1.000000 train_r2=1.000000 test_r2=1.000000 complexity=6 evals=172003
          Nguyen-1 run=52 seed=21042 time=0.112s reward=1.000000 train_r2=1.000000 test_r2=1.000000 complexity=9 evals=17757
         Nguyen-10 run=51 seed=3005  time=0.221s reward=1.000000 train_r2=1.000000 test_r2=1.000000 complexity=6 evals=36319
          Nguyen-3 run=52 seed=21042 time=0.112s reward=1.000000 train_r2=1.000000 test_r2=1.000000 complexity=14 evals=18810
          Nguyen-6 run=52 seed=21042 time=0.069s reward=1.000000 train_r2=1.000000 test_r2=1.000000 complexity=9 evals=11747
          Nguyen-2 run=52 seed=21042 time=0.343s reward=1.000000 train_r2=1.000000 test_r2=1.000000 complexity=12 evals=50876
          Nguyen-4 run=52 seed=21042 time=0.286s reward=1.000000 train_r2=1.000000 test_r2=1.000000 complexity=14 evals=41549
          Nguyen-8 run=52 seed=21042 time=0.049s reward=1.000000 train_r2=1.000000 test_r2=1.000000 complexity=3 evals=8781
         Nguyen-10 run=50 seed=19118 time=1.179s reward=1.000000 train_r2=1.000000 test_r2=1.000000 complexity=6 evals=166768
          Nguyen-4 run=51 seed=3005  time=0.924s reward=1.000000 train_r2=1.000000 test_r2=1.000000 complexity=13 evals=136383
         Nguyen-11 run=52 seed=21042 time=0.017s reward=1.000000 train_r2=1.000000 test_r2=1.000000 complexity=5 evals=3405
          Nguyen-9 run=52 seed=21042 time=0.095s reward=1.000000 train_r2=1.000000 test_r2=1.000000 complexity=7 evals=15101
          Nguyen-1 run=53 seed=1899  time=0.059s reward=1.000000 train_r2=1.000000 test_r2=1.000000 complexity=9 evals=10365
          Nguyen-7 run=52 seed=21042 time=0.241s reward=1.000000 train_r2=1.000000 test_r2=1.000000 complexity=10 evals=35479
         Nguyen-10 run=52 seed=21042 time=0.140s reward=1.000000 train_r2=1.000000 test_r2=1.000000 complexity=6 evals=24953
          Nguyen-2 run=53 seed=1899  time=0.074s reward=1.000000 train_r2=1.000000 test_r2=1.000000 complexity=10 evals=10961
          Nguyen-6 run=53 seed=1899  time=0.049s reward=1.000000 train_r2=1.000000 test_r2=1.000000 complexity=9 evals=8300
          Nguyen-5 run=52 seed=21042 time=0.597s reward=1.000000 train_r2=1.000000 test_r2=1.000000 complexity=9 evals=82505
          Nguyen-5 run=53 seed=1899  time=0.210s reward=1.000000 train_r2=1.000000 test_r2=1.000000 complexity=9 evals=32429
          Nguyen-9 run=53 seed=1899  time=0.076s reward=1.000000 train_r2=1.000000 test_r2=1.000000 complexity=7 evals=13939
          Nguyen-4 run=53 seed=1899  time=0.573s reward=1.000000 train_r2=1.000000 test_r2=1.000000 complexity=16 evals=79469
         Nguyen-11 run=53 seed=1899  time=0.024s reward=1.000000 train_r2=1.000000 test_r2=1.000000 complexity=5 evals=4777
         Nguyen-10 run=53 seed=1899  time=0.535s reward=1.000000 train_r2=1.000000 test_r2=1.000000 complexity=6 evals=79020
          Nguyen-7 run=53 seed=1899  time=0.737s reward=1.000000 train_r2=1.000000 test_r2=1.000000 complexity=10 evals=99181
          Nguyen-3 run=53 seed=1899  time=0.893s reward=1.000000 train_r2=1.000000 test_r2=1.000000 complexity=16 evals=119612
          Nguyen-1 run=54 seed=24118 time=0.068s reward=1.000000 train_r2=1.000000 test_r2=1.000000 complexity=9 evals=11841
        Nguyen-12* run=26 seed=23333 time=18.151s reward=0.999404 train_r2=1.000000 test_r2=0.999998 complexity=21 evals=2000003
          Nguyen-8 run=45 seed=2747  time=5.304s reward=1.000000 train_r2=1.000000 test_r2=1.000000 complexity=3 evals=648421
          Nguyen-2 run=54 seed=24118 time=0.220s reward=1.000000 train_r2=1.000000 test_r2=1.000000 complexity=12 evals=31667
          Nguyen-6 run=54 seed=24118 time=0.069s reward=1.000000 train_r2=1.000000 test_r2=1.000000 complexity=9 evals=12208
          Nguyen-8 run=54 seed=24118 time=0.120s reward=1.000000 train_r2=1.000000 test_r2=1.000000 complexity=3 evals=19762
          Nguyen-3 run=54 seed=24118 time=0.408s reward=1.000000 train_r2=1.000000 test_r2=1.000000 complexity=14 evals=59770
          Nguyen-9 run=54 seed=24118 time=0.125s reward=1.000000 train_r2=1.000000 test_r2=1.000000 complexity=7 evals=21824
         Nguyen-11 run=54 seed=24118 time=0.018s reward=1.000000 train_r2=1.000000 test_r2=1.000000 complexity=5 evals=3481
         Nguyen-10 run=54 seed=24118 time=0.137s reward=1.000000 train_r2=1.000000 test_r2=1.000000 complexity=6 evals=24232
          Nguyen-8 run=50 seed=19118 time=2.940s reward=1.000000 train_r2=1.000000 test_r2=1.000000 complexity=3 evals=413791
          Nguyen-1 run=55 seed=1267  time=0.053s reward=1.000000 train_r2=1.000000 test_r2=1.000000 complexity=9 evals=9323
        Nguyen-12* run=27 seed=2433  time=17.127s reward=0.999444 train_r2=1.000000 test_r2=1.000000 complexity=21 evals=2000003
          Nguyen-7 run=54 seed=24118 time=0.406s reward=1.000000 train_r2=1.000000 test_r2=1.000000 complexity=11 evals=54929
          Nguyen-2 run=55 seed=1267  time=0.300s reward=1.000000 train_r2=1.000000 test_r2=1.000000 complexity=10 evals=48454
          Nguyen-5 run=54 seed=24118 time=0.826s reward=1.000000 train_r2=1.000000 test_r2=1.000000 complexity=9 evals=106445
          Nguyen-6 run=55 seed=1267  time=0.110s reward=1.000000 train_r2=1.000000 test_r2=1.000000 complexity=9 evals=19484
          Nguyen-3 run=55 seed=1267  time=0.451s reward=1.000000 train_r2=1.000000 test_r2=1.000000 complexity=14 evals=67843
          Nguyen-9 run=55 seed=1267  time=0.013s reward=1.000000 train_r2=1.000000 test_r2=1.000000 complexity=7 evals=2408
          Nguyen-4 run=54 seed=24118 time=1.328s reward=1.000000 train_r2=1.000000 test_r2=1.000000 complexity=17 evals=168196
         Nguyen-11 run=55 seed=1267  time=0.012s reward=1.000000 train_r2=1.000000 test_r2=1.000000 complexity=5 evals=2361
         Nguyen-10 run=55 seed=1267  time=0.337s reward=1.000000 train_r2=1.000000 test_r2=1.000000 complexity=6 evals=55866
          Nguyen-7 run=55 seed=1267  time=0.471s reward=1.000000 train_r2=1.000000 test_r2=1.000000 complexity=11 evals=68877
          Nguyen-4 run=55 seed=1267  time=0.848s reward=1.000000 train_r2=1.000000 test_r2=1.000000 complexity=13 evals=118416
          Nguyen-1 run=56 seed=31551 time=0.071s reward=1.000000 train_r2=1.000000 test_r2=1.000000 complexity=8 evals=12820
          Nguyen-2 run=56 seed=31551 time=0.179s reward=1.000000 train_r2=1.000000 test_r2=1.000000 complexity=12 evals=29388
          Nguyen-3 run=56 seed=31551 time=0.406s reward=1.000000 train_r2=1.000000 test_r2=1.000000 complexity=14 evals=63446
          Nguyen-6 run=56 seed=31551 time=0.034s reward=1.000000 train_r2=1.000000 test_r2=1.000000 complexity=9 evals=6201
          Nguyen-4 run=56 seed=31551 time=0.427s reward=1.000000 train_r2=1.000000 test_r2=1.000000 complexity=13 evals=63988
          Nguyen-5 run=56 seed=31551 time=0.385s reward=1.000000 train_r2=1.000000 test_r2=1.000000 complexity=9 evals=54303
          Nguyen-8 run=56 seed=31551 time=0.095s reward=1.000000 train_r2=1.000000 test_r2=1.000000 complexity=3 evals=16225
          Nguyen-9 run=56 seed=31551 time=0.045s reward=1.000000 train_r2=1.000000 test_r2=1.000000 complexity=7 evals=8733
         Nguyen-11 run=56 seed=31551 time=0.015s reward=1.000000 train_r2=1.000000 test_r2=1.000000 complexity=5 evals=3100
          Nguyen-7 run=56 seed=31551 time=0.165s reward=1.000000 train_r2=1.000000 test_r2=1.000000 complexity=10 evals=27463
          Nguyen-1 run=57 seed=17912 time=0.086s reward=1.000000 train_r2=1.000000 test_r2=1.000000 complexity=9 evals=15545
         Nguyen-10 run=56 seed=31551 time=0.266s reward=1.000000 train_r2=1.000000 test_r2=1.000000 complexity=6 evals=42991
          Nguyen-8 run=53 seed=1899  time=3.453s reward=1.000000 train_r2=1.000000 test_r2=1.000000 complexity=3 evals=436751
          Nguyen-2 run=57 seed=17912 time=0.714s reward=1.000000 train_r2=1.000000 test_r2=1.000000 complexity=12 evals=104945
          Nguyen-8 run=55 seed=1267  time=1.986s reward=1.000000 train_r2=1.000000 test_r2=1.000000 complexity=3 evals=291597
          Nguyen-6 run=57 seed=17912 time=0.229s reward=1.000000 train_r2=1.000000 test_r2=1.000000 complexity=9 evals=39207
          Nguyen-3 run=57 seed=17912 time=0.938s reward=1.000000 train_r2=1.000000 test_r2=1.000000 complexity=14 evals=128340
          Nguyen-7 run=57 seed=17912 time=0.109s reward=1.000000 train_r2=1.000000 test_r2=1.000000 complexity=11 evals=18801
        Nguyen-12* run=30 seed=6420  time=16.029s reward=0.998934 train_r2=0.999999 test_r2=0.999999 complexity=24 evals=2000001
          Nguyen-5 run=57 seed=17912 time=0.507s reward=1.000000 train_r2=1.000000 test_r2=1.000000 complexity=9 evals=73716
          Nguyen-9 run=57 seed=17912 time=0.168s reward=1.000000 train_r2=1.000000 test_r2=1.000000 complexity=7 evals=31720
         Nguyen-11 run=57 seed=17912 time=0.020s reward=1.000000 train_r2=1.000000 test_r2=1.000000 complexity=5 evals=4061
          Nguyen-4 run=57 seed=17912 time=0.890s reward=1.000000 train_r2=1.000000 test_r2=1.000000 complexity=17 evals=117746
          Nguyen-1 run=58 seed=11394 time=0.053s reward=1.000000 train_r2=1.000000 test_r2=1.000000 complexity=8 evals=9415
        Nguyen-12* run=28 seed=5311  time=18.223s reward=0.998407 train_r2=0.999997 test_r2=0.999999 complexity=20 evals=2000006
          Nguyen-2 run=58 seed=11394 time=0.392s reward=1.000000 train_r2=1.000000 test_r2=1.000000 complexity=10 evals=56668
          Nguyen-8 run=57 seed=17912 time=0.852s reward=1.000000 train_r2=1.000000 test_r2=1.000000 complexity=14 evals=124026
          Nguyen-3 run=58 seed=11394 time=0.643s reward=1.000000 train_r2=1.000000 test_r2=1.000000 complexity=14 evals=95681
        Nguyen-12* run=29 seed=5051  time=18.673s reward=0.998235 train_r2=0.999997 test_r2=0.999999 complexity=20 evals=2000004
          Nguyen-6 run=58 seed=11394 time=0.300s reward=1.000000 train_r2=1.000000 test_r2=1.000000 complexity=9 evals=46919
          Nguyen-7 run=58 seed=11394 time=0.393s reward=1.000000 train_r2=1.000000 test_r2=1.000000 complexity=10 evals=59706
        Nguyen-12* run=39 seed=8666  time=12.439s reward=1.000000 train_r2=1.000000 test_r2=1.000000 complexity=14 evals=1409393
          Nguyen-9 run=58 seed=11394 time=0.110s reward=1.000000 train_r2=1.000000 test_r2=1.000000 complexity=7 evals=20001
         Nguyen-11 run=58 seed=11394 time=0.027s reward=1.000000 train_r2=1.000000 test_r2=1.000000 complexity=5 evals=5230
          Nguyen-8 run=58 seed=11394 time=0.233s reward=1.000000 train_r2=1.000000 test_r2=1.000000 complexity=3 evals=37608
          Nguyen-1 run=59 seed=3556  time=0.035s reward=1.000000 train_r2=1.000000 test_r2=1.000000 complexity=9 evals=6358
          Nguyen-2 run=59 seed=3556  time=0.148s reward=1.000000 train_r2=1.000000 test_r2=1.000000 complexity=10 evals=23787
          Nguyen-3 run=59 seed=3556  time=0.150s reward=1.000000 train_r2=1.000000 test_r2=1.000000 complexity=14 evals=24709
         Nguyen-10 run=58 seed=11394 time=0.358s reward=1.000000 train_r2=1.000000 test_r2=1.000000 complexity=6 evals=61677
          Nguyen-6 run=59 seed=3556  time=0.230s reward=1.000000 train_r2=1.000000 test_r2=1.000000 complexity=9 evals=37871
          Nguyen-5 run=59 seed=3556  time=0.570s reward=1.000000 train_r2=1.000000 test_r2=1.000000 complexity=9 evals=79207
          Nguyen-7 run=59 seed=3556  time=0.263s reward=1.000000 train_r2=1.000000 test_r2=1.000000 complexity=10 evals=40662
          Nguyen-8 run=59 seed=3556  time=0.027s reward=1.000000 train_r2=1.000000 test_r2=1.000000 complexity=3 evals=4808
          Nguyen-9 run=59 seed=3556  time=0.029s reward=1.000000 train_r2=1.000000 test_r2=1.000000 complexity=7 evals=4998
         Nguyen-11 run=59 seed=3556  time=0.011s reward=1.000000 train_r2=1.000000 test_r2=1.000000 complexity=5 evals=1734
        Nguyen-12* run=32 seed=20939 time=17.441s reward=0.999484 train_r2=1.000000 test_r2=1.000000 complexity=25 evals=2000001
          Nguyen-1 run=60 seed=3890  time=0.043s reward=1.000000 train_r2=1.000000 test_r2=1.000000 complexity=9 evals=7710
          Nguyen-4 run=59 seed=3556  time=1.202s reward=1.000000 train_r2=1.000000 test_r2=1.000000 complexity=16 evals=151554
          Nguyen-5 run=58 seed=11394 time=2.116s reward=1.000000 train_r2=1.000000 test_r2=1.000000 complexity=9 evals=260254
         Nguyen-10 run=59 seed=3556  time=0.709s reward=1.000000 train_r2=1.000000 test_r2=1.000000 complexity=6 evals=105765
         Nguyen-10 run=57 seed=17912 time=2.883s reward=1.000000 train_r2=1.000000 test_r2=1.000000 complexity=6 evals=374721
          Nguyen-2 run=60 seed=3890  time=0.427s reward=1.000000 train_r2=1.000000 test_r2=1.000000 complexity=12 evals=63174
          Nguyen-4 run=60 seed=3890  time=0.359s reward=1.000000 train_r2=1.000000 test_r2=1.000000 complexity=13 evals=52308
          Nguyen-5 run=60 seed=3890  time=0.371s reward=1.000000 train_r2=1.000000 test_r2=1.000000 complexity=9 evals=52246
          Nguyen-9 run=60 seed=3890  time=0.033s reward=1.000000 train_r2=1.000000 test_r2=1.000000 complexity=7 evals=6435
          Nguyen-8 run=60 seed=3890  time=0.273s reward=1.000000 train_r2=1.000000 test_r2=1.000000 complexity=3 evals=44379
          Nguyen-7 run=60 seed=3890  time=0.311s reward=1.000000 train_r2=1.000000 test_r2=1.000000 complexity=10 evals=44956
         Nguyen-10 run=60 seed=3890  time=0.019s reward=1.000000 train_r2=1.000000 test_r2=1.000000 complexity=6 evals=3764
         Nguyen-11 run=60 seed=3890  time=0.045s reward=1.000000 train_r2=1.000000 test_r2=1.000000 complexity=5 evals=8721
          Nguyen-3 run=60 seed=3890  time=0.736s reward=1.000000 train_r2=1.000000 test_r2=1.000000 complexity=14 evals=96937
          Nguyen-1 run=61 seed=8838  time=0.091s reward=1.000000 train_r2=1.000000 test_r2=1.000000 complexity=8 evals=15341
        Nguyen-12* run=36 seed=29419 time=16.495s reward=0.999542 train_r2=1.000000 test_r2=1.000000 complexity=21 evals=2000001
          Nguyen-6 run=60 seed=3890  time=0.526s reward=1.000000 train_r2=1.000000 test_r2=1.000000 complexity=9 evals=79661
          Nguyen-5 run=61 seed=8838  time=0.138s reward=1.000000 train_r2=1.000000 test_r2=1.000000 complexity=9 evals=23451
          Nguyen-6 run=61 seed=8838  time=0.140s reward=1.000000 train_r2=1.000000 test_r2=1.000000 complexity=9 evals=24608
          Nguyen-2 run=61 seed=8838  time=0.328s reward=1.000000 train_r2=1.000000 test_r2=1.000000 complexity=12 evals=48784
        Nguyen-12* run=48 seed=189   time=10.637s reward=1.000000 train_r2=1.000000 test_r2=1.000000 complexity=17 evals=1284902
          Nguyen-3 run=61 seed=8838  time=0.390s reward=1.000000 train_r2=1.000000 test_r2=1.000000 complexity=14 evals=56152
         Nguyen-11 run=61 seed=8838  time=0.021s reward=1.000000 train_r2=1.000000 test_r2=1.000000 complexity=5 evals=4054
          Nguyen-8 run=61 seed=8838  time=0.219s reward=1.000000 train_r2=1.000000 test_r2=1.000000 complexity=3 evals=38747
          Nguyen-4 run=58 seed=11394 time=3.403s reward=1.000000 train_r2=1.000000 test_r2=1.000000 complexity=17 evals=394203
          Nguyen-9 run=61 seed=8838  time=0.155s reward=1.000000 train_r2=1.000000 test_r2=1.000000 complexity=7 evals=26254
          Nguyen-7 run=61 seed=8838  time=0.261s reward=1.000000 train_r2=1.000000 test_r2=1.000000 complexity=11 evals=42675
          Nguyen-1 run=62 seed=30740 time=0.128s reward=1.000000 train_r2=1.000000 test_r2=1.000000 complexity=8 evals=22456
          Nguyen-2 run=62 seed=30740 time=0.365s reward=1.000000 train_r2=1.000000 test_r2=1.000000 complexity=12 evals=54954
          Nguyen-4 run=61 seed=8838  time=0.792s reward=1.000000 train_r2=1.000000 test_r2=1.000000 complexity=13 evals=106691
          Nguyen-5 run=62 seed=30740 time=0.278s reward=1.000000 train_r2=1.000000 test_r2=1.000000 complexity=9 evals=45678
        Nguyen-12* run=34 seed=28693 time=18.115s reward=0.999119 train_r2=0.999999 test_r2=0.999999 complexity=18 evals=2000004
          Nguyen-9 run=62 seed=30740 time=0.106s reward=1.000000 train_r2=1.000000 test_r2=1.000000 complexity=7 evals=19149
          Nguyen-6 run=62 seed=30740 time=0.248s reward=1.000000 train_r2=1.000000 test_r2=1.000000 complexity=9 evals=38953
          Nguyen-7 run=62 seed=30740 time=0.255s reward=1.000000 train_r2=1.000000 test_r2=1.000000 complexity=10 evals=39265
         Nguyen-11 run=62 seed=30740 time=0.032s reward=1.000000 train_r2=1.000000 test_r2=1.000000 complexity=5 evals=6382
          Nguyen-1 run=63 seed=27464 time=0.033s reward=1.000000 train_r2=1.000000 test_r2=1.000000 complexity=8 evals=5863
          Nguyen-8 run=62 seed=30740 time=0.313s reward=1.000000 train_r2=1.000000 test_r2=1.000000 complexity=3 evals=56397
          Nguyen-3 run=62 seed=30740 time=0.735s reward=1.000000 train_r2=1.000000 test_r2=1.000000 complexity=15 evals=100799
         Nguyen-10 run=62 seed=30740 time=0.180s reward=1.000000 train_r2=1.000000 test_r2=1.000000 complexity=6 evals=30677
         Nguyen-10 run=61 seed=8838  time=0.944s reward=1.000000 train_r2=1.000000 test_r2=1.000000 complexity=6 evals=136606
          Nguyen-4 run=62 seed=30740 time=0.926s reward=1.000000 train_r2=1.000000 test_r2=1.000000 complexity=13 evals=132287
          Nguyen-6 run=63 seed=27464 time=0.081s reward=1.000000 train_r2=1.000000 test_r2=1.000000 complexity=9 evals=15093
          Nguyen-5 run=55 seed=1267  time=7.775s reward=1.000000 train_r2=1.000000 test_r2=1.000000 complexity=9 evals=808182
          Nguyen-9 run=63 seed=27464 time=0.109s reward=1.000000 train_r2=1.000000 test_r2=1.000000 complexity=7 evals=19320
          Nguyen-5 run=63 seed=27464 time=0.286s reward=1.000000 train_r2=1.000000 test_r2=1.000000 complexity=9 evals=44251
          Nguyen-8 run=63 seed=27464 time=0.141s reward=1.000000 train_r2=1.000000 test_r2=1.000000 complexity=3 evals=24826
          Nguyen-2 run=63 seed=27464 time=0.454s reward=1.000000 train_r2=1.000000 test_r2=1.000000 complexity=10 evals=63286
        Nguyen-12* run=37 seed=27480 time=17.258s reward=0.999293 train_r2=0.999999 test_r2=0.999999 complexity=14 evals=2000006
         Nguyen-11 run=63 seed=27464 time=0.044s reward=1.000000 train_r2=1.000000 test_r2=1.000000 complexity=5 evals=8292
          Nguyen-3 run=63 seed=27464 time=0.471s reward=1.000000 train_r2=1.000000 test_r2=1.000000 complexity=14 evals=74759
          Nguyen-1 run=64 seed=14502 time=0.059s reward=1.000000 train_r2=1.000000 test_r2=1.000000 complexity=9 evals=10219
         Nguyen-10 run=63 seed=27464 time=0.314s reward=1.000000 train_r2=1.000000 test_r2=1.000000 complexity=6 evals=49226
        Nguyen-12* run=40 seed=25658 time=16.514s reward=0.999113 train_r2=0.999999 test_r2=0.999998 complexity=35 evals=2000002
        Nguyen-12* run=35 seed=6396  time=18.763s reward=0.999377 train_r2=1.000000 test_r2=1.000000 complexity=25 evals=2000003
          Nguyen-2 run=64 seed=14502 time=0.364s reward=1.000000 train_r2=1.000000 test_r2=1.000000 complexity=10 evals=53802
          Nguyen-7 run=63 seed=27464 time=0.633s reward=1.000000 train_r2=1.000000 test_r2=1.000000 complexity=11 evals=95301
          Nguyen-6 run=64 seed=14502 time=0.161s reward=1.000000 train_r2=1.000000 test_r2=1.000000 complexity=9 evals=25659
          Nguyen-9 run=64 seed=14502 time=0.091s reward=1.000000 train_r2=1.000000 test_r2=1.000000 complexity=7 evals=16588
         Nguyen-11 run=64 seed=14502 time=0.027s reward=1.000000 train_r2=1.000000 test_r2=1.000000 complexity=5 evals=5314
          Nguyen-1 run=65 seed=21777 time=0.024s reward=1.000000 train_r2=1.000000 test_r2=1.000000 complexity=8 evals=4439
        Nguyen-12* run=38 seed=32304 time=17.988s reward=0.998569 train_r2=0.999998 test_r2=0.999997 complexity=16 evals=2000006
          Nguyen-7 run=64 seed=14502 time=0.236s reward=1.000000 train_r2=1.000000 test_r2=1.000000 complexity=11 evals=38794
          Nguyen-8 run=64 seed=14502 time=0.269s reward=1.000000 train_r2=1.000000 test_r2=1.000000 complexity=3 evals=43275
         Nguyen-10 run=64 seed=14502 time=0.161s reward=1.000000 train_r2=1.000000 test_r2=1.000000 complexity=6 evals=29607
          Nguyen-3 run=65 seed=21777 time=0.119s reward=1.000000 train_r2=1.000000 test_r2=1.000000 complexity=14 evals=20147
          Nguyen-2 run=65 seed=21777 time=0.137s reward=1.000000 train_r2=1.000000 test_r2=1.000000 complexity=12 evals=22439
          Nguyen-3 run=64 seed=14502 time=0.663s reward=1.000000 train_r2=1.000000 test_r2=1.000000 complexity=14 evals=93529
          Nguyen-8 run=65 seed=21777 time=0.028s reward=1.000000 train_r2=1.000000 test_r2=1.000000 complexity=3 evals=4777
        Nguyen-12* run=41 seed=18942 time=16.437s reward=0.999189 train_r2=0.999999 test_r2=0.999999 complexity=20 evals=2000008
         Nguyen-11 run=65 seed=21777 time=0.006s reward=1.000000 train_r2=1.000000 test_r2=1.000000 complexity=5 evals=1148
          Nguyen-4 run=63 seed=27464 time=1.126s reward=1.000000 train_r2=1.000000 test_r2=1.000000 complexity=13 evals=149084
          Nguyen-7 run=65 seed=21777 time=0.075s reward=1.000000 train_r2=1.000000 test_r2=1.000000 complexity=10 evals=12668
          Nguyen-1 run=66 seed=10627 time=0.021s reward=1.000000 train_r2=1.000000 test_r2=1.000000 complexity=9 evals=3732
          Nguyen-9 run=65 seed=21777 time=0.082s reward=1.000000 train_r2=1.000000 test_r2=1.000000 complexity=7 evals=15051
          Nguyen-6 run=65 seed=21777 time=0.147s reward=1.000000 train_r2=1.000000 test_r2=1.000000 complexity=9 evals=25784
          Nguyen-5 run=65 seed=21777 time=0.182s reward=1.000000 train_r2=1.000000 test_r2=1.000000 complexity=9 evals=28546
          Nguyen-2 run=66 seed=10627 time=0.183s reward=1.000000 train_r2=1.000000 test_r2=1.000000 complexity=12 evals=29618
          Nguyen-6 run=66 seed=10627 time=0.170s reward=1.000000 train_r2=1.000000 test_r2=1.000000 complexity=9 evals=26813
         Nguyen-10 run=65 seed=21777 time=0.326s reward=1.000000 train_r2=1.000000 test_r2=1.000000 complexity=6 evals=53251
          Nguyen-4 run=64 seed=14502 time=1.007s reward=1.000000 train_r2=1.000000 test_r2=1.000000 complexity=13 evals=145702
          Nguyen-9 run=66 seed=10627 time=0.025s reward=1.000000 train_r2=1.000000 test_r2=1.000000 complexity=7 evals=5039
         Nguyen-11 run=66 seed=10627 time=0.020s reward=1.000000 train_r2=1.000000 test_r2=1.000000 complexity=5 evals=4103
         Nguyen-10 run=66 seed=10627 time=0.117s reward=1.000000 train_r2=1.000000 test_r2=1.000000 complexity=6 evals=21398
          Nguyen-4 run=65 seed=21777 time=0.735s reward=1.000000 train_r2=1.000000 test_r2=1.000000 complexity=17 evals=108162
          Nguyen-1 run=67 seed=8792  time=0.126s reward=1.000000 train_r2=1.000000 test_r2=1.000000 complexity=9 evals=22314
          Nguyen-7 run=66 seed=10627 time=0.436s reward=1.000000 train_r2=1.000000 test_r2=1.000000 complexity=11 evals=65535
          Nguyen-4 run=67 seed=8792  time=0.105s reward=1.000000 train_r2=1.000000 test_r2=1.000000 complexity=13 evals=13854
          Nguyen-5 run=64 seed=14502 time=1.536s reward=1.000000 train_r2=1.000000 test_r2=1.000000 complexity=9 evals=181944
        Nguyen-12* run=66 seed=10627 time=0.485s reward=1.000000 train_r2=1.000000 test_r2=1.000000 complexity=17 evals=74096
          Nguyen-2 run=67 seed=8792  time=0.339s reward=1.000000 train_r2=1.000000 test_r2=1.000000 complexity=10 evals=55963
          Nguyen-3 run=66 seed=10627 time=0.998s reward=1.000000 train_r2=1.000000 test_r2=1.000000 complexity=14 evals=130185
          Nguyen-8 run=67 seed=8792  time=0.137s reward=1.000000 train_r2=1.000000 test_r2=1.000000 complexity=5 evals=25162
          Nguyen-7 run=67 seed=8792  time=0.214s reward=1.000000 train_r2=1.000000 test_r2=1.000000 complexity=10 evals=31997
         Nguyen-11 run=67 seed=8792  time=0.072s reward=1.000000 train_r2=1.000000 test_r2=1.000000 complexity=5 evals=13267
          Nguyen-9 run=67 seed=8792  time=0.165s reward=1.000000 train_r2=1.000000 test_r2=1.000000 complexity=7 evals=28125
         Nguyen-10 run=67 seed=8792  time=0.261s reward=1.000000 train_r2=1.000000 test_r2=1.000000 complexity=6 evals=43519
          Nguyen-1 run=68 seed=10555 time=0.127s reward=1.000000 train_r2=1.000000 test_r2=1.000000 complexity=9 evals=21248
        Nguyen-12* run=44 seed=32219 time=16.563s reward=0.999183 train_r2=0.999999 test_r2=0.999991 complexity=19 evals=2000001
          Nguyen-3 run=67 seed=8792  time=0.973s reward=1.000000 train_r2=1.000000 test_r2=1.000000 complexity=14 evals=141085
          Nguyen-6 run=67 seed=8792  time=0.854s reward=1.000000 train_r2=1.000000 test_r2=1.000000 complexity=9 evals=116761
          Nguyen-3 run=68 seed=10555 time=0.348s reward=1.000000 train_r2=1.000000 test_r2=1.000000 complexity=14 evals=52111
          Nguyen-6 run=68 seed=10555 time=0.059s reward=1.000000 train_r2=1.000000 test_r2=1.000000 complexity=9 evals=10456
          Nguyen-5 run=67 seed=8792  time=1.143s reward=1.000000 train_r2=1.000000 test_r2=1.000000 complexity=9 evals=148971
        Nguyen-12* run=42 seed=24233 time=17.813s reward=0.999543 train_r2=1.000000 test_r2=1.000000 complexity=15 evals=2000003
          Nguyen-9 run=68 seed=10555 time=0.124s reward=1.000000 train_r2=1.000000 test_r2=1.000000 complexity=7 evals=21618
         Nguyen-11 run=68 seed=10555 time=0.007s reward=1.000000 train_r2=1.000000 test_r2=1.000000 complexity=5 evals=1462
          Nguyen-7 run=68 seed=10555 time=0.379s reward=1.000000 train_r2=1.000000 test_r2=1.000000 complexity=10 evals=54173
          Nguyen-1 run=69 seed=10253 time=0.069s reward=1.000000 train_r2=1.000000 test_r2=1.000000 complexity=9 evals=11771
         Nguyen-10 run=68 seed=10555 time=0.356s reward=1.000000 train_r2=1.000000 test_r2=1.000000 complexity=6 evals=57287
        Nguyen-12* run=47 seed=26382 time=15.722s reward=0.999560 train_r2=1.000000 test_r2=1.000000 complexity=18 evals=2000000
          Nguyen-2 run=68 seed=10555 time=1.075s reward=1.000000 train_r2=1.000000 test_r2=1.000000 complexity=10 evals=155041
          Nguyen-2 run=69 seed=10253 time=0.233s reward=1.000000 train_r2=1.000000 test_r2=1.000000 complexity=12 evals=36267
          Nguyen-5 run=69 seed=10253 time=0.131s reward=1.000000 train_r2=1.000000 test_r2=1.000000 complexity=9 evals=21708
          Nguyen-6 run=69 seed=10253 time=0.207s reward=1.000000 train_r2=1.000000 test_r2=1.000000 complexity=9 evals=33233
          Nguyen-5 run=66 seed=10627 time=2.775s reward=1.000000 train_r2=1.000000 test_r2=1.000000 complexity=9 evals=358410
          Nguyen-9 run=69 seed=10253 time=0.096s reward=1.000000 train_r2=1.000000 test_r2=1.000000 complexity=7 evals=18222
          Nguyen-5 run=68 seed=10555 time=1.687s reward=1.000000 train_r2=1.000000 test_r2=1.000000 complexity=9 evals=229498
          Nguyen-3 run=69 seed=10253 time=0.983s reward=1.000000 train_r2=1.000000 test_r2=1.000000 complexity=15 evals=134829
         Nguyen-11 run=69 seed=10253 time=0.108s reward=1.000000 train_r2=1.000000 test_r2=1.000000 complexity=5 evals=21413
        Nguyen-12* run=43 seed=18431 time=18.946s reward=0.999291 train_r2=0.999999 test_r2=0.999963 complexity=27 evals=2000004
          Nguyen-1 run=70 seed=8433  time=0.137s reward=1.000000 train_r2=1.000000 test_r2=1.000000 complexity=8 evals=23969
         Nguyen-10 run=69 seed=10253 time=0.802s reward=1.000000 train_r2=1.000000 test_r2=1.000000 complexity=6 evals=126557
          Nguyen-2 run=70 seed=8433  time=0.245s reward=1.000000 train_r2=1.000000 test_r2=1.000000 complexity=12 evals=36624
          Nguyen-4 run=69 seed=10253 time=1.351s reward=1.000000 train_r2=1.000000 test_r2=1.000000 complexity=13 evals=187822
          Nguyen-6 run=70 seed=8433  time=0.039s reward=1.000000 train_r2=1.000000 test_r2=1.000000 complexity=9 evals=6536
          Nguyen-3 run=70 seed=8433  time=0.399s reward=1.000000 train_r2=1.000000 test_r2=1.000000 complexity=14 evals=62900
          Nguyen-4 run=70 seed=8433  time=0.241s reward=1.000000 train_r2=1.000000 test_r2=1.000000 complexity=13 evals=40030
          Nguyen-9 run=70 seed=8433  time=0.087s reward=1.000000 train_r2=1.000000 test_r2=1.000000 complexity=7 evals=16419
          Nguyen-7 run=70 seed=8433  time=0.286s reward=1.000000 train_r2=1.000000 test_r2=1.000000 complexity=11 evals=48943
         Nguyen-11 run=70 seed=8433  time=0.083s reward=1.000000 train_r2=1.000000 test_r2=1.000000 complexity=5 evals=16151
        Nguyen-12* run=45 seed=2747  time=18.656s reward=0.999186 train_r2=0.999999 test_r2=0.996920 complexity=25 evals=2000007
         Nguyen-10 run=70 seed=8433  time=0.133s reward=1.000000 train_r2=1.000000 test_r2=1.000000 complexity=6 evals=24539
          Nguyen-1 run=71 seed=10233 time=0.013s reward=1.000000 train_r2=1.000000 test_r2=1.000000 complexity=8 evals=2413
          Nguyen-5 run=70 seed=8433  time=0.501s reward=1.000000 train_r2=1.000000 test_r2=1.000000 complexity=9 evals=73204
          Nguyen-2 run=71 seed=10233 time=0.130s reward=1.000000 train_r2=1.000000 test_r2=1.000000 complexity=10 evals=22610
          Nguyen-5 run=71 seed=10233 time=0.053s reward=1.000000 train_r2=1.000000 test_r2=1.000000 complexity=9 evals=9300
          Nguyen-6 run=71 seed=10233 time=0.045s reward=1.000000 train_r2=1.000000 test_r2=1.000000 complexity=9 evals=8339
          Nguyen-7 run=71 seed=10233 time=0.080s reward=1.000000 train_r2=1.000000 test_r2=1.000000 complexity=10 evals=13724
          Nguyen-8 run=71 seed=10233 time=0.095s reward=1.000000 train_r2=1.000000 test_r2=1.000000 complexity=3 evals=16875
          Nguyen-7 run=69 seed=10253 time=2.141s reward=1.000000 train_r2=1.000000 test_r2=1.000000 complexity=10 evals=279927
        Nguyen-12* run=49 seed=31677 time=16.923s reward=0.999805 train_r2=1.000000 test_r2=1.000000 complexity=15 evals=2000008
         Nguyen-11 run=71 seed=10233 time=0.014s reward=1.000000 train_r2=1.000000 test_r2=1.000000 complexity=5 evals=2991
        Nguyen-12* run=46 seed=25551 time=18.496s reward=0.999683 train_r2=1.000000 test_r2=1.000000 complexity=41 evals=2000004
          Nguyen-9 run=71 seed=10233 time=0.166s reward=1.000000 train_r2=1.000000 test_r2=1.000000 complexity=7 evals=31259
          Nguyen-1 run=72 seed=11016 time=0.037s reward=1.000000 train_r2=1.000000 test_r2=1.000000 complexity=8 evals=6325
          Nguyen-3 run=71 seed=10233 time=0.745s reward=1.000000 train_r2=1.000000 test_r2=1.000000 complexity=14 evals=101897
         Nguyen-10 run=71 seed=10233 time=0.481s reward=1.000000 train_r2=1.000000 test_r2=1.000000 complexity=6 evals=79021
          Nguyen-8 run=68 seed=10555 time=3.460s reward=1.000000 train_r2=1.000000 test_r2=1.000000 complexity=3 evals=387900
          Nguyen-8 run=70 seed=8433  time=1.270s reward=1.000000 train_r2=1.000000 test_r2=1.000000 complexity=3 evals=192729
          Nguyen-4 run=71 seed=10233 time=0.946s reward=1.000000 train_r2=1.000000 test_r2=1.000000 complexity=17 evals=124687
          Nguyen-8 run=72 seed=11016 time=0.048s reward=1.000000 train_r2=1.000000 test_r2=1.000000 complexity=3 evals=8339
          Nguyen-6 run=72 seed=11016 time=0.064s reward=1.000000 train_r2=1.000000 test_r2=1.000000 complexity=9 evals=10323
          Nguyen-7 run=72 seed=11016 time=0.224s reward=1.000000 train_r2=1.000000 test_r2=1.000000 complexity=11 evals=37498
         Nguyen-11 run=72 seed=11016 time=0.021s reward=1.000000 train_r2=1.000000 test_r2=1.000000 complexity=5 evals=4098
          Nguyen-9 run=72 seed=11016 time=0.315s reward=1.000000 train_r2=1.000000 test_r2=1.000000 complexity=7 evals=51543
          Nguyen-1 run=73 seed=23897 time=0.043s reward=1.000000 train_r2=1.000000 test_r2=1.000000 complexity=8 evals=7555
          Nguyen-2 run=72 seed=11016 time=0.841s reward=1.000000 train_r2=1.000000 test_r2=1.000000 complexity=10 evals=123879
        Nguyen-12* run=70 seed=8433  time=1.493s reward=1.000000 train_r2=1.000000 test_r2=1.000000 complexity=17 evals=230583
          Nguyen-2 run=73 seed=23897 time=0.167s reward=1.000000 train_r2=1.000000 test_r2=1.000000 complexity=10 evals=26119
          Nguyen-5 run=73 seed=23897 time=0.108s reward=1.000000 train_r2=1.000000 test_r2=1.000000 complexity=9 evals=17878
          Nguyen-6 run=73 seed=23897 time=0.007s reward=1.000000 train_r2=1.000000 test_r2=1.000000 complexity=9 evals=1200
          Nguyen-3 run=73 seed=23897 time=0.390s reward=1.000000 train_r2=1.000000 test_r2=1.000000 complexity=14 evals=64898
          Nguyen-7 run=73 seed=23897 time=0.178s reward=1.000000 train_r2=1.000000 test_r2=1.000000 complexity=10 evals=28509
          Nguyen-9 run=73 seed=23897 time=0.121s reward=1.000000 train_r2=1.000000 test_r2=1.000000 complexity=7 evals=22405
         Nguyen-10 run=72 seed=11016 time=1.220s reward=1.000000 train_r2=1.000000 test_r2=1.000000 complexity=6 evals=163435
         Nguyen-11 run=73 seed=23897 time=0.020s reward=1.000000 train_r2=1.000000 test_r2=1.000000 complexity=5 evals=4015
        Nguyen-12* run=53 seed=1899  time=16.376s reward=1.000000 train_r2=1.000000 test_r2=1.000000 complexity=17 evals=1827855
          Nguyen-5 run=72 seed=11016 time=1.456s reward=1.000000 train_r2=1.000000 test_r2=1.000000 complexity=9 evals=198888
        Nguyen-12* run=52 seed=21042 time=17.092s reward=0.999587 train_r2=1.000000 test_r2=0.999999 complexity=23 evals=2000003
          Nguyen-3 run=72 seed=11016 time=1.779s reward=1.000000 train_r2=1.000000 test_r2=1.000000 complexity=14 evals=222325
          Nguyen-1 run=74 seed=2612  time=0.049s reward=1.000000 train_r2=1.000000 test_r2=1.000000 complexity=8 evals=8905
         Nguyen-10 run=73 seed=23897 time=0.308s reward=1.000000 train_r2=1.000000 test_r2=1.000000 complexity=6 evals=48052
          Nguyen-8 run=73 seed=23897 time=0.705s reward=1.000000 train_r2=1.000000 test_r2=1.000000 complexity=3 evals=115646
        Nguyen-12* run=51 seed=3005  time=17.840s reward=0.998761 train_r2=0.999998 test_r2=0.999999 complexity=21 evals=2000002
          Nguyen-5 run=74 seed=2612  time=0.314s reward=1.000000 train_r2=1.000000 test_r2=1.000000 complexity=9 evals=44172
          Nguyen-2 run=74 seed=2612  time=0.372s reward=1.000000 train_r2=1.000000 test_r2=1.000000 complexity=10 evals=58041
          Nguyen-3 run=74 seed=2612  time=0.378s reward=1.000000 train_r2=1.000000 test_r2=1.000000 complexity=14 evals=63164
         Nguyen-11 run=74 seed=2612  time=0.015s reward=1.000000 train_r2=1.000000 test_r2=1.000000 complexity=5 evals=3174
          Nguyen-6 run=74 seed=2612  time=0.372s reward=1.000000 train_r2=1.000000 test_r2=1.000000 complexity=9 evals=57496
          Nguyen-1 run=75 seed=23425 time=0.016s reward=1.000000 train_r2=1.000000 test_r2=1.000000 complexity=9 evals=3121
          Nguyen-9 run=74 seed=2612  time=0.138s reward=1.000000 train_r2=1.000000 test_r2=1.000000 complexity=7 evals=23093
        Nguyen-12* run=50 seed=19118 time=18.782s reward=0.998501 train_r2=0.999998 test_r2=0.999995 complexity=25 evals=2000001
          Nguyen-4 run=74 seed=2612  time=0.656s reward=1.000000 train_r2=1.000000 test_r2=1.000000 complexity=13 evals=93622
         Nguyen-10 run=74 seed=2612  time=0.318s reward=1.000000 train_r2=1.000000 test_r2=1.000000 complexity=6 evals=53754
          Nguyen-2 run=75 seed=23425 time=0.375s reward=1.000000 train_r2=1.000000 test_r2=1.000000 complexity=10 evals=55277
          Nguyen-6 run=75 seed=23425 time=0.166s reward=1.000000 train_r2=1.000000 test_r2=1.000000 complexity=9 evals=29040
          Nguyen-8 run=69 seed=10253 time=4.988s reward=1.000000 train_r2=1.000000 test_r2=1.000000 complexity=3 evals=608246
          Nguyen-4 run=66 seed=10627 time=7.733s reward=1.000000 train_r2=1.000000 test_r2=1.000000 complexity=16 evals=835297
          Nguyen-8 run=75 seed=23425 time=0.112s reward=1.000000 train_r2=1.000000 test_r2=1.000000 complexity=12 evals=19868
          Nguyen-3 run=75 seed=23425 time=0.550s reward=1.000000 train_r2=1.000000 test_r2=1.000000 complexity=14 evals=79808
         Nguyen-11 run=75 seed=23425 time=0.049s reward=1.000000 train_r2=1.000000 test_r2=1.000000 complexity=5 evals=9682
          Nguyen-7 run=74 seed=2612  time=0.921s reward=1.000000 train_r2=1.000000 test_r2=1.000000 complexity=10 evals=137254
          Nguyen-1 run=76 seed=25939 time=0.038s reward=1.000000 train_r2=1.000000 test_r2=1.000000 complexity=8 evals=7133
          Nguyen-9 run=75 seed=23425 time=0.217s reward=1.000000 train_r2=1.000000 test_r2=1.000000 complexity=7 evals=36097
          Nguyen-4 run=73 seed=23897 time=2.122s reward=1.000000 train_r2=1.000000 test_r2=1.000000 complexity=13 evals=291148
          Nguyen-5 run=75 seed=23425 time=0.500s reward=1.000000 train_r2=1.000000 test_r2=1.000000 complexity=9 evals=67770
          Nguyen-6 run=76 seed=25939 time=0.082s reward=1.000000 train_r2=1.000000 test_r2=1.000000 complexity=9 evals=14320
         Nguyen-10 run=75 seed=23425 time=0.302s reward=1.000000 train_r2=1.000000 test_r2=1.000000 complexity=6 evals=48611
          Nguyen-8 run=66 seed=10627 time=7.935s reward=1.000000 train_r2=1.000000 test_r2=1.000000 complexity=3 evals=839249
          Nguyen-8 run=76 seed=25939 time=0.102s reward=1.000000 train_r2=1.000000 test_r2=1.000000 complexity=3 evals=17621
          Nguyen-9 run=76 seed=25939 time=0.091s reward=1.000000 train_r2=1.000000 test_r2=1.000000 complexity=7 evals=16374
         Nguyen-11 run=76 seed=25939 time=0.005s reward=1.000000 train_r2=1.000000 test_r2=1.000000 complexity=5 evals=1054
          Nguyen-2 run=76 seed=25939 time=0.699s reward=1.000000 train_r2=1.000000 test_r2=1.000000 complexity=12 evals=106713
          Nguyen-7 run=75 seed=23425 time=0.961s reward=1.000000 train_r2=1.000000 test_r2=1.000000 complexity=10 evals=130179
          Nguyen-1 run=77 seed=22619 time=0.030s reward=1.000000 train_r2=1.000000 test_r2=1.000000 complexity=8 evals=5397
          Nguyen-7 run=76 seed=25939 time=0.592s reward=1.000000 train_r2=1.000000 test_r2=1.000000 complexity=10 evals=84463
          Nguyen-3 run=76 seed=25939 time=0.801s reward=1.000000 train_r2=1.000000 test_r2=1.000000 complexity=14 evals=117022
          Nguyen-4 run=76 seed=25939 time=0.861s reward=1.000000 train_r2=1.000000 test_r2=1.000000 complexity=13 evals=115868
          Nguyen-4 run=75 seed=23425 time=1.512s reward=1.000000 train_r2=1.000000 test_r2=1.000000 complexity=13 evals=182719
          Nguyen-2 run=77 seed=22619 time=0.398s reward=1.000000 train_r2=1.000000 test_r2=1.000000 complexity=12 evals=58864
          Nguyen-6 run=77 seed=22619 time=0.227s reward=1.000000 train_r2=1.000000 test_r2=1.000000 complexity=9 evals=36336
          Nguyen-7 run=77 seed=22619 time=0.201s reward=1.000000 train_r2=1.000000 test_r2=1.000000 complexity=10 evals=31571
          Nguyen-9 run=77 seed=22619 time=0.059s reward=1.000000 train_r2=1.000000 test_r2=1.000000 complexity=7 evals=10937
          Nguyen-5 run=77 seed=22619 time=0.388s reward=1.000000 train_r2=1.000000 test_r2=1.000000 complexity=9 evals=58847
         Nguyen-11 run=77 seed=22619 time=0.041s reward=1.000000 train_r2=1.000000 test_r2=1.000000 complexity=5 evals=8088
          Nguyen-8 run=77 seed=22619 time=0.214s reward=1.000000 train_r2=1.000000 test_r2=1.000000 complexity=3 evals=34554
         Nguyen-10 run=77 seed=22619 time=0.177s reward=1.000000 train_r2=1.000000 test_r2=1.000000 complexity=6 evals=26713
          Nguyen-1 run=78 seed=21870 time=0.099s reward=1.000000 train_r2=1.000000 test_r2=1.000000 complexity=9 evals=17118
        Nguyen-12* run=54 seed=24118 time=18.265s reward=0.999828 train_r2=1.000000 test_r2=1.000000 complexity=19 evals=2000005
          Nguyen-2 run=78 seed=21870 time=0.233s reward=1.000000 train_r2=1.000000 test_r2=1.000000 complexity=12 evals=36112
          Nguyen-6 run=78 seed=21870 time=0.033s reward=1.000000 train_r2=1.000000 test_r2=1.000000 complexity=9 evals=5773
          Nguyen-3 run=77 seed=22619 time=0.905s reward=1.000000 train_r2=1.000000 test_r2=1.000000 complexity=16 evals=133605
          Nguyen-4 run=77 seed=22619 time=0.897s reward=1.000000 train_r2=1.000000 test_r2=1.000000 complexity=14 evals=121828
        Nguyen-12* run=55 seed=1267  time=17.569s reward=0.998689 train_r2=0.999998 test_r2=1.000000 complexity=22 evals=2000006
          Nguyen-3 run=78 seed=21870 time=0.427s reward=1.000000 train_r2=1.000000 test_r2=1.000000 complexity=16 evals=62202
         Nguyen-11 run=78 seed=21870 time=0.014s reward=1.000000 train_r2=1.000000 test_r2=1.000000 complexity=5 evals=2725
          Nguyen-9 run=78 seed=21870 time=0.134s reward=1.000000 train_r2=1.000000 test_r2=1.000000 complexity=7 evals=23514
          Nguyen-5 run=76 seed=25939 time=1.840s reward=1.000000 train_r2=1.000000 test_r2=1.000000 complexity=9 evals=245708
          Nguyen-1 run=79 seed=23483 time=0.116s reward=1.000000 train_r2=1.000000 test_r2=1.000000 complexity=9 evals=19183
         Nguyen-10 run=76 seed=25939 time=1.711s reward=1.000000 train_r2=1.000000 test_r2=1.000000 complexity=6 evals=220452
          Nguyen-2 run=79 seed=23483 time=0.150s reward=1.000000 train_r2=1.000000 test_r2=1.000000 complexity=12 evals=26295
        Nguyen-12* run=56 seed=31551 time=17.260s reward=0.999113 train_r2=0.999999 test_r2=0.999997 complexity=26 evals=2000004
          Nguyen-6 run=79 seed=23483 time=0.092s reward=1.000000 train_r2=1.000000 test_r2=1.000000 complexity=9 evals=15877
          Nguyen-5 run=79 seed=23483 time=0.293s reward=1.000000 train_r2=1.000000 test_r2=1.000000 complexity=9 evals=48035
          Nguyen-7 run=78 seed=21870 time=0.832s reward=1.000000 train_r2=1.000000 test_r2=1.000000 complexity=11 evals=108065
        Nguyen-12* run=57 seed=17912 time=16.241s reward=0.999491 train_r2=1.000000 test_r2=0.999996 complexity=30 evals=2000006
          Nguyen-7 run=79 seed=23483 time=0.300s reward=1.000000 train_r2=1.000000 test_r2=1.000000 complexity=10 evals=45655
         Nguyen-11 run=79 seed=23483 time=0.011s reward=1.000000 train_r2=1.000000 test_r2=1.000000 complexity=5 evals=2237
          Nguyen-9 run=79 seed=23483 time=0.172s reward=1.000000 train_r2=1.000000 test_r2=1.000000 complexity=7 evals=27701
          Nguyen-1 run=80 seed=26054 time=0.048s reward=1.000000 train_r2=1.000000 test_r2=1.000000 complexity=8 evals=7829
          Nguyen-5 run=78 seed=21870 time=1.223s reward=1.000000 train_r2=1.000000 test_r2=1.000000 complexity=9 evals=155286
          Nguyen-3 run=79 seed=23483 time=0.781s reward=1.000000 train_r2=1.000000 test_r2=1.000000 complexity=14 evals=108326
          Nguyen-2 run=80 seed=26054 time=0.357s reward=1.000000 train_r2=1.000000 test_r2=1.000000 complexity=12 evals=51095
        Nguyen-12* run=71 seed=10233 time=6.205s reward=1.000000 train_r2=1.000000 test_r2=1.000000 complexity=17 evals=810513
          Nguyen-8 run=79 seed=23483 time=1.013s reward=1.000000 train_r2=1.000000 test_r2=1.000000 complexity=3 evals=158337
         Nguyen-10 run=79 seed=23483 time=0.851s reward=1.000000 train_r2=1.000000 test_r2=1.000000 complexity=6 evals=130611
          Nguyen-6 run=80 seed=26054 time=0.236s reward=1.000000 train_r2=1.000000 test_r2=1.000000 complexity=9 evals=39838
          Nguyen-9 run=80 seed=26054 time=0.056s reward=1.000000 train_r2=1.000000 test_r2=1.000000 complexity=7 evals=11049
          Nguyen-3 run=80 seed=26054 time=0.769s reward=1.000000 train_r2=1.000000 test_r2=1.000000 complexity=14 evals=105089
         Nguyen-11 run=80 seed=26054 time=0.014s reward=1.000000 train_r2=1.000000 test_r2=1.000000 complexity=5 evals=2769
          Nguyen-8 run=80 seed=26054 time=0.145s reward=1.000000 train_r2=1.000000 test_r2=1.000000 complexity=3 evals=26065
          Nguyen-4 run=80 seed=26054 time=0.800s reward=1.000000 train_r2=1.000000 test_r2=1.000000 complexity=17 evals=109605
          Nguyen-1 run=81 seed=15787 time=0.061s reward=1.000000 train_r2=1.000000 test_r2=1.000000 complexity=8 evals=11061
         Nguyen-10 run=78 seed=21870 time=1.928s reward=1.000000 train_r2=1.000000 test_r2=1.000000 complexity=6 evals=246351
          Nguyen-7 run=80 seed=26054 time=0.329s reward=1.000000 train_r2=1.000000 test_r2=1.000000 complexity=11 evals=51678
          Nguyen-2 run=81 seed=15787 time=0.322s reward=1.000000 train_r2=1.000000 test_r2=1.000000 complexity=10 evals=48426
          Nguyen-6 run=81 seed=15787 time=0.133s reward=1.000000 train_r2=1.000000 test_r2=1.000000 complexity=9 evals=21686
         Nguyen-10 run=80 seed=26054 time=0.601s reward=1.000000 train_r2=1.000000 test_r2=1.000000 complexity=6 evals=98886
          Nguyen-4 run=79 seed=23483 time=2.181s reward=1.000000 train_r2=1.000000 test_r2=1.000000 complexity=17 evals=259793
          Nguyen-5 run=81 seed=15787 time=0.472s reward=1.000000 train_r2=1.000000 test_r2=1.000000 complexity=9 evals=72438
          Nguyen-8 run=81 seed=15787 time=0.144s reward=1.000000 train_r2=1.000000 test_r2=1.000000 complexity=3 evals=26091
         Nguyen-11 run=81 seed=15787 time=0.029s reward=1.000000 train_r2=1.000000 test_r2=1.000000 complexity=5 evals=5817
          Nguyen-9 run=81 seed=15787 time=0.182s reward=1.000000 train_r2=1.000000 test_r2=1.000000 complexity=7 evals=31004
         Nguyen-10 run=81 seed=15787 time=0.177s reward=1.000000 train_r2=1.000000 test_r2=1.000000 complexity=6 evals=32620
          Nguyen-1 run=82 seed=27132 time=0.043s reward=1.000000 train_r2=1.000000 test_r2=1.000000 complexity=9 evals=7932
          Nguyen-2 run=82 seed=27132 time=0.155s reward=1.000000 train_r2=1.000000 test_r2=1.000000 complexity=10 evals=27178
          Nguyen-7 run=81 seed=15787 time=0.612s reward=1.000000 train_r2=1.000000 test_r2=1.000000 complexity=10 evals=85268
        Nguyen-12* run=79 seed=23483 time=2.041s reward=1.000000 train_r2=1.000000 test_r2=1.000000 complexity=16 evals=277333
          Nguyen-3 run=82 seed=27132 time=0.457s reward=1.000000 train_r2=1.000000 test_r2=1.000000 complexity=14 evals=65371
          Nguyen-4 run=81 seed=15787 time=1.334s reward=1.000000 train_r2=1.000000 test_r2=1.000000 complexity=13 evals=171614
          Nguyen-6 run=82 seed=27132 time=0.208s reward=1.000000 train_r2=1.000000 test_r2=1.000000 complexity=9 evals=33297
          Nguyen-3 run=81 seed=15787 time=1.332s reward=1.000000 train_r2=1.000000 test_r2=1.000000 complexity=16 evals=195724
          Nguyen-5 run=82 seed=27132 time=0.254s reward=1.000000 train_r2=1.000000 test_r2=1.000000 complexity=9 evals=37320
          Nguyen-9 run=82 seed=27132 time=0.011s reward=1.000000 train_r2=1.000000 test_r2=1.000000 complexity=7 evals=2230
         Nguyen-11 run=82 seed=27132 time=0.036s reward=1.000000 train_r2=1.000000 test_r2=1.000000 complexity=5 evals=7016
          Nguyen-8 run=82 seed=27132 time=0.127s reward=1.000000 train_r2=1.000000 test_r2=1.000000 complexity=3 evals=22052
          Nguyen-1 run=83 seed=17159 time=0.089s reward=1.000000 train_r2=1.000000 test_r2=1.000000 complexity=9 evals=15204
          Nguyen-7 run=82 seed=27132 time=0.359s reward=1.000000 train_r2=1.000000 test_r2=1.000000 complexity=11 evals=53308
         Nguyen-10 run=82 seed=27132 time=0.314s reward=1.000000 train_r2=1.000000 test_r2=1.000000 complexity=6 evals=56263
          Nguyen-5 run=83 seed=17159 time=0.101s reward=1.000000 train_r2=1.000000 test_r2=1.000000 complexity=9 evals=18021
          Nguyen-2 run=83 seed=17159 time=0.357s reward=1.000000 train_r2=1.000000 test_r2=1.000000 complexity=12 evals=52733
          Nguyen-6 run=83 seed=17159 time=0.041s reward=1.000000 train_r2=1.000000 test_r2=1.000000 complexity=9 evals=7624
          Nguyen-3 run=83 seed=17159 time=0.432s reward=1.000000 train_r2=1.000000 test_r2=1.000000 complexity=14 evals=62927
          Nguyen-5 run=80 seed=26054 time=2.523s reward=1.000000 train_r2=1.000000 test_r2=1.000000 complexity=9 evals=274998
          Nguyen-4 run=82 seed=27132 time=1.060s reward=1.000000 train_r2=1.000000 test_r2=1.000000 complexity=17 evals=152403
        Nguyen-12* run=58 seed=11394 time=18.190s reward=0.999382 train_r2=1.000000 test_r2=0.999999 complexity=25 evals=2000002
         Nguyen-11 run=83 seed=17159 time=0.001s reward=1.000000 train_r2=1.000000 test_r2=1.000000 complexity=5 evals=181
          Nguyen-8 run=83 seed=17159 time=0.138s reward=1.000000 train_r2=1.000000 test_r2=1.000000 complexity=3 evals=24968
          Nguyen-1 run=84 seed=12206 time=0.092s reward=1.000000 train_r2=1.000000 test_r2=1.000000 complexity=8 evals=16284
         Nguyen-10 run=83 seed=17159 time=0.200s reward=1.000000 train_r2=1.000000 test_r2=1.000000 complexity=6 evals=32922
          Nguyen-9 run=83 seed=17159 time=0.396s reward=1.000000 train_r2=1.000000 test_r2=1.000000 complexity=7 evals=62784
          Nguyen-5 run=84 seed=12206 time=0.211s reward=1.000000 train_r2=1.000000 test_r2=1.000000 complexity=9 evals=30874
          Nguyen-2 run=84 seed=12206 time=0.576s reward=1.000000 train_r2=1.000000 test_r2=1.000000 complexity=10 evals=88734
        Nguyen-12* run=59 seed=3556  time=17.046s reward=0.998872 train_r2=0.999999 test_r2=0.999999 complexity=52 evals=2000001
          Nguyen-8 run=74 seed=2612  time=7.352s reward=1.000000 train_r2=1.000000 test_r2=1.000000 complexity=3 evals=860250
          Nguyen-7 run=83 seed=17159 time=0.818s reward=1.000000 train_r2=1.000000 test_r2=1.000000 complexity=11 evals=112992
          Nguyen-6 run=84 seed=12206 time=0.078s reward=1.000000 train_r2=1.000000 test_r2=1.000000 complexity=9 evals=13359
          Nguyen-9 run=84 seed=12206 time=0.080s reward=1.000000 train_r2=1.000000 test_r2=1.000000 complexity=7 evals=14846
          Nguyen-4 run=83 seed=17159 time=1.154s reward=1.000000 train_r2=1.000000 test_r2=1.000000 complexity=13 evals=154424
          Nguyen-3 run=84 seed=12206 time=0.717s reward=1.000000 train_r2=1.000000 test_r2=1.000000 complexity=14 evals=109870
          Nguyen-7 run=84 seed=12206 time=0.212s reward=1.000000 train_r2=1.000000 test_r2=1.000000 complexity=10 evals=33154
         Nguyen-11 run=84 seed=12206 time=0.153s reward=1.000000 train_r2=1.000000 test_r2=1.000000 complexity=5 evals=26903
          Nguyen-2 run=85 seed=8226  time=0.057s reward=1.000000 train_r2=1.000000 test_r2=1.000000 complexity=10 evals=10794
          Nguyen-1 run=85 seed=8226  time=0.068s reward=1.000000 train_r2=1.000000 test_r2=1.000000 complexity=8 evals=12071
        Nguyen-12* run=68 seed=10555 time=12.113s reward=1.000000 train_r2=1.000000 test_r2=1.000000 complexity=14 evals=1393292
          Nguyen-6 run=85 seed=8226  time=0.114s reward=1.000000 train_r2=1.000000 test_r2=1.000000 complexity=9 evals=19424
          Nguyen-8 run=84 seed=12206 time=0.547s reward=1.000000 train_r2=1.000000 test_r2=1.000000 complexity=3 evals=89286
          Nguyen-5 run=85 seed=8226  time=0.319s reward=1.000000 train_r2=1.000000 test_r2=1.000000 complexity=9 evals=51638
          Nguyen-9 run=85 seed=8226  time=0.102s reward=1.000000 train_r2=1.000000 test_r2=1.000000 complexity=7 evals=19091
          Nguyen-7 run=85 seed=8226  time=0.317s reward=1.000000 train_r2=1.000000 test_r2=1.000000 complexity=11 evals=48775
         Nguyen-11 run=85 seed=8226  time=0.050s reward=1.000000 train_r2=1.000000 test_r2=1.000000 complexity=5 evals=9702
          Nguyen-3 run=85 seed=8226  time=0.521s reward=1.000000 train_r2=1.000000 test_r2=1.000000 complexity=14 evals=80432
         Nguyen-10 run=85 seed=8226  time=0.160s reward=1.000000 train_r2=1.000000 test_r2=1.000000 complexity=6 evals=30451
         Nguyen-10 run=84 seed=12206 time=0.847s reward=1.000000 train_r2=1.000000 test_r2=1.000000 complexity=6 evals=122850
          Nguyen-4 run=85 seed=8226  time=0.647s reward=1.000000 train_r2=1.000000 test_r2=1.000000 complexity=17 evals=88793
          Nguyen-1 run=86 seed=14541 time=0.205s reward=1.000000 train_r2=1.000000 test_r2=1.000000 complexity=8 evals=35792
          Nguyen-2 run=86 seed=14541 time=0.214s reward=1.000000 train_r2=1.000000 test_r2=1.000000 complexity=10 evals=37184
          Nguyen-4 run=84 seed=12206 time=1.465s reward=1.000000 train_r2=1.000000 test_r2=1.000000 complexity=17 evals=183202
          Nguyen-8 run=86 seed=14541 time=0.052s reward=1.000000 train_r2=1.000000 test_r2=1.000000 complexity=3 evals=9079
          Nguyen-6 run=86 seed=14541 time=0.148s reward=1.000000 train_r2=1.000000 test_r2=1.000000 complexity=9 evals=26567
          Nguyen-7 run=86 seed=14541 time=0.153s reward=1.000000 train_r2=1.000000 test_r2=1.000000 complexity=10 evals=26462
         Nguyen-11 run=86 seed=14541 time=0.006s reward=1.000000 train_r2=1.000000 test_r2=1.000000 complexity=5 evals=1207
          Nguyen-4 run=78 seed=21870 time=6.109s reward=1.000000 train_r2=1.000000 test_r2=1.000000 complexity=17 evals=658318
          Nguyen-9 run=86 seed=14541 time=0.043s reward=1.000000 train_r2=1.000000 test_r2=1.000000 complexity=7 evals=8234
          Nguyen-1 run=87 seed=3152  time=0.041s reward=1.000000 train_r2=1.000000 test_r2=1.000000 complexity=9 evals=7347
          Nguyen-3 run=86 seed=14541 time=0.422s reward=1.000000 train_r2=1.000000 test_r2=1.000000 complexity=14 evals=69332
         Nguyen-10 run=86 seed=14541 time=0.062s reward=1.000000 train_r2=1.000000 test_r2=1.000000 complexity=6 evals=12214
          Nguyen-2 run=87 seed=3152  time=0.159s reward=1.000000 train_r2=1.000000 test_r2=1.000000 complexity=10 evals=25253
          Nguyen-5 run=86 seed=14541 time=0.484s reward=1.000000 train_r2=1.000000 test_r2=1.000000 complexity=9 evals=65435
          Nguyen-6 run=87 seed=3152  time=0.226s reward=1.000000 train_r2=1.000000 test_r2=1.000000 complexity=9 evals=35317
          Nguyen-3 run=87 seed=3152  time=0.366s reward=1.000000 train_r2=1.000000 test_r2=1.000000 complexity=14 evals=56289
          Nguyen-5 run=87 seed=3152  time=0.368s reward=1.000000 train_r2=1.000000 test_r2=1.000000 complexity=9 evals=59323
          Nguyen-9 run=87 seed=3152  time=0.060s reward=1.000000 train_r2=1.000000 test_r2=1.000000 complexity=7 evals=11804
          Nguyen-8 run=87 seed=3152  time=0.101s reward=1.000000 train_r2=1.000000 test_r2=1.000000 complexity=3 evals=17256
         Nguyen-11 run=87 seed=3152  time=0.019s reward=1.000000 train_r2=1.000000 test_r2=1.000000 complexity=5 evals=3964
          Nguyen-1 run=88 seed=26531 time=0.027s reward=1.000000 train_r2=1.000000 test_r2=1.000000 complexity=8 evals=5243
          Nguyen-8 run=78 seed=21870 time=6.477s reward=1.000000 train_r2=1.000000 test_r2=1.000000 complexity=3 evals=830693
         Nguyen-10 run=87 seed=3152  time=0.285s reward=1.000000 train_r2=1.000000 test_r2=1.000000 complexity=6 evals=48778
          Nguyen-3 run=88 seed=26531 time=0.115s reward=1.000000 train_r2=1.000000 test_r2=1.000000 complexity=14 evals=20426
          Nguyen-2 run=88 seed=26531 time=0.205s reward=1.000000 train_r2=1.000000 test_r2=1.000000 complexity=12 evals=34043
        Nguyen-12* run=61 seed=8838  time=18.154s reward=0.999012 train_r2=0.999999 test_r2=0.999984 complexity=25 evals=2000003
          Nguyen-6 run=88 seed=26531 time=0.103s reward=1.000000 train_r2=1.000000 test_r2=1.000000 complexity=9 evals=18198
        Nguyen-12* run=65 seed=21777 time=16.456s reward=0.999155 train_r2=0.999999 test_r2=0.999999 complexity=26 evals=2000006
          Nguyen-9 run=88 seed=26531 time=0.050s reward=1.000000 train_r2=1.000000 test_r2=1.000000 complexity=7 evals=10130
        Nguyen-12* run=60 seed=3890  time=18.684s reward=0.999347 train_r2=1.000000 test_r2=1.000000 complexity=14 evals=2000001
         Nguyen-11 run=88 seed=26531 time=0.003s reward=1.000000 train_r2=1.000000 test_r2=1.000000 complexity=5 evals=595
        Nguyen-12* run=63 seed=27464 time=16.853s reward=0.999087 train_r2=0.999999 test_r2=0.999999 complexity=17 evals=2000001
          Nguyen-1 run=89 seed=1585  time=0.006s reward=1.000000 train_r2=1.000000 test_r2=1.000000 complexity=9 evals=1189
          Nguyen-7 run=87 seed=3152  time=0.940s reward=1.000000 train_r2=1.000000 test_r2=1.000000 complexity=10 evals=125913
          Nguyen-7 run=88 seed=26531 time=0.389s reward=1.000000 train_r2=1.000000 test_r2=1.000000 complexity=10 evals=56120
         Nguyen-10 run=88 seed=26531 time=0.293s reward=1.000000 train_r2=1.000000 test_r2=1.000000 complexity=6 evals=52950
          Nguyen-8 run=88 seed=26531 time=0.482s reward=1.000000 train_r2=1.000000 test_r2=1.000000 complexity=3 evals=75383
          Nguyen-2 run=89 seed=1585  time=0.306s reward=1.000000 train_r2=1.000000 test_r2=1.000000 complexity=11 evals=47381
          Nguyen-4 run=87 seed=3152  time=1.430s reward=1.000000 train_r2=1.000000 test_r2=1.000000 complexity=13 evals=209837
          Nguyen-3 run=89 seed=1585  time=0.274s reward=1.000000 train_r2=1.000000 test_r2=1.000000 complexity=14 evals=40918
          Nguyen-5 run=89 seed=1585  time=0.130s reward=1.000000 train_r2=1.000000 test_r2=1.000000 complexity=9 evals=22085
          Nguyen-8 run=89 seed=1585  time=0.052s reward=1.000000 train_r2=1.000000 test_r2=1.000000 complexity=3 evals=9783
        Nguyen-12* run=81 seed=15787 time=4.606s reward=1.000000 train_r2=1.000000 test_r2=1.000000 complexity=17 evals=605234
          Nguyen-9 run=89 seed=1585  time=0.077s reward=1.000000 train_r2=1.000000 test_r2=1.000000 complexity=7 evals=14320
        Nguyen-12* run=62 seed=30740 time=18.265s reward=0.999131 train_r2=0.999999 test_r2=0.999995 complexity=32 evals=2000001
         Nguyen-11 run=89 seed=1585  time=0.057s reward=1.000000 train_r2=1.000000 test_r2=1.000000 complexity=5 evals=11395
          Nguyen-1 run=90 seed=3943  time=0.039s reward=1.000000 train_r2=1.000000 test_r2=1.000000 complexity=8 evals=7149
          Nguyen-5 run=88 seed=26531 time=0.886s reward=1.000000 train_r2=1.000000 test_r2=1.000000 complexity=9 evals=128932
          Nguyen-2 run=90 seed=3943  time=0.066s reward=1.000000 train_r2=1.000000 test_r2=1.000000 complexity=12 evals=11778
          Nguyen-4 run=88 seed=26531 time=0.967s reward=1.000000 train_r2=1.000000 test_r2=1.000000 complexity=13 evals=140594
        Nguyen-12* run=64 seed=14502 time=17.391s reward=0.999508 train_r2=1.000000 test_r2=0.999998 complexity=37 evals=2000006
          Nguyen-6 run=90 seed=3943  time=0.067s reward=1.000000 train_r2=1.000000 test_r2=1.000000 complexity=9 evals=12177
          Nguyen-6 run=89 seed=1585  time=0.389s reward=1.000000 train_r2=1.000000 test_r2=1.000000 complexity=9 evals=56739
          Nguyen-9 run=90 seed=3943  time=0.055s reward=1.000000 train_r2=1.000000 test_r2=1.000000 complexity=7 evals=11162
         Nguyen-11 run=90 seed=3943  time=0.012s reward=1.000000 train_r2=1.000000 test_r2=1.000000 complexity=5 evals=2445
          Nguyen-5 run=90 seed=3943  time=0.259s reward=1.000000 train_r2=1.000000 test_r2=1.000000 complexity=9 evals=42334
          Nguyen-7 run=89 seed=1585  time=0.451s reward=1.000000 train_r2=1.000000 test_r2=1.000000 complexity=11 evals=67478
          Nguyen-4 run=72 seed=11016 time=12.357s reward=1.000000 train_r2=1.000000 test_r2=1.000000 complexity=17 evals=1316416
          Nguyen-3 run=90 seed=3943  time=0.348s reward=1.000000 train_r2=1.000000 test_r2=1.000000 complexity=14 evals=58091
          Nguyen-1 run=91 seed=23939 time=0.042s reward=1.000000 train_r2=1.000000 test_r2=1.000000 complexity=9 evals=7925
          Nguyen-4 run=89 seed=1585  time=0.740s reward=1.000000 train_r2=1.000000 test_r2=1.000000 complexity=17 evals=99077
          Nguyen-7 run=90 seed=3943  time=0.361s reward=1.000000 train_r2=1.000000 test_r2=1.000000 complexity=10 evals=59212
          Nguyen-2 run=91 seed=23939 time=0.117s reward=1.000000 train_r2=1.000000 test_r2=1.000000 complexity=12 evals=20190
         Nguyen-10 run=90 seed=3943  time=0.331s reward=1.000000 train_r2=1.000000 test_r2=1.000000 complexity=6 evals=52975
          Nguyen-9 run=91 seed=23939 time=0.086s reward=1.000000 train_r2=1.000000 test_r2=1.000000 complexity=7 evals=15689
          Nguyen-6 run=91 seed=23939 time=0.294s reward=1.000000 train_r2=1.000000 test_r2=1.000000 complexity=9 evals=45491
         Nguyen-11 run=91 seed=23939 time=0.012s reward=1.000000 train_r2=1.000000 test_r2=1.000000 complexity=5 evals=2327
          Nguyen-5 run=91 seed=23939 time=0.332s reward=1.000000 train_r2=1.000000 test_r2=1.000000 complexity=9 evals=51516
          Nguyen-1 run=92 seed=19457 time=0.054s reward=1.000000 train_r2=1.000000 test_r2=1.000000 complexity=11 evals=9751
          Nguyen-7 run=91 seed=23939 time=0.609s reward=1.000000 train_r2=1.000000 test_r2=1.000000 complexity=10 evals=93955
         Nguyen-10 run=91 seed=23939 time=0.443s reward=1.000000 train_r2=1.000000 test_r2=1.000000 complexity=6 evals=69703
          Nguyen-3 run=91 seed=23939 time=0.733s reward=1.000000 train_r2=1.000000 test_r2=1.000000 complexity=14 evals=102642
          Nguyen-4 run=86 seed=14541 time=3.019s reward=1.000000 train_r2=1.000000 test_r2=1.000000 complexity=16 evals=361290
          Nguyen-5 run=92 seed=19457 time=0.074s reward=1.000000 train_r2=1.000000 test_r2=1.000000 complexity=9 evals=12582
          Nguyen-8 run=90 seed=3943  time=1.278s reward=1.000000 train_r2=1.000000 test_r2=1.000000 complexity=3 evals=180680
          Nguyen-6 run=92 seed=19457 time=0.237s reward=1.000000 train_r2=1.000000 test_r2=1.000000 complexity=9 evals=36706
          Nguyen-2 run=92 seed=19457 time=0.654s reward=1.000000 train_r2=1.000000 test_r2=1.000000 complexity=12 evals=98156
         Nguyen-10 run=92 seed=19457 time=0.072s reward=1.000000 train_r2=1.000000 test_r2=1.000000 complexity=6 evals=13799
         Nguyen-11 run=92 seed=19457 time=0.001s reward=1.000000 train_r2=1.000000 test_r2=1.000000 complexity=5 evals=270
          Nguyen-7 run=92 seed=19457 time=0.367s reward=1.000000 train_r2=1.000000 test_r2=1.000000 complexity=10 evals=54199
         Nguyen-10 run=89 seed=1585  time=1.689s reward=1.000000 train_r2=1.000000 test_r2=1.000000 complexity=6 evals=238855
          Nguyen-1 run=93 seed=1021  time=0.031s reward=1.000000 train_r2=1.000000 test_r2=1.000000 complexity=9 evals=5792
          Nguyen-9 run=92 seed=19457 time=0.265s reward=1.000000 train_r2=1.000000 test_r2=1.000000 complexity=7 evals=42068
          Nguyen-4 run=90 seed=3943  time=1.585s reward=1.000000 train_r2=1.000000 test_r2=1.000000 complexity=17 evals=204929
          Nguyen-2 run=93 seed=1021  time=0.098s reward=1.000000 train_r2=1.000000 test_r2=1.000000 complexity=10 evals=17310
          Nguyen-3 run=93 seed=1021  time=0.138s reward=1.000000 train_r2=1.000000 test_r2=1.000000 complexity=14 evals=22671
          Nguyen-4 run=92 seed=19457 time=0.773s reward=1.000000 train_r2=1.000000 test_r2=1.000000 complexity=17 evals=104068
          Nguyen-8 run=92 seed=19457 time=0.572s reward=1.000000 train_r2=1.000000 test_r2=1.000000 complexity=3 evals=90606
          Nguyen-8 run=93 seed=1021  time=0.061s reward=1.000000 train_r2=1.000000 test_r2=1.000000 complexity=3 evals=10770
          Nguyen-3 run=92 seed=19457 time=0.925s reward=1.000000 train_r2=1.000000 test_r2=1.000000 complexity=14 evals=133008
          Nguyen-6 run=93 seed=1021  time=0.325s reward=1.000000 train_r2=1.000000 test_r2=1.000000 complexity=9 evals=54384
          Nguyen-7 run=93 seed=1021  time=0.293s reward=1.000000 train_r2=1.000000 test_r2=1.000000 complexity=10 evals=40865
         Nguyen-11 run=93 seed=1021  time=0.044s reward=1.000000 train_r2=1.000000 test_r2=1.000000 complexity=5 evals=8883
          Nguyen-1 run=94 seed=11653 time=0.024s reward=1.000000 train_r2=1.000000 test_r2=1.000000 complexity=9 evals=3298
         Nguyen-10 run=93 seed=1021  time=0.192s reward=1.000000 train_r2=1.000000 test_r2=1.000000 complexity=6 evals=32169
          Nguyen-2 run=94 seed=11653 time=0.161s reward=1.000000 train_r2=1.000000 test_r2=1.000000 complexity=11 evals=28337
        Nguyen-12* run=67 seed=8792  time=18.172s reward=0.999826 train_r2=1.000000 test_r2=nan complexity=30 evals=2000001
          Nguyen-9 run=93 seed=1021  time=0.395s reward=1.000000 train_r2=1.000000 test_r2=1.000000 complexity=7 evals=60920
          Nguyen-5 run=94 seed=11653 time=0.106s reward=1.000000 train_r2=1.000000 test_r2=1.000000 complexity=9 evals=18743
          Nguyen-6 run=94 seed=11653 time=0.127s reward=1.000000 train_r2=1.000000 test_r2=1.000000 complexity=9 evals=20967
          Nguyen-9 run=94 seed=11653 time=0.086s reward=1.000000 train_r2=1.000000 test_r2=1.000000 complexity=7 evals=15963
         Nguyen-10 run=94 seed=11653 time=0.204s reward=1.000000 train_r2=1.000000 test_r2=1.000000 complexity=6 evals=34058
         Nguyen-11 run=94 seed=11653 time=0.019s reward=1.000000 train_r2=1.000000 test_r2=1.000000 complexity=5 evals=3819
          Nguyen-3 run=94 seed=11653 time=0.748s reward=1.000000 train_r2=1.000000 test_r2=1.000000 complexity=14 evals=100791
          Nguyen-4 run=94 seed=11653 time=0.749s reward=1.000000 train_r2=1.000000 test_r2=1.000000 complexity=17 evals=103454
          Nguyen-1 run=95 seed=10805 time=0.024s reward=1.000000 train_r2=1.000000 test_r2=1.000000 complexity=8 evals=3343
        Nguyen-12* run=89 seed=1585  time=3.120s reward=1.000000 train_r2=1.000000 test_r2=1.000000 complexity=17 evals=411034
          Nguyen-7 run=94 seed=11653 time=0.714s reward=1.000000 train_r2=1.000000 test_r2=1.000000 complexity=10 evals=102108
          Nguyen-2 run=95 seed=10805 time=0.174s reward=1.000000 train_r2=1.000000 test_r2=1.000000 complexity=12 evals=28450
          Nguyen-3 run=95 seed=10805 time=0.221s reward=1.000000 train_r2=1.000000 test_r2=1.000000 complexity=14 evals=32848
          Nguyen-5 run=93 seed=1021  time=1.530s reward=1.000000 train_r2=1.000000 test_r2=1.000000 complexity=9 evals=193448
          Nguyen-6 run=95 seed=10805 time=0.088s reward=1.000000 train_r2=1.000000 test_r2=1.000000 complexity=9 evals=15347
          Nguyen-5 run=95 seed=10805 time=0.253s reward=1.000000 train_r2=1.000000 test_r2=1.000000 complexity=9 evals=38820
          Nguyen-9 run=95 seed=10805 time=0.155s reward=1.000000 train_r2=1.000000 test_r2=1.000000 complexity=7 evals=27198
          Nguyen-7 run=95 seed=10805 time=0.268s reward=1.000000 train_r2=1.000000 test_r2=1.000000 complexity=10 evals=39976
         Nguyen-11 run=95 seed=10805 time=0.068s reward=1.000000 train_r2=1.000000 test_r2=1.000000 complexity=5 evals=13041
          Nguyen-1 run=96 seed=13417 time=0.022s reward=1.000000 train_r2=1.000000 test_r2=1.000000 complexity=9 evals=4144
          Nguyen-4 run=91 seed=23939 time=3.218s reward=1.000000 train_r2=1.000000 test_r2=1.000000 complexity=16 evals=416563
          Nguyen-4 run=93 seed=1021  time=1.879s reward=1.000000 train_r2=1.000000 test_r2=1.000000 complexity=13 evals=235377
          Nguyen-4 run=68 seed=10555 time=18.953s reward=0.997114 train_r2=0.999992 test_r2=0.943895 complexity=17 evals=2000000
          Nguyen-8 run=91 seed=23939 time=3.225s reward=1.000000 train_r2=1.000000 test_r2=1.000000 complexity=3 evals=391047
          Nguyen-2 run=96 seed=13417 time=0.262s reward=1.000000 train_r2=1.000000 test_r2=1.000000 complexity=10 evals=41268
          Nguyen-4 run=95 seed=10805 time=0.747s reward=1.000000 train_r2=1.000000 test_r2=1.000000 complexity=13 evals=108798
        Nguyen-12* run=69 seed=10253 time=17.594s reward=0.999161 train_r2=0.999999 test_r2=0.999997 complexity=15 evals=2000001
          Nguyen-8 run=85 seed=8226  time=6.312s reward=1.000000 train_r2=1.000000 test_r2=1.000000 complexity=3 evals=763053
          Nguyen-3 run=96 seed=13417 time=0.355s reward=1.000000 train_r2=1.000000 test_r2=1.000000 complexity=14 evals=57104
         Nguyen-11 run=96 seed=13417 time=0.014s reward=1.000000 train_r2=1.000000 test_r2=1.000000 complexity=5 evals=2866
          Nguyen-9 run=96 seed=13417 time=0.158s reward=1.000000 train_r2=1.000000 test_r2=1.000000 complexity=7 evals=28210
          Nguyen-1 run=97 seed=20227 time=0.033s reward=1.000000 train_r2=1.000000 test_r2=1.000000 complexity=9 evals=5823
         Nguyen-10 run=96 seed=13417 time=0.174s reward=1.000000 train_r2=1.000000 test_r2=1.000000 complexity=6 evals=29101
          Nguyen-6 run=96 seed=13417 time=0.410s reward=1.000000 train_r2=1.000000 test_r2=1.000000 complexity=9 evals=59124
          Nguyen-7 run=96 seed=13417 time=0.519s reward=1.000000 train_r2=1.000000 test_r2=1.000000 complexity=10 evals=76722
          Nguyen-2 run=97 seed=20227 time=0.280s reward=1.000000 train_r2=1.000000 test_r2=1.000000 complexity=12 evals=43381
          Nguyen-6 run=97 seed=20227 time=0.071s reward=1.000000 train_r2=1.000000 test_r2=1.000000 complexity=9 evals=12101
          Nguyen-5 run=97 seed=20227 time=0.300s reward=1.000000 train_r2=1.000000 test_r2=1.000000 complexity=9 evals=45791
          Nguyen-7 run=97 seed=20227 time=0.177s reward=1.000000 train_r2=1.000000 test_r2=1.000000 complexity=10 evals=26762
          Nguyen-8 run=97 seed=20227 time=0.041s reward=1.000000 train_r2=1.000000 test_r2=1.000000 complexity=3 evals=7502
          Nguyen-4 run=96 seed=13417 time=1.078s reward=1.000000 train_r2=1.000000 test_r2=1.000000 complexity=13 evals=142198
         Nguyen-11 run=97 seed=20227 time=0.030s reward=1.000000 train_r2=1.000000 test_r2=1.000000 complexity=5 evals=5930
         Nguyen-10 run=95 seed=10805 time=1.408s reward=1.000000 train_r2=1.000000 test_r2=1.000000 complexity=6 evals=181526
          Nguyen-1 run=98 seed=7989  time=0.050s reward=1.000000 train_r2=1.000000 test_r2=1.000000 complexity=9 evals=8840
          Nguyen-3 run=97 seed=20227 time=0.821s reward=1.000000 train_r2=1.000000 test_r2=1.000000 complexity=16 evals=110724
          Nguyen-2 run=98 seed=7989  time=0.105s reward=1.000000 train_r2=1.000000 test_r2=1.000000 complexity=10 evals=18020
          Nguyen-9 run=97 seed=20227 time=0.335s reward=1.000000 train_r2=1.000000 test_r2=1.000000 complexity=9 evals=53890
          Nguyen-8 run=94 seed=11653 time=2.715s reward=1.000000 train_r2=1.000000 test_r2=1.000000 complexity=3 evals=366625
         Nguyen-10 run=97 seed=20227 time=0.561s reward=1.000000 train_r2=1.000000 test_r2=1.000000 complexity=6 evals=85055
          Nguyen-6 run=98 seed=7989  time=0.180s reward=1.000000 train_r2=1.000000 test_r2=1.000000 complexity=9 evals=31289
          Nguyen-8 run=98 seed=7989  time=0.002s reward=1.000000 train_r2=1.000000 test_r2=1.000000 complexity=3 evals=437
          Nguyen-7 run=98 seed=7989  time=0.146s reward=1.000000 train_r2=1.000000 test_r2=1.000000 complexity=10 evals=23000
          Nguyen-5 run=98 seed=7989  time=0.583s reward=1.000000 train_r2=1.000000 test_r2=1.000000 complexity=9 evals=83452
          Nguyen-3 run=98 seed=7989  time=0.811s reward=1.000000 train_r2=1.000000 test_r2=1.000000 complexity=16 evals=110835
        Nguyen-12* run=96 seed=13417 time=1.872s reward=1.000000 train_r2=1.000000 test_r2=1.000000 complexity=17 evals=270105
         Nguyen-11 run=98 seed=7989  time=0.139s reward=1.000000 train_r2=1.000000 test_r2=1.000000 complexity=5 evals=25016
          Nguyen-9 run=98 seed=7989  time=0.582s reward=1.000000 train_r2=1.000000 test_r2=1.000000 complexity=7 evals=92078
          Nguyen-1 run=99 seed=9692  time=0.054s reward=1.000000 train_r2=1.000000 test_r2=1.000000 complexity=8 evals=9898
wrote 100 rows to /root/bench_results/mt19937-srbench/nguyen/nguyen_001_nguyen-1.csv
          Nguyen-2 run=99 seed=9692  time=0.135s reward=1.000000 train_r2=1.000000 test_r2=1.000000 complexity=10 evals=21815
wrote 100 rows to /root/bench_results/mt19937-srbench/nguyen/nguyen_002_nguyen-2.csv
         Nguyen-10 run=98 seed=7989  time=0.575s reward=1.000000 train_r2=1.000000 test_r2=1.000000 complexity=6 evals=87590
        Nguyen-12* run=83 seed=17159 time=9.768s reward=1.000000 train_r2=1.000000 test_r2=1.000000 complexity=14 evals=1126856
          Nguyen-6 run=99 seed=9692  time=0.256s reward=1.000000 train_r2=1.000000 test_r2=1.000000 complexity=9 evals=39817
wrote 100 rows to /root/bench_results/mt19937-srbench/nguyen/nguyen_006_nguyen-6.csv
        Nguyen-12* run=72 seed=11016 time=17.871s reward=0.999121 train_r2=0.999999 test_r2=1.000000 complexity=17 evals=2000001
          Nguyen-9 run=99 seed=9692  time=0.042s reward=1.000000 train_r2=1.000000 test_r2=1.000000 complexity=7 evals=8501
wrote 100 rows to /root/bench_results/mt19937-srbench/nguyen/nguyen_009_nguyen-9.csv
          Nguyen-8 run=99 seed=9692  time=0.113s reward=1.000000 train_r2=1.000000 test_r2=1.000000 complexity=3 evals=18819
         Nguyen-11 run=99 seed=9692  time=0.006s reward=1.000000 train_r2=1.000000 test_r2=1.000000 complexity=5 evals=1163
wrote 100 rows to /root/bench_results/mt19937-srbench/nguyen/nguyen_011_nguyen-11.csv
          Nguyen-3 run=99 seed=9692  time=0.597s reward=1.000000 train_r2=1.000000 test_r2=1.000000 complexity=14 evals=90751
wrote 100 rows to /root/bench_results/mt19937-srbench/nguyen/nguyen_003_nguyen-3.csv
        Nguyen-12* run=74 seed=2612  time=16.006s reward=0.999654 train_r2=1.000000 test_r2=1.000000 complexity=20 evals=2000000
          Nguyen-4 run=99 seed=9692  time=0.708s reward=1.000000 train_r2=1.000000 test_r2=1.000000 complexity=17 evals=111921
          Nguyen-7 run=99 seed=9692  time=0.369s reward=1.000000 train_r2=1.000000 test_r2=1.000000 complexity=11 evals=54780
wrote 100 rows to /root/bench_results/mt19937-srbench/nguyen/nguyen_007_nguyen-7.csv
          Nguyen-4 run=98 seed=7989  time=2.149s reward=1.000000 train_r2=1.000000 test_r2=1.000000 complexity=16 evals=256438
        Nguyen-12* run=80 seed=26054 time=12.419s reward=1.000000 train_r2=1.000000 test_r2=1.000000 complexity=17 evals=1429825
          Nguyen-5 run=99 seed=9692  time=1.221s reward=1.000000 train_r2=1.000000 test_r2=1.000000 complexity=9 evals=163799
          Nguyen-4 run=97 seed=20227 time=3.145s reward=1.000000 train_r2=1.000000 test_r2=1.000000 complexity=17 evals=369778
wrote 100 rows to /root/bench_results/mt19937-srbench/nguyen/nguyen_004_nguyen-4.csv
        Nguyen-12* run=73 seed=23897 time=18.141s reward=0.999284 train_r2=0.999999 test_r2=0.999999 complexity=21 evals=2000001
        Nguyen-12* run=93 seed=1021  time=5.772s reward=1.000000 train_r2=1.000000 test_r2=1.000000 complexity=17 evals=880367
         Nguyen-10 run=99 seed=9692  time=1.585s reward=1.000000 train_r2=1.000000 test_r2=1.000000 complexity=6 evals=211543
wrote 100 rows to /root/bench_results/mt19937-srbench/nguyen/nguyen_010_nguyen-10.csv
          Nguyen-5 run=96 seed=13417 time=4.697s reward=1.000000 train_r2=1.000000 test_r2=1.000000 complexity=9 evals=652228
wrote 100 rows to /root/bench_results/mt19937-srbench/nguyen/nguyen_005_nguyen-5.csv
        Nguyen-12* run=75 seed=23425 time=17.465s reward=0.999586 train_r2=1.000000 test_r2=1.000000 complexity=17 evals=2000000
        Nguyen-12* run=95 seed=10805 time=5.490s reward=1.000000 train_r2=1.000000 test_r2=1.000000 complexity=17 evals=681147
        Nguyen-12* run=77 seed=22619 time=17.000s reward=0.998993 train_r2=0.999999 test_r2=0.999998 complexity=24 evals=2000003
        Nguyen-12* run=76 seed=25939 time=17.672s reward=0.998985 train_r2=0.999999 test_r2=0.999994 complexity=27 evals=2000000
          Nguyen-8 run=95 seed=10805 time=7.081s reward=1.000000 train_r2=1.000000 test_r2=1.000000 complexity=3 evals=900427
        Nguyen-12* run=78 seed=21870 time=18.241s reward=0.998959 train_r2=0.999999 test_r2=0.999998 complexity=26 evals=2000001
          Nguyen-8 run=96 seed=13417 time=7.490s reward=1.000000 train_r2=1.000000 test_r2=1.000000 complexity=3 evals=1123915
wrote 100 rows to /root/bench_results/mt19937-srbench/nguyen/nguyen_008_nguyen-8.csv
        Nguyen-12* run=82 seed=27132 time=15.830s reward=0.999444 train_r2=1.000000 test_r2=1.000000 complexity=17 evals=2000003
        Nguyen-12* run=84 seed=12206 time=15.614s reward=0.999659 train_r2=1.000000 test_r2=0.999999 complexity=24 evals=2000001
        Nguyen-12* run=86 seed=14541 time=14.260s reward=0.999360 train_r2=1.000000 test_r2=1.000000 complexity=20 evals=2000002
        Nguyen-12* run=98 seed=7989  time=7.179s reward=1.000000 train_r2=1.000000 test_r2=1.000000 complexity=17 evals=1249927
        Nguyen-12* run=85 seed=8226  time=15.142s reward=0.999147 train_r2=0.999999 test_r2=0.999999 complexity=14 evals=2000002
        Nguyen-12* run=87 seed=3152  time=15.337s reward=0.998680 train_r2=0.999998 test_r2=0.999997 complexity=14 evals=2000001
        Nguyen-12* run=88 seed=26531 time=14.997s reward=0.999585 train_r2=1.000000 test_r2=1.000000 complexity=17 evals=2000002
        Nguyen-12* run=92 seed=19457 time=12.973s reward=0.999011 train_r2=0.999999 test_r2=0.999999 complexity=17 evals=2000002
        Nguyen-12* run=90 seed=3943  time=15.353s reward=0.999463 train_r2=1.000000 test_r2=0.999999 complexity=27 evals=2000002
        Nguyen-12* run=91 seed=23939 time=15.287s reward=0.998614 train_r2=0.999998 test_r2=0.999997 complexity=20 evals=2000004
        Nguyen-12* run=94 seed=11653 time=14.068s reward=0.999398 train_r2=1.000000 test_r2=0.999998 complexity=30 evals=2000002
        Nguyen-12* run=97 seed=20227 time=12.878s reward=0.998882 train_r2=0.999999 test_r2=0.999998 complexity=27 evals=2000003
        Nguyen-12* run=99 seed=9692  time=11.702s reward=0.999404 train_r2=1.000000 test_r2=0.999999 complexity=21 evals=2000006
wrote 100 rows to /root/bench_results/mt19937-srbench/nguyen/nguyen_012_nguyen-12.csv
total wall time : 75.9s
