benchmark group : Nguyen
cases           : Nguyen-1, Nguyen-2, Nguyen-3, Nguyen-4, Nguyen-5, Nguyen-6, Nguyen-7, Nguyen-8, Nguyen-9, Nguyen-10, Nguyen-11, Nguyen-12*
runs per case   : 100
seed_source     : quantum
ops             : +,-,*,/,sin,cos,exp,log
c               : 6.0
gamma           : 0.5
gp_rate         : 0.5
mutation_rate   : 0.1
exploration_rate: 0.1
sample_multiplier: 2.0
test_ratio      : 0.5
workers         : 32
output          : /root/bench_results/pcg-quantum/nguyen
          Nguyen-2 run=1  seed=971434279 time=0.022s reward=1.000000 train_r2=1.000000 test_r2=1.000000 complexity=12 evals=4321
          Nguyen-9 run=1  seed=971434279 time=0.021s reward=1.000000 train_r2=1.000000 test_r2=1.000000 complexity=7 evals=4253
          Nguyen-8 run=0  seed=723072574 time=0.017s reward=1.000000 train_r2=1.000000 test_r2=1.000000 complexity=3 evals=3083
         Nguyen-11 run=0  seed=723072574 time=0.009s reward=1.000000 train_r2=1.000000 test_r2=1.000000 complexity=5 evals=1901
          Nguyen-6 run=0  seed=723072574 time=0.030s reward=1.000000 train_r2=1.000000 test_r2=1.000000 complexity=9 evals=5774
         Nguyen-11 run=2  seed=3325160576 time=0.010s reward=1.000000 train_r2=1.000000 test_r2=1.000000 complexity=5 evals=1953
          Nguyen-1 run=1  seed=971434279 time=0.042s reward=1.000000 train_r2=1.000000 test_r2=1.000000 complexity=9 evals=7558
          Nguyen-1 run=0  seed=723072574 time=0.028s reward=1.000000 train_r2=1.000000 test_r2=1.000000 complexity=9 evals=5145
          Nguyen-5 run=1  seed=971434279 time=0.040s reward=1.000000 train_r2=1.000000 test_r2=1.000000 complexity=9 evals=7900
         Nguyen-10 run=0  seed=723072574 time=0.033s reward=1.000000 train_r2=1.000000 test_r2=1.000000 complexity=6 evals=6513
          Nguyen-9 run=0  seed=723072574 time=0.053s reward=1.000000 train_r2=1.000000 test_r2=1.000000 complexity=7 evals=10397
          Nguyen-1 run=2  seed=3325160576 time=0.058s reward=1.000000 train_r2=1.000000 test_r2=1.000000 complexity=9 evals=10447
         Nguyen-11 run=1  seed=971434279 time=0.066s reward=1.000000 train_r2=1.000000 test_r2=1.000000 complexity=5 evals=12457
          Nguyen-1 run=3  seed=3163586042 time=0.050s reward=1.000000 train_r2=1.000000 test_r2=1.000000 complexity=9 evals=9376
         Nguyen-10 run=2  seed=3325160576 time=0.115s reward=1.000000 train_r2=1.000000 test_r2=1.000000 complexity=6 evals=20478
          Nguyen-7 run=1  seed=971434279 time=0.158s reward=1.000000 train_r2=1.000000 test_r2=1.000000 complexity=10 evals=27031
          Nguyen-9 run=2  seed=3325160576 time=0.137s reward=1.000000 train_r2=1.000000 test_r2=1.000000 complexity=7 evals=24766
         Nguyen-11 run=3  seed=3163586042 time=0.011s reward=1.000000 train_r2=1.000000 test_r2=1.000000 complexity=5 evals=1963
          Nguyen-7 run=0  seed=723072574 time=0.178s reward=1.000000 train_r2=1.000000 test_r2=1.000000 complexity=10 evals=29487
          Nguyen-2 run=2  seed=3325160576 time=0.167s reward=1.000000 train_r2=1.000000 test_r2=1.000000 complexity=10 evals=26094
          Nguyen-2 run=0  seed=723072574 time=0.173s reward=1.000000 train_r2=1.000000 test_r2=1.000000 complexity=10 evals=28597
          Nguyen-8 run=2  seed=3325160576 time=0.170s reward=1.000000 train_r2=1.000000 test_r2=1.000000 complexity=3 evals=29326
          Nguyen-9 run=3  seed=3163586042 time=0.125s reward=1.000000 train_r2=1.000000 test_r2=1.000000 complexity=7 evals=21991
          Nguyen-8 run=3  seed=3163586042 time=0.151s reward=1.000000 train_r2=1.000000 test_r2=1.000000 complexity=3 evals=25146
          Nguyen-1 run=4  seed=1227433701 time=0.089s reward=1.000000 train_r2=1.000000 test_r2=1.000000 complexity=8 evals=15933
          Nguyen-6 run=2  seed=3325160576 time=0.240s reward=1.000000 train_r2=1.000000 test_r2=1.000000 complexity=9 evals=38496
          Nguyen-6 run=4  seed=1227433701 time=0.038s reward=1.000000 train_r2=1.000000 test_r2=1.000000 complexity=9 evals=6826
         Nguyen-11 run=4  seed=1227433701 time=0.010s reward=1.000000 train_r2=1.000000 test_r2=1.000000 complexity=5 evals=1899
         Nguyen-10 run=3  seed=3163586042 time=0.200s reward=1.000000 train_r2=1.000000 test_r2=1.000000 complexity=6 evals=35286
          Nguyen-2 run=4  seed=1227433701 time=0.144s reward=1.000000 train_r2=1.000000 test_r2=1.000000 complexity=10 evals=26064
         Nguyen-10 run=1  seed=971434279 time=0.333s reward=1.000000 train_r2=1.000000 test_r2=1.000000 complexity=6 evals=52842
          Nguyen-8 run=1  seed=971434279 time=0.393s reward=1.000000 train_r2=1.000000 test_r2=1.000000 complexity=3 evals=65494
          Nguyen-6 run=1  seed=971434279 time=0.339s reward=1.000000 train_r2=1.000000 test_r2=1.000000 complexity=9 evals=51113
          Nguyen-1 run=5  seed=2057259013 time=0.062s reward=1.000000 train_r2=1.000000 test_r2=1.000000 complexity=8 evals=10743
          Nguyen-7 run=4  seed=1227433701 time=0.169s reward=1.000000 train_r2=1.000000 test_r2=1.000000 complexity=10 evals=27443
          Nguyen-5 run=0  seed=723072574 time=0.449s reward=1.000000 train_r2=1.000000 test_r2=1.000000 complexity=9 evals=65086
          Nguyen-6 run=3  seed=3163586042 time=0.342s reward=1.000000 train_r2=1.000000 test_r2=1.000000 complexity=9 evals=54170
          Nguyen-9 run=4  seed=1227433701 time=0.202s reward=1.000000 train_r2=1.000000 test_r2=1.000000 complexity=7 evals=36725
          Nguyen-8 run=4  seed=1227433701 time=0.252s reward=1.000000 train_r2=1.000000 test_r2=1.000000 complexity=3 evals=40987
          Nguyen-9 run=5  seed=2057259013 time=0.018s reward=1.000000 train_r2=1.000000 test_r2=1.000000 complexity=7 evals=3535
          Nguyen-5 run=5  seed=2057259013 time=0.094s reward=1.000000 train_r2=1.000000 test_r2=1.000000 complexity=9 evals=16320
          Nguyen-2 run=3  seed=3163586042 time=0.450s reward=1.000000 train_r2=1.000000 test_r2=1.000000 complexity=10 evals=67507
         Nguyen-11 run=5  seed=2057259013 time=0.010s reward=1.000000 train_r2=1.000000 test_r2=1.000000 complexity=5 evals=2037
          Nguyen-2 run=5  seed=2057259013 time=0.189s reward=1.000000 train_r2=1.000000 test_r2=1.000000 complexity=10 evals=33823
          Nguyen-5 run=3  seed=3163586042 time=0.465s reward=1.000000 train_r2=1.000000 test_r2=1.000000 complexity=9 evals=63276
          Nguyen-3 run=0  seed=723072574 time=0.536s reward=1.000000 train_r2=1.000000 test_r2=1.000000 complexity=14 evals=74491
          Nguyen-1 run=6  seed=3814845113 time=0.059s reward=1.000000 train_r2=1.000000 test_r2=1.000000 complexity=9 evals=10021
          Nguyen-3 run=4  seed=1227433701 time=0.437s reward=1.000000 train_r2=1.000000 test_r2=1.000000 complexity=14 evals=70528
          Nguyen-6 run=5  seed=2057259013 time=0.228s reward=1.000000 train_r2=1.000000 test_r2=1.000000 complexity=9 evals=39325
          Nguyen-7 run=3  seed=3163586042 time=0.545s reward=1.000000 train_r2=1.000000 test_r2=1.000000 complexity=11 evals=79880
          Nguyen-3 run=2  seed=3325160576 time=0.661s reward=1.000000 train_r2=1.000000 test_r2=1.000000 complexity=14 evals=88501
          Nguyen-2 run=6  seed=3814845113 time=0.154s reward=1.000000 train_r2=1.000000 test_r2=1.000000 complexity=12 evals=26130
          Nguyen-4 run=1  seed=971434279 time=0.710s reward=1.000000 train_r2=1.000000 test_r2=1.000000 complexity=17 evals=102781
         Nguyen-11 run=6  seed=3814845113 time=0.003s reward=1.000000 train_r2=1.000000 test_r2=1.000000 complexity=5 evals=541
          Nguyen-7 run=2  seed=3325160576 time=0.669s reward=1.000000 train_r2=1.000000 test_r2=1.000000 complexity=11 evals=92412
          Nguyen-4 run=0  seed=723072574 time=0.722s reward=1.000000 train_r2=1.000000 test_r2=1.000000 complexity=16 evals=104084
          Nguyen-6 run=6  seed=3814845113 time=0.096s reward=1.000000 train_r2=1.000000 test_r2=1.000000 complexity=9 evals=16118
          Nguyen-1 run=7  seed=2770303473 time=0.036s reward=1.000000 train_r2=1.000000 test_r2=1.000000 complexity=9 evals=6744
          Nguyen-3 run=5  seed=2057259013 time=0.379s reward=1.000000 train_r2=1.000000 test_r2=1.000000 complexity=14 evals=54127
         Nguyen-10 run=6  seed=3814845113 time=0.106s reward=1.000000 train_r2=1.000000 test_r2=1.000000 complexity=6 evals=18832
          Nguyen-6 run=7  seed=2770303473 time=0.003s reward=1.000000 train_r2=1.000000 test_r2=1.000000 complexity=9 evals=503
          Nguyen-9 run=6  seed=3814845113 time=0.137s reward=1.000000 train_r2=1.000000 test_r2=1.000000 complexity=7 evals=26557
          Nguyen-3 run=1  seed=971434279 time=0.796s reward=1.000000 train_r2=1.000000 test_r2=1.000000 complexity=15 evals=107874
          Nguyen-8 run=6  seed=3814845113 time=0.208s reward=1.000000 train_r2=1.000000 test_r2=1.000000 complexity=3 evals=38259
          Nguyen-7 run=5  seed=2057259013 time=0.400s reward=1.000000 train_r2=1.000000 test_r2=1.000000 complexity=11 evals=59893
         Nguyen-10 run=5  seed=2057259013 time=0.362s reward=1.000000 train_r2=1.000000 test_r2=1.000000 complexity=6 evals=61308
          Nguyen-9 run=7  seed=2770303473 time=0.064s reward=1.000000 train_r2=1.000000 test_r2=1.000000 complexity=7 evals=12638
          Nguyen-8 run=7  seed=2770303473 time=0.098s reward=1.000000 train_r2=1.000000 test_r2=1.000000 complexity=3 evals=17220
          Nguyen-2 run=7  seed=2770303473 time=0.166s reward=1.000000 train_r2=1.000000 test_r2=1.000000 complexity=12 evals=27844
         Nguyen-11 run=7  seed=2770303473 time=0.042s reward=1.000000 train_r2=1.000000 test_r2=1.000000 complexity=5 evals=7815
          Nguyen-1 run=8  seed=3183815639 time=0.032s reward=1.000000 train_r2=1.000000 test_r2=1.000000 complexity=8 evals=5699
          Nguyen-5 run=6  seed=3814845113 time=0.321s reward=1.000000 train_r2=1.000000 test_r2=1.000000 complexity=9 evals=46185
          Nguyen-5 run=4  seed=1227433701 time=0.673s reward=1.000000 train_r2=1.000000 test_r2=1.000000 complexity=9 evals=95431
          Nguyen-4 run=3  seed=3163586042 time=0.821s reward=1.000000 train_r2=1.000000 test_r2=1.000000 complexity=13 evals=109777
          Nguyen-6 run=8  seed=3183815639 time=0.032s reward=1.000000 train_r2=1.000000 test_r2=1.000000 complexity=9 evals=5894
          Nguyen-3 run=6  seed=3814845113 time=0.420s reward=1.000000 train_r2=1.000000 test_r2=1.000000 complexity=14 evals=61588
          Nguyen-7 run=7  seed=2770303473 time=0.204s reward=1.000000 train_r2=1.000000 test_r2=1.000000 complexity=10 evals=30169
         Nguyen-11 run=8  seed=3183815639 time=0.023s reward=1.000000 train_r2=1.000000 test_r2=1.000000 complexity=5 evals=4359
          Nguyen-9 run=8  seed=3183815639 time=0.058s reward=1.000000 train_r2=1.000000 test_r2=1.000000 complexity=7 evals=10494
          Nguyen-1 run=9  seed=3828183215 time=0.041s reward=1.000000 train_r2=1.000000 test_r2=1.000000 complexity=9 evals=7322
          Nguyen-3 run=3  seed=3163586042 time=0.941s reward=1.000000 train_r2=1.000000 test_r2=1.000000 complexity=14 evals=131621
          Nguyen-3 run=7  seed=2770303473 time=0.314s reward=1.000000 train_r2=1.000000 test_r2=1.000000 complexity=14 evals=47727
          Nguyen-5 run=8  seed=3183815639 time=0.159s reward=1.000000 train_r2=1.000000 test_r2=1.000000 complexity=9 evals=26985
          Nguyen-7 run=6  seed=3814845113 time=0.502s reward=1.000000 train_r2=1.000000 test_r2=1.000000 complexity=10 evals=71134
          Nguyen-2 run=8  seed=3183815639 time=0.254s reward=1.000000 train_r2=1.000000 test_r2=1.000000 complexity=12 evals=40698
          Nguyen-4 run=2  seed=3325160576 time=1.168s reward=1.000000 train_r2=1.000000 test_r2=1.000000 complexity=13 evals=154051
         Nguyen-10 run=4  seed=1227433701 time=0.891s reward=1.000000 train_r2=1.000000 test_r2=1.000000 complexity=6 evals=121109
          Nguyen-7 run=8  seed=3183815639 time=0.313s reward=1.000000 train_r2=1.000000 test_r2=1.000000 complexity=11 evals=48452
          Nguyen-3 run=8  seed=3183815639 time=0.329s reward=1.000000 train_r2=1.000000 test_r2=1.000000 complexity=14 evals=52679
         Nguyen-11 run=9  seed=3828183215 time=0.026s reward=1.000000 train_r2=1.000000 test_r2=1.000000 complexity=5 evals=4950
         Nguyen-10 run=8  seed=3183815639 time=0.318s reward=1.000000 train_r2=1.000000 test_r2=1.000000 complexity=6 evals=49945
         Nguyen-10 run=7  seed=2770303473 time=0.437s reward=1.000000 train_r2=1.000000 test_r2=1.000000 complexity=6 evals=75379
          Nguyen-9 run=9  seed=3828183215 time=0.109s reward=1.000000 train_r2=1.000000 test_r2=1.000000 complexity=7 evals=21132
          Nguyen-4 run=7  seed=2770303473 time=0.545s reward=1.000000 train_r2=1.000000 test_r2=1.000000 complexity=13 evals=82230
          Nguyen-6 run=9  seed=3828183215 time=0.180s reward=1.000000 train_r2=1.000000 test_r2=1.000000 complexity=9 evals=27401
          Nguyen-1 run=10 seed=2437489881 time=0.080s reward=1.000000 train_r2=1.000000 test_r2=1.000000 complexity=9 evals=14264
          Nguyen-8 run=10 seed=2437489881 time=0.027s reward=1.000000 train_r2=1.000000 test_r2=1.000000 complexity=3 evals=5058
          Nguyen-6 run=10 seed=2437489881 time=0.047s reward=1.000000 train_r2=1.000000 test_r2=1.000000 complexity=9 evals=8987
          Nguyen-2 run=9  seed=3828183215 time=0.379s reward=1.000000 train_r2=1.000000 test_r2=1.000000 complexity=10 evals=56931
          Nguyen-4 run=6  seed=3814845113 time=0.841s reward=1.000000 train_r2=1.000000 test_r2=1.000000 complexity=13 evals=123762
          Nguyen-9 run=10 seed=2437489881 time=0.055s reward=1.000000 train_r2=1.000000 test_r2=1.000000 complexity=7 evals=10865
         Nguyen-11 run=10 seed=2437489881 time=0.034s reward=1.000000 train_r2=1.000000 test_r2=1.000000 complexity=5 evals=6438
          Nguyen-1 run=11 seed=2218870180 time=0.058s reward=1.000000 train_r2=1.000000 test_r2=1.000000 complexity=9 evals=10724
          Nguyen-2 run=10 seed=2437489881 time=0.291s reward=1.000000 train_r2=1.000000 test_r2=1.000000 complexity=10 evals=44647
          Nguyen-4 run=5  seed=2057259013 time=1.190s reward=1.000000 train_r2=1.000000 test_r2=1.000000 complexity=17 evals=157999
          Nguyen-5 run=10 seed=2437489881 time=0.289s reward=1.000000 train_r2=1.000000 test_r2=1.000000 complexity=9 evals=47015
          Nguyen-3 run=10 seed=2437489881 time=0.400s reward=1.000000 train_r2=1.000000 test_r2=1.000000 complexity=16 evals=57188
          Nguyen-8 run=8  seed=3183815639 time=0.793s reward=1.000000 train_r2=1.000000 test_r2=1.000000 complexity=3 evals=108700
          Nguyen-7 run=10 seed=2437489881 time=0.434s reward=1.000000 train_r2=1.000000 test_r2=1.000000 complexity=10 evals=61268
          Nguyen-2 run=11 seed=2218870180 time=0.317s reward=1.000000 train_r2=1.000000 test_r2=1.000000 complexity=12 evals=48659
        Nguyen-12* run=6  seed=3814845113 time=1.036s reward=1.000000 train_r2=1.000000 test_r2=1.000000 complexity=17 evals=144055
         Nguyen-11 run=11 seed=2218870180 time=0.005s reward=1.000000 train_r2=1.000000 test_r2=1.000000 complexity=5 evals=857
          Nguyen-6 run=11 seed=2218870180 time=0.165s reward=1.000000 train_r2=1.000000 test_r2=1.000000 complexity=9 evals=28786
          Nguyen-3 run=11 seed=2218870180 time=0.300s reward=1.000000 train_r2=1.000000 test_r2=1.000000 complexity=14 evals=47144
          Nguyen-4 run=4  seed=1227433701 time=1.621s reward=1.000000 train_r2=1.000000 test_r2=1.000000 complexity=13 evals=199359
          Nguyen-1 run=12 seed=1677402687 time=0.031s reward=1.000000 train_r2=1.000000 test_r2=1.000000 complexity=9 evals=6014
          Nguyen-5 run=11 seed=2218870180 time=0.214s reward=1.000000 train_r2=1.000000 test_r2=1.000000 complexity=9 evals=35661
          Nguyen-4 run=9  seed=3828183215 time=0.866s reward=1.000000 train_r2=1.000000 test_r2=1.000000 complexity=17 evals=116477
          Nguyen-9 run=11 seed=2218870180 time=0.247s reward=1.000000 train_r2=1.000000 test_r2=1.000000 complexity=7 evals=37935
          Nguyen-6 run=12 seed=1677402687 time=0.067s reward=1.000000 train_r2=1.000000 test_r2=1.000000 complexity=9 evals=11638
         Nguyen-10 run=11 seed=2218870180 time=0.263s reward=1.000000 train_r2=1.000000 test_r2=1.000000 complexity=6 evals=42213
          Nguyen-2 run=12 seed=1677402687 time=0.285s reward=1.000000 train_r2=1.000000 test_r2=1.000000 complexity=10 evals=47792
          Nguyen-5 run=12 seed=1677402687 time=0.274s reward=1.000000 train_r2=1.000000 test_r2=1.000000 complexity=9 evals=44355
          Nguyen-9 run=12 seed=1677402687 time=0.067s reward=1.000000 train_r2=1.000000 test_r2=1.000000 complexity=7 evals=11990
         Nguyen-11 run=12 seed=1677402687 time=0.025s reward=1.000000 train_r2=1.000000 test_r2=1.000000 complexity=5 evals=5136
          Nguyen-1 run=13 seed=310923819 time=0.019s reward=1.000000 train_r2=1.000000 test_r2=1.000000 complexity=9 evals=3563
          Nguyen-4 run=12 seed=1677402687 time=0.483s reward=1.000000 train_r2=1.000000 test_r2=1.000000 complexity=17 evals=77897
         Nguyen-10 run=12 seed=1677402687 time=0.258s reward=1.000000 train_r2=1.000000 test_r2=1.000000 complexity=6 evals=45786
          Nguyen-2 run=13 seed=310923819 time=0.183s reward=1.000000 train_r2=1.000000 test_r2=1.000000 complexity=10 evals=31269
          Nguyen-7 run=9  seed=3828183215 time=1.290s reward=1.000000 train_r2=1.000000 test_r2=1.000000 complexity=10 evals=168496
          Nguyen-6 run=13 seed=310923819 time=0.053s reward=1.000000 train_r2=1.000000 test_r2=1.000000 complexity=9 evals=9323
          Nguyen-5 run=13 seed=310923819 time=0.166s reward=1.000000 train_r2=1.000000 test_r2=1.000000 complexity=9 evals=27738
          Nguyen-7 run=11 seed=2218870180 time=0.895s reward=1.000000 train_r2=1.000000 test_r2=1.000000 complexity=10 evals=124262
          Nguyen-9 run=13 seed=310923819 time=0.007s reward=1.000000 train_r2=1.000000 test_r2=1.000000 complexity=7 evals=1440
          Nguyen-3 run=9  seed=3828183215 time=1.649s reward=1.000000 train_r2=1.000000 test_r2=1.000000 complexity=14 evals=201194
          Nguyen-8 run=13 seed=310923819 time=0.096s reward=1.000000 train_r2=1.000000 test_r2=1.000000 complexity=3 evals=17214
         Nguyen-11 run=13 seed=310923819 time=0.068s reward=1.000000 train_r2=1.000000 test_r2=1.000000 complexity=5 evals=12540
          Nguyen-5 run=9  seed=3828183215 time=1.690s reward=1.000000 train_r2=1.000000 test_r2=1.000000 complexity=9 evals=208923
          Nguyen-1 run=14 seed=1777581980 time=0.047s reward=1.000000 train_r2=1.000000 test_r2=1.000000 complexity=8 evals=8265
          Nguyen-3 run=12 seed=1677402687 time=0.962s reward=1.000000 train_r2=1.000000 test_r2=1.000000 complexity=14 evals=128018
          Nguyen-7 run=13 seed=310923819 time=0.342s reward=1.000000 train_r2=1.000000 test_r2=1.000000 complexity=11 evals=50460
         Nguyen-10 run=13 seed=310923819 time=0.266s reward=1.000000 train_r2=1.000000 test_r2=1.000000 complexity=6 evals=42127
          Nguyen-2 run=14 seed=1777581980 time=0.169s reward=1.000000 train_r2=1.000000 test_r2=1.000000 complexity=10 evals=27790
          Nguyen-4 run=13 seed=310923819 time=0.546s reward=1.000000 train_r2=1.000000 test_r2=1.000000 complexity=13 evals=83054
          Nguyen-6 run=14 seed=1777581980 time=0.068s reward=1.000000 train_r2=1.000000 test_r2=1.000000 complexity=9 evals=12060
         Nguyen-10 run=10 seed=2437489881 time=1.665s reward=1.000000 train_r2=1.000000 test_r2=1.000000 complexity=6 evals=234776
          Nguyen-8 run=12 seed=1677402687 time=1.002s reward=1.000000 train_r2=1.000000 test_r2=1.000000 complexity=3 evals=133124
          Nguyen-4 run=10 seed=2437489881 time=1.758s reward=1.000000 train_r2=1.000000 test_r2=1.000000 complexity=13 evals=240976
         Nguyen-11 run=14 seed=1777581980 time=0.009s reward=1.000000 train_r2=1.000000 test_r2=1.000000 complexity=5 evals=1757
          Nguyen-8 run=14 seed=1777581980 time=0.137s reward=1.000000 train_r2=1.000000 test_r2=1.000000 complexity=3 evals=24752
          Nguyen-9 run=14 seed=1777581980 time=0.108s reward=1.000000 train_r2=1.000000 test_r2=1.000000 complexity=7 evals=18291
          Nguyen-3 run=14 seed=1777581980 time=0.308s reward=1.000000 train_r2=1.000000 test_r2=1.000000 complexity=14 evals=47050
          Nguyen-1 run=15 seed=354449225 time=0.065s reward=1.000000 train_r2=1.000000 test_r2=1.000000 complexity=8 evals=11133
          Nguyen-2 run=15 seed=354449225 time=0.099s reward=1.000000 train_r2=1.000000 test_r2=1.000000 complexity=10 evals=17527
          Nguyen-5 run=7  seed=2770303473 time=2.511s reward=1.000000 train_r2=1.000000 test_r2=1.000000 complexity=9 evals=284761
         Nguyen-10 run=14 seed=1777581980 time=0.210s reward=1.000000 train_r2=1.000000 test_r2=1.000000 complexity=6 evals=37432
          Nguyen-7 run=14 seed=1777581980 time=0.313s reward=1.000000 train_r2=1.000000 test_r2=1.000000 complexity=10 evals=47501
          Nguyen-8 run=15 seed=354449225 time=0.020s reward=1.000000 train_r2=1.000000 test_r2=1.000000 complexity=3 evals=3704
          Nguyen-4 run=14 seed=1777581980 time=0.620s reward=1.000000 train_r2=1.000000 test_r2=1.000000 complexity=13 evals=85802
         Nguyen-11 run=15 seed=354449225 time=0.002s reward=1.000000 train_r2=1.000000 test_r2=1.000000 complexity=5 evals=482
          Nguyen-6 run=15 seed=354449225 time=0.237s reward=1.000000 train_r2=1.000000 test_r2=1.000000 complexity=9 evals=40616
          Nguyen-4 run=11 seed=2218870180 time=1.931s reward=1.000000 train_r2=1.000000 test_r2=1.000000 complexity=13 evals=237403
          Nguyen-8 run=5  seed=2057259013 time=3.128s reward=1.000000 train_r2=1.000000 test_r2=1.000000 complexity=3 evals=437164
          Nguyen-1 run=16 seed=1949615811 time=0.088s reward=1.000000 train_r2=1.000000 test_r2=1.000000 complexity=8 evals=15996
          Nguyen-9 run=15 seed=354449225 time=0.277s reward=1.000000 train_r2=1.000000 test_r2=1.000000 complexity=7 evals=45973
          Nguyen-3 run=15 seed=354449225 time=0.428s reward=1.000000 train_r2=1.000000 test_r2=1.000000 complexity=14 evals=63385
          Nguyen-3 run=13 seed=310923819 time=1.272s reward=1.000000 train_r2=1.000000 test_r2=1.000000 complexity=14 evals=183742
          Nguyen-6 run=16 seed=1949615811 time=0.054s reward=1.000000 train_r2=1.000000 test_r2=1.000000 complexity=9 evals=9484
          Nguyen-8 run=16 seed=1949615811 time=0.042s reward=1.000000 train_r2=1.000000 test_r2=1.000000 complexity=3 evals=7393
          Nguyen-5 run=14 seed=1777581980 time=0.787s reward=1.000000 train_r2=1.000000 test_r2=1.000000 complexity=9 evals=101490
          Nguyen-9 run=16 seed=1949615811 time=0.088s reward=1.000000 train_r2=1.000000 test_r2=1.000000 complexity=7 evals=16218
          Nguyen-5 run=16 seed=1949615811 time=0.233s reward=1.000000 train_r2=1.000000 test_r2=1.000000 complexity=9 evals=37126
          Nguyen-2 run=16 seed=1949615811 time=0.319s reward=1.000000 train_r2=1.000000 test_r2=1.000000 complexity=12 evals=49289
         Nguyen-10 run=15 seed=354449225 time=0.542s reward=1.000000 train_r2=1.000000 test_r2=1.000000 complexity=6 evals=87538
         Nguyen-11 run=16 seed=1949615811 time=0.036s reward=1.000000 train_r2=1.000000 test_r2=1.000000 complexity=5 evals=7102
          Nguyen-7 run=15 seed=354449225 time=0.620s reward=1.000000 train_r2=1.000000 test_r2=1.000000 complexity=10 evals=88048
          Nguyen-1 run=17 seed=2845477618 time=0.056s reward=1.000000 train_r2=1.000000 test_r2=1.000000 complexity=8 evals=10312
          Nguyen-5 run=15 seed=354449225 time=0.744s reward=1.000000 train_r2=1.000000 test_r2=1.000000 complexity=9 evals=102003
          Nguyen-7 run=12 seed=1677402687 time=1.864s reward=1.000000 train_r2=1.000000 test_r2=1.000000 complexity=10 evals=228087
         Nguyen-10 run=16 seed=1949615811 time=0.267s reward=1.000000 train_r2=1.000000 test_r2=1.000000 complexity=6 evals=42211
          Nguyen-3 run=16 seed=1949615811 time=0.425s reward=1.000000 train_r2=1.000000 test_r2=1.000000 complexity=14 evals=68643
          Nguyen-6 run=17 seed=2845477618 time=0.059s reward=1.000000 train_r2=1.000000 test_r2=1.000000 complexity=9 evals=10595
          Nguyen-2 run=17 seed=2845477618 time=0.215s reward=1.000000 train_r2=1.000000 test_r2=1.000000 complexity=11 evals=36287
         Nguyen-11 run=17 seed=2845477618 time=0.010s reward=1.000000 train_r2=1.000000 test_r2=1.000000 complexity=5 evals=1995
          Nguyen-8 run=17 seed=2845477618 time=0.108s reward=1.000000 train_r2=1.000000 test_r2=1.000000 complexity=3 evals=19008
          Nguyen-9 run=17 seed=2845477618 time=0.121s reward=1.000000 train_r2=1.000000 test_r2=1.000000 complexity=7 evals=22958
          Nguyen-7 run=16 seed=1949615811 time=0.508s reward=1.000000 train_r2=1.000000 test_r2=1.000000 complexity=10 evals=80993
          Nguyen-1 run=18 seed=3334804072 time=0.063s reward=1.000000 train_r2=1.000000 test_r2=1.000000 complexity=9 evals=11164
          Nguyen-7 run=17 seed=2845477618 time=0.215s reward=1.000000 train_r2=1.000000 test_r2=1.000000 complexity=11 evals=32146
          Nguyen-2 run=18 seed=3334804072 time=0.164s reward=1.000000 train_r2=1.000000 test_r2=1.000000 complexity=10 evals=28196
          Nguyen-6 run=18 seed=3334804072 time=0.116s reward=1.000000 train_r2=1.000000 test_r2=1.000000 complexity=9 evals=20988
          Nguyen-3 run=18 seed=3334804072 time=0.327s reward=1.000000 train_r2=1.000000 test_r2=1.000000 complexity=14 evals=54605
         Nguyen-10 run=17 seed=2845477618 time=0.539s reward=1.000000 train_r2=1.000000 test_r2=1.000000 complexity=6 evals=79475
          Nguyen-5 run=18 seed=3334804072 time=0.347s reward=1.000000 train_r2=1.000000 test_r2=1.000000 complexity=9 evals=53585
          Nguyen-3 run=17 seed=2845477618 time=0.732s reward=1.000000 train_r2=1.000000 test_r2=1.000000 complexity=14 evals=102790
          Nguyen-9 run=18 seed=3334804072 time=0.048s reward=1.000000 train_r2=1.000000 test_r2=1.000000 complexity=7 evals=9141
         Nguyen-11 run=18 seed=3334804072 time=0.008s reward=1.000000 train_r2=1.000000 test_r2=1.000000 complexity=5 evals=1721
          Nguyen-5 run=17 seed=2845477618 time=0.724s reward=1.000000 train_r2=1.000000 test_r2=1.000000 complexity=9 evals=99758
         Nguyen-10 run=18 seed=3334804072 time=0.084s reward=1.000000 train_r2=1.000000 test_r2=1.000000 complexity=6 evals=14813
          Nguyen-1 run=19 seed=3003924095 time=0.055s reward=1.000000 train_r2=1.000000 test_r2=1.000000 complexity=9 evals=9701
          Nguyen-2 run=19 seed=3003924095 time=0.077s reward=1.000000 train_r2=1.000000 test_r2=1.000000 complexity=10 evals=13694
        Nguyen-12* run=4  seed=1227433701 time=4.404s reward=1.000000 train_r2=1.000000 test_r2=1.000000 complexity=17 evals=562170
          Nguyen-6 run=19 seed=3003924095 time=0.046s reward=1.000000 train_r2=1.000000 test_r2=1.000000 complexity=9 evals=8309
          Nguyen-3 run=19 seed=3003924095 time=0.353s reward=1.000000 train_r2=1.000000 test_r2=1.000000 complexity=14 evals=53586
          Nguyen-5 run=19 seed=3003924095 time=0.306s reward=1.000000 train_r2=1.000000 test_r2=1.000000 complexity=9 evals=45264
          Nguyen-8 run=18 seed=3334804072 time=0.583s reward=1.000000 train_r2=1.000000 test_r2=1.000000 complexity=3 evals=95233
         Nguyen-10 run=9  seed=3828183215 time=4.030s reward=1.000000 train_r2=1.000000 test_r2=1.000000 complexity=6 evals=494134
         Nguyen-11 run=19 seed=3003924095 time=0.008s reward=1.000000 train_r2=1.000000 test_r2=1.000000 complexity=5 evals=1613
          Nguyen-7 run=18 seed=3334804072 time=0.805s reward=1.000000 train_r2=1.000000 test_r2=1.000000 complexity=10 evals=120008
          Nguyen-7 run=19 seed=3003924095 time=0.399s reward=1.000000 train_r2=1.000000 test_r2=1.000000 complexity=11 evals=57329
          Nguyen-1 run=20 seed=938757074 time=0.027s reward=1.000000 train_r2=1.000000 test_r2=1.000000 complexity=9 evals=4989
          Nguyen-9 run=19 seed=3003924095 time=0.292s reward=1.000000 train_r2=1.000000 test_r2=1.000000 complexity=7 evals=45973
          Nguyen-2 run=20 seed=938757074 time=0.149s reward=1.000000 train_r2=1.000000 test_r2=1.000000 complexity=10 evals=24182
          Nguyen-4 run=18 seed=3334804072 time=1.412s reward=1.000000 train_r2=1.000000 test_r2=1.000000 complexity=13 evals=180230
          Nguyen-5 run=20 seed=938757074 time=0.147s reward=1.000000 train_r2=1.000000 test_r2=1.000000 complexity=9 evals=23234
         Nguyen-10 run=19 seed=3003924095 time=0.577s reward=1.000000 train_r2=1.000000 test_r2=1.000000 complexity=6 evals=94338
          Nguyen-4 run=20 seed=938757074 time=0.316s reward=1.000000 train_r2=1.000000 test_r2=1.000000 complexity=13 evals=47472
          Nguyen-4 run=15 seed=354449225 time=2.629s reward=1.000000 train_r2=1.000000 test_r2=1.000000 complexity=17 evals=308386
          Nguyen-9 run=20 seed=938757074 time=0.031s reward=1.000000 train_r2=1.000000 test_r2=1.000000 complexity=7 evals=6212
          Nguyen-8 run=19 seed=3003924095 time=0.711s reward=1.000000 train_r2=1.000000 test_r2=1.000000 complexity=3 evals=97795
         Nguyen-11 run=20 seed=938757074 time=0.016s reward=1.000000 train_r2=1.000000 test_r2=1.000000 complexity=5 evals=3142
          Nguyen-6 run=20 seed=938757074 time=0.125s reward=1.000000 train_r2=1.000000 test_r2=1.000000 complexity=9 evals=20910
          Nguyen-1 run=21 seed=3434952867 time=0.027s reward=1.000000 train_r2=1.000000 test_r2=1.000000 complexity=9 evals=4808
          Nguyen-7 run=20 seed=938757074 time=0.270s reward=1.000000 train_r2=1.000000 test_r2=1.000000 complexity=10 evals=40669
          Nguyen-8 run=11 seed=2218870180 time=4.322s reward=1.000000 train_r2=1.000000 test_r2=1.000000 complexity=3 evals=515525
         Nguyen-10 run=20 seed=938757074 time=0.248s reward=1.000000 train_r2=1.000000 test_r2=1.000000 complexity=6 evals=39092
          Nguyen-3 run=20 seed=938757074 time=0.706s reward=1.000000 train_r2=1.000000 test_r2=1.000000 complexity=16 evals=105797
          Nguyen-2 run=21 seed=3434952867 time=0.264s reward=1.000000 train_r2=1.000000 test_r2=1.000000 complexity=12 evals=41026
          Nguyen-7 run=21 seed=3434952867 time=0.086s reward=1.000000 train_r2=1.000000 test_r2=1.000000 complexity=11 evals=15435
          Nguyen-8 run=21 seed=3434952867 time=0.133s reward=1.000000 train_r2=1.000000 test_r2=1.000000 complexity=3 evals=22652
          Nguyen-9 run=21 seed=3434952867 time=0.175s reward=1.000000 train_r2=1.000000 test_r2=1.000000 complexity=7 evals=32013
         Nguyen-11 run=21 seed=3434952867 time=0.020s reward=1.000000 train_r2=1.000000 test_r2=1.000000 complexity=5 evals=4085
          Nguyen-5 run=2  seed=3325160576 time=6.415s reward=1.000000 train_r2=1.000000 test_r2=1.000000 complexity=9 evals=704892
          Nguyen-6 run=21 seed=3434952867 time=0.371s reward=1.000000 train_r2=1.000000 test_r2=1.000000 complexity=9 evals=55900
          Nguyen-1 run=22 seed=2073228580 time=0.038s reward=1.000000 train_r2=1.000000 test_r2=1.000000 complexity=8 evals=6931
          Nguyen-3 run=21 seed=3434952867 time=0.700s reward=1.000000 train_r2=1.000000 test_r2=1.000000 complexity=14 evals=98460
          Nguyen-2 run=22 seed=2073228580 time=0.232s reward=1.000000 train_r2=1.000000 test_r2=1.000000 complexity=12 evals=36499
          Nguyen-5 run=21 seed=3434952867 time=0.888s reward=1.000000 train_r2=1.000000 test_r2=1.000000 complexity=9 evals=118010
          Nguyen-6 run=22 seed=2073228580 time=0.188s reward=1.000000 train_r2=1.000000 test_r2=1.000000 complexity=9 evals=30461
          Nguyen-3 run=22 seed=2073228580 time=0.802s reward=1.000000 train_r2=1.000000 test_r2=1.000000 complexity=14 evals=112970
          Nguyen-8 run=22 seed=2073228580 time=0.093s reward=1.000000 train_r2=1.000000 test_r2=1.000000 complexity=3 evals=16150
          Nguyen-9 run=22 seed=2073228580 time=0.094s reward=1.000000 train_r2=1.000000 test_r2=1.000000 complexity=7 evals=16198
          Nguyen-7 run=22 seed=2073228580 time=0.456s reward=1.000000 train_r2=1.000000 test_r2=1.000000 complexity=11 evals=64239
         Nguyen-11 run=22 seed=2073228580 time=0.007s reward=1.000000 train_r2=1.000000 test_r2=1.000000 complexity=5 evals=1313
         Nguyen-10 run=21 seed=3434952867 time=1.406s reward=1.000000 train_r2=1.000000 test_r2=1.000000 complexity=6 evals=191261
          Nguyen-1 run=23 seed=1668493585 time=0.123s reward=1.000000 train_r2=1.000000 test_r2=1.000000 complexity=8 evals=20599
          Nguyen-2 run=23 seed=1668493585 time=0.083s reward=1.000000 train_r2=1.000000 test_r2=1.000000 complexity=10 evals=14243
        Nguyen-12* run=9  seed=3828183215 time=6.722s reward=1.000000 train_r2=1.000000 test_r2=1.000000 complexity=17 evals=806631
          Nguyen-4 run=22 seed=2073228580 time=1.362s reward=1.000000 train_r2=1.000000 test_r2=1.000000 complexity=13 evals=174832
          Nguyen-8 run=20 seed=938757074 time=2.424s reward=1.000000 train_r2=1.000000 test_r2=1.000000 complexity=3 evals=347974
          Nguyen-3 run=23 seed=1668493585 time=0.298s reward=1.000000 train_r2=1.000000 test_r2=1.000000 complexity=14 evals=45517
          Nguyen-6 run=23 seed=1668493585 time=0.141s reward=1.000000 train_r2=1.000000 test_r2=1.000000 complexity=9 evals=24590
          Nguyen-4 run=23 seed=1668493585 time=0.355s reward=1.000000 train_r2=1.000000 test_r2=1.000000 complexity=17 evals=52933
          Nguyen-9 run=23 seed=1668493585 time=0.039s reward=1.000000 train_r2=1.000000 test_r2=1.000000 complexity=7 evals=7694
          Nguyen-7 run=23 seed=1668493585 time=0.179s reward=1.000000 train_r2=1.000000 test_r2=1.000000 complexity=11 evals=28148
        Nguyen-12* run=11 seed=2218870180 time=6.419s reward=1.000000 train_r2=1.000000 test_r2=1.000000 complexity=16 evals=828767
         Nguyen-11 run=23 seed=1668493585 time=0.015s reward=1.000000 train_r2=1.000000 test_r2=1.000000 complexity=5 evals=3033
          Nguyen-8 run=9  seed=3828183215 time=7.355s reward=1.000000 train_r2=1.000000 test_r2=1.000000 complexity=3 evals=794279
          Nguyen-8 run=23 seed=1668493585 time=0.184s reward=1.000000 train_r2=1.000000 test_r2=1.000000 complexity=3 evals=32368
         Nguyen-10 run=22 seed=2073228580 time=0.913s reward=1.000000 train_r2=1.000000 test_r2=1.000000 complexity=6 evals=129432
          Nguyen-1 run=24 seed=3850872759 time=0.066s reward=1.000000 train_r2=1.000000 test_r2=1.000000 complexity=8 evals=11685
          Nguyen-5 run=24 seed=3850872759 time=0.154s reward=1.000000 train_r2=1.000000 test_r2=1.000000 complexity=9 evals=25092
          Nguyen-2 run=24 seed=3850872759 time=0.330s reward=1.000000 train_r2=1.000000 test_r2=1.000000 complexity=10 evals=48511
          Nguyen-5 run=23 seed=1668493585 time=0.881s reward=1.000000 train_r2=1.000000 test_r2=1.000000 complexity=9 evals=115360
          Nguyen-8 run=24 seed=3850872759 time=0.076s reward=1.000000 train_r2=1.000000 test_r2=1.000000 complexity=3 evals=12815
          Nguyen-3 run=24 seed=3850872759 time=0.529s reward=1.000000 train_r2=1.000000 test_r2=1.000000 complexity=14 evals=85354
          Nguyen-9 run=24 seed=3850872759 time=0.048s reward=1.000000 train_r2=1.000000 test_r2=1.000000 complexity=7 evals=9208
         Nguyen-11 run=24 seed=3850872759 time=0.014s reward=1.000000 train_r2=1.000000 test_r2=1.000000 complexity=5 evals=2708
          Nguyen-6 run=24 seed=3850872759 time=0.351s reward=1.000000 train_r2=1.000000 test_r2=1.000000 complexity=9 evals=54249
         Nguyen-10 run=23 seed=1668493585 time=0.778s reward=1.000000 train_r2=1.000000 test_r2=1.000000 complexity=6 evals=112495
          Nguyen-1 run=25 seed=2537996840 time=0.102s reward=1.000000 train_r2=1.000000 test_r2=1.000000 complexity=9 evals=17367
          Nguyen-2 run=25 seed=2537996840 time=0.336s reward=1.000000 train_r2=1.000000 test_r2=1.000000 complexity=10 evals=52597
          Nguyen-3 run=25 seed=2537996840 time=0.332s reward=1.000000 train_r2=1.000000 test_r2=1.000000 complexity=14 evals=49721
          Nguyen-5 run=25 seed=2537996840 time=0.152s reward=1.000000 train_r2=1.000000 test_r2=1.000000 complexity=9 evals=23952
          Nguyen-6 run=25 seed=2537996840 time=0.200s reward=1.000000 train_r2=1.000000 test_r2=1.000000 complexity=9 evals=33121
          Nguyen-7 run=25 seed=2537996840 time=0.069s reward=1.000000 train_r2=1.000000 test_r2=1.000000 complexity=11 evals=12099
          Nguyen-4 run=19 seed=3003924095 time=5.446s reward=1.000000 train_r2=1.000000 test_r2=1.000000 complexity=13 evals=599281
        Nguyen-12* run=18 seed=3334804072 time=5.384s reward=1.000000 train_r2=1.000000 test_r2=1.000000 complexity=17 evals=643899
         Nguyen-10 run=24 seed=3850872759 time=1.156s reward=1.000000 train_r2=1.000000 test_r2=1.000000 complexity=6 evals=177627
          Nguyen-9 run=25 seed=2537996840 time=0.094s reward=1.000000 train_r2=1.000000 test_r2=1.000000 complexity=7 evals=16853
         Nguyen-11 run=25 seed=2537996840 time=0.045s reward=1.000000 train_r2=1.000000 test_r2=1.000000 complexity=5 evals=9042
          Nguyen-1 run=26 seed=3995401709 time=0.127s reward=1.000000 train_r2=1.000000 test_r2=1.000000 complexity=8 evals=22434
          Nguyen-2 run=26 seed=3995401709 time=0.092s reward=1.000000 train_r2=1.000000 test_r2=1.000000 complexity=10 evals=15941
         Nguyen-10 run=25 seed=2537996840 time=0.336s reward=1.000000 train_r2=1.000000 test_r2=1.000000 complexity=6 evals=51941
          Nguyen-7 run=24 seed=3850872759 time=1.975s reward=1.000000 train_r2=1.000000 test_r2=1.000000 complexity=10 evals=244608
          Nguyen-3 run=26 seed=3995401709 time=0.287s reward=1.000000 train_r2=1.000000 test_r2=1.000000 complexity=14 evals=46919
          Nguyen-4 run=25 seed=2537996840 time=1.236s reward=1.000000 train_r2=1.000000 test_r2=1.000000 complexity=17 evals=166447
          Nguyen-4 run=17 seed=2845477618 time=6.753s reward=1.000000 train_r2=1.000000 test_r2=1.000000 complexity=17 evals=748077
          Nguyen-6 run=26 seed=3995401709 time=0.136s reward=1.000000 train_r2=1.000000 test_r2=1.000000 complexity=9 evals=24509
        Nguyen-12* run=13 seed=310923819 time=8.015s reward=1.000000 train_r2=1.000000 test_r2=1.000000 complexity=17 evals=948824
          Nguyen-9 run=26 seed=3995401709 time=0.062s reward=1.000000 train_r2=1.000000 test_r2=1.000000 complexity=7 evals=12319
         Nguyen-11 run=26 seed=3995401709 time=0.009s reward=1.000000 train_r2=1.000000 test_r2=1.000000 complexity=5 evals=2048
          Nguyen-4 run=24 seed=3850872759 time=2.699s reward=1.000000 train_r2=1.000000 test_r2=1.000000 complexity=13 evals=318216
          Nguyen-1 run=27 seed=3994838759 time=0.024s reward=1.000000 train_r2=1.000000 test_r2=1.000000 complexity=8 evals=4221
          Nguyen-4 run=26 seed=3995401709 time=0.712s reward=1.000000 train_r2=1.000000 test_r2=1.000000 complexity=14 evals=94803
          Nguyen-7 run=26 seed=3995401709 time=0.468s reward=1.000000 train_r2=1.000000 test_r2=1.000000 complexity=10 evals=68834
          Nguyen-2 run=27 seed=3994838759 time=0.228s reward=1.000000 train_r2=1.000000 test_r2=1.000000 complexity=10 evals=36207
         Nguyen-10 run=26 seed=3995401709 time=0.658s reward=1.000000 train_r2=1.000000 test_r2=1.000000 complexity=6 evals=104100
          Nguyen-6 run=27 seed=3994838759 time=0.053s reward=1.000000 train_r2=1.000000 test_r2=1.000000 complexity=9 evals=9457
          Nguyen-7 run=27 seed=3994838759 time=0.243s reward=1.000000 train_r2=1.000000 test_r2=1.000000 complexity=10 evals=39386
          Nguyen-3 run=27 seed=3994838759 time=0.781s reward=1.000000 train_r2=1.000000 test_r2=1.000000 complexity=14 evals=106969
          Nguyen-8 run=27 seed=3994838759 time=0.123s reward=1.000000 train_r2=1.000000 test_r2=1.000000 complexity=3 evals=19970
          Nguyen-9 run=27 seed=3994838759 time=0.121s reward=1.000000 train_r2=1.000000 test_r2=1.000000 complexity=7 evals=21582
          Nguyen-4 run=27 seed=3994838759 time=0.910s reward=1.000000 train_r2=1.000000 test_r2=1.000000 complexity=16 evals=121926
         Nguyen-11 run=27 seed=3994838759 time=0.019s reward=1.000000 train_r2=1.000000 test_r2=1.000000 complexity=5 evals=3794
          Nguyen-1 run=28 seed=861316294 time=0.034s reward=1.000000 train_r2=1.000000 test_r2=1.000000 complexity=9 evals=6110
          Nguyen-2 run=28 seed=861316294 time=0.242s reward=1.000000 train_r2=1.000000 test_r2=1.000000 complexity=12 evals=37527
          Nguyen-8 run=25 seed=2537996840 time=2.601s reward=1.000000 train_r2=1.000000 test_r2=1.000000 complexity=3 evals=329551
         Nguyen-10 run=27 seed=3994838759 time=0.574s reward=1.000000 train_r2=1.000000 test_r2=1.000000 complexity=6 evals=92364
          Nguyen-5 run=22 seed=2073228580 time=6.111s reward=1.000000 train_r2=1.000000 test_r2=1.000000 complexity=9 evals=683948
        Nguyen-12* run=21 seed=3434952867 time=6.360s reward=1.000000 train_r2=1.000000 test_r2=1.000000 complexity=17 evals=817006
          Nguyen-5 run=28 seed=861316294 time=0.237s reward=1.000000 train_r2=1.000000 test_r2=1.000000 complexity=9 evals=40191
        Nguyen-12* run=26 seed=3995401709 time=1.862s reward=1.000000 train_r2=1.000000 test_r2=1.000000 complexity=17 evals=285037
          Nguyen-6 run=28 seed=861316294 time=0.143s reward=1.000000 train_r2=1.000000 test_r2=1.000000 complexity=9 evals=23297
          Nguyen-5 run=27 seed=3994838759 time=1.589s reward=1.000000 train_r2=1.000000 test_r2=1.000000 complexity=9 evals=205835
         Nguyen-11 run=28 seed=861316294 time=0.055s reward=1.000000 train_r2=1.000000 test_r2=1.000000 complexity=5 evals=10708
          Nguyen-5 run=26 seed=3995401709 time=2.423s reward=1.000000 train_r2=1.000000 test_r2=1.000000 complexity=9 evals=277605
          Nguyen-1 run=29 seed=2169555080 time=0.014s reward=1.000000 train_r2=1.000000 test_r2=1.000000 complexity=9 evals=2622
          Nguyen-9 run=28 seed=861316294 time=0.271s reward=1.000000 train_r2=1.000000 test_r2=1.000000 complexity=7 evals=49786
          Nguyen-2 run=29 seed=2169555080 time=0.039s reward=1.000000 train_r2=1.000000 test_r2=1.000000 complexity=10 evals=6966
         Nguyen-10 run=28 seed=861316294 time=0.302s reward=1.000000 train_r2=1.000000 test_r2=1.000000 complexity=6 evals=45749
          Nguyen-8 run=28 seed=861316294 time=0.457s reward=1.000000 train_r2=1.000000 test_r2=1.000000 complexity=3 evals=75161
          Nguyen-7 run=28 seed=861316294 time=0.664s reward=1.000000 train_r2=1.000000 test_r2=1.000000 complexity=10 evals=103213
          Nguyen-4 run=28 seed=861316294 time=0.994s reward=1.000000 train_r2=1.000000 test_r2=1.000000 complexity=13 evals=127969
          Nguyen-5 run=29 seed=2169555080 time=0.582s reward=1.000000 train_r2=1.000000 test_r2=1.000000 complexity=9 evals=80138
          Nguyen-9 run=29 seed=2169555080 time=0.119s reward=1.000000 train_r2=1.000000 test_r2=1.000000 complexity=7 evals=19955
          Nguyen-6 run=29 seed=2169555080 time=0.694s reward=1.000000 train_r2=1.000000 test_r2=1.000000 complexity=9 evals=105206
          Nguyen-3 run=29 seed=2169555080 time=0.886s reward=1.000000 train_r2=1.000000 test_r2=1.000000 complexity=14 evals=135837
         Nguyen-10 run=29 seed=2169555080 time=0.130s reward=1.000000 train_r2=1.000000 test_r2=1.000000 complexity=6 evals=21215
         Nguyen-11 run=29 seed=2169555080 time=0.038s reward=1.000000 train_r2=1.000000 test_r2=1.000000 complexity=5 evals=7588
          Nguyen-3 run=28 seed=861316294 time=1.644s reward=1.000000 train_r2=1.000000 test_r2=1.000000 complexity=14 evals=202395
          Nguyen-7 run=29 seed=2169555080 time=0.582s reward=1.000000 train_r2=1.000000 test_r2=1.000000 complexity=11 evals=89002
          Nguyen-8 run=29 seed=2169555080 time=0.590s reward=1.000000 train_r2=1.000000 test_r2=1.000000 complexity=3 evals=87637
          Nguyen-1 run=30 seed=758553822 time=0.039s reward=1.000000 train_r2=1.000000 test_r2=1.000000 complexity=8 evals=6765
          Nguyen-6 run=30 seed=758553822 time=0.063s reward=1.000000 train_r2=1.000000 test_r2=1.000000 complexity=9 evals=11259
          Nguyen-2 run=30 seed=758553822 time=0.197s reward=1.000000 train_r2=1.000000 test_r2=1.000000 complexity=12 evals=32232
          Nguyen-8 run=30 seed=758553822 time=0.075s reward=1.000000 train_r2=1.000000 test_r2=1.000000 complexity=3 evals=13407
          Nguyen-9 run=30 seed=758553822 time=0.101s reward=1.000000 train_r2=1.000000 test_r2=1.000000 complexity=7 evals=19127
          Nguyen-5 run=30 seed=758553822 time=0.461s reward=1.000000 train_r2=1.000000 test_r2=1.000000 complexity=9 evals=60911
         Nguyen-11 run=30 seed=758553822 time=0.080s reward=1.000000 train_r2=1.000000 test_r2=1.000000 complexity=5 evals=14775
          Nguyen-4 run=30 seed=758553822 time=0.718s reward=1.000000 train_r2=1.000000 test_r2=1.000000 complexity=13 evals=107104
          Nguyen-7 run=30 seed=758553822 time=0.613s reward=1.000000 train_r2=1.000000 test_r2=1.000000 complexity=10 evals=83962
         Nguyen-10 run=30 seed=758553822 time=0.387s reward=1.000000 train_r2=1.000000 test_r2=1.000000 complexity=6 evals=64377
          Nguyen-3 run=30 seed=758553822 time=0.814s reward=1.000000 train_r2=1.000000 test_r2=1.000000 complexity=14 evals=109949
          Nguyen-4 run=29 seed=2169555080 time=1.784s reward=1.000000 train_r2=1.000000 test_r2=1.000000 complexity=13 evals=214105
          Nguyen-1 run=31 seed=1393567789 time=0.161s reward=1.000000 train_r2=1.000000 test_r2=1.000000 complexity=9 evals=27514
          Nguyen-2 run=31 seed=1393567789 time=0.167s reward=1.000000 train_r2=1.000000 test_r2=1.000000 complexity=10 evals=27341
          Nguyen-4 run=8  seed=3183815639 time=14.365s reward=1.000000 train_r2=1.000000 test_r2=1.000000 complexity=13 evals=1513419
        Nguyen-12* run=25 seed=2537996840 time=5.002s reward=1.000000 train_r2=1.000000 test_r2=1.000000 complexity=17 evals=605588
          Nguyen-5 run=31 seed=1393567789 time=0.203s reward=1.000000 train_r2=1.000000 test_r2=1.000000 complexity=9 evals=30815
          Nguyen-8 run=31 seed=1393567789 time=0.091s reward=1.000000 train_r2=1.000000 test_r2=1.000000 complexity=3 evals=15845
         Nguyen-11 run=31 seed=1393567789 time=0.005s reward=1.000000 train_r2=1.000000 test_r2=1.000000 complexity=5 evals=1003
          Nguyen-9 run=31 seed=1393567789 time=0.041s reward=1.000000 train_r2=1.000000 test_r2=1.000000 complexity=7 evals=7896
          Nguyen-6 run=31 seed=1393567789 time=0.219s reward=1.000000 train_r2=1.000000 test_r2=1.000000 complexity=9 evals=36558
          Nguyen-1 run=32 seed=540967856 time=0.071s reward=1.000000 train_r2=1.000000 test_r2=1.000000 complexity=8 evals=12041
          Nguyen-7 run=31 seed=1393567789 time=0.375s reward=1.000000 train_r2=1.000000 test_r2=1.000000 complexity=11 evals=55783
          Nguyen-3 run=31 seed=1393567789 time=0.627s reward=1.000000 train_r2=1.000000 test_r2=1.000000 complexity=14 evals=94026
          Nguyen-2 run=32 seed=540967856 time=0.307s reward=1.000000 train_r2=1.000000 test_r2=1.000000 complexity=10 evals=49402
        Nguyen-12* run=10 seed=2437489881 time=14.256s reward=1.000000 train_r2=1.000000 test_r2=1.000000 complexity=17 evals=1716143
        Nguyen-12* run=19 seed=3003924095 time=10.525s reward=1.000000 train_r2=1.000000 test_r2=1.000000 complexity=17 evals=1329580
          Nguyen-3 run=32 seed=540967856 time=0.391s reward=1.000000 train_r2=1.000000 test_r2=1.000000 complexity=14 evals=57308
          Nguyen-9 run=32 seed=540967856 time=0.158s reward=1.000000 train_r2=1.000000 test_r2=1.000000 complexity=7 evals=26863
          Nguyen-5 run=32 seed=540967856 time=0.348s reward=1.000000 train_r2=1.000000 test_r2=1.000000 complexity=9 evals=53194
          Nguyen-6 run=32 seed=540967856 time=0.345s reward=1.000000 train_r2=1.000000 test_r2=1.000000 complexity=9 evals=57472
         Nguyen-11 run=32 seed=540967856 time=0.014s reward=1.000000 train_r2=1.000000 test_r2=1.000000 complexity=5 evals=2698
          Nguyen-1 run=33 seed=902677639 time=0.068s reward=1.000000 train_r2=1.000000 test_r2=1.000000 complexity=9 evals=12454
          Nguyen-7 run=32 seed=540967856 time=0.560s reward=1.000000 train_r2=1.000000 test_r2=1.000000 complexity=11 evals=88233
          Nguyen-2 run=33 seed=902677639 time=0.344s reward=1.000000 train_r2=1.000000 test_r2=1.000000 complexity=12 evals=55816
          Nguyen-3 run=33 seed=902677639 time=0.246s reward=1.000000 train_r2=1.000000 test_r2=1.000000 complexity=14 evals=41156
          Nguyen-8 run=32 seed=540967856 time=0.850s reward=1.000000 train_r2=1.000000 test_r2=1.000000 complexity=3 evals=124212
          Nguyen-6 run=33 seed=902677639 time=0.109s reward=1.000000 train_r2=1.000000 test_r2=1.000000 complexity=9 evals=20076
        Nguyen-12* run=24 seed=3850872759 time=7.624s reward=1.000000 train_r2=1.000000 test_r2=1.000000 complexity=14 evals=888618
          Nguyen-7 run=33 seed=902677639 time=0.212s reward=1.000000 train_r2=1.000000 test_r2=1.000000 complexity=10 evals=35030
          Nguyen-4 run=31 seed=1393567789 time=1.978s reward=1.000000 train_r2=1.000000 test_r2=1.000000 complexity=17 evals=246372
          Nguyen-9 run=33 seed=902677639 time=0.078s reward=1.000000 train_r2=1.000000 test_r2=1.000000 complexity=7 evals=15671
         Nguyen-11 run=33 seed=902677639 time=0.003s reward=1.000000 train_r2=1.000000 test_r2=1.000000 complexity=5 evals=724
          Nguyen-4 run=33 seed=902677639 time=0.600s reward=1.000000 train_r2=1.000000 test_r2=1.000000 complexity=17 evals=86206
          Nguyen-1 run=34 seed=2191321948 time=0.012s reward=1.000000 train_r2=1.000000 test_r2=1.000000 complexity=8 evals=2243
         Nguyen-10 run=31 seed=1393567789 time=1.911s reward=1.000000 train_r2=1.000000 test_r2=1.000000 complexity=6 evals=228283
          Nguyen-5 run=33 seed=902677639 time=0.675s reward=1.000000 train_r2=1.000000 test_r2=1.000000 complexity=9 evals=107202
        Nguyen-12* run=23 seed=1668493585 time=8.823s reward=1.000000 train_r2=1.000000 test_r2=1.000000 complexity=14 evals=1054313
          Nguyen-8 run=26 seed=3995401709 time=6.485s reward=1.000000 train_r2=1.000000 test_r2=1.000000 complexity=3 evals=787464
          Nguyen-3 run=34 seed=2191321948 time=0.105s reward=1.000000 train_r2=1.000000 test_r2=1.000000 complexity=14 evals=17660
          Nguyen-2 run=34 seed=2191321948 time=0.225s reward=1.000000 train_r2=1.000000 test_r2=1.000000 complexity=10 evals=35942
        Nguyen-12* run=2  seed=3325160576 time=17.525s reward=0.999490 train_r2=1.000000 test_r2=0.999999 complexity=14 evals=2000002
         Nguyen-10 run=32 seed=540967856 time=1.467s reward=1.000000 train_r2=1.000000 test_r2=1.000000 complexity=6 evals=203397
          Nguyen-5 run=34 seed=2191321948 time=0.299s reward=1.000000 train_r2=1.000000 test_r2=1.000000 complexity=9 evals=45735
          Nguyen-9 run=34 seed=2191321948 time=0.038s reward=1.000000 train_r2=1.000000 test_r2=1.000000 complexity=7 evals=7548
         Nguyen-11 run=34 seed=2191321948 time=0.004s reward=1.000000 train_r2=1.000000 test_r2=1.000000 complexity=5 evals=740
          Nguyen-1 run=35 seed=1851676975 time=0.006s reward=1.000000 train_r2=1.000000 test_r2=1.000000 complexity=9 evals=1093
        Nguyen-12* run=1  seed=971434279 time=17.661s reward=0.999249 train_r2=0.999999 test_r2=0.999997 complexity=22 evals=2000002
         Nguyen-10 run=34 seed=2191321948 time=0.083s reward=1.000000 train_r2=1.000000 test_r2=1.000000 complexity=6 evals=14941
        Nguyen-12* run=3  seed=3163586042 time=17.613s reward=0.999270 train_r2=0.999999 test_r2=1.000000 complexity=31 evals=2000007
        Nguyen-12* run=7  seed=2770303473 time=16.479s reward=0.999299 train_r2=1.000000 test_r2=0.999999 complexity=20 evals=2000004
          Nguyen-7 run=34 seed=2191321948 time=0.598s reward=1.000000 train_r2=1.000000 test_r2=1.000000 complexity=10 evals=82370
          Nguyen-6 run=35 seed=1851676975 time=0.100s reward=1.000000 train_r2=1.000000 test_r2=1.000000 complexity=9 evals=18356
          Nguyen-6 run=34 seed=2191321948 time=0.657s reward=1.000000 train_r2=1.000000 test_r2=1.000000 complexity=9 evals=90722
          Nguyen-2 run=35 seed=1851676975 time=0.426s reward=1.000000 train_r2=1.000000 test_r2=1.000000 complexity=10 evals=63347
          Nguyen-9 run=35 seed=1851676975 time=0.036s reward=1.000000 train_r2=1.000000 test_r2=1.000000 complexity=7 evals=6608
         Nguyen-11 run=35 seed=1851676975 time=0.034s reward=1.000000 train_r2=1.000000 test_r2=1.000000 complexity=5 evals=6446
          Nguyen-5 run=35 seed=1851676975 time=0.360s reward=1.000000 train_r2=1.000000 test_r2=1.000000 complexity=9 evals=54818
          Nguyen-7 run=35 seed=1851676975 time=0.200s reward=1.000000 train_r2=1.000000 test_r2=1.000000 complexity=10 evals=30199
          Nguyen-1 run=36 seed=1139067352 time=0.027s reward=1.000000 train_r2=1.000000 test_r2=1.000000 complexity=9 evals=4824
         Nguyen-10 run=35 seed=1851676975 time=0.122s reward=1.000000 train_r2=1.000000 test_r2=1.000000 complexity=6 evals=21985
          Nguyen-8 run=35 seed=1851676975 time=0.207s reward=1.000000 train_r2=1.000000 test_r2=1.000000 complexity=3 evals=37399
          Nguyen-3 run=35 seed=1851676975 time=0.579s reward=1.000000 train_r2=1.000000 test_r2=1.000000 complexity=16 evals=82830
          Nguyen-2 run=36 seed=1139067352 time=0.173s reward=1.000000 train_r2=1.000000 test_r2=1.000000 complexity=12 evals=27207
          Nguyen-5 run=36 seed=1139067352 time=0.194s reward=1.000000 train_r2=1.000000 test_r2=1.000000 complexity=9 evals=33187
          Nguyen-6 run=36 seed=1139067352 time=0.174s reward=1.000000 train_r2=1.000000 test_r2=1.000000 complexity=9 evals=28246
          Nguyen-7 run=36 seed=1139067352 time=0.147s reward=1.000000 train_r2=1.000000 test_r2=1.000000 complexity=10 evals=22913
          Nguyen-4 run=34 seed=2191321948 time=1.405s reward=1.000000 train_r2=1.000000 test_r2=1.000000 complexity=17 evals=190700
         Nguyen-11 run=36 seed=1139067352 time=0.002s reward=1.000000 train_r2=1.000000 test_r2=1.000000 complexity=5 evals=373
          Nguyen-4 run=35 seed=1851676975 time=1.024s reward=1.000000 train_r2=1.000000 test_r2=1.000000 complexity=13 evals=133387
        Nguyen-12* run=0  seed=723072574 time=18.747s reward=0.998892 train_r2=0.999999 test_r2=0.999999 complexity=18 evals=2000004
          Nguyen-1 run=37 seed=1305444561 time=0.025s reward=1.000000 train_r2=1.000000 test_r2=1.000000 complexity=9 evals=4540
          Nguyen-9 run=36 seed=1139067352 time=0.312s reward=1.000000 train_r2=1.000000 test_r2=1.000000 complexity=7 evals=50535
          Nguyen-2 run=37 seed=1305444561 time=0.209s reward=1.000000 train_r2=1.000000 test_r2=1.000000 complexity=10 evals=33227
         Nguyen-10 run=36 seed=1139067352 time=0.407s reward=1.000000 train_r2=1.000000 test_r2=1.000000 complexity=6 evals=61994
          Nguyen-3 run=36 seed=1139067352 time=0.756s reward=1.000000 train_r2=1.000000 test_r2=1.000000 complexity=15 evals=109861
          Nguyen-6 run=37 seed=1305444561 time=0.125s reward=1.000000 train_r2=1.000000 test_r2=1.000000 complexity=9 evals=21832
          Nguyen-3 run=37 seed=1305444561 time=0.436s reward=1.000000 train_r2=1.000000 test_r2=1.000000 complexity=14 evals=62246
        Nguyen-12* run=8  seed=3183815639 time=18.260s reward=0.999499 train_r2=1.000000 test_r2=1.000000 complexity=14 evals=2000005
          Nguyen-5 run=37 seed=1305444561 time=0.287s reward=1.000000 train_r2=1.000000 test_r2=1.000000 complexity=9 evals=43752
         Nguyen-11 run=37 seed=1305444561 time=0.007s reward=1.000000 train_r2=1.000000 test_r2=1.000000 complexity=5 evals=1488
          Nguyen-7 run=37 seed=1305444561 time=0.342s reward=1.000000 train_r2=1.000000 test_r2=1.000000 complexity=11 evals=56583
          Nguyen-9 run=37 seed=1305444561 time=0.159s reward=1.000000 train_r2=1.000000 test_r2=1.000000 complexity=7 evals=27066
          Nguyen-4 run=37 seed=1305444561 time=0.600s reward=1.000000 train_r2=1.000000 test_r2=1.000000 complexity=13 evals=86002
        Nguyen-12* run=5  seed=2057259013 time=18.934s reward=0.999530 train_r2=1.000000 test_r2=0.999999 complexity=25 evals=2000005
          Nguyen-1 run=38 seed=1869174399 time=0.092s reward=1.000000 train_r2=1.000000 test_r2=1.000000 complexity=9 evals=16473
          Nguyen-4 run=21 seed=3434952867 time=13.514s reward=1.000000 train_r2=1.000000 test_r2=1.000000 complexity=13 evals=1357454
          Nguyen-2 run=38 seed=1869174399 time=0.250s reward=1.000000 train_r2=1.000000 test_r2=1.000000 complexity=11 evals=38247
          Nguyen-6 run=38 seed=1869174399 time=0.184s reward=1.000000 train_r2=1.000000 test_r2=1.000000 complexity=11 evals=30123
          Nguyen-5 run=38 seed=1869174399 time=0.318s reward=1.000000 train_r2=1.000000 test_r2=1.000000 complexity=9 evals=52321
          Nguyen-8 run=38 seed=1869174399 time=0.152s reward=1.000000 train_r2=1.000000 test_r2=1.000000 complexity=3 evals=26054
          Nguyen-7 run=38 seed=1869174399 time=0.275s reward=1.000000 train_r2=1.000000 test_r2=1.000000 complexity=10 evals=41764
          Nguyen-9 run=38 seed=1869174399 time=0.172s reward=1.000000 train_r2=1.000000 test_r2=1.000000 complexity=7 evals=30654
         Nguyen-11 run=38 seed=1869174399 time=0.038s reward=1.000000 train_r2=1.000000 test_r2=1.000000 complexity=5 evals=7635
          Nguyen-3 run=38 seed=1869174399 time=0.597s reward=1.000000 train_r2=1.000000 test_r2=1.000000 complexity=14 evals=83841
          Nguyen-1 run=39 seed=2928440539 time=0.063s reward=1.000000 train_r2=1.000000 test_r2=1.000000 complexity=9 evals=11283
         Nguyen-10 run=38 seed=1869174399 time=0.265s reward=1.000000 train_r2=1.000000 test_r2=1.000000 complexity=6 evals=42424
          Nguyen-8 run=34 seed=2191321948 time=2.750s reward=1.000000 train_r2=1.000000 test_r2=1.000000 complexity=3 evals=362366
          Nguyen-8 run=33 seed=902677639 time=3.435s reward=1.000000 train_r2=1.000000 test_r2=1.000000 complexity=3 evals=381298
          Nguyen-5 run=39 seed=2928440539 time=0.280s reward=1.000000 train_r2=1.000000 test_r2=1.000000 complexity=9 evals=43351
          Nguyen-3 run=39 seed=2928440539 time=0.408s reward=1.000000 train_r2=1.000000 test_r2=1.000000 complexity=15 evals=57955
         Nguyen-10 run=37 seed=1305444561 time=1.321s reward=1.000000 train_r2=1.000000 test_r2=1.000000 complexity=6 evals=173649
          Nguyen-4 run=38 seed=1869174399 time=1.122s reward=1.000000 train_r2=1.000000 test_r2=1.000000 complexity=13 evals=148850
          Nguyen-9 run=39 seed=2928440539 time=0.093s reward=1.000000 train_r2=1.000000 test_r2=1.000000 complexity=7 evals=16670
         Nguyen-11 run=39 seed=2928440539 time=0.039s reward=1.000000 train_r2=1.000000 test_r2=1.000000 complexity=5 evals=7569
          Nguyen-7 run=39 seed=2928440539 time=0.309s reward=1.000000 train_r2=1.000000 test_r2=1.000000 complexity=10 evals=50232
          Nguyen-6 run=39 seed=2928440539 time=0.349s reward=1.000000 train_r2=1.000000 test_r2=1.000000 complexity=9 evals=50702
          Nguyen-1 run=40 seed=4027297405 time=0.046s reward=1.000000 train_r2=1.000000 test_r2=1.000000 complexity=8 evals=9220
         Nguyen-10 run=39 seed=2928440539 time=0.259s reward=1.000000 train_r2=1.000000 test_r2=1.000000 complexity=6 evals=41988
          Nguyen-2 run=39 seed=2928440539 time=0.822s reward=1.000000 train_r2=1.000000 test_r2=1.000000 complexity=12 evals=115476
        Nguyen-12* run=14 seed=1777581980 time=17.322s reward=0.999181 train_r2=0.999999 test_r2=0.999998 complexity=23 evals=2000005
          Nguyen-4 run=39 seed=2928440539 time=0.831s reward=1.000000 train_r2=1.000000 test_r2=1.000000 complexity=17 evals=114035
          Nguyen-2 run=40 seed=4027297405 time=0.195s reward=1.000000 train_r2=1.000000 test_r2=1.000000 complexity=11 evals=28786
          Nguyen-5 run=40 seed=4027297405 time=0.074s reward=1.000000 train_r2=1.000000 test_r2=1.000000 complexity=9 evals=13292
          Nguyen-9 run=40 seed=4027297405 time=0.077s reward=1.000000 train_r2=1.000000 test_r2=1.000000 complexity=7 evals=14360
          Nguyen-6 run=40 seed=4027297405 time=0.203s reward=1.000000 train_r2=1.000000 test_r2=1.000000 complexity=9 evals=35314
          Nguyen-3 run=40 seed=4027297405 time=0.311s reward=1.000000 train_r2=1.000000 test_r2=1.000000 complexity=14 evals=49291
         Nguyen-11 run=40 seed=4027297405 time=0.011s reward=1.000000 train_r2=1.000000 test_r2=1.000000 complexity=5 evals=2232
         Nguyen-10 run=40 seed=4027297405 time=0.096s reward=1.000000 train_r2=1.000000 test_r2=1.000000 complexity=6 evals=17203
          Nguyen-1 run=41 seed=3926696696 time=0.035s reward=1.000000 train_r2=1.000000 test_r2=1.000000 complexity=8 evals=6538
          Nguyen-4 run=40 seed=4027297405 time=0.383s reward=1.000000 train_r2=1.000000 test_r2=1.000000 complexity=13 evals=59925
          Nguyen-8 run=40 seed=4027297405 time=0.322s reward=1.000000 train_r2=1.000000 test_r2=1.000000 complexity=3 evals=46842
          Nguyen-7 run=40 seed=4027297405 time=0.379s reward=1.000000 train_r2=1.000000 test_r2=1.000000 complexity=10 evals=53746
        Nguyen-12* run=12 seed=1677402687 time=19.306s reward=0.999356 train_r2=1.000000 test_r2=1.000000 complexity=24 evals=2000005
          Nguyen-5 run=41 seed=3926696696 time=0.165s reward=1.000000 train_r2=1.000000 test_r2=1.000000 complexity=9 evals=25712
          Nguyen-2 run=41 seed=3926696696 time=0.319s reward=1.000000 train_r2=1.000000 test_r2=1.000000 complexity=10 evals=50069
          Nguyen-8 run=41 seed=3926696696 time=0.087s reward=1.000000 train_r2=1.000000 test_r2=1.000000 complexity=3 evals=15037
          Nguyen-3 run=41 seed=3926696696 time=0.369s reward=1.000000 train_r2=1.000000 test_r2=1.000000 complexity=14 evals=59406
          Nguyen-6 run=41 seed=3926696696 time=0.235s reward=1.000000 train_r2=1.000000 test_r2=1.000000 complexity=9 evals=36269
        Nguyen-12* run=17 seed=2845477618 time=17.513s reward=0.998751 train_r2=0.999998 test_r2=0.999999 complexity=21 evals=2000003
          Nguyen-1 run=42 seed=3747793057 time=0.019s reward=1.000000 train_r2=1.000000 test_r2=1.000000 complexity=9 evals=3479
          Nguyen-9 run=41 seed=3926696696 time=0.127s reward=1.000000 train_r2=1.000000 test_r2=1.000000 complexity=7 evals=23009
         Nguyen-11 run=41 seed=3926696696 time=0.099s reward=1.000000 train_r2=1.000000 test_r2=1.000000 complexity=5 evals=19901
          Nguyen-2 run=42 seed=3747793057 time=0.052s reward=1.000000 train_r2=1.000000 test_r2=1.000000 complexity=10 evals=9561
          Nguyen-8 run=37 seed=1305444561 time=2.645s reward=1.000000 train_r2=1.000000 test_r2=1.000000 complexity=3 evals=335698
          Nguyen-8 run=39 seed=2928440539 time=1.266s reward=1.000000 train_r2=1.000000 test_r2=1.000000 complexity=3 evals=184037
          Nguyen-6 run=42 seed=3747793057 time=0.078s reward=1.000000 train_r2=1.000000 test_r2=1.000000 complexity=9 evals=13262
          Nguyen-7 run=41 seed=3926696696 time=0.475s reward=1.000000 train_r2=1.000000 test_r2=1.000000 complexity=11 evals=66904
          Nguyen-8 run=42 seed=3747793057 time=0.123s reward=1.000000 train_r2=1.000000 test_r2=1.000000 complexity=3 evals=20926
        Nguyen-12* run=15 seed=354449225 time=18.537s reward=0.998711 train_r2=0.999998 test_r2=0.999998 complexity=21 evals=2000002
        Nguyen-12* run=16 seed=1949615811 time=18.020s reward=0.999527 train_r2=1.000000 test_r2=0.999995 complexity=50 evals=2000005
         Nguyen-11 run=42 seed=3747793057 time=0.022s reward=1.000000 train_r2=1.000000 test_r2=1.000000 complexity=5 evals=4330
         Nguyen-10 run=42 seed=3747793057 time=0.091s reward=1.000000 train_r2=1.000000 test_r2=1.000000 complexity=6 evals=16335
          Nguyen-9 run=42 seed=3747793057 time=0.199s reward=1.000000 train_r2=1.000000 test_r2=1.000000 complexity=7 evals=33706
          Nguyen-1 run=43 seed=837591013 time=0.164s reward=1.000000 train_r2=1.000000 test_r2=1.000000 complexity=9 evals=27764
         Nguyen-10 run=41 seed=3926696696 time=0.579s reward=1.000000 train_r2=1.000000 test_r2=1.000000 complexity=6 evals=84137
          Nguyen-3 run=43 seed=837591013 time=0.268s reward=1.000000 train_r2=1.000000 test_r2=1.000000 complexity=14 evals=42485
         Nguyen-10 run=33 seed=902677639 time=5.345s reward=1.000000 train_r2=1.000000 test_r2=1.000000 complexity=6 evals=562760
          Nguyen-3 run=42 seed=3747793057 time=0.764s reward=1.000000 train_r2=1.000000 test_r2=1.000000 complexity=14 evals=107192
          Nguyen-6 run=43 seed=837591013 time=0.033s reward=1.000000 train_r2=1.000000 test_r2=1.000000 complexity=9 evals=5845
          Nguyen-2 run=43 seed=837591013 time=0.440s reward=1.000000 train_r2=1.000000 test_r2=1.000000 complexity=10 evals=63403
          Nguyen-9 run=43 seed=837591013 time=0.047s reward=1.000000 train_r2=1.000000 test_r2=1.000000 complexity=7 evals=8527
         Nguyen-11 run=43 seed=837591013 time=0.020s reward=1.000000 train_r2=1.000000 test_r2=1.000000 complexity=5 evals=3760
          Nguyen-4 run=41 seed=3926696696 time=1.589s reward=1.000000 train_r2=1.000000 test_r2=1.000000 complexity=16 evals=200824
          Nguyen-1 run=44 seed=2366855942 time=0.015s reward=1.000000 train_r2=1.000000 test_r2=1.000000 complexity=8 evals=2641
         Nguyen-10 run=43 seed=837591013 time=0.370s reward=1.000000 train_r2=1.000000 test_r2=1.000000 complexity=6 evals=58919
          Nguyen-7 run=42 seed=3747793057 time=1.150s reward=1.000000 train_r2=1.000000 test_r2=1.000000 complexity=10 evals=148472
          Nguyen-8 run=43 seed=837591013 time=0.491s reward=1.000000 train_r2=1.000000 test_r2=1.000000 complexity=3 evals=77172
          Nguyen-7 run=43 seed=837591013 time=0.485s reward=1.000000 train_r2=1.000000 test_r2=1.000000 complexity=10 evals=69263
          Nguyen-2 run=44 seed=2366855942 time=0.158s reward=1.000000 train_r2=1.000000 test_r2=1.000000 complexity=10 evals=26444
          Nguyen-6 run=44 seed=2366855942 time=0.098s reward=1.000000 train_r2=1.000000 test_r2=1.000000 complexity=9 evals=16726
          Nguyen-7 run=44 seed=2366855942 time=0.168s reward=1.000000 train_r2=1.000000 test_r2=1.000000 complexity=10 evals=27181
          Nguyen-4 run=16 seed=1949615811 time=19.544s reward=0.993791 train_r2=0.999961 test_r2=0.999636 complexity=35 evals=2000003
          Nguyen-4 run=44 seed=2366855942 time=0.255s reward=1.000000 train_r2=1.000000 test_r2=1.000000 complexity=13 evals=39257
          Nguyen-5 run=44 seed=2366855942 time=0.257s reward=1.000000 train_r2=1.000000 test_r2=1.000000 complexity=9 evals=40862
         Nguyen-11 run=44 seed=2366855942 time=0.039s reward=1.000000 train_r2=1.000000 test_r2=1.000000 complexity=5 evals=7531
          Nguyen-9 run=44 seed=2366855942 time=0.088s reward=1.000000 train_r2=1.000000 test_r2=1.000000 complexity=7 evals=16272
          Nguyen-1 run=45 seed=3465266528 time=0.040s reward=1.000000 train_r2=1.000000 test_r2=1.000000 complexity=9 evals=7125
          Nguyen-4 run=42 seed=3747793057 time=1.607s reward=1.000000 train_r2=1.000000 test_r2=1.000000 complexity=17 evals=219729
         Nguyen-10 run=44 seed=2366855942 time=0.128s reward=1.000000 train_r2=1.000000 test_r2=1.000000 complexity=6 evals=23238
          Nguyen-3 run=44 seed=2366855942 time=0.395s reward=1.000000 train_r2=1.000000 test_r2=1.000000 complexity=14 evals=59210
          Nguyen-5 run=42 seed=3747793057 time=1.649s reward=1.000000 train_r2=1.000000 test_r2=1.000000 complexity=9 evals=212175
          Nguyen-3 run=45 seed=3465266528 time=0.121s reward=1.000000 train_r2=1.000000 test_r2=1.000000 complexity=14 evals=19905
          Nguyen-2 run=45 seed=3465266528 time=0.207s reward=1.000000 train_r2=1.000000 test_r2=1.000000 complexity=10 evals=33365
          Nguyen-6 run=45 seed=3465266528 time=0.286s reward=1.000000 train_r2=1.000000 test_r2=1.000000 complexity=9 evals=44019
          Nguyen-8 run=45 seed=3465266528 time=0.216s reward=1.000000 train_r2=1.000000 test_r2=1.000000 complexity=3 evals=35850
         Nguyen-11 run=45 seed=3465266528 time=0.010s reward=1.000000 train_r2=1.000000 test_r2=1.000000 complexity=5 evals=2016
          Nguyen-9 run=45 seed=3465266528 time=0.152s reward=1.000000 train_r2=1.000000 test_r2=1.000000 complexity=7 evals=26790
          Nguyen-1 run=46 seed=323105323 time=0.057s reward=1.000000 train_r2=1.000000 test_r2=1.000000 complexity=8 evals=10037
          Nguyen-7 run=45 seed=3465266528 time=0.353s reward=1.000000 train_r2=1.000000 test_r2=1.000000 complexity=11 evals=55365
          Nguyen-8 run=36 seed=1139067352 time=5.434s reward=1.000000 train_r2=1.000000 test_r2=1.000000 complexity=3 evals=710260
          Nguyen-4 run=45 seed=3465266528 time=0.595s reward=1.000000 train_r2=1.000000 test_r2=1.000000 complexity=14 evals=89881
          Nguyen-2 run=46 seed=323105323 time=0.207s reward=1.000000 train_r2=1.000000 test_r2=1.000000 complexity=10 evals=34244
          Nguyen-4 run=32 seed=540967856 time=8.492s reward=1.000000 train_r2=1.000000 test_r2=1.000000 complexity=13 evals=875470
          Nguyen-6 run=46 seed=323105323 time=0.017s reward=1.000000 train_r2=1.000000 test_r2=1.000000 complexity=9 evals=3154
         Nguyen-10 run=45 seed=3465266528 time=0.348s reward=1.000000 train_r2=1.000000 test_r2=1.000000 complexity=6 evals=55013
          Nguyen-8 run=46 seed=323105323 time=0.073s reward=1.000000 train_r2=1.000000 test_r2=1.000000 complexity=3 evals=13175
          Nguyen-9 run=46 seed=323105323 time=0.044s reward=1.000000 train_r2=1.000000 test_r2=1.000000 complexity=7 evals=8187
          Nguyen-5 run=45 seed=3465266528 time=0.750s reward=1.000000 train_r2=1.000000 test_r2=1.000000 complexity=9 evals=109593
         Nguyen-11 run=46 seed=323105323 time=0.027s reward=1.000000 train_r2=1.000000 test_r2=1.000000 complexity=5 evals=5198
          Nguyen-7 run=46 seed=323105323 time=0.182s reward=1.000000 train_r2=1.000000 test_r2=1.000000 complexity=11 evals=28555
          Nguyen-3 run=46 seed=323105323 time=0.463s reward=1.000000 train_r2=1.000000 test_r2=1.000000 complexity=14 evals=69228
          Nguyen-1 run=47 seed=3059174495 time=0.101s reward=1.000000 train_r2=1.000000 test_r2=1.000000 complexity=9 evals=17025
          Nguyen-2 run=47 seed=3059174495 time=0.193s reward=1.000000 train_r2=1.000000 test_r2=1.000000 complexity=10 evals=30509
        Nguyen-12* run=20 seed=938757074 time=18.098s reward=0.999592 train_r2=1.000000 test_r2=0.999999 complexity=23 evals=2000004
         Nguyen-10 run=46 seed=323105323 time=0.498s reward=1.000000 train_r2=1.000000 test_r2=1.000000 complexity=6 evals=76252
          Nguyen-4 run=46 seed=323105323 time=0.771s reward=1.000000 train_r2=1.000000 test_r2=1.000000 complexity=17 evals=116291
          Nguyen-3 run=47 seed=3059174495 time=0.379s reward=1.000000 train_r2=1.000000 test_r2=1.000000 complexity=14 evals=59249
          Nguyen-4 run=43 seed=837591013 time=2.398s reward=1.000000 train_r2=1.000000 test_r2=1.000000 complexity=13 evals=296408
          Nguyen-6 run=47 seed=3059174495 time=0.217s reward=1.000000 train_r2=1.000000 test_r2=1.000000 complexity=9 evals=34177
         Nguyen-11 run=47 seed=3059174495 time=0.024s reward=1.000000 train_r2=1.000000 test_r2=1.000000 complexity=5 evals=4699
          Nguyen-5 run=47 seed=3059174495 time=0.289s reward=1.000000 train_r2=1.000000 test_r2=1.000000 complexity=9 evals=42461
          Nguyen-1 run=48 seed=1796736039 time=0.024s reward=1.000000 train_r2=1.000000 test_r2=1.000000 complexity=9 evals=4375
          Nguyen-2 run=48 seed=1796736039 time=0.058s reward=1.000000 train_r2=1.000000 test_r2=1.000000 complexity=11 evals=9998
          Nguyen-4 run=47 seed=3059174495 time=0.573s reward=1.000000 train_r2=1.000000 test_r2=1.000000 complexity=13 evals=80117
          Nguyen-8 run=47 seed=3059174495 time=0.246s reward=1.000000 train_r2=1.000000 test_r2=1.000000 complexity=3 evals=40561
          Nguyen-9 run=47 seed=3059174495 time=0.224s reward=1.000000 train_r2=1.000000 test_r2=1.000000 complexity=7 evals=39661
        Nguyen-12* run=41 seed=3926696696 time=3.185s reward=1.000000 train_r2=1.000000 test_r2=1.000000 complexity=16 evals=416954
         Nguyen-10 run=47 seed=3059174495 time=0.267s reward=1.000000 train_r2=1.000000 test_r2=1.000000 complexity=6 evals=44648
          Nguyen-6 run=48 seed=1796736039 time=0.040s reward=1.000000 train_r2=1.000000 test_r2=1.000000 complexity=9 evals=7445
          Nguyen-9 run=48 seed=1796736039 time=0.064s reward=1.000000 train_r2=1.000000 test_r2=1.000000 complexity=7 evals=12338
          Nguyen-7 run=47 seed=3059174495 time=0.406s reward=1.000000 train_r2=1.000000 test_r2=1.000000 complexity=10 evals=59984
          Nguyen-5 run=48 seed=1796736039 time=0.156s reward=1.000000 train_r2=1.000000 test_r2=1.000000 complexity=9 evals=25008
         Nguyen-11 run=48 seed=1796736039 time=0.006s reward=1.000000 train_r2=1.000000 test_r2=1.000000 complexity=5 evals=1268
          Nguyen-1 run=49 seed=4080976823 time=0.057s reward=1.000000 train_r2=1.000000 test_r2=1.000000 complexity=8 evals=10390
          Nguyen-7 run=48 seed=1796736039 time=0.212s reward=1.000000 train_r2=1.000000 test_r2=1.000000 complexity=10 evals=32176
          Nguyen-8 run=48 seed=1796736039 time=0.218s reward=1.000000 train_r2=1.000000 test_r2=1.000000 complexity=3 evals=35106
          Nguyen-2 run=49 seed=4080976823 time=0.199s reward=1.000000 train_r2=1.000000 test_r2=1.000000 complexity=10 evals=31592
        Nguyen-12* run=22 seed=2073228580 time=17.171s reward=0.999543 train_r2=1.000000 test_r2=0.999999 complexity=23 evals=2000006
         Nguyen-10 run=48 seed=1796736039 time=0.389s reward=1.000000 train_r2=1.000000 test_r2=1.000000 complexity=6 evals=64692
          Nguyen-6 run=49 seed=4080976823 time=0.068s reward=1.000000 train_r2=1.000000 test_r2=1.000000 complexity=9 evals=11670
          Nguyen-5 run=43 seed=837591013 time=3.281s reward=1.000000 train_r2=1.000000 test_r2=1.000000 complexity=9 evals=355975
          Nguyen-5 run=46 seed=323105323 time=1.532s reward=1.000000 train_r2=1.000000 test_r2=1.000000 complexity=9 evals=205369
          Nguyen-5 run=49 seed=4080976823 time=0.136s reward=1.000000 train_r2=1.000000 test_r2=1.000000 complexity=9 evals=22728
         Nguyen-11 run=49 seed=4080976823 time=0.026s reward=1.000000 train_r2=1.000000 test_r2=1.000000 complexity=5 evals=5246
          Nguyen-9 run=49 seed=4080976823 time=0.062s reward=1.000000 train_r2=1.000000 test_r2=1.000000 complexity=7 evals=11602
          Nguyen-1 run=50 seed=1129862598 time=0.012s reward=1.000000 train_r2=1.000000 test_r2=1.000000 complexity=9 evals=2045
          Nguyen-2 run=50 seed=1129862598 time=0.153s reward=1.000000 train_r2=1.000000 test_r2=1.000000 complexity=12 evals=25216
          Nguyen-7 run=49 seed=4080976823 time=0.437s reward=1.000000 train_r2=1.000000 test_r2=1.000000 complexity=10 evals=64934
          Nguyen-4 run=48 seed=1796736039 time=1.059s reward=1.000000 train_r2=1.000000 test_r2=1.000000 complexity=13 evals=142903
        Nguyen-12* run=33 seed=902677639 time=8.812s reward=1.000000 train_r2=1.000000 test_r2=1.000000 complexity=17 evals=1153475
          Nguyen-3 run=50 seed=1129862598 time=0.299s reward=1.000000 train_r2=1.000000 test_r2=1.000000 complexity=14 evals=44643
          Nguyen-3 run=49 seed=4080976823 time=0.964s reward=1.000000 train_r2=1.000000 test_r2=1.000000 complexity=14 evals=124946
         Nguyen-10 run=49 seed=4080976823 time=0.642s reward=1.000000 train_r2=1.000000 test_r2=1.000000 complexity=6 evals=98980
          Nguyen-9 run=50 seed=1129862598 time=0.081s reward=1.000000 train_r2=1.000000 test_r2=1.000000 complexity=7 evals=15777
          Nguyen-6 run=50 seed=1129862598 time=0.237s reward=1.000000 train_r2=1.000000 test_r2=1.000000 complexity=9 evals=40669
          Nguyen-7 run=50 seed=1129862598 time=0.238s reward=1.000000 train_r2=1.000000 test_r2=1.000000 complexity=10 evals=35378
         Nguyen-11 run=50 seed=1129862598 time=0.040s reward=1.000000 train_r2=1.000000 test_r2=1.000000 complexity=5 evals=6470
          Nguyen-4 run=50 seed=1129862598 time=0.459s reward=1.000000 train_r2=1.000000 test_r2=1.000000 complexity=14 evals=68655
          Nguyen-1 run=51 seed=2501308237 time=0.037s reward=1.000000 train_r2=1.000000 test_r2=1.000000 complexity=9 evals=6875
          Nguyen-2 run=51 seed=2501308237 time=0.151s reward=1.000000 train_r2=1.000000 test_r2=1.000000 complexity=10 evals=25472
          Nguyen-3 run=48 seed=1796736039 time=1.828s reward=1.000000 train_r2=1.000000 test_r2=1.000000 complexity=14 evals=227258
          Nguyen-5 run=51 seed=2501308237 time=0.085s reward=1.000000 train_r2=1.000000 test_r2=1.000000 complexity=9 evals=13140
          Nguyen-6 run=51 seed=2501308237 time=0.010s reward=1.000000 train_r2=1.000000 test_r2=1.000000 complexity=9 evals=1821
          Nguyen-3 run=51 seed=2501308237 time=0.447s reward=1.000000 train_r2=1.000000 test_r2=1.000000 complexity=14 evals=73363
          Nguyen-8 run=44 seed=2366855942 time=3.837s reward=1.000000 train_r2=1.000000 test_r2=1.000000 complexity=3 evals=494341
          Nguyen-8 run=51 seed=2501308237 time=0.092s reward=1.000000 train_r2=1.000000 test_r2=1.000000 complexity=3 evals=17194
          Nguyen-7 run=51 seed=2501308237 time=0.157s reward=1.000000 train_r2=1.000000 test_r2=1.000000 complexity=10 evals=25282
         Nguyen-11 run=51 seed=2501308237 time=0.010s reward=1.000000 train_r2=1.000000 test_r2=1.000000 complexity=5 evals=2104
          Nguyen-9 run=51 seed=2501308237 time=0.103s reward=1.000000 train_r2=1.000000 test_r2=1.000000 complexity=7 evals=18555
          Nguyen-4 run=36 seed=1139067352 time=8.918s reward=1.000000 train_r2=1.000000 test_r2=1.000000 complexity=13 evals=963531
          Nguyen-1 run=52 seed=2872581883 time=0.066s reward=1.000000 train_r2=1.000000 test_r2=1.000000 complexity=8 evals=11924
         Nguyen-10 run=51 seed=2501308237 time=0.310s reward=1.000000 train_r2=1.000000 test_r2=1.000000 complexity=6 evals=56242
         Nguyen-10 run=50 seed=1129862598 time=1.064s reward=1.000000 train_r2=1.000000 test_r2=1.000000 complexity=6 evals=169140
          Nguyen-2 run=52 seed=2872581883 time=0.342s reward=1.000000 train_r2=1.000000 test_r2=1.000000 complexity=10 evals=52613
          Nguyen-4 run=51 seed=2501308237 time=0.955s reward=1.000000 train_r2=1.000000 test_r2=1.000000 complexity=13 evals=139444
          Nguyen-6 run=52 seed=2872581883 time=0.059s reward=1.000000 train_r2=1.000000 test_r2=1.000000 complexity=9 evals=10328
          Nguyen-3 run=52 seed=2872581883 time=0.508s reward=1.000000 train_r2=1.000000 test_r2=1.000000 complexity=14 evals=72186
          Nguyen-5 run=52 seed=2872581883 time=0.374s reward=1.000000 train_r2=1.000000 test_r2=1.000000 complexity=9 evals=56178
          Nguyen-8 run=52 seed=2872581883 time=0.250s reward=1.000000 train_r2=1.000000 test_r2=1.000000 complexity=3 evals=41678
         Nguyen-11 run=52 seed=2872581883 time=0.053s reward=1.000000 train_r2=1.000000 test_r2=1.000000 complexity=5 evals=9936
          Nguyen-9 run=52 seed=2872581883 time=0.218s reward=1.000000 train_r2=1.000000 test_r2=1.000000 complexity=7 evals=37125
          Nguyen-1 run=53 seed=2157573201 time=0.016s reward=1.000000 train_r2=1.000000 test_r2=1.000000 complexity=8 evals=2872
          Nguyen-8 run=50 seed=1129862598 time=1.851s reward=1.000000 train_r2=1.000000 test_r2=1.000000 complexity=3 evals=235099
          Nguyen-2 run=53 seed=2157573201 time=0.086s reward=1.000000 train_r2=1.000000 test_r2=1.000000 complexity=10 evals=14464
          Nguyen-4 run=49 seed=4080976823 time=3.002s reward=1.000000 train_r2=1.000000 test_r2=1.000000 complexity=13 evals=366205
        Nguyen-12* run=44 seed=2366855942 time=5.102s reward=1.000000 train_r2=1.000000 test_r2=1.000000 complexity=17 evals=655680
          Nguyen-5 run=53 seed=2157573201 time=0.336s reward=1.000000 train_r2=1.000000 test_r2=1.000000 complexity=9 evals=50620
          Nguyen-4 run=52 seed=2872581883 time=1.317s reward=1.000000 train_r2=1.000000 test_r2=1.000000 complexity=14 evals=183836
          Nguyen-7 run=52 seed=2872581883 time=1.105s reward=1.000000 train_r2=1.000000 test_r2=1.000000 complexity=10 evals=152081
          Nguyen-6 run=53 seed=2157573201 time=0.172s reward=1.000000 train_r2=1.000000 test_r2=1.000000 complexity=9 evals=29031
          Nguyen-9 run=53 seed=2157573201 time=0.111s reward=1.000000 train_r2=1.000000 test_r2=1.000000 complexity=7 evals=20596
         Nguyen-11 run=53 seed=2157573201 time=0.018s reward=1.000000 train_r2=1.000000 test_r2=1.000000 complexity=5 evals=3476
          Nguyen-4 run=53 seed=2157573201 time=0.906s reward=1.000000 train_r2=1.000000 test_r2=1.000000 complexity=17 evals=122905
          Nguyen-1 run=54 seed=1287263512 time=0.014s reward=1.000000 train_r2=1.000000 test_r2=1.000000 complexity=9 evals=2699
          Nguyen-3 run=53 seed=2157573201 time=1.056s reward=1.000000 train_r2=1.000000 test_r2=1.000000 complexity=14 evals=137984
          Nguyen-7 run=53 seed=2157573201 time=0.451s reward=1.000000 train_r2=1.000000 test_r2=1.000000 complexity=10 evals=65160
          Nguyen-2 run=54 seed=1287263512 time=0.144s reward=1.000000 train_r2=1.000000 test_r2=1.000000 complexity=12 evals=23709
          Nguyen-5 run=54 seed=1287263512 time=0.076s reward=1.000000 train_r2=1.000000 test_r2=1.000000 complexity=9 evals=13369
          Nguyen-5 run=50 seed=1129862598 time=3.262s reward=1.000000 train_r2=1.000000 test_r2=1.000000 complexity=9 evals=347940
          Nguyen-6 run=54 seed=1287263512 time=0.236s reward=1.000000 train_r2=1.000000 test_r2=1.000000 complexity=9 evals=37703
          Nguyen-8 run=53 seed=2157573201 time=0.867s reward=1.000000 train_r2=1.000000 test_r2=1.000000 complexity=3 evals=138710
          Nguyen-8 run=54 seed=1287263512 time=0.071s reward=1.000000 train_r2=1.000000 test_r2=1.000000 complexity=3 evals=12252
          Nguyen-7 run=54 seed=1287263512 time=0.379s reward=1.000000 train_r2=1.000000 test_r2=1.000000 complexity=11 evals=55508
         Nguyen-11 run=54 seed=1287263512 time=0.016s reward=1.000000 train_r2=1.000000 test_r2=1.000000 complexity=5 evals=3032
          Nguyen-9 run=54 seed=1287263512 time=0.150s reward=1.000000 train_r2=1.000000 test_r2=1.000000 complexity=7 evals=28815
         Nguyen-10 run=54 seed=1287263512 time=0.092s reward=1.000000 train_r2=1.000000 test_r2=1.000000 complexity=6 evals=16700
          Nguyen-1 run=55 seed=1830868652 time=0.044s reward=1.000000 train_r2=1.000000 test_r2=1.000000 complexity=8 evals=7800
          Nguyen-3 run=54 seed=1287263512 time=0.756s reward=1.000000 train_r2=1.000000 test_r2=1.000000 complexity=14 evals=101205
          Nguyen-2 run=55 seed=1830868652 time=0.195s reward=1.000000 train_r2=1.000000 test_r2=1.000000 complexity=11 evals=30929
        Nguyen-12* run=27 seed=3994838759 time=17.859s reward=0.999330 train_r2=1.000000 test_r2=0.999999 complexity=14 evals=2000000
        Nguyen-12* run=52 seed=2872581883 time=2.168s reward=1.000000 train_r2=1.000000 test_r2=1.000000 complexity=14 evals=286057
          Nguyen-5 run=55 seed=1830868652 time=0.128s reward=1.000000 train_r2=1.000000 test_r2=1.000000 complexity=9 evals=21394
          Nguyen-6 run=55 seed=1830868652 time=0.048s reward=1.000000 train_r2=1.000000 test_r2=1.000000 complexity=9 evals=8436
          Nguyen-9 run=55 seed=1830868652 time=0.097s reward=1.000000 train_r2=1.000000 test_r2=1.000000 complexity=7 evals=17842
          Nguyen-7 run=55 seed=1830868652 time=0.288s reward=1.000000 train_r2=1.000000 test_r2=1.000000 complexity=11 evals=44446
         Nguyen-11 run=55 seed=1830868652 time=0.025s reward=1.000000 train_r2=1.000000 test_r2=1.000000 complexity=5 evals=5047
          Nguyen-3 run=55 seed=1830868652 time=0.777s reward=1.000000 train_r2=1.000000 test_r2=1.000000 complexity=14 evals=114397
         Nguyen-10 run=55 seed=1830868652 time=0.300s reward=1.000000 train_r2=1.000000 test_r2=1.000000 complexity=6 evals=48300
          Nguyen-1 run=56 seed=3383119910 time=0.012s reward=1.000000 train_r2=1.000000 test_r2=1.000000 complexity=8 evals=2244
          Nguyen-4 run=54 seed=1287263512 time=1.492s reward=1.000000 train_r2=1.000000 test_r2=1.000000 complexity=16 evals=189782
          Nguyen-2 run=56 seed=3383119910 time=0.087s reward=1.000000 train_r2=1.000000 test_r2=1.000000 complexity=11 evals=15320
          Nguyen-3 run=56 seed=3383119910 time=0.386s reward=1.000000 train_r2=1.000000 test_r2=1.000000 complexity=14 evals=64880
        Nguyen-12* run=28 seed=861316294 time=17.862s reward=0.999065 train_r2=0.999999 test_r2=0.999995 complexity=18 evals=2000005
          Nguyen-6 run=56 seed=3383119910 time=0.180s reward=1.000000 train_r2=1.000000 test_r2=1.000000 complexity=9 evals=31219
          Nguyen-8 run=56 seed=3383119910 time=0.059s reward=1.000000 train_r2=1.000000 test_r2=1.000000 complexity=3 evals=11157
          Nguyen-9 run=56 seed=3383119910 time=0.125s reward=1.000000 train_r2=1.000000 test_r2=1.000000 complexity=7 evals=24231
         Nguyen-10 run=53 seed=2157573201 time=2.753s reward=1.000000 train_r2=1.000000 test_r2=1.000000 complexity=6 evals=327896
        Nguyen-12* run=45 seed=3465266528 time=7.826s reward=1.000000 train_r2=1.000000 test_r2=1.000000 complexity=17 evals=894851
          Nguyen-7 run=56 seed=3383119910 time=0.483s reward=1.000000 train_r2=1.000000 test_r2=1.000000 complexity=10 evals=70164
         Nguyen-11 run=56 seed=3383119910 time=0.033s reward=1.000000 train_r2=1.000000 test_r2=1.000000 complexity=5 evals=6603
          Nguyen-1 run=57 seed=646788872 time=0.049s reward=1.000000 train_r2=1.000000 test_r2=1.000000 complexity=9 evals=8743
        Nguyen-12* run=29 seed=2169555080 time=17.443s reward=0.999706 train_r2=1.000000 test_r2=1.000000 complexity=18 evals=2000003
          Nguyen-2 run=57 seed=646788872 time=0.124s reward=1.000000 train_r2=1.000000 test_r2=1.000000 complexity=12 evals=21607
         Nguyen-10 run=56 seed=3383119910 time=0.423s reward=1.000000 train_r2=1.000000 test_r2=1.000000 complexity=6 evals=74210
          Nguyen-8 run=55 seed=1830868652 time=1.792s reward=1.000000 train_r2=1.000000 test_r2=1.000000 complexity=3 evals=248787
          Nguyen-5 run=57 seed=646788872 time=0.215s reward=1.000000 train_r2=1.000000 test_r2=1.000000 complexity=9 evals=33299
          Nguyen-8 run=57 seed=646788872 time=0.017s reward=1.000000 train_r2=1.000000 test_r2=1.000000 complexity=3 evals=3023
          Nguyen-6 run=57 seed=646788872 time=0.141s reward=1.000000 train_r2=1.000000 test_r2=1.000000 complexity=9 evals=25754
          Nguyen-9 run=57 seed=646788872 time=0.050s reward=1.000000 train_r2=1.000000 test_r2=1.000000 complexity=7 evals=9836
          Nguyen-3 run=57 seed=646788872 time=0.410s reward=1.000000 train_r2=1.000000 test_r2=1.000000 complexity=14 evals=59635
         Nguyen-11 run=57 seed=646788872 time=0.039s reward=1.000000 train_r2=1.000000 test_r2=1.000000 complexity=5 evals=7812
          Nguyen-7 run=57 seed=646788872 time=0.189s reward=1.000000 train_r2=1.000000 test_r2=1.000000 complexity=10 evals=28881
          Nguyen-1 run=58 seed=3169893663 time=0.048s reward=1.000000 train_r2=1.000000 test_r2=1.000000 complexity=9 evals=8922
          Nguyen-2 run=58 seed=3169893663 time=0.100s reward=1.000000 train_r2=1.000000 test_r2=1.000000 complexity=10 evals=16787
          Nguyen-8 run=49 seed=4080976823 time=6.761s reward=1.000000 train_r2=1.000000 test_r2=1.000000 complexity=3 evals=806371
          Nguyen-5 run=56 seed=3383119910 time=1.640s reward=1.000000 train_r2=1.000000 test_r2=1.000000 complexity=9 evals=204400
          Nguyen-3 run=58 seed=3169893663 time=0.238s reward=1.000000 train_r2=1.000000 test_r2=1.000000 complexity=14 evals=37268
         Nguyen-10 run=57 seed=646788872 time=0.433s reward=1.000000 train_r2=1.000000 test_r2=1.000000 complexity=6 evals=76166
          Nguyen-4 run=58 seed=3169893663 time=0.411s reward=1.000000 train_r2=1.000000 test_r2=1.000000 complexity=16 evals=59539
          Nguyen-8 run=58 seed=3169893663 time=0.238s reward=1.000000 train_r2=1.000000 test_r2=1.000000 complexity=3 evals=41365
          Nguyen-6 run=58 seed=3169893663 time=0.334s reward=1.000000 train_r2=1.000000 test_r2=1.000000 complexity=9 evals=49721
         Nguyen-11 run=58 seed=3169893663 time=0.030s reward=1.000000 train_r2=1.000000 test_r2=1.000000 complexity=5 evals=6092
          Nguyen-9 run=58 seed=3169893663 time=0.127s reward=1.000000 train_r2=1.000000 test_r2=1.000000 complexity=7 evals=22206
          Nguyen-7 run=58 seed=3169893663 time=0.430s reward=1.000000 train_r2=1.000000 test_r2=1.000000 complexity=10 evals=64882
          Nguyen-1 run=59 seed=314500441 time=0.050s reward=1.000000 train_r2=1.000000 test_r2=1.000000 complexity=8 evals=8809
         Nguyen-10 run=58 seed=3169893663 time=0.366s reward=1.000000 train_r2=1.000000 test_r2=1.000000 complexity=6 evals=63012
        Nguyen-12* run=31 seed=1393567789 time=17.794s reward=0.999481 train_r2=1.000000 test_r2=0.999999 complexity=25 evals=2000002
        Nguyen-12* run=32 seed=540967856 time=17.103s reward=0.999431 train_r2=1.000000 test_r2=0.999998 complexity=28 evals=2000003
          Nguyen-3 run=59 seed=314500441 time=0.341s reward=1.000000 train_r2=1.000000 test_r2=1.000000 complexity=14 evals=50805
          Nguyen-2 run=59 seed=314500441 time=0.406s reward=1.000000 train_r2=1.000000 test_r2=1.000000 complexity=10 evals=61749
          Nguyen-6 run=59 seed=314500441 time=0.056s reward=1.000000 train_r2=1.000000 test_r2=1.000000 complexity=9 evals=8913
          Nguyen-5 run=58 seed=3169893663 time=1.039s reward=1.000000 train_r2=1.000000 test_r2=1.000000 complexity=9 evals=140712
          Nguyen-8 run=59 seed=314500441 time=0.112s reward=1.000000 train_r2=1.000000 test_r2=1.000000 complexity=3 evals=19640
          Nguyen-9 run=59 seed=314500441 time=0.079s reward=1.000000 train_r2=1.000000 test_r2=1.000000 complexity=7 evals=15127
         Nguyen-11 run=59 seed=314500441 time=0.018s reward=1.000000 train_r2=1.000000 test_r2=1.000000 complexity=5 evals=3896
          Nguyen-1 run=60 seed=1881455519 time=0.012s reward=1.000000 train_r2=1.000000 test_r2=1.000000 complexity=9 evals=2336
         Nguyen-10 run=59 seed=314500441 time=0.193s reward=1.000000 train_r2=1.000000 test_r2=1.000000 complexity=6 evals=32374
          Nguyen-2 run=60 seed=1881455519 time=0.212s reward=1.000000 train_r2=1.000000 test_r2=1.000000 complexity=10 evals=34931
          Nguyen-5 run=59 seed=314500441 time=0.519s reward=1.000000 train_r2=1.000000 test_r2=1.000000 complexity=9 evals=73409
          Nguyen-7 run=59 seed=314500441 time=0.810s reward=1.000000 train_r2=1.000000 test_r2=1.000000 complexity=11 evals=109052
          Nguyen-6 run=60 seed=1881455519 time=0.080s reward=1.000000 train_r2=1.000000 test_r2=1.000000 complexity=9 evals=13556
        Nguyen-12* run=30 seed=758553822 time=19.253s reward=0.998530 train_r2=0.999998 test_r2=0.999997 complexity=27 evals=2000002
          Nguyen-8 run=60 seed=1881455519 time=0.037s reward=1.000000 train_r2=1.000000 test_r2=1.000000 complexity=3 evals=6770
          Nguyen-3 run=60 seed=1881455519 time=0.731s reward=1.000000 train_r2=1.000000 test_r2=1.000000 complexity=16 evals=99158
          Nguyen-9 run=60 seed=1881455519 time=0.064s reward=1.000000 train_r2=1.000000 test_r2=1.000000 complexity=7 evals=11742
         Nguyen-11 run=60 seed=1881455519 time=0.023s reward=1.000000 train_r2=1.000000 test_r2=1.000000 complexity=5 evals=4441
          Nguyen-4 run=55 seed=1830868652 time=4.364s reward=1.000000 train_r2=1.000000 test_r2=1.000000 complexity=13 evals=503981
          Nguyen-1 run=61 seed=2621623777 time=0.033s reward=1.000000 train_r2=1.000000 test_r2=1.000000 complexity=8 evals=5650
         Nguyen-10 run=60 seed=1881455519 time=0.196s reward=1.000000 train_r2=1.000000 test_r2=1.000000 complexity=6 evals=32199
          Nguyen-2 run=61 seed=2621623777 time=0.145s reward=1.000000 train_r2=1.000000 test_r2=1.000000 complexity=10 evals=22690
          Nguyen-3 run=61 seed=2621623777 time=0.293s reward=1.000000 train_r2=1.000000 test_r2=1.000000 complexity=14 evals=42822
          Nguyen-4 run=57 seed=646788872 time=3.288s reward=1.000000 train_r2=1.000000 test_r2=1.000000 complexity=14 evals=418931
          Nguyen-4 run=59 seed=314500441 time=1.949s reward=1.000000 train_r2=1.000000 test_r2=1.000000 complexity=16 evals=270355
        Nguyen-12* run=36 seed=1139067352 time=16.441s reward=0.999418 train_r2=1.000000 test_r2=0.999999 complexity=14 evals=2000001
          Nguyen-6 run=61 seed=2621623777 time=0.164s reward=1.000000 train_r2=1.000000 test_r2=1.000000 complexity=9 evals=29092
          Nguyen-7 run=60 seed=1881455519 time=0.905s reward=1.000000 train_r2=1.000000 test_r2=1.000000 complexity=10 evals=120165
          Nguyen-5 run=61 seed=2621623777 time=0.354s reward=1.000000 train_r2=1.000000 test_r2=1.000000 complexity=9 evals=51807
         Nguyen-11 run=61 seed=2621623777 time=0.002s reward=1.000000 train_r2=1.000000 test_r2=1.000000 complexity=5 evals=356
          Nguyen-5 run=60 seed=1881455519 time=1.516s reward=1.000000 train_r2=1.000000 test_r2=1.000000 complexity=9 evals=195679
          Nguyen-1 run=62 seed=4135381994 time=0.054s reward=1.000000 train_r2=1.000000 test_r2=1.000000 complexity=9 evals=9595
          Nguyen-7 run=61 seed=2621623777 time=0.281s reward=1.000000 train_r2=1.000000 test_r2=1.000000 complexity=10 evals=46163
          Nguyen-9 run=61 seed=2621623777 time=0.235s reward=1.000000 train_r2=1.000000 test_r2=1.000000 complexity=7 evals=43652
          Nguyen-2 run=62 seed=4135381994 time=0.204s reward=1.000000 train_r2=1.000000 test_r2=1.000000 complexity=10 evals=32919
          Nguyen-8 run=61 seed=2621623777 time=0.481s reward=1.000000 train_r2=1.000000 test_r2=1.000000 complexity=3 evals=79714
          Nguyen-4 run=62 seed=4135381994 time=0.269s reward=1.000000 train_r2=1.000000 test_r2=1.000000 complexity=13 evals=46687
          Nguyen-6 run=62 seed=4135381994 time=0.052s reward=1.000000 train_r2=1.000000 test_r2=1.000000 complexity=9 evals=9664
        Nguyen-12* run=34 seed=2191321948 time=17.788s reward=1.000000 train_r2=1.000000 test_r2=1.000000 complexity=17 evals=1952854
          Nguyen-7 run=62 seed=4135381994 time=0.290s reward=1.000000 train_r2=1.000000 test_r2=1.000000 complexity=10 evals=48993
          Nguyen-9 run=62 seed=4135381994 time=0.072s reward=1.000000 train_r2=1.000000 test_r2=1.000000 complexity=7 evals=13346
         Nguyen-11 run=62 seed=4135381994 time=0.027s reward=1.000000 train_r2=1.000000 test_r2=1.000000 complexity=5 evals=5277
         Nguyen-10 run=62 seed=4135381994 time=0.247s reward=1.000000 train_r2=1.000000 test_r2=1.000000 complexity=6 evals=45347
          Nguyen-1 run=63 seed=2643969318 time=0.053s reward=1.000000 train_r2=1.000000 test_r2=1.000000 complexity=9 evals=9947
          Nguyen-2 run=63 seed=2643969318 time=0.078s reward=1.000000 train_r2=1.000000 test_r2=1.000000 complexity=10 evals=14643
        Nguyen-12* run=37 seed=1305444561 time=17.084s reward=1.000000 train_r2=1.000000 test_r2=1.000000 complexity=17 evals=1928924
          Nguyen-4 run=56 seed=3383119910 time=5.742s reward=1.000000 train_r2=1.000000 test_r2=1.000000 complexity=16 evals=637070
          Nguyen-3 run=63 seed=2643969318 time=0.051s reward=1.000000 train_r2=1.000000 test_r2=1.000000 complexity=14 evals=9639
          Nguyen-3 run=62 seed=4135381994 time=1.262s reward=1.000000 train_r2=1.000000 test_r2=1.000000 complexity=14 evals=187802
          Nguyen-6 run=63 seed=2643969318 time=0.330s reward=1.000000 train_r2=1.000000 test_r2=1.000000 complexity=9 evals=57346
          Nguyen-5 run=62 seed=4135381994 time=1.255s reward=1.000000 train_r2=1.000000 test_r2=1.000000 complexity=9 evals=168887
        Nguyen-12* run=35 seed=1851676975 time=18.216s reward=0.999318 train_r2=1.000000 test_r2=1.000000 complexity=23 evals=2000002
          Nguyen-9 run=63 seed=2643969318 time=0.097s reward=1.000000 train_r2=1.000000 test_r2=1.000000 complexity=7 evals=18670
          Nguyen-7 run=63 seed=2643969318 time=0.285s reward=1.000000 train_r2=1.000000 test_r2=1.000000 complexity=10 evals=48127
         Nguyen-11 run=63 seed=2643969318 time=0.026s reward=1.000000 train_r2=1.000000 test_r2=1.000000 complexity=5 evals=5331
          Nguyen-1 run=64 seed=2172690349 time=0.028s reward=1.000000 train_r2=1.000000 test_r2=1.000000 complexity=8 evals=5102
          Nguyen-5 run=63 seed=2643969318 time=0.716s reward=1.000000 train_r2=1.000000 test_r2=1.000000 complexity=9 evals=98157
        Nguyen-12* run=38 seed=1869174399 time=17.083s reward=0.999087 train_r2=0.999999 test_r2=0.999998 complexity=24 evals=2000006
          Nguyen-2 run=64 seed=2172690349 time=0.250s reward=1.000000 train_r2=1.000000 test_r2=1.000000 complexity=10 evals=39601
          Nguyen-3 run=64 seed=2172690349 time=0.238s reward=1.000000 train_r2=1.000000 test_r2=1.000000 complexity=14 evals=36845
         Nguyen-10 run=63 seed=2643969318 time=0.465s reward=1.000000 train_r2=1.000000 test_r2=1.000000 complexity=6 evals=71211
          Nguyen-6 run=64 seed=2172690349 time=0.056s reward=1.000000 train_r2=1.000000 test_r2=1.000000 complexity=9 evals=10042
          Nguyen-5 run=64 seed=2172690349 time=0.215s reward=1.000000 train_r2=1.000000 test_r2=1.000000 complexity=9 evals=33527
          Nguyen-8 run=64 seed=2172690349 time=0.056s reward=1.000000 train_r2=1.000000 test_r2=1.000000 complexity=3 evals=9461
          Nguyen-9 run=64 seed=2172690349 time=0.064s reward=1.000000 train_r2=1.000000 test_r2=1.000000 complexity=7 evals=12128
          Nguyen-8 run=63 seed=2643969318 time=0.815s reward=1.000000 train_r2=1.000000 test_r2=1.000000 complexity=3 evals=135063
         Nguyen-11 run=64 seed=2172690349 time=0.046s reward=1.000000 train_r2=1.000000 test_r2=1.000000 complexity=5 evals=8890
          Nguyen-1 run=65 seed=534831994 time=0.036s reward=1.000000 train_r2=1.000000 test_r2=1.000000 complexity=8 evals=6340
         Nguyen-10 run=64 seed=2172690349 time=0.260s reward=1.000000 train_r2=1.000000 test_r2=1.000000 complexity=6 evals=40280
          Nguyen-4 run=63 seed=2643969318 time=1.440s reward=1.000000 train_r2=1.000000 test_r2=1.000000 complexity=17 evals=183547
          Nguyen-2 run=65 seed=534831994 time=0.175s reward=1.000000 train_r2=1.000000 test_r2=1.000000 complexity=10 evals=28042
          Nguyen-7 run=64 seed=2172690349 time=0.624s reward=1.000000 train_r2=1.000000 test_r2=1.000000 complexity=10 evals=84644
          Nguyen-6 run=65 seed=534831994 time=0.110s reward=1.000000 train_r2=1.000000 test_r2=1.000000 complexity=9 evals=18044
          Nguyen-3 run=65 seed=534831994 time=0.502s reward=1.000000 train_r2=1.000000 test_r2=1.000000 complexity=14 evals=73744
          Nguyen-8 run=65 seed=534831994 time=0.018s reward=1.000000 train_r2=1.000000 test_r2=1.000000 complexity=3 evals=3323
          Nguyen-5 run=65 seed=534831994 time=0.465s reward=1.000000 train_r2=1.000000 test_r2=1.000000 complexity=9 evals=69489
          Nguyen-9 run=65 seed=534831994 time=0.064s reward=1.000000 train_r2=1.000000 test_r2=1.000000 complexity=7 evals=12383
          Nguyen-4 run=64 seed=2172690349 time=1.309s reward=1.000000 train_r2=1.000000 test_r2=1.000000 complexity=13 evals=173705
          Nguyen-8 run=62 seed=4135381994 time=2.793s reward=1.000000 train_r2=1.000000 test_r2=1.000000 complexity=3 evals=395263
         Nguyen-11 run=65 seed=534831994 time=0.041s reward=1.000000 train_r2=1.000000 test_r2=1.000000 complexity=5 evals=8082
          Nguyen-1 run=66 seed=2701542408 time=0.041s reward=1.000000 train_r2=1.000000 test_r2=1.000000 complexity=9 evals=7529
          Nguyen-2 run=66 seed=2701542408 time=0.081s reward=1.000000 train_r2=1.000000 test_r2=1.000000 complexity=11 evals=14323
        Nguyen-12* run=40 seed=4027297405 time=17.403s reward=0.998617 train_r2=0.999998 test_r2=0.999999 complexity=33 evals=2000001
          Nguyen-7 run=65 seed=534831994 time=0.476s reward=1.000000 train_r2=1.000000 test_r2=1.000000 complexity=10 evals=66672
          Nguyen-6 run=66 seed=2701542408 time=0.097s reward=1.000000 train_r2=1.000000 test_r2=1.000000 complexity=9 evals=16178
          Nguyen-3 run=66 seed=2701542408 time=0.305s reward=1.000000 train_r2=1.000000 test_r2=1.000000 complexity=14 evals=50105
        Nguyen-12* run=61 seed=2621623777 time=3.556s reward=1.000000 train_r2=1.000000 test_r2=1.000000 complexity=17 evals=459973
        Nguyen-12* run=39 seed=2928440539 time=18.219s reward=0.999151 train_r2=0.999999 test_r2=0.999994 complexity=29 evals=2000008
          Nguyen-9 run=66 seed=2701542408 time=0.012s reward=1.000000 train_r2=1.000000 test_r2=1.000000 complexity=7 evals=2244
         Nguyen-11 run=66 seed=2701542408 time=0.018s reward=1.000000 train_r2=1.000000 test_r2=1.000000 complexity=5 evals=3546
         Nguyen-10 run=66 seed=2701542408 time=0.110s reward=1.000000 train_r2=1.000000 test_r2=1.000000 complexity=6 evals=18879
          Nguyen-1 run=67 seed=3905278380 time=0.016s reward=1.000000 train_r2=1.000000 test_r2=1.000000 complexity=9 evals=2515
         Nguyen-10 run=65 seed=534831994 time=0.700s reward=1.000000 train_r2=1.000000 test_r2=1.000000 complexity=6 evals=105836
          Nguyen-7 run=66 seed=2701542408 time=0.439s reward=1.000000 train_r2=1.000000 test_r2=1.000000 complexity=10 evals=62093
        Nguyen-12* run=42 seed=3747793057 time=17.263s reward=0.998980 train_r2=0.999999 test_r2=0.999997 complexity=24 evals=2000001
          Nguyen-4 run=65 seed=534831994 time=1.487s reward=1.000000 train_r2=1.000000 test_r2=1.000000 complexity=13 evals=189364
          Nguyen-4 run=60 seed=1881455519 time=5.675s reward=1.000000 train_r2=1.000000 test_r2=1.000000 complexity=16 evals=632551
          Nguyen-2 run=67 seed=3905278380 time=0.219s reward=1.000000 train_r2=1.000000 test_r2=1.000000 complexity=12 evals=32015
          Nguyen-5 run=67 seed=3905278380 time=0.136s reward=1.000000 train_r2=1.000000 test_r2=1.000000 complexity=9 evals=23534
          Nguyen-6 run=67 seed=3905278380 time=0.112s reward=1.000000 train_r2=1.000000 test_r2=1.000000 complexity=9 evals=19037
          Nguyen-5 run=66 seed=2701542408 time=0.912s reward=1.000000 train_r2=1.000000 test_r2=1.000000 complexity=9 evals=123601
          Nguyen-9 run=67 seed=3905278380 time=0.143s reward=1.000000 train_r2=1.000000 test_r2=1.000000 complexity=7 evals=26632
          Nguyen-7 run=67 seed=3905278380 time=0.258s reward=1.000000 train_r2=1.000000 test_r2=1.000000 complexity=10 evals=39508
         Nguyen-11 run=67 seed=3905278380 time=0.028s reward=1.000000 train_r2=1.000000 test_r2=1.000000 complexity=5 evals=5551
          Nguyen-1 run=68 seed=2580222673 time=0.097s reward=1.000000 train_r2=1.000000 test_r2=1.000000 complexity=8 evals=16303
          Nguyen-4 run=66 seed=2701542408 time=1.151s reward=1.000000 train_r2=1.000000 test_r2=1.000000 complexity=13 evals=148825
         Nguyen-10 run=67 seed=3905278380 time=0.295s reward=1.000000 train_r2=1.000000 test_r2=1.000000 complexity=6 evals=46326
          Nguyen-3 run=67 seed=3905278380 time=0.653s reward=1.000000 train_r2=1.000000 test_r2=1.000000 complexity=14 evals=94631
          Nguyen-4 run=67 seed=3905278380 time=0.626s reward=1.000000 train_r2=1.000000 test_r2=1.000000 complexity=13 evals=85875
          Nguyen-8 run=67 seed=3905278380 time=0.566s reward=1.000000 train_r2=1.000000 test_r2=1.000000 complexity=5 evals=80999
          Nguyen-2 run=68 seed=2580222673 time=0.348s reward=1.000000 train_r2=1.000000 test_r2=1.000000 complexity=12 evals=55110
          Nguyen-9 run=68 seed=2580222673 time=0.017s reward=1.000000 train_r2=1.000000 test_r2=1.000000 complexity=7 evals=3397
        Nguyen-12* run=49 seed=4080976823 time=14.060s reward=1.000000 train_r2=1.000000 test_r2=1.000000 complexity=17 evals=1615002
         Nguyen-11 run=68 seed=2580222673 time=0.012s reward=1.000000 train_r2=1.000000 test_r2=1.000000 complexity=5 evals=2377
          Nguyen-6 run=68 seed=2580222673 time=0.235s reward=1.000000 train_r2=1.000000 test_r2=1.000000 complexity=9 evals=37653
          Nguyen-1 run=69 seed=864589219 time=0.053s reward=1.000000 train_r2=1.000000 test_r2=1.000000 complexity=9 evals=9429
          Nguyen-7 run=68 seed=2580222673 time=0.308s reward=1.000000 train_r2=1.000000 test_r2=1.000000 complexity=11 evals=44725
          Nguyen-5 run=68 seed=2580222673 time=0.500s reward=1.000000 train_r2=1.000000 test_r2=1.000000 complexity=9 evals=67708
          Nguyen-2 run=69 seed=864589219 time=0.199s reward=1.000000 train_r2=1.000000 test_r2=1.000000 complexity=10 evals=32013
         Nguyen-10 run=68 seed=2580222673 time=0.372s reward=1.000000 train_r2=1.000000 test_r2=1.000000 complexity=6 evals=63351
          Nguyen-8 run=66 seed=2701542408 time=1.686s reward=1.000000 train_r2=1.000000 test_r2=1.000000 complexity=3 evals=248493
          Nguyen-3 run=69 seed=864589219 time=0.376s reward=1.000000 train_r2=1.000000 test_r2=1.000000 complexity=14 evals=53018
          Nguyen-6 run=69 seed=864589219 time=0.188s reward=1.000000 train_r2=1.000000 test_r2=1.000000 complexity=9 evals=30577
          Nguyen-3 run=68 seed=2580222673 time=0.932s reward=1.000000 train_r2=1.000000 test_r2=1.000000 complexity=14 evals=125474
          Nguyen-9 run=69 seed=864589219 time=0.029s reward=1.000000 train_r2=1.000000 test_r2=1.000000 complexity=7 evals=5942
         Nguyen-11 run=69 seed=864589219 time=0.037s reward=1.000000 train_r2=1.000000 test_r2=1.000000 complexity=5 evals=7689
          Nguyen-5 run=69 seed=864589219 time=0.386s reward=1.000000 train_r2=1.000000 test_r2=1.000000 complexity=9 evals=59519
          Nguyen-7 run=69 seed=864589219 time=0.267s reward=1.000000 train_r2=1.000000 test_r2=1.000000 complexity=10 evals=44019
          Nguyen-1 run=70 seed=2499012356 time=0.098s reward=1.000000 train_r2=1.000000 test_r2=1.000000 complexity=9 evals=17125
        Nguyen-12* run=43 seed=837591013 time=18.351s reward=0.999179 train_r2=0.999999 test_r2=0.999999 complexity=24 evals=2000001
          Nguyen-4 run=69 seed=864589219 time=0.687s reward=1.000000 train_r2=1.000000 test_r2=1.000000 complexity=13 evals=94185
         Nguyen-10 run=69 seed=864589219 time=0.359s reward=1.000000 train_r2=1.000000 test_r2=1.000000 complexity=6 evals=58418
          Nguyen-4 run=68 seed=2580222673 time=1.298s reward=1.000000 train_r2=1.000000 test_r2=1.000000 complexity=13 evals=172476
          Nguyen-5 run=70 seed=2499012356 time=0.104s reward=1.000000 train_r2=1.000000 test_r2=1.000000 complexity=9 evals=17353
          Nguyen-6 run=70 seed=2499012356 time=0.105s reward=1.000000 train_r2=1.000000 test_r2=1.000000 complexity=9 evals=17950
        Nguyen-12* run=46 seed=323105323 time=17.019s reward=0.999240 train_r2=0.999999 test_r2=0.999999 complexity=19 evals=2000000
          Nguyen-3 run=70 seed=2499012356 time=0.360s reward=1.000000 train_r2=1.000000 test_r2=1.000000 complexity=14 evals=54965
          Nguyen-8 run=70 seed=2499012356 time=0.101s reward=1.000000 train_r2=1.000000 test_r2=1.000000 complexity=3 evals=16527
          Nguyen-2 run=70 seed=2499012356 time=0.428s reward=1.000000 train_r2=1.000000 test_r2=1.000000 complexity=12 evals=66512
          Nguyen-1 run=71 seed=1980462661 time=0.015s reward=1.000000 train_r2=1.000000 test_r2=1.000000 complexity=9 evals=2800
         Nguyen-11 run=70 seed=2499012356 time=0.048s reward=1.000000 train_r2=1.000000 test_r2=1.000000 complexity=5 evals=9525
        Nguyen-12* run=59 seed=314500441 time=7.670s reward=1.000000 train_r2=1.000000 test_r2=1.000000 complexity=17 evals=975277
          Nguyen-9 run=70 seed=2499012356 time=0.239s reward=1.000000 train_r2=1.000000 test_r2=1.000000 complexity=7 evals=41317
          Nguyen-2 run=71 seed=1980462661 time=0.134s reward=1.000000 train_r2=1.000000 test_r2=1.000000 complexity=10 evals=25920
          Nguyen-7 run=70 seed=2499012356 time=0.374s reward=1.000000 train_r2=1.000000 test_r2=1.000000 complexity=11 evals=55412
        Nguyen-12* run=65 seed=534831994 time=3.078s reward=1.000000 train_r2=1.000000 test_r2=1.000000 complexity=17 evals=421838
          Nguyen-8 run=71 seed=1980462661 time=0.059s reward=1.000000 train_r2=1.000000 test_r2=1.000000 complexity=3 evals=10622
          Nguyen-6 run=71 seed=1980462661 time=0.210s reward=1.000000 train_r2=1.000000 test_r2=1.000000 complexity=9 evals=36785
          Nguyen-5 run=71 seed=1980462661 time=0.278s reward=1.000000 train_r2=1.000000 test_r2=1.000000 complexity=9 evals=42338
         Nguyen-11 run=71 seed=1980462661 time=0.030s reward=1.000000 train_r2=1.000000 test_r2=1.000000 complexity=5 evals=5909
          Nguyen-9 run=71 seed=1980462661 time=0.109s reward=1.000000 train_r2=1.000000 test_r2=1.000000 complexity=7 evals=21087
          Nguyen-1 run=72 seed=2452680695 time=0.078s reward=1.000000 train_r2=1.000000 test_r2=1.000000 complexity=8 evals=13622
         Nguyen-10 run=71 seed=1980462661 time=0.188s reward=1.000000 train_r2=1.000000 test_r2=1.000000 complexity=6 evals=34675
        Nguyen-12* run=48 seed=1796736039 time=16.715s reward=0.999357 train_r2=1.000000 test_r2=0.999996 complexity=28 evals=2000006
          Nguyen-7 run=71 seed=1980462661 time=0.415s reward=1.000000 train_r2=1.000000 test_r2=1.000000 complexity=10 evals=60825
          Nguyen-2 run=72 seed=2452680695 time=0.084s reward=1.000000 train_r2=1.000000 test_r2=1.000000 complexity=10 evals=14975
          Nguyen-3 run=71 seed=1980462661 time=0.759s reward=1.000000 train_r2=1.000000 test_r2=1.000000 complexity=14 evals=109605
          Nguyen-6 run=72 seed=2452680695 time=0.125s reward=1.000000 train_r2=1.000000 test_r2=1.000000 complexity=9 evals=21642
          Nguyen-4 run=71 seed=1980462661 time=0.824s reward=1.000000 train_r2=1.000000 test_r2=1.000000 complexity=13 evals=120662
          Nguyen-8 run=72 seed=2452680695 time=0.132s reward=1.000000 train_r2=1.000000 test_r2=1.000000 complexity=3 evals=23753
          Nguyen-9 run=72 seed=2452680695 time=0.107s reward=1.000000 train_r2=1.000000 test_r2=1.000000 complexity=7 evals=20600
         Nguyen-11 run=72 seed=2452680695 time=0.039s reward=1.000000 train_r2=1.000000 test_r2=1.000000 complexity=5 evals=8074
          Nguyen-3 run=72 seed=2452680695 time=0.429s reward=1.000000 train_r2=1.000000 test_r2=1.000000 complexity=14 evals=71371
          Nguyen-1 run=73 seed=3630032764 time=0.036s reward=1.000000 train_r2=1.000000 test_r2=1.000000 complexity=9 evals=6889
          Nguyen-5 run=72 seed=2452680695 time=0.525s reward=1.000000 train_r2=1.000000 test_r2=1.000000 complexity=9 evals=76431
         Nguyen-10 run=61 seed=2621623777 time=7.088s reward=1.000000 train_r2=1.000000 test_r2=1.000000 complexity=6 evals=827175
          Nguyen-8 run=68 seed=2580222673 time=2.597s reward=1.000000 train_r2=1.000000 test_r2=1.000000 complexity=3 evals=337455
          Nguyen-2 run=73 seed=3630032764 time=0.232s reward=1.000000 train_r2=1.000000 test_r2=1.000000 complexity=10 evals=40754
          Nguyen-3 run=73 seed=3630032764 time=0.207s reward=1.000000 train_r2=1.000000 test_r2=1.000000 complexity=14 evals=32439
          Nguyen-4 run=72 seed=2452680695 time=0.766s reward=1.000000 train_r2=1.000000 test_r2=1.000000 complexity=17 evals=115129
          Nguyen-6 run=73 seed=3630032764 time=0.058s reward=1.000000 train_r2=1.000000 test_r2=1.000000 complexity=9 evals=10991
          Nguyen-7 run=72 seed=2452680695 time=0.590s reward=1.000000 train_r2=1.000000 test_r2=1.000000 complexity=10 evals=85527
          Nguyen-4 run=70 seed=2499012356 time=1.742s reward=1.000000 train_r2=1.000000 test_r2=1.000000 complexity=13 evals=215455
         Nguyen-11 run=73 seed=3630032764 time=0.051s reward=1.000000 train_r2=1.000000 test_r2=1.000000 complexity=5 evals=9657
          Nguyen-9 run=73 seed=3630032764 time=0.149s reward=1.000000 train_r2=1.000000 test_r2=1.000000 complexity=7 evals=28109
          Nguyen-1 run=74 seed=4174106357 time=0.026s reward=1.000000 train_r2=1.000000 test_r2=1.000000 complexity=8 evals=5086
          Nguyen-7 run=73 seed=3630032764 time=0.340s reward=1.000000 train_r2=1.000000 test_r2=1.000000 complexity=11 evals=51687
         Nguyen-10 run=72 seed=2452680695 time=0.782s reward=1.000000 train_r2=1.000000 test_r2=1.000000 complexity=6 evals=120983
         Nguyen-10 run=73 seed=3630032764 time=0.349s reward=1.000000 train_r2=1.000000 test_r2=1.000000 complexity=6 evals=54757
          Nguyen-4 run=73 seed=3630032764 time=0.587s reward=1.000000 train_r2=1.000000 test_r2=1.000000 complexity=13 evals=81991
          Nguyen-2 run=74 seed=4174106357 time=0.175s reward=1.000000 train_r2=1.000000 test_r2=1.000000 complexity=10 evals=31351
          Nguyen-6 run=74 seed=4174106357 time=0.092s reward=1.000000 train_r2=1.000000 test_r2=1.000000 complexity=9 evals=15460
          Nguyen-5 run=73 seed=3630032764 time=0.737s reward=1.000000 train_r2=1.000000 test_r2=1.000000 complexity=9 evals=92389
          Nguyen-8 run=74 seed=4174106357 time=0.117s reward=1.000000 train_r2=1.000000 test_r2=1.000000 complexity=3 evals=19312
        Nguyen-12* run=47 seed=3059174495 time=18.641s reward=0.999381 train_r2=1.000000 test_r2=1.000000 complexity=19 evals=2000001
          Nguyen-5 run=74 seed=4174106357 time=0.290s reward=1.000000 train_r2=1.000000 test_r2=1.000000 complexity=9 evals=43982
          Nguyen-3 run=74 seed=4174106357 time=0.351s reward=1.000000 train_r2=1.000000 test_r2=1.000000 complexity=14 evals=53776
         Nguyen-11 run=74 seed=4174106357 time=0.044s reward=1.000000 train_r2=1.000000 test_r2=1.000000 complexity=5 evals=8327
        Nguyen-12* run=70 seed=2499012356 time=2.106s reward=1.000000 train_r2=1.000000 test_r2=1.000000 complexity=17 evals=276335
          Nguyen-8 run=73 seed=3630032764 time=0.747s reward=1.000000 train_r2=1.000000 test_r2=1.000000 complexity=3 evals=123314
          Nguyen-1 run=75 seed=867240961 time=0.038s reward=1.000000 train_r2=1.000000 test_r2=1.000000 complexity=8 evals=7044
          Nguyen-9 run=74 seed=4174106357 time=0.178s reward=1.000000 train_r2=1.000000 test_r2=1.000000 complexity=7 evals=30007
          Nguyen-8 run=69 seed=864589219 time=2.856s reward=1.000000 train_r2=1.000000 test_r2=1.000000 complexity=3 evals=361358
         Nguyen-10 run=74 seed=4174106357 time=0.170s reward=1.000000 train_r2=1.000000 test_r2=1.000000 complexity=6 evals=28637
          Nguyen-6 run=75 seed=867240961 time=0.031s reward=1.000000 train_r2=1.000000 test_r2=1.000000 complexity=9 evals=5578
          Nguyen-2 run=75 seed=867240961 time=0.105s reward=1.000000 train_r2=1.000000 test_r2=1.000000 complexity=12 evals=18045
          Nguyen-9 run=75 seed=867240961 time=0.172s reward=1.000000 train_r2=1.000000 test_r2=1.000000 complexity=7 evals=29540
         Nguyen-11 run=75 seed=867240961 time=0.010s reward=1.000000 train_r2=1.000000 test_r2=1.000000 complexity=5 evals=1923
         Nguyen-10 run=75 seed=867240961 time=0.206s reward=1.000000 train_r2=1.000000 test_r2=1.000000 complexity=6 evals=29354
          Nguyen-7 run=74 seed=4174106357 time=0.672s reward=1.000000 train_r2=1.000000 test_r2=1.000000 complexity=11 evals=106696
          Nguyen-1 run=76 seed=1596437698 time=0.058s reward=1.000000 train_r2=1.000000 test_r2=1.000000 complexity=9 evals=10086
          Nguyen-8 run=75 seed=867240961 time=0.411s reward=1.000000 train_r2=1.000000 test_r2=1.000000 complexity=3 evals=61146
         Nguyen-10 run=70 seed=2499012356 time=2.780s reward=1.000000 train_r2=1.000000 test_r2=1.000000 complexity=6 evals=355720
          Nguyen-7 run=75 seed=867240961 time=0.531s reward=1.000000 train_r2=1.000000 test_r2=1.000000 complexity=10 evals=74149
          Nguyen-3 run=75 seed=867240961 time=0.601s reward=1.000000 train_r2=1.000000 test_r2=1.000000 complexity=14 evals=84563
          Nguyen-2 run=76 seed=1596437698 time=0.286s reward=1.000000 train_r2=1.000000 test_r2=1.000000 complexity=12 evals=49084
          Nguyen-4 run=74 seed=4174106357 time=1.028s reward=1.000000 train_r2=1.000000 test_r2=1.000000 complexity=17 evals=147228
          Nguyen-6 run=76 seed=1596437698 time=0.151s reward=1.000000 train_r2=1.000000 test_r2=1.000000 complexity=9 evals=24793
          Nguyen-7 run=76 seed=1596437698 time=0.163s reward=1.000000 train_r2=1.000000 test_r2=1.000000 complexity=10 evals=24712
         Nguyen-11 run=76 seed=1596437698 time=0.005s reward=1.000000 train_r2=1.000000 test_r2=1.000000 complexity=5 evals=964
          Nguyen-9 run=76 seed=1596437698 time=0.208s reward=1.000000 train_r2=1.000000 test_r2=1.000000 complexity=7 evals=37506
          Nguyen-8 run=76 seed=1596437698 time=0.287s reward=1.000000 train_r2=1.000000 test_r2=1.000000 complexity=3 evals=51204
          Nguyen-1 run=77 seed=3765576040 time=0.086s reward=1.000000 train_r2=1.000000 test_r2=1.000000 complexity=8 evals=15528
          Nguyen-5 run=75 seed=867240961 time=1.010s reward=1.000000 train_r2=1.000000 test_r2=1.000000 complexity=9 evals=132377
         Nguyen-10 run=76 seed=1596437698 time=0.339s reward=1.000000 train_r2=1.000000 test_r2=1.000000 complexity=6 evals=54274
          Nguyen-4 run=75 seed=867240961 time=1.161s reward=1.000000 train_r2=1.000000 test_r2=1.000000 complexity=16 evals=165495
        Nguyen-12* run=51 seed=2501308237 time=17.620s reward=0.999521 train_r2=1.000000 test_r2=0.999993 complexity=19 evals=2000003
          Nguyen-6 run=77 seed=3765576040 time=0.043s reward=1.000000 train_r2=1.000000 test_r2=1.000000 complexity=9 evals=8154
          Nguyen-2 run=77 seed=3765576040 time=0.308s reward=1.000000 train_r2=1.000000 test_r2=1.000000 complexity=10 evals=50607
          Nguyen-5 run=77 seed=3765576040 time=0.168s reward=1.000000 train_r2=1.000000 test_r2=1.000000 complexity=9 evals=26749
          Nguyen-9 run=77 seed=3765576040 time=0.026s reward=1.000000 train_r2=1.000000 test_r2=1.000000 complexity=7 evals=5272
          Nguyen-8 run=77 seed=3765576040 time=0.066s reward=1.000000 train_r2=1.000000 test_r2=1.000000 complexity=3 evals=11634
         Nguyen-11 run=77 seed=3765576040 time=0.048s reward=1.000000 train_r2=1.000000 test_r2=1.000000 complexity=5 evals=9607
          Nguyen-1 run=78 seed=1820974996 time=0.050s reward=1.000000 train_r2=1.000000 test_r2=1.000000 complexity=8 evals=9377
         Nguyen-10 run=77 seed=3765576040 time=0.164s reward=1.000000 train_r2=1.000000 test_r2=1.000000 complexity=6 evals=27066
          Nguyen-7 run=77 seed=3765576040 time=0.268s reward=1.000000 train_r2=1.000000 test_r2=1.000000 complexity=10 evals=40253
          Nguyen-2 run=78 seed=1820974996 time=0.131s reward=1.000000 train_r2=1.000000 test_r2=1.000000 complexity=10 evals=23738
          Nguyen-5 run=78 seed=1820974996 time=0.107s reward=1.000000 train_r2=1.000000 test_r2=1.000000 complexity=9 evals=18422
        Nguyen-12* run=50 seed=1129862598 time=18.706s reward=0.999052 train_r2=0.999999 test_r2=0.999916 complexity=34 evals=2000002
          Nguyen-4 run=76 seed=1596437698 time=1.271s reward=1.000000 train_r2=1.000000 test_r2=1.000000 complexity=17 evals=160539
          Nguyen-3 run=76 seed=1596437698 time=1.462s reward=1.000000 train_r2=1.000000 test_r2=1.000000 complexity=14 evals=192902
          Nguyen-8 run=78 seed=1820974996 time=0.172s reward=1.000000 train_r2=1.000000 test_r2=1.000000 complexity=3 evals=29316
          Nguyen-9 run=78 seed=1820974996 time=0.043s reward=1.000000 train_r2=1.000000 test_r2=1.000000 complexity=7 evals=7995
          Nguyen-3 run=77 seed=3765576040 time=0.979s reward=1.000000 train_r2=1.000000 test_r2=1.000000 complexity=14 evals=139092
         Nguyen-11 run=78 seed=1820974996 time=0.059s reward=1.000000 train_r2=1.000000 test_r2=1.000000 complexity=5 evals=11285
          Nguyen-7 run=78 seed=1820974996 time=0.337s reward=1.000000 train_r2=1.000000 test_r2=1.000000 complexity=11 evals=51855
          Nguyen-1 run=79 seed=23958531 time=0.090s reward=1.000000 train_r2=1.000000 test_r2=1.000000 complexity=9 evals=16058
          Nguyen-4 run=77 seed=3765576040 time=1.109s reward=1.000000 train_r2=1.000000 test_r2=1.000000 complexity=17 evals=139696
          Nguyen-5 run=76 seed=1596437698 time=1.720s reward=1.000000 train_r2=1.000000 test_r2=1.000000 complexity=9 evals=218851
          Nguyen-3 run=79 seed=23958531 time=0.090s reward=1.000000 train_r2=1.000000 test_r2=1.000000 complexity=14 evals=15368
          Nguyen-6 run=79 seed=23958531 time=0.080s reward=1.000000 train_r2=1.000000 test_r2=1.000000 complexity=9 evals=14400
        Nguyen-12* run=53 seed=2157573201 time=16.995s reward=0.998698 train_r2=0.999998 test_r2=0.999995 complexity=28 evals=2000003
          Nguyen-8 run=79 seed=23958531 time=0.045s reward=1.000000 train_r2=1.000000 test_r2=1.000000 complexity=3 evals=8201
          Nguyen-9 run=79 seed=23958531 time=0.011s reward=1.000000 train_r2=1.000000 test_r2=1.000000 complexity=7 evals=2079
          Nguyen-2 run=79 seed=23958531 time=0.487s reward=1.000000 train_r2=1.000000 test_r2=1.000000 complexity=10 evals=71742
         Nguyen-11 run=79 seed=23958531 time=0.016s reward=1.000000 train_r2=1.000000 test_r2=1.000000 complexity=5 evals=3318
         Nguyen-10 run=52 seed=2872581883 time=18.408s reward=0.994599 train_r2=0.999971 test_r2=0.999956 complexity=33 evals=2000005
          Nguyen-7 run=79 seed=23958531 time=0.469s reward=1.000000 train_r2=1.000000 test_r2=1.000000 complexity=10 evals=67980
          Nguyen-1 run=80 seed=3823501306 time=0.019s reward=1.000000 train_r2=1.000000 test_r2=1.000000 complexity=9 evals=3435
         Nguyen-10 run=79 seed=23958531 time=0.419s reward=1.000000 train_r2=1.000000 test_r2=1.000000 complexity=6 evals=69054
          Nguyen-2 run=80 seed=3823501306 time=0.119s reward=1.000000 train_r2=1.000000 test_r2=1.000000 complexity=10 evals=19734
          Nguyen-6 run=78 seed=1820974996 time=1.290s reward=1.000000 train_r2=1.000000 test_r2=1.000000 complexity=9 evals=184964
          Nguyen-6 run=80 seed=3823501306 time=0.144s reward=1.000000 train_r2=1.000000 test_r2=1.000000 complexity=9 evals=25688
          Nguyen-5 run=80 seed=3823501306 time=0.179s reward=1.000000 train_r2=1.000000 test_r2=1.000000 complexity=9 evals=28186
          Nguyen-8 run=80 seed=3823501306 time=0.099s reward=1.000000 train_r2=1.000000 test_r2=1.000000 complexity=3 evals=17005
          Nguyen-7 run=80 seed=3823501306 time=0.318s reward=1.000000 train_r2=1.000000 test_r2=1.000000 complexity=11 evals=52295
          Nguyen-3 run=80 seed=3823501306 time=0.875s reward=1.000000 train_r2=1.000000 test_r2=1.000000 complexity=14 evals=126460
          Nguyen-4 run=80 seed=3823501306 time=0.838s reward=1.000000 train_r2=1.000000 test_r2=1.000000 complexity=13 evals=120535
          Nguyen-9 run=80 seed=3823501306 time=0.515s reward=1.000000 train_r2=1.000000 test_r2=1.000000 complexity=7 evals=75530
         Nguyen-11 run=80 seed=3823501306 time=0.102s reward=1.000000 train_r2=1.000000 test_r2=1.000000 complexity=5 evals=20141
          Nguyen-2 run=81 seed=2654901646 time=0.034s reward=1.000000 train_r2=1.000000 test_r2=1.000000 complexity=12 evals=6623
          Nguyen-5 run=79 seed=23958531 time=1.717s reward=1.000000 train_r2=1.000000 test_r2=1.000000 complexity=9 evals=229946
          Nguyen-1 run=81 seed=2654901646 time=0.169s reward=1.000000 train_r2=1.000000 test_r2=1.000000 complexity=8 evals=27001
          Nguyen-3 run=78 seed=1820974996 time=2.695s reward=1.000000 train_r2=1.000000 test_r2=1.000000 complexity=15 evals=322325
        Nguyen-12* run=54 seed=1287263512 time=17.984s reward=0.999434 train_r2=1.000000 test_r2=0.999999 complexity=19 evals=2000003
          Nguyen-6 run=81 seed=2654901646 time=0.102s reward=1.000000 train_r2=1.000000 test_r2=1.000000 complexity=9 evals=17558
          Nguyen-7 run=81 seed=2654901646 time=0.094s reward=1.000000 train_r2=1.000000 test_r2=1.000000 complexity=11 evals=15389
         Nguyen-10 run=80 seed=3823501306 time=0.829s reward=1.000000 train_r2=1.000000 test_r2=1.000000 complexity=6 evals=134094
          Nguyen-8 run=81 seed=2654901646 time=0.088s reward=1.000000 train_r2=1.000000 test_r2=1.000000 complexity=3 evals=14776
          Nguyen-9 run=81 seed=2654901646 time=0.039s reward=1.000000 train_r2=1.000000 test_r2=1.000000 complexity=7 evals=5127
         Nguyen-11 run=81 seed=2654901646 time=0.042s reward=1.000000 train_r2=1.000000 test_r2=1.000000 complexity=5 evals=7796
          Nguyen-1 run=82 seed=3259510512 time=0.100s reward=1.000000 train_r2=1.000000 test_r2=1.000000 complexity=9 evals=16595
         Nguyen-10 run=81 seed=2654901646 time=0.311s reward=1.000000 train_r2=1.000000 test_r2=1.000000 complexity=6 evals=53679
          Nguyen-3 run=81 seed=2654901646 time=0.819s reward=1.000000 train_r2=1.000000 test_r2=1.000000 complexity=14 evals=122807
          Nguyen-4 run=61 seed=2621623777 time=13.681s reward=1.000000 train_r2=1.000000 test_r2=1.000000 complexity=13 evals=1396237
          Nguyen-2 run=82 seed=3259510512 time=0.228s reward=1.000000 train_r2=1.000000 test_r2=1.000000 complexity=10 evals=35395
          Nguyen-5 run=81 seed=2654901646 time=0.852s reward=1.000000 train_r2=1.000000 test_r2=1.000000 complexity=9 evals=115925
          Nguyen-4 run=81 seed=2654901646 time=1.053s reward=1.000000 train_r2=1.000000 test_r2=1.000000 complexity=16 evals=145898
          Nguyen-3 run=82 seed=3259510512 time=0.390s reward=1.000000 train_r2=1.000000 test_r2=1.000000 complexity=16 evals=61846
          Nguyen-6 run=82 seed=3259510512 time=0.286s reward=1.000000 train_r2=1.000000 test_r2=1.000000 complexity=9 evals=43447
          Nguyen-5 run=82 seed=3259510512 time=0.368s reward=1.000000 train_r2=1.000000 test_r2=1.000000 complexity=9 evals=54014
         Nguyen-11 run=82 seed=3259510512 time=0.024s reward=1.000000 train_r2=1.000000 test_r2=1.000000 complexity=5 evals=4859
          Nguyen-9 run=82 seed=3259510512 time=0.104s reward=1.000000 train_r2=1.000000 test_r2=1.000000 complexity=7 evals=20391
          Nguyen-1 run=83 seed=950346302 time=0.043s reward=1.000000 train_r2=1.000000 test_r2=1.000000 complexity=8 evals=7912
        Nguyen-12* run=55 seed=1830868652 time=18.313s reward=0.999565 train_r2=1.000000 test_r2=0.999977 complexity=26 evals=2000003
          Nguyen-2 run=83 seed=950346302 time=0.155s reward=1.000000 train_r2=1.000000 test_r2=1.000000 complexity=12 evals=26790
          Nguyen-4 run=82 seed=3259510512 time=0.770s reward=1.000000 train_r2=1.000000 test_r2=1.000000 complexity=13 evals=112107
          Nguyen-3 run=83 seed=950346302 time=0.329s reward=1.000000 train_r2=1.000000 test_r2=1.000000 complexity=14 evals=49923
          Nguyen-6 run=83 seed=950346302 time=0.060s reward=1.000000 train_r2=1.000000 test_r2=1.000000 complexity=9 evals=11437
          Nguyen-5 run=83 seed=950346302 time=0.193s reward=1.000000 train_r2=1.000000 test_r2=1.000000 complexity=9 evals=31307
          Nguyen-4 run=83 seed=950346302 time=0.342s reward=1.000000 train_r2=1.000000 test_r2=1.000000 complexity=13 evals=56125
          Nguyen-4 run=79 seed=23958531 time=3.675s reward=1.000000 train_r2=1.000000 test_r2=1.000000 complexity=17 evals=418528
          Nguyen-7 run=82 seed=3259510512 time=0.922s reward=1.000000 train_r2=1.000000 test_r2=1.000000 complexity=11 evals=126776
         Nguyen-11 run=83 seed=950346302 time=0.026s reward=1.000000 train_r2=1.000000 test_r2=1.000000 complexity=5 evals=5137
          Nguyen-9 run=83 seed=950346302 time=0.341s reward=1.000000 train_r2=1.000000 test_r2=1.000000 complexity=7 evals=60493
          Nguyen-1 run=84 seed=1436364170 time=0.032s reward=1.000000 train_r2=1.000000 test_r2=1.000000 complexity=8 evals=6230
         Nguyen-10 run=83 seed=950346302 time=0.432s reward=1.000000 train_r2=1.000000 test_r2=1.000000 complexity=6 evals=65928
         Nguyen-10 run=78 seed=1820974996 time=4.385s reward=1.000000 train_r2=1.000000 test_r2=1.000000 complexity=6 evals=516488
          Nguyen-2 run=84 seed=1436364170 time=0.145s reward=1.000000 train_r2=1.000000 test_r2=1.000000 complexity=12 evals=25773
          Nguyen-5 run=84 seed=1436364170 time=0.188s reward=1.000000 train_r2=1.000000 test_r2=1.000000 complexity=9 evals=32421
          Nguyen-3 run=84 seed=1436364170 time=0.287s reward=1.000000 train_r2=1.000000 test_r2=1.000000 complexity=14 evals=45081
        Nguyen-12* run=63 seed=2643969318 time=13.152s reward=1.000000 train_r2=1.000000 test_r2=1.000000 complexity=17 evals=1527716
        Nguyen-12* run=56 seed=3383119910 time=18.577s reward=0.999416 train_r2=1.000000 test_r2=1.000000 complexity=17 evals=2000005
         Nguyen-10 run=82 seed=3259510512 time=1.519s reward=1.000000 train_r2=1.000000 test_r2=1.000000 complexity=6 evals=188566
          Nguyen-9 run=84 seed=1436364170 time=0.060s reward=1.000000 train_r2=1.000000 test_r2=1.000000 complexity=7 evals=11071
          Nguyen-8 run=84 seed=1436364170 time=0.101s reward=1.000000 train_r2=1.000000 test_r2=1.000000 complexity=3 evals=18236
         Nguyen-11 run=84 seed=1436364170 time=0.011s reward=1.000000 train_r2=1.000000 test_r2=1.000000 complexity=5 evals=2201
          Nguyen-6 run=84 seed=1436364170 time=0.149s reward=1.000000 train_r2=1.000000 test_r2=1.000000 complexity=9 evals=26640
          Nguyen-1 run=85 seed=1570424568 time=0.083s reward=1.000000 train_r2=1.000000 test_r2=1.000000 complexity=9 evals=14462
          Nguyen-2 run=85 seed=1570424568 time=0.085s reward=1.000000 train_r2=1.000000 test_r2=1.000000 complexity=10 evals=15279
          Nguyen-7 run=83 seed=950346302 time=1.116s reward=1.000000 train_r2=1.000000 test_r2=1.000000 complexity=10 evals=141455
          Nguyen-7 run=84 seed=1436364170 time=0.281s reward=1.000000 train_r2=1.000000 test_r2=1.000000 complexity=10 evals=44325
         Nguyen-10 run=84 seed=1436364170 time=0.367s reward=1.000000 train_r2=1.000000 test_r2=1.000000 complexity=6 evals=54951
          Nguyen-7 run=85 seed=1570424568 time=0.112s reward=1.000000 train_r2=1.000000 test_r2=1.000000 complexity=10 evals=17488
        Nguyen-12* run=79 seed=23958531 time=4.403s reward=1.000000 train_r2=1.000000 test_r2=1.000000 complexity=14 evals=563729
        Nguyen-12* run=57 seed=646788872 time=18.689s reward=0.999291 train_r2=0.999999 test_r2=1.000000 complexity=18 evals=2000006
          Nguyen-3 run=85 seed=1570424568 time=0.452s reward=1.000000 train_r2=1.000000 test_r2=1.000000 complexity=14 evals=65474
          Nguyen-6 run=85 seed=1570424568 time=0.384s reward=1.000000 train_r2=1.000000 test_r2=1.000000 complexity=9 evals=60598
         Nguyen-11 run=85 seed=1570424568 time=0.010s reward=1.000000 train_r2=1.000000 test_r2=1.000000 complexity=5 evals=2022
          Nguyen-1 run=86 seed=4035782163 time=0.030s reward=1.000000 train_r2=1.000000 test_r2=1.000000 complexity=8 evals=5552
          Nguyen-4 run=85 seed=1570424568 time=0.546s reward=1.000000 train_r2=1.000000 test_r2=1.000000 complexity=13 evals=82273
          Nguyen-9 run=85 seed=1570424568 time=0.267s reward=1.000000 train_r2=1.000000 test_r2=1.000000 complexity=7 evals=44066
          Nguyen-8 run=83 seed=950346302 time=1.741s reward=1.000000 train_r2=1.000000 test_r2=1.000000 complexity=3 evals=247912
          Nguyen-2 run=86 seed=4035782163 time=0.213s reward=1.000000 train_r2=1.000000 test_r2=1.000000 complexity=10 evals=33667
          Nguyen-3 run=86 seed=4035782163 time=0.303s reward=1.000000 train_r2=1.000000 test_r2=1.000000 complexity=14 evals=49867
        Nguyen-12* run=58 seed=3169893663 time=17.875s reward=0.999121 train_r2=0.999999 test_r2=0.999998 complexity=29 evals=2000004
          Nguyen-8 run=86 seed=4035782163 time=0.029s reward=1.000000 train_r2=1.000000 test_r2=1.000000 complexity=3 evals=5141
          Nguyen-6 run=86 seed=4035782163 time=0.211s reward=1.000000 train_r2=1.000000 test_r2=1.000000 complexity=9 evals=33661
          Nguyen-5 run=86 seed=4035782163 time=0.339s reward=1.000000 train_r2=1.000000 test_r2=1.000000 complexity=9 evals=53776
         Nguyen-10 run=86 seed=4035782163 time=0.053s reward=1.000000 train_r2=1.000000 test_r2=1.000000 complexity=6 evals=10216
         Nguyen-11 run=86 seed=4035782163 time=0.026s reward=1.000000 train_r2=1.000000 test_r2=1.000000 complexity=5 evals=5297
          Nguyen-9 run=86 seed=4035782163 time=0.174s reward=1.000000 train_r2=1.000000 test_r2=1.000000 complexity=7 evals=29883
          Nguyen-1 run=87 seed=2538244260 time=0.086s reward=1.000000 train_r2=1.000000 test_r2=1.000000 complexity=9 evals=15414
          Nguyen-4 run=84 seed=1436364170 time=1.741s reward=1.000000 train_r2=1.000000 test_r2=1.000000 complexity=13 evals=216900
          Nguyen-7 run=86 seed=4035782163 time=0.415s reward=1.000000 train_r2=1.000000 test_r2=1.000000 complexity=10 evals=65235
         Nguyen-10 run=85 seed=1570424568 time=0.894s reward=1.000000 train_r2=1.000000 test_r2=1.000000 complexity=6 evals=119739
          Nguyen-3 run=87 seed=2538244260 time=0.132s reward=1.000000 train_r2=1.000000 test_r2=1.000000 complexity=14 evals=22900
          Nguyen-2 run=87 seed=2538244260 time=0.219s reward=1.000000 train_r2=1.000000 test_r2=1.000000 complexity=10 evals=34546
          Nguyen-8 run=85 seed=1570424568 time=1.020s reward=1.000000 train_r2=1.000000 test_r2=1.000000 complexity=3 evals=149245
          Nguyen-9 run=87 seed=2538244260 time=0.030s reward=1.000000 train_r2=1.000000 test_r2=1.000000 complexity=7 evals=5738
          Nguyen-6 run=87 seed=2538244260 time=0.087s reward=1.000000 train_r2=1.000000 test_r2=1.000000 complexity=9 evals=13156
         Nguyen-11 run=87 seed=2538244260 time=0.021s reward=1.000000 train_r2=1.000000 test_r2=1.000000 complexity=5 evals=3634
          Nguyen-4 run=86 seed=4035782163 time=0.848s reward=1.000000 train_r2=1.000000 test_r2=1.000000 complexity=13 evals=110899
          Nguyen-1 run=88 seed=741423123 time=0.041s reward=1.000000 train_r2=1.000000 test_r2=1.000000 complexity=8 evals=7354
          Nguyen-7 run=87 seed=2538244260 time=0.210s reward=1.000000 train_r2=1.000000 test_r2=1.000000 complexity=11 evals=34717
          Nguyen-5 run=87 seed=2538244260 time=0.336s reward=1.000000 train_r2=1.000000 test_r2=1.000000 complexity=9 evals=53585
          Nguyen-2 run=88 seed=741423123 time=0.523s reward=1.000000 train_r2=1.000000 test_r2=1.000000 complexity=10 evals=73527
          Nguyen-5 run=85 seed=1570424568 time=2.059s reward=1.000000 train_r2=1.000000 test_r2=1.000000 complexity=9 evals=246553
          Nguyen-3 run=88 seed=741423123 time=0.597s reward=1.000000 train_r2=1.000000 test_r2=1.000000 complexity=16 evals=89314
        Nguyen-12* run=60 seed=1881455519 time=18.234s reward=0.999303 train_r2=1.000000 test_r2=0.999999 complexity=17 evals=2000001
          Nguyen-5 run=88 seed=741423123 time=0.304s reward=1.000000 train_r2=1.000000 test_r2=1.000000 complexity=9 evals=43560
          Nguyen-8 run=87 seed=2538244260 time=1.070s reward=1.000000 train_r2=1.000000 test_r2=1.000000 complexity=3 evals=152239
          Nguyen-8 run=88 seed=741423123 time=0.194s reward=1.000000 train_r2=1.000000 test_r2=1.000000 complexity=5 evals=31903
         Nguyen-11 run=88 seed=741423123 time=0.009s reward=1.000000 train_r2=1.000000 test_r2=1.000000 complexity=5 evals=1768
          Nguyen-6 run=88 seed=741423123 time=0.449s reward=1.000000 train_r2=1.000000 test_r2=1.000000 complexity=9 evals=66794
          Nguyen-1 run=89 seed=4203616987 time=0.074s reward=1.000000 train_r2=1.000000 test_r2=1.000000 complexity=8 evals=12092
          Nguyen-9 run=88 seed=741423123 time=0.259s reward=1.000000 train_r2=1.000000 test_r2=1.000000 complexity=7 evals=41659
        Nguyen-12* run=62 seed=4135381994 time=17.175s reward=0.998657 train_r2=0.999998 test_r2=0.999996 complexity=17 evals=2000002
        Nguyen-12* run=64 seed=2172690349 time=15.847s reward=0.999280 train_r2=0.999999 test_r2=0.999997 complexity=22 evals=2000001
          Nguyen-7 run=88 seed=741423123 time=0.959s reward=1.000000 train_r2=1.000000 test_r2=1.000000 complexity=11 evals=139691
          Nguyen-3 run=89 seed=4203616987 time=0.493s reward=1.000000 train_r2=1.000000 test_r2=1.000000 complexity=14 evals=71260
          Nguyen-6 run=89 seed=4203616987 time=0.038s reward=1.000000 train_r2=1.000000 test_r2=1.000000 complexity=9 evals=6980
          Nguyen-8 run=89 seed=4203616987 time=0.067s reward=1.000000 train_r2=1.000000 test_r2=1.000000 complexity=3 evals=11838
          Nguyen-7 run=89 seed=4203616987 time=0.111s reward=1.000000 train_r2=1.000000 test_r2=1.000000 complexity=11 evals=17749
          Nguyen-9 run=89 seed=4203616987 time=0.046s reward=1.000000 train_r2=1.000000 test_r2=1.000000 complexity=7 evals=9142
         Nguyen-10 run=88 seed=741423123 time=0.894s reward=1.000000 train_r2=1.000000 test_r2=1.000000 complexity=6 evals=126546
         Nguyen-11 run=89 seed=4203616987 time=0.083s reward=1.000000 train_r2=1.000000 test_r2=1.000000 complexity=5 evals=16749
          Nguyen-2 run=89 seed=4203616987 time=0.796s reward=1.000000 train_r2=1.000000 test_r2=1.000000 complexity=12 evals=109664
          Nguyen-1 run=90 seed=1451685539 time=0.060s reward=1.000000 train_r2=1.000000 test_r2=1.000000 complexity=9 evals=10942
          Nguyen-4 run=88 seed=741423123 time=1.908s reward=1.000000 train_r2=1.000000 test_r2=1.000000 complexity=14 evals=251903
          Nguyen-5 run=89 seed=4203616987 time=0.452s reward=1.000000 train_r2=1.000000 test_r2=1.000000 complexity=9 evals=67617
          Nguyen-2 run=90 seed=1451685539 time=0.162s reward=1.000000 train_r2=1.000000 test_r2=1.000000 complexity=10 evals=25927
          Nguyen-6 run=90 seed=1451685539 time=0.018s reward=1.000000 train_r2=1.000000 test_r2=1.000000 complexity=9 evals=3506
         Nguyen-10 run=89 seed=4203616987 time=0.393s reward=1.000000 train_r2=1.000000 test_r2=1.000000 complexity=6 evals=62115
          Nguyen-3 run=90 seed=1451685539 time=0.257s reward=1.000000 train_r2=1.000000 test_r2=1.000000 complexity=14 evals=42657
          Nguyen-4 run=90 seed=1451685539 time=0.236s reward=1.000000 train_r2=1.000000 test_r2=1.000000 complexity=13 evals=39879
          Nguyen-7 run=90 seed=1451685539 time=0.136s reward=1.000000 train_r2=1.000000 test_r2=1.000000 complexity=11 evals=21812
         Nguyen-11 run=90 seed=1451685539 time=0.020s reward=1.000000 train_r2=1.000000 test_r2=1.000000 complexity=5 evals=4101
          Nguyen-9 run=90 seed=1451685539 time=0.089s reward=1.000000 train_r2=1.000000 test_r2=1.000000 complexity=7 evals=16760
          Nguyen-1 run=91 seed=3089837783 time=0.069s reward=1.000000 train_r2=1.000000 test_r2=1.000000 complexity=8 evals=12511
         Nguyen-10 run=87 seed=2538244260 time=2.483s reward=1.000000 train_r2=1.000000 test_r2=1.000000 complexity=6 evals=309837
          Nguyen-8 run=90 seed=1451685539 time=0.260s reward=1.000000 train_r2=1.000000 test_r2=1.000000 complexity=3 evals=38385
          Nguyen-2 run=91 seed=3089837783 time=0.260s reward=1.000000 train_r2=1.000000 test_r2=1.000000 complexity=10 evals=42807
          Nguyen-3 run=91 seed=3089837783 time=0.314s reward=1.000000 train_r2=1.000000 test_r2=1.000000 complexity=14 evals=49583
          Nguyen-4 run=89 seed=4203616987 time=1.547s reward=1.000000 train_r2=1.000000 test_r2=1.000000 complexity=17 evals=195865
          Nguyen-6 run=91 seed=3089837783 time=0.109s reward=1.000000 train_r2=1.000000 test_r2=1.000000 complexity=9 evals=18591
          Nguyen-5 run=90 seed=1451685539 time=0.837s reward=1.000000 train_r2=1.000000 test_r2=1.000000 complexity=9 evals=119836
          Nguyen-8 run=91 seed=3089837783 time=0.051s reward=1.000000 train_r2=1.000000 test_r2=1.000000 complexity=3 evals=9072
          Nguyen-9 run=91 seed=3089837783 time=0.270s reward=1.000000 train_r2=1.000000 test_r2=1.000000 complexity=7 evals=48849
         Nguyen-10 run=91 seed=3089837783 time=0.251s reward=1.000000 train_r2=1.000000 test_r2=1.000000 complexity=6 evals=40088
         Nguyen-11 run=91 seed=3089837783 time=0.005s reward=1.000000 train_r2=1.000000 test_r2=1.000000 complexity=5 evals=1157
          Nguyen-4 run=91 seed=3089837783 time=0.802s reward=1.000000 train_r2=1.000000 test_r2=1.000000 complexity=17 evals=108771
          Nguyen-1 run=92 seed=2706151228 time=0.101s reward=1.000000 train_r2=1.000000 test_r2=1.000000 complexity=8 evals=17415
          Nguyen-7 run=91 seed=3089837783 time=0.463s reward=1.000000 train_r2=1.000000 test_r2=1.000000 complexity=10 evals=66864
          Nguyen-3 run=92 seed=2706151228 time=0.496s reward=1.000000 train_r2=1.000000 test_r2=1.000000 complexity=14 evals=78055
          Nguyen-2 run=92 seed=2706151228 time=0.763s reward=1.000000 train_r2=1.000000 test_r2=1.000000 complexity=12 evals=104525
          Nguyen-4 run=92 seed=2706151228 time=0.724s reward=1.000000 train_r2=1.000000 test_r2=1.000000 complexity=17 evals=99413
         Nguyen-10 run=90 seed=1451685539 time=1.973s reward=1.000000 train_r2=1.000000 test_r2=1.000000 complexity=6 evals=264055
          Nguyen-8 run=92 seed=2706151228 time=0.009s reward=1.000000 train_r2=1.000000 test_r2=1.000000 complexity=3 evals=1542
          Nguyen-6 run=92 seed=2706151228 time=0.188s reward=1.000000 train_r2=1.000000 test_r2=1.000000 complexity=9 evals=29890
          Nguyen-5 run=91 seed=3089837783 time=1.724s reward=1.000000 train_r2=1.000000 test_r2=1.000000 complexity=9 evals=225115
         Nguyen-11 run=92 seed=2706151228 time=0.015s reward=1.000000 train_r2=1.000000 test_r2=1.000000 complexity=5 evals=2961
          Nguyen-7 run=92 seed=2706151228 time=0.351s reward=1.000000 train_r2=1.000000 test_r2=1.000000 complexity=10 evals=52166
          Nguyen-1 run=93 seed=2970813244 time=0.036s reward=1.000000 train_r2=1.000000 test_r2=1.000000 complexity=9 evals=6606
          Nguyen-9 run=92 seed=2706151228 time=0.342s reward=1.000000 train_r2=1.000000 test_r2=1.000000 complexity=7 evals=60056
          Nguyen-4 run=78 seed=1820974996 time=11.600s reward=1.000000 train_r2=1.000000 test_r2=1.000000 complexity=17 evals=1209135
         Nguyen-10 run=92 seed=2706151228 time=0.351s reward=1.000000 train_r2=1.000000 test_r2=1.000000 complexity=6 evals=53036
          Nguyen-2 run=93 seed=2970813244 time=0.187s reward=1.000000 train_r2=1.000000 test_r2=1.000000 complexity=10 evals=28936
          Nguyen-6 run=93 seed=2970813244 time=0.042s reward=1.000000 train_r2=1.000000 test_r2=1.000000 complexity=9 evals=7707
          Nguyen-5 run=93 seed=2970813244 time=0.121s reward=1.000000 train_r2=1.000000 test_r2=1.000000 complexity=9 evals=19498
          Nguyen-8 run=93 seed=2970813244 time=0.113s reward=1.000000 train_r2=1.000000 test_r2=1.000000 complexity=3 evals=18986
        Nguyen-12* run=66 seed=2701542408 time=17.359s reward=0.998481 train_r2=0.999998 test_r2=0.999997 complexity=17 evals=2000003
        Nguyen-12* run=67 seed=3905278380 time=17.289s reward=0.998750 train_r2=0.999998 test_r2=0.999999 complexity=19 evals=2000000
         Nguyen-10 run=93 seed=2970813244 time=0.036s reward=1.000000 train_r2=1.000000 test_r2=1.000000 complexity=6 evals=6950
          Nguyen-7 run=93 seed=2970813244 time=0.204s reward=1.000000 train_r2=1.000000 test_r2=1.000000 complexity=10 evals=31366
          Nguyen-9 run=93 seed=2970813244 time=0.056s reward=1.000000 train_r2=1.000000 test_r2=1.000000 complexity=7 evals=10520
         Nguyen-11 run=93 seed=2970813244 time=0.021s reward=1.000000 train_r2=1.000000 test_r2=1.000000 complexity=5 evals=4291
          Nguyen-1 run=94 seed=172779871 time=0.066s reward=1.000000 train_r2=1.000000 test_r2=1.000000 complexity=9 evals=11411
          Nguyen-3 run=94 seed=172779871 time=0.136s reward=1.000000 train_r2=1.000000 test_r2=1.000000 complexity=14 evals=22747
          Nguyen-3 run=93 seed=2970813244 time=0.581s reward=1.000000 train_r2=1.000000 test_r2=1.000000 complexity=14 evals=91287
          Nguyen-2 run=94 seed=172779871 time=0.324s reward=1.000000 train_r2=1.000000 test_r2=1.000000 complexity=12 evals=48922
          Nguyen-6 run=94 seed=172779871 time=0.179s reward=1.000000 train_r2=1.000000 test_r2=1.000000 complexity=9 evals=31241
          Nguyen-8 run=94 seed=172779871 time=0.063s reward=1.000000 train_r2=1.000000 test_r2=1.000000 complexity=3 evals=11482
          Nguyen-4 run=87 seed=2538244260 time=5.920s reward=1.000000 train_r2=1.000000 test_r2=1.000000 complexity=13 evals=642749
          Nguyen-5 run=94 seed=172779871 time=0.365s reward=1.000000 train_r2=1.000000 test_r2=1.000000 complexity=9 evals=54234
         Nguyen-11 run=94 seed=172779871 time=0.039s reward=1.000000 train_r2=1.000000 test_r2=1.000000 complexity=5 evals=7724
          Nguyen-9 run=94 seed=172779871 time=0.184s reward=1.000000 train_r2=1.000000 test_r2=1.000000 complexity=7 evals=34203
          Nguyen-4 run=94 seed=172779871 time=0.618s reward=1.000000 train_r2=1.000000 test_r2=1.000000 complexity=14 evals=86789
          Nguyen-1 run=95 seed=2754163514 time=0.022s reward=1.000000 train_r2=1.000000 test_r2=1.000000 complexity=9 evals=4262
         Nguyen-10 run=94 seed=172779871 time=0.200s reward=1.000000 train_r2=1.000000 test_r2=1.000000 complexity=6 evals=33962
          Nguyen-5 run=92 seed=2706151228 time=2.022s reward=1.000000 train_r2=1.000000 test_r2=1.000000 complexity=9 evals=266764
          Nguyen-7 run=94 seed=172779871 time=0.573s reward=1.000000 train_r2=1.000000 test_r2=1.000000 complexity=10 evals=80159
          Nguyen-3 run=95 seed=2754163514 time=0.335s reward=1.000000 train_r2=1.000000 test_r2=1.000000 complexity=14 evals=54324
        Nguyen-12* run=69 seed=864589219 time=17.207s reward=0.999627 train_r2=1.000000 test_r2=0.999995 complexity=28 evals=2000002
          Nguyen-2 run=95 seed=2754163514 time=0.400s reward=1.000000 train_r2=1.000000 test_r2=1.000000 complexity=12 evals=58797
          Nguyen-8 run=95 seed=2754163514 time=0.072s reward=1.000000 train_r2=1.000000 test_r2=1.000000 complexity=3 evals=12955
          Nguyen-6 run=95 seed=2754163514 time=0.250s reward=1.000000 train_r2=1.000000 test_r2=1.000000 complexity=9 evals=38719
         Nguyen-11 run=95 seed=2754163514 time=0.008s reward=1.000000 train_r2=1.000000 test_r2=1.000000 complexity=5 evals=1632
          Nguyen-9 run=95 seed=2754163514 time=0.102s reward=1.000000 train_r2=1.000000 test_r2=1.000000 complexity=7 evals=18264
          Nguyen-1 run=96 seed=3294841411 time=0.018s reward=1.000000 train_r2=1.000000 test_r2=1.000000 complexity=9 evals=3192
          Nguyen-2 run=96 seed=3294841411 time=0.099s reward=1.000000 train_r2=1.000000 test_r2=1.000000 complexity=12 evals=16467
         Nguyen-10 run=95 seed=2754163514 time=0.230s reward=1.000000 train_r2=1.000000 test_r2=1.000000 complexity=6 evals=40711
        Nguyen-12* run=68 seed=2580222673 time=18.462s reward=0.999293 train_r2=0.999999 test_r2=1.000000 complexity=21 evals=2000003
          Nguyen-7 run=95 seed=2754163514 time=0.550s reward=1.000000 train_r2=1.000000 test_r2=1.000000 complexity=10 evals=85796
          Nguyen-5 run=95 seed=2754163514 time=0.767s reward=1.000000 train_r2=1.000000 test_r2=1.000000 complexity=9 evals=106684
          Nguyen-3 run=96 seed=3294841411 time=0.273s reward=1.000000 train_r2=1.000000 test_r2=1.000000 complexity=14 evals=42392
          Nguyen-6 run=96 seed=3294841411 time=0.064s reward=1.000000 train_r2=1.000000 test_r2=1.000000 complexity=9 evals=12002
          Nguyen-5 run=96 seed=3294841411 time=0.092s reward=1.000000 train_r2=1.000000 test_r2=1.000000 complexity=9 evals=15803
          Nguyen-4 run=96 seed=3294841411 time=0.506s reward=1.000000 train_r2=1.000000 test_r2=1.000000 complexity=16 evals=76319
          Nguyen-9 run=96 seed=3294841411 time=0.209s reward=1.000000 train_r2=1.000000 test_r2=1.000000 complexity=7 evals=37060
         Nguyen-11 run=96 seed=3294841411 time=0.080s reward=1.000000 train_r2=1.000000 test_r2=1.000000 complexity=5 evals=10346
          Nguyen-8 run=96 seed=3294841411 time=0.350s reward=1.000000 train_r2=1.000000 test_r2=1.000000 complexity=3 evals=55384
          Nguyen-1 run=97 seed=3184510963 time=0.064s reward=1.000000 train_r2=1.000000 test_r2=1.000000 complexity=8 evals=11772
        Nguyen-12* run=93 seed=2970813244 time=2.131s reward=1.000000 train_r2=1.000000 test_r2=1.000000 complexity=17 evals=265437
          Nguyen-2 run=97 seed=3184510963 time=0.280s reward=1.000000 train_r2=1.000000 test_r2=1.000000 complexity=10 evals=43279
          Nguyen-3 run=97 seed=3184510963 time=0.338s reward=1.000000 train_r2=1.000000 test_r2=1.000000 complexity=16 evals=52849
          Nguyen-6 run=97 seed=3184510963 time=0.145s reward=1.000000 train_r2=1.000000 test_r2=1.000000 complexity=9 evals=24413
          Nguyen-5 run=97 seed=3184510963 time=0.300s reward=1.000000 train_r2=1.000000 test_r2=1.000000 complexity=9 evals=44109
          Nguyen-7 run=96 seed=3294841411 time=1.138s reward=1.000000 train_r2=1.000000 test_r2=1.000000 complexity=10 evals=165791
          Nguyen-8 run=97 seed=3184510963 time=0.143s reward=1.000000 train_r2=1.000000 test_r2=1.000000 complexity=3 evals=26092
          Nguyen-4 run=97 seed=3184510963 time=0.719s reward=1.000000 train_r2=1.000000 test_r2=1.000000 complexity=13 evals=98731
         Nguyen-10 run=96 seed=3294841411 time=1.133s reward=1.000000 train_r2=1.000000 test_r2=1.000000 complexity=6 evals=153246
          Nguyen-7 run=97 seed=3184510963 time=0.265s reward=1.000000 train_r2=1.000000 test_r2=1.000000 complexity=11 evals=41247
         Nguyen-11 run=97 seed=3184510963 time=0.030s reward=1.000000 train_r2=1.000000 test_r2=1.000000 complexity=5 evals=5977
          Nguyen-9 run=97 seed=3184510963 time=0.106s reward=1.000000 train_r2=1.000000 test_r2=1.000000 complexity=7 evals=20654
          Nguyen-1 run=98 seed=1468460158 time=0.021s reward=1.000000 train_r2=1.000000 test_r2=1.000000 complexity=9 evals=3888
         Nguyen-10 run=97 seed=3184510963 time=0.145s reward=1.000000 train_r2=1.000000 test_r2=1.000000 complexity=6 evals=25002
          Nguyen-2 run=98 seed=1468460158 time=0.068s reward=1.000000 train_r2=1.000000 test_r2=1.000000 complexity=10 evals=12172
          Nguyen-5 run=98 seed=1468460158 time=0.052s reward=1.000000 train_r2=1.000000 test_r2=1.000000 complexity=9 evals=9672
          Nguyen-4 run=95 seed=2754163514 time=2.337s reward=1.000000 train_r2=1.000000 test_r2=1.000000 complexity=17 evals=276980
          Nguyen-6 run=98 seed=1468460158 time=0.166s reward=1.000000 train_r2=1.000000 test_r2=1.000000 complexity=9 evals=26910
        Nguyen-12* run=72 seed=2452680695 time=17.691s reward=0.998801 train_r2=0.999999 test_r2=0.999994 complexity=27 evals=2000006
        Nguyen-12* run=71 seed=1980462661 time=18.326s reward=0.998652 train_r2=0.999998 test_r2=0.999997 complexity=34 evals=2000004
          Nguyen-7 run=98 seed=1468460158 time=0.240s reward=1.000000 train_r2=1.000000 test_r2=1.000000 complexity=10 evals=36674
          Nguyen-9 run=98 seed=1468460158 time=0.123s reward=1.000000 train_r2=1.000000 test_r2=1.000000 complexity=7 evals=22267
         Nguyen-10 run=98 seed=1468460158 time=0.125s reward=1.000000 train_r2=1.000000 test_r2=1.000000 complexity=6 evals=23241
          Nguyen-3 run=98 seed=1468460158 time=0.409s reward=1.000000 train_r2=1.000000 test_r2=1.000000 complexity=14 evals=64664
          Nguyen-4 run=98 seed=1468460158 time=0.395s reward=1.000000 train_r2=1.000000 test_r2=1.000000 complexity=16 evals=55282
         Nguyen-11 run=98 seed=1468460158 time=0.072s reward=1.000000 train_r2=1.000000 test_r2=1.000000 complexity=5 evals=13709
          Nguyen-1 run=99 seed=972782567 time=0.105s reward=1.000000 train_r2=1.000000 test_r2=1.000000 complexity=8 evals=17700
wrote 100 rows to /root/bench_results/pcg-quantum/nguyen/nguyen_001_nguyen-1.csv
          Nguyen-6 run=99 seed=972782567 time=0.071s reward=1.000000 train_r2=1.000000 test_r2=1.000000 complexity=9 evals=11996
wrote 100 rows to /root/bench_results/pcg-quantum/nguyen/nguyen_006_nguyen-6.csv
          Nguyen-2 run=99 seed=972782567 time=0.262s reward=1.000000 train_r2=1.000000 test_r2=1.000000 complexity=10 evals=42969
wrote 100 rows to /root/bench_results/pcg-quantum/nguyen/nguyen_002_nguyen-2.csv
          Nguyen-4 run=99 seed=972782567 time=0.523s reward=1.000000 train_r2=1.000000 test_r2=1.000000 complexity=13 evals=77334
          Nguyen-3 run=99 seed=972782567 time=0.561s reward=1.000000 train_r2=1.000000 test_r2=1.000000 complexity=14 evals=87155
wrote 100 rows to /root/bench_results/pcg-quantum/nguyen/nguyen_003_nguyen-3.csv
          Nguyen-9 run=99 seed=972782567 time=0.065s reward=1.000000 train_r2=1.000000 test_r2=1.000000 complexity=7 evals=11327
wrote 100 rows to /root/bench_results/pcg-quantum/nguyen/nguyen_009_nguyen-9.csv
          Nguyen-7 run=99 seed=972782567 time=0.458s reward=1.000000 train_r2=1.000000 test_r2=1.000000 complexity=11 evals=64846
wrote 100 rows to /root/bench_results/pcg-quantum/nguyen/nguyen_007_nguyen-7.csv
        Nguyen-12* run=82 seed=3259510512 time=12.260s reward=1.000000 train_r2=1.000000 test_r2=1.000000 complexity=17 evals=1425673
         Nguyen-11 run=99 seed=972782567 time=0.094s reward=1.000000 train_r2=1.000000 test_r2=1.000000 complexity=5 evals=17192
wrote 100 rows to /root/bench_results/pcg-quantum/nguyen/nguyen_011_nguyen-11.csv
         Nguyen-10 run=99 seed=972782567 time=0.325s reward=1.000000 train_r2=1.000000 test_r2=1.000000 complexity=6 evals=56034
wrote 100 rows to /root/bench_results/pcg-quantum/nguyen/nguyen_010_nguyen-10.csv
        Nguyen-12* run=74 seed=4174106357 time=17.236s reward=0.999260 train_r2=0.999999 test_r2=0.999999 complexity=19 evals=2000004
          Nguyen-5 run=99 seed=972782567 time=0.941s reward=1.000000 train_r2=1.000000 test_r2=1.000000 complexity=9 evals=122749
wrote 100 rows to /root/bench_results/pcg-quantum/nguyen/nguyen_005_nguyen-5.csv
        Nguyen-12* run=73 seed=3630032764 time=18.636s reward=0.999886 train_r2=1.000000 test_r2=1.000000 complexity=26 evals=2000000
        Nguyen-12* run=77 seed=3765576040 time=16.746s reward=0.999144 train_r2=0.999999 test_r2=1.000000 complexity=21 evals=2000001
        Nguyen-12* run=94 seed=172779871 time=4.766s reward=1.000000 train_r2=1.000000 test_r2=1.000000 complexity=16 evals=606275
        Nguyen-12* run=75 seed=867240961 time=18.646s reward=0.998416 train_r2=0.999997 test_r2=0.999998 complexity=29 evals=2000002
        Nguyen-12* run=76 seed=1596437698 time=18.029s reward=0.998755 train_r2=0.999998 test_r2=0.999998 complexity=23 evals=2000001
        Nguyen-12* run=78 seed=1820974996 time=17.483s reward=0.998136 train_r2=0.999997 test_r2=0.999998 complexity=13 evals=2000004
        Nguyen-12* run=80 seed=3823501306 time=16.361s reward=0.998492 train_r2=0.999998 test_r2=0.999999 complexity=14 evals=2000003
          Nguyen-4 run=93 seed=2970813244 time=7.765s reward=1.000000 train_r2=1.000000 test_r2=1.000000 complexity=16 evals=836731
wrote 100 rows to /root/bench_results/pcg-quantum/nguyen/nguyen_004_nguyen-4.csv
          Nguyen-8 run=82 seed=3259510512 time=15.957s reward=1.000000 train_r2=1.000000 test_r2=1.000000 complexity=3 evals=1960311
        Nguyen-12* run=81 seed=2654901646 time=16.978s reward=0.999319 train_r2=1.000000 test_r2=1.000000 complexity=23 evals=2000003
          Nguyen-8 run=99 seed=972782567 time=4.765s reward=1.000000 train_r2=1.000000 test_r2=1.000000 complexity=3 evals=689519
          Nguyen-8 run=98 seed=1468460158 time=5.455s reward=1.000000 train_r2=1.000000 test_r2=1.000000 complexity=3 evals=824179
wrote 100 rows to /root/bench_results/pcg-quantum/nguyen/nguyen_008_nguyen-8.csv
        Nguyen-12* run=84 seed=1436364170 time=15.382s reward=0.999606 train_r2=1.000000 test_r2=1.000000 complexity=21 evals=2000006
        Nguyen-12* run=83 seed=950346302 time=17.778s reward=0.999483 train_r2=1.000000 test_r2=0.999998 complexity=28 evals=2000000
        Nguyen-12* run=85 seed=1570424568 time=16.407s reward=1.000000 train_r2=1.000000 test_r2=1.000000 complexity=17 evals=1996959
        Nguyen-12* run=87 seed=2538244260 time=15.787s reward=0.999341 train_r2=1.000000 test_r2=0.999999 complexity=22 evals=2000006
        Nguyen-12* run=86 seed=4035782163 time=16.649s reward=0.999354 train_r2=1.000000 test_r2=0.999999 complexity=24 evals=2000000
        Nguyen-12* run=89 seed=4203616987 time=14.308s reward=0.999372 train_r2=1.000000 test_r2=0.999998 complexity=16 evals=2000003
        Nguyen-12* run=96 seed=3294841411 time=9.439s reward=1.000000 train_r2=1.000000 test_r2=1.000000 complexity=17 evals=1597550
        Nguyen-12* run=88 seed=741423123 time=16.050s reward=0.999552 train_r2=1.000000 test_r2=0.999999 complexity=20 evals=2000003
        Nguyen-12* run=90 seed=1451685539 time=15.313s reward=0.999777 train_r2=1.000000 test_r2=1.000000 complexity=23 evals=2000003
        Nguyen-12* run=92 seed=2706151228 time=13.566s reward=0.999413 train_r2=1.000000 test_r2=0.999999 complexity=30 evals=2000006
        Nguyen-12* run=91 seed=3089837783 time=15.376s reward=0.999145 train_r2=0.999999 test_r2=0.999999 complexity=21 evals=2000001
        Nguyen-12* run=98 seed=1468460158 time=12.368s reward=0.998666 train_r2=0.999998 test_r2=0.999996 complexity=30 evals=2000004
        Nguyen-12* run=95 seed=2754163514 time=14.514s reward=0.999560 train_r2=1.000000 test_r2=0.999999 complexity=17 evals=2000003
        Nguyen-12* run=97 seed=3184510963 time=12.498s reward=0.999425 train_r2=1.000000 test_r2=1.000000 complexity=21 evals=2000009
        Nguyen-12* run=99 seed=972782567 time=12.372s reward=0.999522 train_r2=1.000000 test_r2=1.000000 complexity=21 evals=2000006
wrote 100 rows to /root/bench_results/pcg-quantum/nguyen/nguyen_012_nguyen-12.csv
total wall time : 74.3s
