benchmark group : Livermore
cases           : Livermore-1, Livermore-2, Livermore-3, Livermore-4, Livermore-5, Livermore-6, Livermore-7, Livermore-8, Livermore-9, Livermore-10, Livermore-11, Livermore-12, Livermore-13, Livermore-14, Livermore-15, Livermore-16, Livermore-17, Livermore-18, Livermore-19, Livermore-20, Livermore-21, Livermore-22
runs per case   : 100
seed_source     : quantum
ops             : +,-,*,/,sin,cos,exp,log,R
c               : 6.0
gamma           : 0.5
gp_rate         : 0.5
mutation_rate   : 0.1
exploration_rate: 0.1
sample_multiplier: 2.0
test_ratio      : 0.5
workers         : 32
output          : results_seed_bias/livermore_with_R/pcg-quantum/livermore
      Livermore-20 run=0  seed=723072574 time=0.009s reward=1.000000 train_r2=1.000000 test_r2=1.000000 complexity=6 evals=196
      Livermore-16 run=0  seed=723072574 time=0.051s reward=1.000000 train_r2=1.000000 test_r2=1.000000 complexity=3 evals=730
      Livermore-13 run=0  seed=723072574 time=0.057s reward=1.000000 train_r2=1.000000 test_r2=1.000000 complexity=5 evals=689
      Livermore-13 run=1  seed=971434279 time=0.016s reward=1.000000 train_r2=1.000000 test_r2=1.000000 complexity=5 evals=276
      Livermore-22 run=0  seed=723072574 time=0.067s reward=1.000000 train_r2=1.000000 test_r2=1.000000 complexity=6 evals=1191
       Livermore-7 run=0  seed=723072574 time=0.042s reward=1.000000 train_r2=1.000000 test_r2=1.000000 complexity=13 evals=813
      Livermore-17 run=0  seed=723072574 time=0.146s reward=1.000000 train_r2=1.000000 test_r2=1.000000 complexity=6 evals=2626
      Livermore-15 run=0  seed=723072574 time=0.015s reward=1.000000 train_r2=1.000000 test_r2=1.000000 complexity=14 evals=181
      Livermore-15 run=1  seed=971434279 time=0.139s reward=1.000000 train_r2=1.000000 test_r2=1.000000 complexity=5 evals=1872
      Livermore-16 run=1  seed=971434279 time=0.146s reward=1.000000 train_r2=1.000000 test_r2=1.000000 complexity=3 evals=1890
       Livermore-7 run=1  seed=971434279 time=0.326s reward=1.000000 train_r2=1.000000 test_r2=1.000000 complexity=4 evals=4626
       Livermore-1 run=0  seed=723072574 time=0.316s reward=1.000000 train_r2=1.000000 test_r2=1.000000 complexity=11 evals=250
      Livermore-20 run=1  seed=971434279 time=0.074s reward=1.000000 train_r2=1.000000 test_r2=1.000000 complexity=6 evals=1226
      Livermore-22 run=1  seed=971434279 time=0.003s reward=1.000000 train_r2=1.000000 test_r2=1.000000 complexity=6 evals=79
       Livermore-8 run=1  seed=971434279 time=0.413s reward=1.000000 train_r2=1.000000 test_r2=1.000000 complexity=23 evals=5041
      Livermore-10 run=0  seed=723072574 time=0.560s reward=1.000000 train_r2=1.000000 test_r2=1.000000 complexity=6 evals=8422
      Livermore-18 run=1  seed=971434279 time=0.320s reward=0.999999 train_r2=1.000000 test_r2=1.000000 complexity=11 evals=3713
      Livermore-10 run=1  seed=971434279 time=0.669s reward=1.000000 train_r2=1.000000 test_r2=1.000000 complexity=8 evals=9709
      Livermore-17 run=1  seed=971434279 time=0.585s reward=1.000000 train_r2=1.000000 test_r2=1.000000 complexity=12 evals=9414
       Livermore-6 run=1  seed=971434279 time=0.993s reward=1.000000 train_r2=1.000000 test_r2=1.000000 complexity=16 evals=11031
       Livermore-8 run=0  seed=723072574 time=1.003s reward=1.000000 train_r2=1.000000 test_r2=1.000000 complexity=13 evals=11460
      Livermore-18 run=0  seed=723072574 time=1.213s reward=0.999999 train_r2=1.000000 test_r2=1.000000 complexity=11 evals=11820
       Livermore-8 run=2  seed=3325160576 time=0.277s reward=1.000000 train_r2=1.000000 test_r2=1.000000 complexity=13 evals=3954
      Livermore-10 run=2  seed=3325160576 time=0.301s reward=1.000000 train_r2=1.000000 test_r2=1.000000 complexity=6 evals=5123
       Livermore-6 run=2  seed=3325160576 time=0.994s reward=1.000000 train_r2=1.000000 test_r2=1.000000 complexity=16 evals=10409
      Livermore-13 run=2  seed=3325160576 time=0.107s reward=1.000000 train_r2=1.000000 test_r2=1.000000 complexity=3 evals=1400
       Livermore-7 run=2  seed=3325160576 time=0.987s reward=1.000000 train_r2=1.000000 test_r2=1.000000 complexity=13 evals=12680
      Livermore-11 run=1  seed=971434279 time=1.808s reward=1.000000 train_r2=1.000000 test_r2=1.000000 complexity=24 evals=18820
      Livermore-16 run=2  seed=3325160576 time=0.056s reward=1.000000 train_r2=1.000000 test_r2=1.000000 complexity=5 evals=727
      Livermore-15 run=2  seed=3325160576 time=0.260s reward=1.000000 train_r2=1.000000 test_r2=1.000000 complexity=3 evals=2816
      Livermore-17 run=2  seed=3325160576 time=0.471s reward=1.000000 train_r2=1.000000 test_r2=1.000000 complexity=6 evals=8213
       Livermore-6 run=0  seed=723072574 time=2.487s reward=1.000000 train_r2=1.000000 test_r2=1.000000 complexity=27 evals=23413
      Livermore-20 run=2  seed=3325160576 time=0.050s reward=1.000000 train_r2=1.000000 test_r2=1.000000 complexity=6 evals=918
      Livermore-11 run=2  seed=3325160576 time=2.078s reward=1.000000 train_r2=1.000000 test_r2=1.000000 complexity=12 evals=23782
      Livermore-22 run=2  seed=3325160576 time=0.133s reward=1.000000 train_r2=1.000000 test_r2=1.000000 complexity=1 evals=2197
      Livermore-11 run=0  seed=723072574 time=3.821s reward=1.000000 train_r2=1.000000 test_r2=1.000000 complexity=13 evals=30193
       Livermore-1 run=1  seed=971434279 time=3.852s reward=1.000000 train_r2=1.000000 test_r2=1.000000 complexity=9 evals=2724
      Livermore-19 run=1  seed=971434279 time=3.726s reward=1.000000 train_r2=1.000000 test_r2=1.000000 complexity=17 evals=33642
       Livermore-4 run=1  seed=971434279 time=4.252s reward=1.000000 train_r2=1.000000 test_r2=1.000000 complexity=11 evals=36566
       Livermore-5 run=2  seed=3325160576 time=3.749s reward=1.000000 train_r2=1.000000 test_r2=1.000000 complexity=18 evals=46101
       Livermore-2 run=2  seed=3325160576 time=4.892s reward=1.000000 train_r2=1.000000 test_r2=1.000000 complexity=14 evals=41206
      Livermore-18 run=2  seed=3325160576 time=3.573s reward=0.999999 train_r2=1.000000 test_r2=1.000000 complexity=10 evals=31729
       Livermore-2 run=1  seed=971434279 time=5.842s reward=1.000000 train_r2=1.000000 test_r2=1.000000 complexity=12 evals=48558
       Livermore-4 run=3  seed=3163586042 time=1.923s reward=1.000000 train_r2=1.000000 test_r2=1.000000 complexity=11 evals=17182
       Livermore-5 run=1  seed=971434279 time=6.198s reward=1.000000 train_r2=1.000000 test_r2=1.000000 complexity=16 evals=70458
      Livermore-10 run=3  seed=3163586042 time=0.259s reward=1.000000 train_r2=1.000000 test_r2=1.000000 complexity=6 evals=4369
       Livermore-6 run=3  seed=3163586042 time=2.181s reward=1.000000 train_r2=1.000000 test_r2=1.000000 complexity=16 evals=20756
       Livermore-8 run=3  seed=3163586042 time=0.933s reward=1.000000 train_r2=1.000000 test_r2=1.000000 complexity=11 evals=11409
      Livermore-13 run=3  seed=3163586042 time=0.159s reward=1.000000 train_r2=1.000000 test_r2=1.000000 complexity=5 evals=1866
      Livermore-15 run=3  seed=3163586042 time=0.055s reward=1.000000 train_r2=1.000000 test_r2=1.000000 complexity=5 evals=690
      Livermore-16 run=3  seed=3163586042 time=0.286s reward=1.000000 train_r2=1.000000 test_r2=1.000000 complexity=3 evals=3348
      Livermore-19 run=2  seed=3325160576 time=4.823s reward=1.000000 train_r2=1.000000 test_r2=1.000000 complexity=11 evals=45215
       Livermore-7 run=3  seed=3163586042 time=1.909s reward=1.000000 train_r2=1.000000 test_r2=1.000000 complexity=20 evals=22088
      Livermore-12 run=0  seed=723072574 time=7.349s reward=0.999999 train_r2=1.000000 test_r2=-158.534877 complexity=22 evals=52473
      Livermore-20 run=3  seed=3163586042 time=0.035s reward=1.000000 train_r2=1.000000 test_r2=1.000000 complexity=8 evals=684
       Livermore-2 run=0  seed=723072574 time=7.579s reward=1.000000 train_r2=1.000000 test_r2=1.000000 complexity=10 evals=57525
      Livermore-22 run=3  seed=3163586042 time=0.120s reward=1.000000 train_r2=1.000000 test_r2=1.000000 complexity=6 evals=1795
      Livermore-17 run=3  seed=3163586042 time=0.674s reward=1.000000 train_r2=1.000000 test_r2=1.000000 complexity=6 evals=10050
      Livermore-19 run=0  seed=723072574 time=8.122s reward=1.000000 train_r2=1.000000 test_r2=1.000000 complexity=19 evals=65888
      Livermore-11 run=3  seed=3163586042 time=2.095s reward=0.999999 train_r2=1.000000 test_r2=1.000000 complexity=13 evals=23383
       Livermore-5 run=0  seed=723072574 time=11.071s reward=1.000000 train_r2=1.000000 test_r2=1.000000 complexity=16 evals=101738
       Livermore-1 run=2  seed=3325160576 time=11.040s reward=1.000000 train_r2=1.000000 test_r2=1.000000 complexity=9 evals=7616
       Livermore-4 run=2  seed=3325160576 time=11.385s reward=1.000000 train_r2=1.000000 test_r2=1.000000 complexity=11 evals=85205
      Livermore-18 run=3  seed=3163586042 time=4.828s reward=0.999999 train_r2=1.000000 test_r2=1.000000 complexity=12 evals=38457
       Livermore-4 run=0  seed=723072574 time=12.366s reward=1.000000 train_r2=1.000000 test_r2=1.000000 complexity=11 evals=90730
       Livermore-8 run=4  seed=1227433701 time=0.189s reward=1.000000 train_r2=1.000000 test_r2=1.000000 complexity=13 evals=2728
      Livermore-10 run=4  seed=1227433701 time=0.031s reward=1.000000 train_r2=1.000000 test_r2=1.000000 complexity=8 evals=631
       Livermore-6 run=4  seed=1227433701 time=2.373s reward=1.000000 train_r2=1.000000 test_r2=1.000000 complexity=23 evals=21408
       Livermore-7 run=4  seed=1227433701 time=1.965s reward=1.000000 train_r2=1.000000 test_r2=1.000000 complexity=17 evals=22554
      Livermore-13 run=4  seed=1227433701 time=0.038s reward=1.000000 train_r2=1.000000 test_r2=1.000000 complexity=5 evals=575
       Livermore-2 run=4  seed=1227433701 time=6.280s reward=1.000000 train_r2=1.000000 test_r2=1.000000 complexity=11 evals=50200
      Livermore-15 run=4  seed=1227433701 time=0.016s reward=1.000000 train_r2=1.000000 test_r2=1.000000 complexity=3 evals=244
      Livermore-16 run=4  seed=1227433701 time=0.319s reward=1.000000 train_r2=1.000000 test_r2=1.000000 complexity=3 evals=3777
      Livermore-19 run=3  seed=3163586042 time=7.328s reward=1.000000 train_r2=1.000000 test_r2=1.000000 complexity=20 evals=57950
      Livermore-17 run=4  seed=1227433701 time=0.215s reward=1.000000 train_r2=1.000000 test_r2=1.000000 complexity=8 evals=4047
      Livermore-11 run=4  seed=1227433701 time=2.732s reward=1.000000 train_r2=1.000000 test_r2=1.000000 complexity=12 evals=30983
      Livermore-20 run=4  seed=1227433701 time=0.029s reward=1.000000 train_r2=1.000000 test_r2=1.000000 complexity=6 evals=576
      Livermore-12 run=3  seed=3163586042 time=9.135s reward=1.000000 train_r2=1.000000 test_r2=0.216149 complexity=11 evals=58439
      Livermore-22 run=4  seed=1227433701 time=0.026s reward=1.000000 train_r2=1.000000 test_r2=1.000000 complexity=6 evals=470
       Livermore-5 run=3  seed=3163586042 time=12.510s reward=1.000000 train_r2=1.000000 test_r2=1.000000 complexity=23 evals=116845
      Livermore-18 run=4  seed=1227433701 time=2.489s reward=0.999999 train_r2=1.000000 test_r2=1.000000 complexity=10 evals=23067
       Livermore-2 run=3  seed=3163586042 time=13.657s reward=1.000000 train_r2=1.000000 test_r2=1.000000 complexity=10 evals=98649
      Livermore-12 run=1  seed=971434279 time=17.789s reward=1.000000 train_r2=1.000000 test_r2=1.000000 complexity=8 evals=94180
       Livermore-4 run=4  seed=1227433701 time=11.759s reward=1.000000 train_r2=1.000000 test_r2=1.000000 complexity=16 evals=87183
       Livermore-1 run=4  seed=1227433701 time=12.428s reward=1.000000 train_r2=1.000000 test_r2=1.000000 complexity=9 evals=7829
       Livermore-7 run=5  seed=2057259013 time=0.023s reward=1.000000 train_r2=1.000000 test_r2=1.000000 complexity=11 evals=482
      Livermore-19 run=4  seed=1227433701 time=5.810s reward=1.000000 train_r2=1.000000 test_r2=1.000000 complexity=20 evals=47209
       Livermore-8 run=5  seed=2057259013 time=0.416s reward=1.000000 train_r2=1.000000 test_r2=1.000000 complexity=11 evals=5053
       Livermore-1 run=3  seed=3163586042 time=17.189s reward=1.000000 train_r2=1.000000 test_r2=1.000000 complexity=11 evals=10501
       Livermore-2 run=5  seed=2057259013 time=3.961s reward=1.000000 train_r2=1.000000 test_r2=1.000000 complexity=10 evals=31399
      Livermore-12 run=5  seed=2057259013 time=0.058s reward=1.000000 train_r2=0.999282 test_r2=-0.228622 complexity=22 evals=924
      Livermore-13 run=5  seed=2057259013 time=0.384s reward=1.000000 train_r2=1.000000 test_r2=1.000000 complexity=5 evals=4647
       Livermore-6 run=5  seed=2057259013 time=2.052s reward=1.000000 train_r2=1.000000 test_r2=1.000000 complexity=17 evals=19354
      Livermore-15 run=5  seed=2057259013 time=0.121s reward=1.000000 train_r2=1.000000 test_r2=1.000000 complexity=3 evals=1606
      Livermore-16 run=5  seed=2057259013 time=0.027s reward=1.000000 train_r2=1.000000 test_r2=1.000000 complexity=5 evals=372
      Livermore-17 run=5  seed=2057259013 time=0.127s reward=1.000000 train_r2=1.000000 test_r2=1.000000 complexity=6 evals=2363
       Livermore-1 run=5  seed=2057259013 time=7.091s reward=1.000000 train_r2=1.000000 test_r2=1.000000 complexity=9 evals=5009
       Livermore-5 run=5  seed=2057259013 time=4.885s reward=1.000000 train_r2=1.000000 test_r2=1.000000 complexity=18 evals=57365
      Livermore-10 run=5  seed=2057259013 time=2.086s reward=1.000000 train_r2=1.000000 test_r2=1.000000 complexity=6 evals=29124
      Livermore-20 run=5  seed=2057259013 time=0.303s reward=1.000000 train_r2=1.000000 test_r2=1.000000 complexity=6 evals=4320
      Livermore-22 run=5  seed=2057259013 time=0.007s reward=1.000000 train_r2=1.000000 test_r2=1.000000 complexity=8 evals=117
      Livermore-19 run=5  seed=2057259013 time=1.120s reward=1.000000 train_r2=1.000000 test_r2=1.000000 complexity=11 evals=11973
      Livermore-11 run=5  seed=2057259013 time=3.164s reward=1.000000 train_r2=1.000000 test_r2=1.000000 complexity=13 evals=31071
       Livermore-5 run=4  seed=1227433701 time=14.850s reward=1.000000 train_r2=1.000000 test_r2=1.000000 complexity=18 evals=131337
      Livermore-18 run=5  seed=2057259013 time=3.778s reward=0.999999 train_r2=1.000000 test_r2=1.000000 complexity=9 evals=32190
      Livermore-12 run=2  seed=3325160576 time=26.418s reward=1.000000 train_r2=1.000000 test_r2=1.000000 complexity=8 evals=139014
       Livermore-6 run=6  seed=3814845113 time=0.323s reward=1.000000 train_r2=1.000000 test_r2=1.000000 complexity=15 evals=4180
       Livermore-7 run=6  seed=3814845113 time=0.032s reward=1.000000 train_r2=1.000000 test_r2=1.000000 complexity=17 evals=498
       Livermore-4 run=6  seed=3814845113 time=2.848s reward=1.000000 train_r2=1.000000 test_r2=1.000000 complexity=13 evals=25631
       Livermore-8 run=6  seed=3814845113 time=0.421s reward=1.000000 train_r2=1.000000 test_r2=1.000000 complexity=19 evals=4883
      Livermore-10 run=6  seed=3814845113 time=1.187s reward=1.000000 train_r2=1.000000 test_r2=1.000000 complexity=20 evals=16302
       Livermore-5 run=6  seed=3814845113 time=5.614s reward=1.000000 train_r2=1.000000 test_r2=1.000000 complexity=15 evals=59018
      Livermore-11 run=6  seed=3814845113 time=2.211s reward=1.000000 train_r2=1.000000 test_r2=1.000000 complexity=13 evals=19709
      Livermore-13 run=6  seed=3814845113 time=0.048s reward=1.000000 train_r2=1.000000 test_r2=1.000000 complexity=5 evals=624
       Livermore-1 run=6  seed=3814845113 time=9.913s reward=1.000000 train_r2=1.000000 test_r2=1.000000 complexity=11 evals=5688
      Livermore-15 run=6  seed=3814845113 time=0.008s reward=1.000000 train_r2=1.000000 test_r2=1.000000 complexity=5 evals=94
      Livermore-16 run=6  seed=3814845113 time=0.031s reward=1.000000 train_r2=1.000000 test_r2=1.000000 complexity=5 evals=453
      Livermore-17 run=6  seed=3814845113 time=0.610s reward=1.000000 train_r2=1.000000 test_r2=1.000000 complexity=6 evals=8889
      Livermore-21 run=4  seed=1227433701 time=19.054s reward=1.000000 train_r2=1.000000 test_r2=1.000000 complexity=21 evals=131822
      Livermore-18 run=6  seed=3814845113 time=1.364s reward=0.999999 train_r2=1.000000 test_r2=1.000000 complexity=12 evals=12419
      Livermore-20 run=6  seed=3814845113 time=0.005s reward=1.000000 train_r2=1.000000 test_r2=1.000000 complexity=8 evals=73
       Livermore-2 run=6  seed=3814845113 time=12.162s reward=1.000000 train_r2=1.000000 test_r2=1.000000 complexity=10 evals=90250
      Livermore-22 run=6  seed=3814845113 time=0.107s reward=1.000000 train_r2=1.000000 test_r2=1.000000 complexity=6 evals=1742
      Livermore-19 run=6  seed=3814845113 time=3.411s reward=1.000000 train_r2=1.000000 test_r2=1.000000 complexity=13 evals=32907
      Livermore-12 run=6  seed=3814845113 time=6.571s reward=1.000000 train_r2=1.000000 test_r2=1.000000 complexity=12 evals=38715
      Livermore-12 run=4  seed=1227433701 time=26.638s reward=1.000000 train_r2=1.000000 test_r2=0.996266 complexity=37 evals=170053
       Livermore-4 run=5  seed=2057259013 time=26.186s reward=1.000000 train_r2=1.000000 test_r2=1.000000 complexity=15 evals=170018
       Livermore-1 run=7  seed=2770303473 time=8.259s reward=1.000000 train_r2=1.000000 test_r2=1.000000 complexity=11 evals=5621
       Livermore-2 run=7  seed=2770303473 time=6.673s reward=1.000000 train_r2=1.000000 test_r2=1.000000 complexity=13 evals=50763
       Livermore-7 run=7  seed=2770303473 time=0.953s reward=1.000000 train_r2=1.000000 test_r2=1.000000 complexity=12 evals=11454
       Livermore-8 run=7  seed=2770303473 time=1.060s reward=1.000000 train_r2=1.000000 test_r2=1.000000 complexity=13 evals=12074
       Livermore-5 run=7  seed=2770303473 time=3.567s reward=1.000000 train_r2=1.000000 test_r2=1.000000 complexity=18 evals=44371
      Livermore-10 run=7  seed=2770303473 time=0.387s reward=1.000000 train_r2=1.000000 test_r2=1.000000 complexity=6 evals=6135
       Livermore-6 run=7  seed=2770303473 time=3.596s reward=1.000000 train_r2=1.000000 test_r2=1.000000 complexity=21 evals=32756
      Livermore-11 run=7  seed=2770303473 time=3.785s reward=1.000000 train_r2=1.000000 test_r2=1.000000 complexity=17 evals=28701
      Livermore-13 run=7  seed=2770303473 time=0.054s reward=1.000000 train_r2=1.000000 test_r2=1.000000 complexity=5 evals=773
       Livermore-4 run=7  seed=2770303473 time=11.764s reward=1.000000 train_r2=1.000000 test_r2=1.000000 complexity=13 evals=82735
      Livermore-15 run=7  seed=2770303473 time=0.343s reward=1.000000 train_r2=1.000000 test_r2=1.000000 complexity=5 evals=3719
      Livermore-16 run=7  seed=2770303473 time=0.021s reward=1.000000 train_r2=1.000000 test_r2=1.000000 complexity=3 evals=336
      Livermore-17 run=7  seed=2770303473 time=0.454s reward=1.000000 train_r2=1.000000 test_r2=1.000000 complexity=6 evals=7534
      Livermore-18 run=7  seed=2770303473 time=2.854s reward=0.999999 train_r2=1.000000 test_r2=1.000000 complexity=10 evals=23751
      Livermore-19 run=7  seed=2770303473 time=9.105s reward=1.000000 train_r2=1.000000 test_r2=1.000000 complexity=21 evals=70121
      Livermore-20 run=7  seed=2770303473 time=0.066s reward=1.000000 train_r2=1.000000 test_r2=1.000000 complexity=9 evals=1051
      Livermore-14 run=7  seed=2770303473 time=27.694s reward=1.000000 train_r2=1.000000 test_r2=1.000000 complexity=21 evals=194510
      Livermore-22 run=7  seed=2770303473 time=0.089s reward=1.000000 train_r2=1.000000 test_r2=1.000000 complexity=8 evals=1345
       Livermore-1 run=8  seed=3183815639 time=11.214s reward=1.000000 train_r2=1.000000 test_r2=1.000000 complexity=11 evals=6938
       Livermore-2 run=8  seed=3183815639 time=3.357s reward=1.000000 train_r2=1.000000 test_r2=1.000000 complexity=11 evals=30189
       Livermore-3 run=4  seed=1227433701 time=109.813s reward=1.000000 train_r2=1.000000 test_r2=1.000000 complexity=13 evals=618722
       Livermore-4 run=8  seed=3183815639 time=2.479s reward=1.000000 train_r2=1.000000 test_r2=1.000000 complexity=11 evals=22517
       Livermore-5 run=8  seed=3183815639 time=4.446s reward=1.000000 train_r2=1.000000 test_r2=1.000000 complexity=22 evals=50888
       Livermore-3 run=6  seed=3814845113 time=102.080s reward=1.000000 train_r2=1.000000 test_r2=1.000000 complexity=15 evals=600216
       Livermore-7 run=8  seed=3183815639 time=0.279s reward=1.000000 train_r2=1.000000 test_r2=1.000000 complexity=11 evals=4242
       Livermore-8 run=8  seed=3183815639 time=1.050s reward=1.000000 train_r2=1.000000 test_r2=1.000000 complexity=12 evals=12265
       Livermore-6 run=8  seed=3183815639 time=3.417s reward=1.000000 train_r2=1.000000 test_r2=1.000000 complexity=17 evals=32259
      Livermore-10 run=8  seed=3183815639 time=0.260s reward=1.000000 train_r2=1.000000 test_r2=1.000000 complexity=6 evals=4340
      Livermore-11 run=8  seed=3183815639 time=1.466s reward=1.000000 train_r2=1.000000 test_r2=1.000000 complexity=1 evals=15225
      Livermore-12 run=7  seed=2770303473 time=87.597s reward=1.000000 train_r2=1.000000 test_r2=1.000000 complexity=19 evals=471994
      Livermore-13 run=8  seed=3183815639 time=0.166s reward=1.000000 train_r2=1.000000 test_r2=1.000000 complexity=3 evals=1947
      Livermore-12 run=8  seed=3183815639 time=9.360s reward=1.000000 train_r2=1.000000 test_r2=1.000000 complexity=14 evals=62019
      Livermore-15 run=8  seed=3183815639 time=0.066s reward=1.000000 train_r2=1.000000 test_r2=1.000000 complexity=5 evals=883
      Livermore-16 run=8  seed=3183815639 time=0.046s reward=1.000000 train_r2=1.000000 test_r2=1.000000 complexity=5 evals=647
      Livermore-17 run=8  seed=3183815639 time=0.562s reward=1.000000 train_r2=1.000000 test_r2=1.000000 complexity=12 evals=8160
      Livermore-18 run=8  seed=3183815639 time=27.528s reward=0.999999 train_r2=1.000000 test_r2=1.000000 complexity=12 evals=192216
      Livermore-19 run=8  seed=3183815639 time=5.339s reward=1.000000 train_r2=1.000000 test_r2=1.000000 complexity=15 evals=48039
      Livermore-20 run=8  seed=3183815639 time=0.093s reward=1.000000 train_r2=1.000000 test_r2=1.000000 complexity=8 evals=1253
      Livermore-14 run=1  seed=971434279 time=222.003s reward=1.000000 train_r2=1.000000 test_r2=1.000000 complexity=25 evals=1373694
      Livermore-22 run=8  seed=3183815639 time=0.087s reward=1.000000 train_r2=1.000000 test_r2=1.000000 complexity=6 evals=1480
       Livermore-1 run=9  seed=3828183215 time=6.625s reward=1.000000 train_r2=1.000000 test_r2=1.000000 complexity=7 evals=4431
       Livermore-2 run=9  seed=3828183215 time=0.991s reward=1.000000 train_r2=1.000000 test_r2=1.000000 complexity=12 evals=9863
      Livermore-14 run=3  seed=3163586042 time=263.436s reward=1.000000 train_r2=1.000000 test_r2=1.000000 complexity=31 evals=1630143
       Livermore-4 run=9  seed=3828183215 time=12.668s reward=1.000000 train_r2=1.000000 test_r2=1.000000 complexity=11 evals=89501
       Livermore-5 run=9  seed=3828183215 time=3.749s reward=1.000000 train_r2=1.000000 test_r2=1.000000 complexity=19 evals=46644
       Livermore-6 run=9  seed=3828183215 time=3.260s reward=1.000000 train_r2=1.000000 test_r2=1.000000 complexity=14 evals=29349
       Livermore-7 run=9  seed=3828183215 time=0.697s reward=1.000000 train_r2=1.000000 test_r2=1.000000 complexity=30 evals=8705
       Livermore-8 run=9  seed=3828183215 time=0.189s reward=1.000000 train_r2=1.000000 test_r2=1.000000 complexity=11 evals=2695
      Livermore-14 run=0  seed=723072574 time=317.492s reward=0.999998 train_r2=1.000000 test_r2=1.000000 complexity=23 evals=2000009
      Livermore-10 run=9  seed=3828183215 time=0.747s reward=1.000000 train_r2=1.000000 test_r2=1.000000 complexity=6 evals=11569
      Livermore-11 run=9  seed=3828183215 time=3.035s reward=1.000000 train_r2=1.000000 test_r2=1.000000 complexity=12 evals=28168
      Livermore-12 run=9  seed=3828183215 time=1.110s reward=0.999999 train_r2=1.000000 test_r2=-33.059848 complexity=26 evals=8135
      Livermore-13 run=9  seed=3828183215 time=0.142s reward=1.000000 train_r2=1.000000 test_r2=1.000000 complexity=3 evals=1886
      Livermore-14 run=4  seed=1227433701 time=317.733s reward=0.999994 train_r2=1.000000 test_r2=1.000000 complexity=29 evals=2000003
      Livermore-15 run=9  seed=3828183215 time=0.053s reward=1.000000 train_r2=1.000000 test_r2=1.000000 complexity=3 evals=682
      Livermore-16 run=9  seed=3828183215 time=0.044s reward=1.000000 train_r2=1.000000 test_r2=1.000000 complexity=3 evals=592
      Livermore-17 run=9  seed=3828183215 time=0.569s reward=1.000000 train_r2=1.000000 test_r2=1.000000 complexity=8 evals=9006
      Livermore-18 run=9  seed=3828183215 time=3.266s reward=0.999999 train_r2=1.000000 test_r2=1.000000 complexity=11 evals=27724
      Livermore-19 run=9  seed=3828183215 time=0.168s reward=1.000000 train_r2=1.000000 test_r2=1.000000 complexity=19 evals=2328
      Livermore-20 run=9  seed=3828183215 time=0.025s reward=1.000000 train_r2=1.000000 test_r2=1.000000 complexity=6 evals=369
      Livermore-14 run=5  seed=2057259013 time=314.879s reward=0.999998 train_r2=1.000000 test_r2=1.000000 complexity=32 evals=2000004
      Livermore-22 run=9  seed=3828183215 time=0.011s reward=1.000000 train_r2=1.000000 test_r2=1.000000 complexity=6 evals=213
       Livermore-1 run=10 seed=2437489881 time=5.255s reward=1.000000 train_r2=1.000000 test_r2=1.000000 complexity=7 evals=3243
       Livermore-2 run=10 seed=2437489881 time=2.759s reward=1.000000 train_r2=1.000000 test_r2=1.000000 complexity=11 evals=24038
      Livermore-21 run=2  seed=3325160576 time=345.182s reward=0.999962 train_r2=1.000000 test_r2=1.000000 complexity=31 evals=2000003
      Livermore-14 run=2  seed=3325160576 time=342.869s reward=0.999998 train_r2=1.000000 test_r2=1.000000 complexity=56 evals=2000002
       Livermore-5 run=10 seed=2437489881 time=6.208s reward=1.000000 train_r2=1.000000 test_r2=1.000000 complexity=18 evals=68492
       Livermore-9 run=1  seed=971434279 time=356.426s reward=0.999909 train_r2=1.000000 test_r2=1.000000 complexity=37 evals=2000004
       Livermore-7 run=10 seed=2437489881 time=0.095s reward=1.000000 train_r2=1.000000 test_r2=1.000000 complexity=13 evals=1476
       Livermore-6 run=10 seed=2437489881 time=0.487s reward=1.000000 train_r2=1.000000 test_r2=1.000000 complexity=14 evals=5918
      Livermore-21 run=0  seed=723072574 time=357.699s reward=0.999925 train_r2=1.000000 test_r2=0.999999 complexity=39 evals=2000004
       Livermore-8 run=10 seed=2437489881 time=0.553s reward=1.000000 train_r2=1.000000 test_r2=1.000000 complexity=25 evals=6878
      Livermore-10 run=10 seed=2437489881 time=0.081s reward=1.000000 train_r2=1.000000 test_r2=1.000000 complexity=6 evals=1548
       Livermore-4 run=10 seed=2437489881 time=9.332s reward=1.000000 train_r2=1.000000 test_r2=1.000000 complexity=11 evals=70082
      Livermore-13 run=10 seed=2437489881 time=0.016s reward=1.000000 train_r2=1.000000 test_r2=1.000000 complexity=3 evals=214
      Livermore-14 run=6  seed=3814845113 time=325.891s reward=0.999995 train_r2=1.000000 test_r2=1.000000 complexity=36 evals=2000000
      Livermore-15 run=10 seed=2437489881 time=0.060s reward=1.000000 train_r2=1.000000 test_r2=1.000000 complexity=3 evals=810
      Livermore-16 run=10 seed=2437489881 time=0.024s reward=1.000000 train_r2=1.000000 test_r2=1.000000 complexity=5 evals=300
      Livermore-11 run=10 seed=2437489881 time=2.080s reward=1.000000 train_r2=1.000000 test_r2=1.000000 complexity=13 evals=20108
      Livermore-17 run=10 seed=2437489881 time=1.038s reward=1.000000 train_r2=1.000000 test_r2=1.000000 complexity=6 evals=14373
       Livermore-9 run=3  seed=3163586042 time=353.985s reward=0.999831 train_r2=1.000000 test_r2=0.932283 complexity=43 evals=2000001
      Livermore-20 run=10 seed=2437489881 time=0.152s reward=1.000000 train_r2=1.000000 test_r2=1.000000 complexity=6 evals=2425
      Livermore-21 run=3  seed=3163586042 time=351.922s reward=0.999998 train_r2=1.000000 test_r2=1.000000 complexity=38 evals=2000004
      Livermore-22 run=10 seed=2437489881 time=0.089s reward=1.000000 train_r2=1.000000 test_r2=1.000000 complexity=6 evals=1481
      Livermore-19 run=10 seed=2437489881 time=4.412s reward=1.000000 train_r2=1.000000 test_r2=1.000000 complexity=20 evals=40220
       Livermore-2 run=11 seed=2218870180 time=3.162s reward=1.000000 train_r2=1.000000 test_r2=1.000000 complexity=13 evals=27284
      Livermore-18 run=10 seed=2437489881 time=7.872s reward=0.999999 train_r2=1.000000 test_r2=1.000000 complexity=14 evals=60409
       Livermore-9 run=0  seed=723072574 time=346.264s reward=0.999853 train_r2=1.000000 test_r2=0.999993 complexity=46 evals=2000006
       Livermore-1 run=11 seed=2218870180 time=7.988s reward=1.000000 train_r2=1.000000 test_r2=1.000000 complexity=11 evals=5475
      Livermore-21 run=1  seed=971434279 time=368.793s reward=0.999965 train_r2=1.000000 test_r2=1.000000 complexity=17 evals=2000008
       Livermore-7 run=11 seed=2218870180 time=0.409s reward=1.000000 train_r2=1.000000 test_r2=1.000000 complexity=17 evals=5750
       Livermore-6 run=11 seed=2218870180 time=1.478s reward=1.000000 train_r2=1.000000 test_r2=1.000000 complexity=18 evals=14934
       Livermore-8 run=11 seed=2218870180 time=0.493s reward=1.000000 train_r2=1.000000 test_r2=1.000000 complexity=13 evals=6780
      Livermore-10 run=11 seed=2218870180 time=1.053s reward=1.000000 train_r2=1.000000 test_r2=1.000000 complexity=6 evals=14957
      Livermore-21 run=5  seed=2057259013 time=349.205s reward=0.999944 train_r2=1.000000 test_r2=0.999988 complexity=38 evals=2000003
      Livermore-11 run=11 seed=2218870180 time=1.560s reward=1.000000 train_r2=1.000000 test_r2=1.000000 complexity=13 evals=16386
       Livermore-5 run=11 seed=2218870180 time=4.830s reward=1.000000 train_r2=1.000000 test_r2=1.000000 complexity=19 evals=54572
      Livermore-13 run=11 seed=2218870180 time=0.204s reward=1.000000 train_r2=1.000000 test_r2=1.000000 complexity=5 evals=2311
      Livermore-15 run=11 seed=2218870180 time=0.024s reward=1.000000 train_r2=1.000000 test_r2=1.000000 complexity=5 evals=323
      Livermore-16 run=11 seed=2218870180 time=0.197s reward=1.000000 train_r2=1.000000 test_r2=1.000000 complexity=5 evals=2455
      Livermore-17 run=11 seed=2218870180 time=0.135s reward=1.000000 train_r2=1.000000 test_r2=1.000000 complexity=10 evals=2407
      Livermore-12 run=10 seed=2437489881 time=18.339s reward=1.000000 train_r2=1.000000 test_r2=1.000000 complexity=18 evals=108067
       Livermore-4 run=11 seed=2218870180 time=8.706s reward=1.000000 train_r2=1.000000 test_r2=1.000000 complexity=15 evals=66471
      Livermore-20 run=11 seed=2218870180 time=0.010s reward=1.000000 train_r2=1.000000 test_r2=1.000000 complexity=6 evals=245
      Livermore-12 run=11 seed=2218870180 time=6.146s reward=1.000000 train_r2=1.000000 test_r2=1.000000 complexity=8 evals=44744
      Livermore-22 run=11 seed=2218870180 time=0.031s reward=1.000000 train_r2=1.000000 test_r2=1.000000 complexity=8 evals=576
      Livermore-18 run=11 seed=2218870180 time=4.526s reward=0.999999 train_r2=1.000000 test_r2=1.000000 complexity=11 evals=36049
       Livermore-2 run=12 seed=1677402687 time=1.136s reward=1.000000 train_r2=1.000000 test_r2=1.000000 complexity=9 evals=12123
      Livermore-19 run=11 seed=2218870180 time=5.099s reward=1.000000 train_r2=1.000000 test_r2=1.000000 complexity=11 evals=45004
       Livermore-3 run=0  seed=723072574 time=381.152s reward=0.999931 train_r2=1.000000 test_r2=0.999999 complexity=33 evals=2000004
       Livermore-1 run=12 seed=1677402687 time=3.411s reward=1.000000 train_r2=1.000000 test_r2=1.000000 complexity=13 evals=2788
       Livermore-9 run=5  seed=2057259013 time=364.126s reward=0.999878 train_r2=1.000000 test_r2=0.999968 complexity=45 evals=2000000
       Livermore-9 run=2  seed=3325160576 time=384.978s reward=0.999631 train_r2=1.000000 test_r2=0.999996 complexity=50 evals=2000001
       Livermore-6 run=12 seed=1677402687 time=4.775s reward=1.000000 train_r2=1.000000 test_r2=1.000000 complexity=16 evals=39923
       Livermore-7 run=12 seed=1677402687 time=2.059s reward=1.000000 train_r2=1.000000 test_r2=1.000000 complexity=26 evals=23668
       Livermore-8 run=12 seed=1677402687 time=1.170s reward=1.000000 train_r2=1.000000 test_r2=1.000000 complexity=11 evals=14228
      Livermore-10 run=12 seed=1677402687 time=0.127s reward=1.000000 train_r2=1.000000 test_r2=1.000000 complexity=6 evals=2342
      Livermore-11 run=12 seed=1677402687 time=1.488s reward=1.000000 train_r2=1.000000 test_r2=1.000000 complexity=15 evals=15873
      Livermore-13 run=12 seed=1677402687 time=0.010s reward=1.000000 train_r2=1.000000 test_r2=1.000000 complexity=5 evals=166
       Livermore-5 run=12 seed=1677402687 time=7.714s reward=1.000000 train_r2=1.000000 test_r2=1.000000 complexity=40 evals=76109
       Livermore-3 run=2  seed=3325160576 time=389.018s reward=0.999969 train_r2=1.000000 test_r2=1.000000 complexity=30 evals=2000000
      Livermore-16 run=12 seed=1677402687 time=0.142s reward=1.000000 train_r2=1.000000 test_r2=1.000000 complexity=3 evals=1958
      Livermore-17 run=12 seed=1677402687 time=0.007s reward=1.000000 train_r2=1.000000 test_r2=1.000000 complexity=6 evals=137
      Livermore-15 run=12 seed=1677402687 time=0.173s reward=1.000000 train_r2=1.000000 test_r2=1.000000 complexity=7 evals=2408
      Livermore-12 run=12 seed=1677402687 time=4.475s reward=1.000000 train_r2=1.000000 test_r2=1.000000 complexity=8 evals=30591
      Livermore-18 run=12 seed=1677402687 time=2.617s reward=0.999999 train_r2=1.000000 test_r2=1.000000 complexity=10 evals=23656
      Livermore-20 run=12 seed=1677402687 time=0.242s reward=1.000000 train_r2=1.000000 test_r2=1.000000 complexity=6 evals=3630
      Livermore-22 run=12 seed=1677402687 time=0.093s reward=1.000000 train_r2=1.000000 test_r2=1.000000 complexity=6 evals=1651
       Livermore-9 run=6  seed=3814845113 time=362.324s reward=0.999913 train_r2=1.000000 test_r2=1.000000 complexity=67 evals=2000001
      Livermore-14 run=9  seed=3828183215 time=70.704s reward=1.000000 train_r2=1.000000 test_r2=1.000000 complexity=28 evals=466111
       Livermore-9 run=7  seed=2770303473 time=346.719s reward=0.999897 train_r2=1.000000 test_r2=-292.891645 complexity=59 evals=2000004
      Livermore-19 run=12 seed=1677402687 time=6.289s reward=1.000000 train_r2=1.000000 test_r2=1.000000 complexity=19 evals=53271
       Livermore-2 run=13 seed=310923819 time=3.888s reward=1.000000 train_r2=1.000000 test_r2=1.000000 complexity=12 evals=34402
       Livermore-4 run=12 seed=1677402687 time=16.801s reward=1.000000 train_r2=1.000000 test_r2=1.000000 complexity=11 evals=123405
       Livermore-9 run=4  seed=1227433701 time=386.168s reward=0.999890 train_r2=1.000000 test_r2=1.000000 complexity=34 evals=2000004
       Livermore-4 run=13 seed=310923819 time=4.655s reward=1.000000 train_r2=1.000000 test_r2=1.000000 complexity=15 evals=38436
       Livermore-6 run=13 seed=310923819 time=2.447s reward=1.000000 train_r2=1.000000 test_r2=1.000000 complexity=16 evals=23047
      Livermore-10 run=13 seed=310923819 time=0.310s reward=1.000000 train_r2=1.000000 test_r2=1.000000 complexity=6 evals=5211
       Livermore-8 run=13 seed=310923819 time=0.975s reward=1.000000 train_r2=1.000000 test_r2=1.000000 complexity=12 evals=11352
       Livermore-7 run=13 seed=310923819 time=2.178s reward=1.000000 train_r2=1.000000 test_r2=1.000000 complexity=12 evals=23690
      Livermore-13 run=13 seed=310923819 time=0.098s reward=1.000000 train_r2=1.000000 test_r2=1.000000 complexity=3 evals=1152
       Livermore-5 run=13 seed=310923819 time=4.419s reward=1.000000 train_r2=1.000000 test_r2=1.000000 complexity=15 evals=52186
      Livermore-15 run=13 seed=310923819 time=0.154s reward=1.000000 train_r2=1.000000 test_r2=1.000000 complexity=5 evals=2012
      Livermore-16 run=13 seed=310923819 time=0.086s reward=1.000000 train_r2=1.000000 test_r2=1.000000 complexity=3 evals=1116
      Livermore-11 run=13 seed=310923819 time=1.863s reward=1.000000 train_r2=1.000000 test_r2=1.000000 complexity=12 evals=18787
      Livermore-17 run=13 seed=310923819 time=1.626s reward=1.000000 train_r2=1.000000 test_r2=1.000000 complexity=8 evals=22085
      Livermore-21 run=7  seed=2770303473 time=337.512s reward=0.999983 train_r2=1.000000 test_r2=0.999993 complexity=41 evals=2000004
      Livermore-20 run=13 seed=310923819 time=0.138s reward=1.000000 train_r2=1.000000 test_r2=1.000000 complexity=6 evals=2021
       Livermore-3 run=5  seed=2057259013 time=386.410s reward=0.999947 train_r2=1.000000 test_r2=1.000000 complexity=38 evals=2000004
      Livermore-22 run=13 seed=310923819 time=0.200s reward=1.000000 train_r2=1.000000 test_r2=1.000000 complexity=6 evals=3202
      Livermore-21 run=6  seed=3814845113 time=368.886s reward=0.999919 train_r2=1.000000 test_r2=1.000000 complexity=40 evals=2000001
       Livermore-2 run=14 seed=1777581980 time=0.930s reward=1.000000 train_r2=1.000000 test_r2=1.000000 complexity=14 evals=9620
       Livermore-3 run=3  seed=3163586042 time=397.072s reward=0.999917 train_r2=1.000000 test_r2=0.859732 complexity=51 evals=2000001
       Livermore-1 run=14 seed=1777581980 time=2.225s reward=1.000000 train_r2=1.000000 test_r2=1.000000 complexity=11 evals=1698
      Livermore-19 run=13 seed=310923819 time=7.647s reward=1.000000 train_r2=1.000000 test_r2=1.000000 complexity=10 evals=62609
      Livermore-18 run=13 seed=310923819 time=8.688s reward=0.999999 train_r2=1.000000 test_r2=1.000000 complexity=16 evals=64782
       Livermore-5 run=14 seed=1777581980 time=3.597s reward=1.000000 train_r2=1.000000 test_r2=1.000000 complexity=20 evals=41601
       Livermore-8 run=14 seed=1777581980 time=0.126s reward=1.000000 train_r2=1.000000 test_r2=1.000000 complexity=11 evals=1922
       Livermore-3 run=1  seed=971434279 time=407.600s reward=0.999858 train_r2=1.000000 test_r2=0.999999 complexity=57 evals=2000000
       Livermore-7 run=14 seed=1777581980 time=0.840s reward=1.000000 train_r2=1.000000 test_r2=1.000000 complexity=11 evals=10895
      Livermore-10 run=14 seed=1777581980 time=0.621s reward=1.000000 train_r2=1.000000 test_r2=1.000000 complexity=6 evals=10715
       Livermore-6 run=14 seed=1777581980 time=2.886s reward=1.000000 train_r2=1.000000 test_r2=1.000000 complexity=28 evals=27527
      Livermore-13 run=14 seed=1777581980 time=0.015s reward=1.000000 train_r2=1.000000 test_r2=1.000000 complexity=3 evals=191
      Livermore-11 run=14 seed=1777581980 time=4.007s reward=0.999999 train_r2=1.000000 test_r2=1.000000 complexity=13 evals=35905
      Livermore-15 run=14 seed=1777581980 time=0.009s reward=1.000000 train_r2=1.000000 test_r2=1.000000 complexity=3 evals=176
      Livermore-16 run=14 seed=1777581980 time=0.024s reward=1.000000 train_r2=1.000000 test_r2=1.000000 complexity=3 evals=314
      Livermore-17 run=14 seed=1777581980 time=0.190s reward=1.000000 train_r2=1.000000 test_r2=1.000000 complexity=8 evals=3564
       Livermore-1 run=13 seed=310923819 time=23.413s reward=1.000000 train_r2=1.000000 test_r2=1.000000 complexity=9 evals=13784
      Livermore-19 run=14 seed=1777581980 time=3.680s reward=1.000000 train_r2=1.000000 test_r2=1.000000 complexity=12 evals=32332
      Livermore-20 run=14 seed=1777581980 time=0.008s reward=1.000000 train_r2=1.000000 test_r2=1.000000 complexity=6 evals=131
       Livermore-3 run=7  seed=2770303473 time=381.903s reward=0.999900 train_r2=1.000000 test_r2=0.999995 complexity=19 evals=2000002
      Livermore-22 run=14 seed=1777581980 time=0.018s reward=1.000000 train_r2=1.000000 test_r2=1.000000 complexity=8 evals=384
      Livermore-18 run=14 seed=1777581980 time=4.909s reward=0.999999 train_r2=1.000000 test_r2=1.000000 complexity=12 evals=39663
      Livermore-14 run=10 seed=2437489881 time=63.107s reward=1.000000 train_r2=1.000000 test_r2=1.000000 complexity=22 evals=429084
       Livermore-1 run=15 seed=354449225 time=0.851s reward=1.000000 train_r2=1.000000 test_r2=1.000000 complexity=7 evals=655
       Livermore-4 run=14 seed=1777581980 time=15.991s reward=1.000000 train_r2=1.000000 test_r2=1.000000 complexity=36 evals=111347
       Livermore-2 run=15 seed=354449225 time=5.037s reward=1.000000 train_r2=1.000000 test_r2=1.000000 complexity=9 evals=39714
       Livermore-6 run=15 seed=354449225 time=3.001s reward=1.000000 train_r2=1.000000 test_r2=1.000000 complexity=18 evals=25826
       Livermore-5 run=15 seed=354449225 time=4.041s reward=1.000000 train_r2=1.000000 test_r2=1.000000 complexity=22 evals=46329
       Livermore-7 run=15 seed=354449225 time=0.585s reward=1.000000 train_r2=1.000000 test_r2=1.000000 complexity=12 evals=7627
       Livermore-8 run=15 seed=354449225 time=0.532s reward=1.000000 train_r2=1.000000 test_r2=1.000000 complexity=13 evals=7138
      Livermore-10 run=15 seed=354449225 time=0.567s reward=1.000000 train_r2=1.000000 test_r2=1.000000 complexity=6 evals=8672
      Livermore-11 run=15 seed=354449225 time=0.831s reward=1.000000 train_r2=1.000000 test_r2=1.000000 complexity=17 evals=8742
      Livermore-12 run=14 seed=1777581980 time=20.347s reward=1.000000 train_r2=1.000000 test_r2=0.999934 complexity=18 evals=130762
      Livermore-13 run=15 seed=354449225 time=0.002s reward=1.000000 train_r2=1.000000 test_r2=1.000000 complexity=5 evals=24
      Livermore-12 run=13 seed=310923819 time=39.372s reward=1.000000 train_r2=1.000000 test_r2=1.000000 complexity=18 evals=208966
      Livermore-15 run=15 seed=354449225 time=0.002s reward=1.000000 train_r2=1.000000 test_r2=1.000000 complexity=5 evals=23
      Livermore-16 run=15 seed=354449225 time=0.116s reward=1.000000 train_r2=1.000000 test_r2=1.000000 complexity=3 evals=1460
       Livermore-4 run=15 seed=354449225 time=18.342s reward=1.000000 train_r2=1.000000 test_r2=1.000000 complexity=11 evals=117313
      Livermore-17 run=15 seed=354449225 time=0.761s reward=1.000000 train_r2=1.000000 test_r2=1.000000 complexity=6 evals=11895
      Livermore-12 run=15 seed=354449225 time=15.956s reward=1.000000 train_r2=1.000000 test_r2=1.000000 complexity=8 evals=76842
      Livermore-20 run=15 seed=354449225 time=0.003s reward=1.000000 train_r2=1.000000 test_r2=1.000000 complexity=8 evals=56
      Livermore-18 run=15 seed=354449225 time=8.380s reward=0.999999 train_r2=1.000000 test_r2=1.000000 complexity=17 evals=60262
      Livermore-22 run=15 seed=354449225 time=0.066s reward=1.000000 train_r2=1.000000 test_r2=1.000000 complexity=6 evals=1178
      Livermore-19 run=15 seed=354449225 time=8.437s reward=1.000000 train_r2=1.000000 test_r2=1.000000 complexity=22 evals=71788
       Livermore-2 run=16 seed=1949615811 time=4.722s reward=1.000000 train_r2=1.000000 test_r2=1.000000 complexity=10 evals=40241
       Livermore-3 run=8  seed=3183815639 time=366.717s reward=0.999914 train_r2=1.000000 test_r2=1.000000 complexity=37 evals=2000000
       Livermore-1 run=16 seed=1949615811 time=14.916s reward=1.000000 train_r2=1.000000 test_r2=1.000000 complexity=7 evals=9813
       Livermore-5 run=16 seed=1949615811 time=10.099s reward=1.000000 train_r2=1.000000 test_r2=1.000000 complexity=16 evals=84619
      Livermore-14 run=8  seed=3183815639 time=338.108s reward=0.999993 train_r2=1.000000 test_r2=1.000000 complexity=36 evals=2000000
       Livermore-7 run=16 seed=1949615811 time=0.342s reward=1.000000 train_r2=1.000000 test_r2=1.000000 complexity=11 evals=5264
       Livermore-6 run=16 seed=1949615811 time=2.313s reward=1.000000 train_r2=1.000000 test_r2=1.000000 complexity=18 evals=22923
       Livermore-8 run=16 seed=1949615811 time=2.685s reward=1.000000 train_r2=1.000000 test_r2=1.000000 complexity=43 evals=26006
      Livermore-10 run=16 seed=1949615811 time=0.154s reward=1.000000 train_r2=1.000000 test_r2=1.000000 complexity=6 evals=2548
      Livermore-11 run=16 seed=1949615811 time=1.534s reward=0.999999 train_r2=1.000000 test_r2=1.000000 complexity=12 evals=19647
       Livermore-4 run=16 seed=1949615811 time=24.928s reward=1.000000 train_r2=1.000000 test_r2=1.000000 complexity=15 evals=169394
      Livermore-13 run=16 seed=1949615811 time=0.182s reward=1.000000 train_r2=1.000000 test_r2=1.000000 complexity=3 evals=2408
      Livermore-12 run=16 seed=1949615811 time=9.634s reward=1.000000 train_r2=1.000000 test_r2=1.000000 complexity=13 evals=60156
      Livermore-15 run=16 seed=1949615811 time=0.145s reward=1.000000 train_r2=1.000000 test_r2=1.000000 complexity=3 evals=1854
      Livermore-16 run=16 seed=1949615811 time=0.025s reward=1.000000 train_r2=1.000000 test_r2=1.000000 complexity=5 evals=465
      Livermore-17 run=16 seed=1949615811 time=1.405s reward=1.000000 train_r2=1.000000 test_r2=1.000000 complexity=8 evals=18028
      Livermore-18 run=16 seed=1949615811 time=0.681s reward=0.999999 train_r2=1.000000 test_r2=1.000000 complexity=11 evals=6826
       Livermore-9 run=8  seed=3183815639 time=364.211s reward=0.999980 train_r2=1.000000 test_r2=1.000000 complexity=45 evals=2000000
      Livermore-20 run=16 seed=1949615811 time=0.017s reward=1.000000 train_r2=1.000000 test_r2=1.000000 complexity=6 evals=342
      Livermore-19 run=16 seed=1949615811 time=4.156s reward=1.000000 train_r2=1.000000 test_r2=1.000000 complexity=13 evals=38412
      Livermore-22 run=16 seed=1949615811 time=0.150s reward=1.000000 train_r2=1.000000 test_r2=1.000000 complexity=6 evals=2431
       Livermore-1 run=17 seed=2845477618 time=27.979s reward=1.000000 train_r2=1.000000 test_r2=1.000000 complexity=11 evals=17335
       Livermore-3 run=16 seed=1949615811 time=71.138s reward=1.000000 train_r2=1.000000 test_r2=1.000000 complexity=23 evals=424057
       Livermore-2 run=17 seed=2845477618 time=2.220s reward=1.000000 train_r2=1.000000 test_r2=1.000000 complexity=26 evals=20735
      Livermore-21 run=8  seed=3183815639 time=353.781s reward=0.999973 train_r2=1.000000 test_r2=1.000000 complexity=47 evals=2000000
       Livermore-3 run=12 seed=1677402687 time=150.740s reward=1.000000 train_r2=1.000000 test_r2=1.000000 complexity=15 evals=841429
       Livermore-6 run=17 seed=2845477618 time=3.352s reward=1.000000 train_r2=1.000000 test_r2=1.000000 complexity=23 evals=30021
       Livermore-7 run=17 seed=2845477618 time=0.691s reward=1.000000 train_r2=1.000000 test_r2=1.000000 complexity=13 evals=8247
       Livermore-8 run=17 seed=2845477618 time=1.036s reward=1.000000 train_r2=1.000000 test_r2=1.000000 complexity=13 evals=12184
       Livermore-5 run=17 seed=2845477618 time=8.537s reward=1.000000 train_r2=1.000000 test_r2=1.000000 complexity=17 evals=82029
      Livermore-10 run=17 seed=2845477618 time=0.386s reward=1.000000 train_r2=1.000000 test_r2=1.000000 complexity=8 evals=6523
      Livermore-11 run=17 seed=2845477618 time=3.619s reward=1.000000 train_r2=1.000000 test_r2=1.000000 complexity=13 evals=29913
       Livermore-4 run=17 seed=2845477618 time=15.405s reward=1.000000 train_r2=1.000000 test_r2=1.000000 complexity=11 evals=109546
      Livermore-13 run=17 seed=2845477618 time=0.126s reward=1.000000 train_r2=1.000000 test_r2=1.000000 complexity=3 evals=1500
      Livermore-14 run=15 seed=354449225 time=162.913s reward=1.000000 train_r2=1.000000 test_r2=1.000000 complexity=32 evals=1011469
      Livermore-15 run=17 seed=2845477618 time=0.033s reward=1.000000 train_r2=1.000000 test_r2=1.000000 complexity=5 evals=433
      Livermore-16 run=17 seed=2845477618 time=0.004s reward=1.000000 train_r2=1.000000 test_r2=1.000000 complexity=5 evals=52
      Livermore-17 run=17 seed=2845477618 time=1.665s reward=1.000000 train_r2=1.000000 test_r2=1.000000 complexity=8 evals=21658
      Livermore-18 run=17 seed=2845477618 time=0.436s reward=0.999999 train_r2=1.000000 test_r2=1.000000 complexity=16 evals=4374
      Livermore-19 run=17 seed=2845477618 time=1.490s reward=1.000000 train_r2=1.000000 test_r2=1.000000 complexity=12 evals=15388
      Livermore-20 run=17 seed=2845477618 time=0.021s reward=1.000000 train_r2=1.000000 test_r2=1.000000 complexity=8 evals=412
      Livermore-12 run=17 seed=2845477618 time=80.824s reward=1.000000 train_r2=1.000000 test_r2=1.000000 complexity=1 evals=436549
       Livermore-3 run=9  seed=3828183215 time=389.647s reward=0.999954 train_r2=1.000000 test_r2=0.999981 complexity=46 evals=2000004
      Livermore-22 run=17 seed=2845477618 time=0.069s reward=1.000000 train_r2=1.000000 test_r2=1.000000 complexity=6 evals=1150
       Livermore-2 run=18 seed=3334804072 time=3.911s reward=1.000000 train_r2=1.000000 test_r2=1.000000 complexity=12 evals=34390
       Livermore-1 run=18 seed=3334804072 time=7.101s reward=1.000000 train_r2=1.000000 test_r2=1.000000 complexity=9 evals=4894
       Livermore-4 run=18 seed=3334804072 time=13.763s reward=1.000000 train_r2=1.000000 test_r2=1.000000 complexity=11 evals=103536
       Livermore-5 run=18 seed=3334804072 time=1.969s reward=1.000000 train_r2=1.000000 test_r2=1.000000 complexity=26 evals=26860
       Livermore-6 run=18 seed=3334804072 time=2.306s reward=1.000000 train_r2=1.000000 test_r2=1.000000 complexity=17 evals=23658
       Livermore-7 run=18 seed=3334804072 time=0.569s reward=1.000000 train_r2=1.000000 test_r2=1.000000 complexity=13 evals=6921
       Livermore-8 run=18 seed=3334804072 time=0.183s reward=1.000000 train_r2=1.000000 test_r2=1.000000 complexity=13 evals=2403
       Livermore-9 run=9  seed=3828183215 time=363.855s reward=0.999911 train_r2=1.000000 test_r2=0.999997 complexity=50 evals=2000001
      Livermore-10 run=18 seed=3334804072 time=0.243s reward=1.000000 train_r2=1.000000 test_r2=1.000000 complexity=8 evals=4079
      Livermore-11 run=18 seed=3334804072 time=5.829s reward=1.000000 train_r2=1.000000 test_r2=1.000000 complexity=13 evals=41372
      Livermore-12 run=18 seed=3334804072 time=7.621s reward=1.000000 train_r2=1.000000 test_r2=1.000000 complexity=8 evals=49422
      Livermore-13 run=18 seed=3334804072 time=0.065s reward=1.000000 train_r2=1.000000 test_r2=1.000000 complexity=3 evals=931
      Livermore-14 run=11 seed=2218870180 time=307.295s reward=0.999999 train_r2=1.000000 test_r2=0.999777 complexity=27 evals=2000005
      Livermore-15 run=18 seed=3334804072 time=0.049s reward=1.000000 train_r2=1.000000 test_r2=1.000000 complexity=3 evals=747
      Livermore-16 run=18 seed=3334804072 time=0.048s reward=1.000000 train_r2=1.000000 test_r2=1.000000 complexity=5 evals=747
      Livermore-17 run=18 seed=3334804072 time=0.689s reward=1.000000 train_r2=1.000000 test_r2=1.000000 complexity=10 evals=10817
      Livermore-21 run=9  seed=3828183215 time=352.569s reward=0.999974 train_r2=1.000000 test_r2=1.000000 complexity=33 evals=2000006
      Livermore-18 run=18 seed=3334804072 time=9.641s reward=0.999999 train_r2=1.000000 test_r2=1.000000 complexity=25 evals=67147
      Livermore-20 run=18 seed=3334804072 time=0.015s reward=1.000000 train_r2=1.000000 test_r2=1.000000 complexity=8 evals=193
       Livermore-9 run=10 seed=2437489881 time=350.436s reward=0.999783 train_r2=1.000000 test_r2=0.999986 complexity=18 evals=2000007
       Livermore-9 run=11 seed=2218870180 time=337.349s reward=0.999973 train_r2=1.000000 test_r2=0.999846 complexity=38 evals=2000001
      Livermore-22 run=18 seed=3334804072 time=0.020s reward=1.000000 train_r2=1.000000 test_r2=1.000000 complexity=6 evals=362
       Livermore-2 run=19 seed=3003924095 time=0.261s reward=1.000000 train_r2=1.000000 test_r2=1.000000 complexity=11 evals=3378
      Livermore-14 run=12 seed=1677402687 time=322.373s reward=0.999998 train_r2=1.000000 test_r2=1.000000 complexity=31 evals=2000006
      Livermore-21 run=11 seed=2218870180 time=337.207s reward=0.999998 train_r2=1.000000 test_r2=0.999640 complexity=58 evals=2000004
       Livermore-1 run=19 seed=3003924095 time=7.743s reward=1.000000 train_r2=1.000000 test_r2=1.000000 complexity=7 evals=4655
       Livermore-6 run=19 seed=3003924095 time=1.693s reward=1.000000 train_r2=1.000000 test_r2=1.000000 complexity=20 evals=18813
       Livermore-7 run=19 seed=3003924095 time=1.036s reward=1.000000 train_r2=1.000000 test_r2=1.000000 complexity=13 evals=12791
       Livermore-8 run=19 seed=3003924095 time=2.876s reward=1.000000 train_r2=1.000000 test_r2=1.000000 complexity=13 evals=28458
      Livermore-19 run=18 seed=3334804072 time=33.595s reward=1.000000 train_r2=1.000000 test_r2=1.000000 complexity=15 evals=223783
      Livermore-21 run=10 seed=2437489881 time=361.893s reward=0.999962 train_r2=1.000000 test_r2=1.000000 complexity=35 evals=2000002
      Livermore-10 run=19 seed=3003924095 time=0.216s reward=1.000000 train_r2=1.000000 test_r2=1.000000 complexity=6 evals=3574
      Livermore-11 run=19 seed=3003924095 time=1.171s reward=1.000000 train_r2=1.000000 test_r2=1.000000 complexity=14 evals=13370
      Livermore-13 run=19 seed=3003924095 time=0.193s reward=1.000000 train_r2=1.000000 test_r2=1.000000 complexity=3 evals=2372
       Livermore-9 run=12 seed=1677402687 time=339.997s reward=0.999934 train_r2=1.000000 test_r2=0.999996 complexity=33 evals=2000001
      Livermore-15 run=19 seed=3003924095 time=0.072s reward=1.000000 train_r2=1.000000 test_r2=1.000000 complexity=5 evals=1048
      Livermore-16 run=19 seed=3003924095 time=0.139s reward=1.000000 train_r2=1.000000 test_r2=1.000000 complexity=7 evals=1785
      Livermore-17 run=19 seed=3003924095 time=0.424s reward=1.000000 train_r2=1.000000 test_r2=1.000000 complexity=6 evals=7280
       Livermore-4 run=19 seed=3003924095 time=15.840s reward=1.000000 train_r2=1.000000 test_r2=1.000000 complexity=11 evals=111948
      Livermore-14 run=13 seed=310923819 time=330.012s reward=0.999996 train_r2=1.000000 test_r2=1.000000 complexity=29 evals=2000002
      Livermore-20 run=19 seed=3003924095 time=0.013s reward=1.000000 train_r2=1.000000 test_r2=1.000000 complexity=6 evals=264
      Livermore-19 run=19 seed=3003924095 time=4.396s reward=1.000000 train_r2=1.000000 test_r2=1.000000 complexity=12 evals=40328
      Livermore-18 run=19 seed=3003924095 time=4.704s reward=0.999999 train_r2=1.000000 test_r2=1.000000 complexity=11 evals=39475
      Livermore-22 run=19 seed=3003924095 time=0.005s reward=1.000000 train_r2=1.000000 test_r2=1.000000 complexity=8 evals=116
      Livermore-12 run=19 seed=3003924095 time=10.645s reward=1.000000 train_r2=1.000000 test_r2=1.000000 complexity=18 evals=65344
       Livermore-2 run=20 seed=938757074 time=1.996s reward=1.000000 train_r2=1.000000 test_r2=1.000000 complexity=11 evals=17971
       Livermore-4 run=20 seed=938757074 time=0.352s reward=1.000000 train_r2=1.000000 test_r2=1.000000 complexity=11 evals=3877
       Livermore-3 run=18 seed=3334804072 time=110.391s reward=1.000000 train_r2=1.000000 test_r2=1.000000 complexity=18 evals=590988
       Livermore-5 run=20 seed=938757074 time=3.436s reward=1.000000 train_r2=1.000000 test_r2=1.000000 complexity=15 evals=40830
       Livermore-6 run=20 seed=938757074 time=3.585s reward=1.000000 train_r2=1.000000 test_r2=1.000000 complexity=17 evals=28728
       Livermore-1 run=20 seed=938757074 time=7.364s reward=1.000000 train_r2=1.000000 test_r2=1.000000 complexity=11 evals=4419
       Livermore-8 run=20 seed=938757074 time=0.360s reward=1.000000 train_r2=1.000000 test_r2=1.000000 complexity=13 evals=4306
       Livermore-5 run=19 seed=3003924095 time=26.344s reward=1.000000 train_r2=1.000000 test_r2=1.000000 complexity=35 evals=214948
      Livermore-10 run=20 seed=938757074 time=1.288s reward=1.000000 train_r2=1.000000 test_r2=1.000000 complexity=10 evals=16254
       Livermore-7 run=20 seed=938757074 time=3.329s reward=1.000000 train_r2=1.000000 test_r2=1.000000 complexity=18 evals=31379
      Livermore-13 run=20 seed=938757074 time=0.045s reward=1.000000 train_r2=1.000000 test_r2=1.000000 complexity=5 evals=500
      Livermore-11 run=20 seed=938757074 time=1.339s reward=1.000000 train_r2=1.000000 test_r2=1.000000 complexity=12 evals=17538
      Livermore-15 run=20 seed=938757074 time=0.011s reward=1.000000 train_r2=1.000000 test_r2=1.000000 complexity=5 evals=170
      Livermore-16 run=20 seed=938757074 time=0.298s reward=1.000000 train_r2=1.000000 test_r2=1.000000 complexity=7 evals=3511
      Livermore-14 run=14 seed=1777581980 time=330.519s reward=0.999999 train_r2=1.000000 test_r2=1.000000 complexity=44 evals=2000001
      Livermore-17 run=20 seed=938757074 time=1.386s reward=1.000000 train_r2=1.000000 test_r2=1.000000 complexity=8 evals=18244
      Livermore-18 run=20 seed=938757074 time=0.946s reward=0.999999 train_r2=1.000000 test_r2=1.000000 complexity=14 evals=8187
      Livermore-20 run=20 seed=938757074 time=0.099s reward=1.000000 train_r2=1.000000 test_r2=1.000000 complexity=6 evals=1540
      Livermore-21 run=12 seed=1677402687 time=355.310s reward=0.999931 train_r2=1.000000 test_r2=0.999999 complexity=37 evals=2000002
      Livermore-22 run=20 seed=938757074 time=0.033s reward=1.000000 train_r2=1.000000 test_r2=1.000000 complexity=8 evals=539
       Livermore-9 run=13 seed=310923819 time=351.383s reward=0.999908 train_r2=1.000000 test_r2=0.999996 complexity=41 evals=2000003
       Livermore-2 run=21 seed=3434952867 time=0.986s reward=1.000000 train_r2=1.000000 test_r2=1.000000 complexity=9 evals=10190
      Livermore-19 run=20 seed=938757074 time=9.108s reward=1.000000 train_r2=1.000000 test_r2=1.000000 complexity=21 evals=70114
       Livermore-3 run=10 seed=2437489881 time=413.392s reward=0.999902 train_r2=1.000000 test_r2=1.000000 complexity=51 evals=2000000
       Livermore-1 run=21 seed=3434952867 time=11.388s reward=1.000000 train_r2=1.000000 test_r2=1.000000 complexity=11 evals=7027
       Livermore-4 run=21 seed=3434952867 time=7.468s reward=1.000000 train_r2=1.000000 test_r2=1.000000 complexity=15 evals=56445
       Livermore-7 run=21 seed=3434952867 time=0.036s reward=1.000000 train_r2=1.000000 test_r2=1.000000 complexity=11 evals=691
       Livermore-6 run=21 seed=3434952867 time=0.733s reward=1.000000 train_r2=1.000000 test_r2=1.000000 complexity=14 evals=8347
       Livermore-3 run=11 seed=2218870180 time=392.265s reward=0.999988 train_r2=1.000000 test_r2=0.999076 complexity=47 evals=2000004
      Livermore-10 run=21 seed=3434952867 time=0.230s reward=1.000000 train_r2=1.000000 test_r2=1.000000 complexity=6 evals=4069
       Livermore-8 run=21 seed=3434952867 time=0.717s reward=1.000000 train_r2=1.000000 test_r2=1.000000 complexity=12 evals=8632
      Livermore-21 run=13 seed=310923819 time=357.717s reward=0.999956 train_r2=1.000000 test_r2=0.999999 complexity=27 evals=2000000
      Livermore-13 run=21 seed=3434952867 time=0.079s reward=1.000000 train_r2=1.000000 test_r2=1.000000 complexity=5 evals=878
      Livermore-11 run=21 seed=3434952867 time=1.372s reward=1.000000 train_r2=1.000000 test_r2=1.000000 complexity=17 evals=15957
      Livermore-15 run=21 seed=3434952867 time=0.005s reward=1.000000 train_r2=1.000000 test_r2=1.000000 complexity=5 evals=69
      Livermore-16 run=21 seed=3434952867 time=0.013s reward=1.000000 train_r2=1.000000 test_r2=1.000000 complexity=3 evals=199
      Livermore-17 run=21 seed=3434952867 time=0.745s reward=1.000000 train_r2=1.000000 test_r2=1.000000 complexity=6 evals=11788
      Livermore-18 run=21 seed=3434952867 time=0.033s reward=0.999999 train_r2=1.000000 test_r2=1.000000 complexity=9 evals=367
      Livermore-19 run=21 seed=3434952867 time=1.788s reward=1.000000 train_r2=1.000000 test_r2=1.000000 complexity=13 evals=19502
      Livermore-20 run=21 seed=3434952867 time=0.028s reward=1.000000 train_r2=1.000000 test_r2=1.000000 complexity=10 evals=469
       Livermore-3 run=14 seed=1777581980 time=362.103s reward=0.999911 train_r2=1.000000 test_r2=0.999999 complexity=39 evals=2000001
      Livermore-22 run=21 seed=3434952867 time=0.004s reward=1.000000 train_r2=1.000000 test_r2=1.000000 complexity=6 evals=66
       Livermore-3 run=13 seed=310923819 time=378.990s reward=0.999988 train_r2=1.000000 test_r2=1.000000 complexity=37 evals=2000000
       Livermore-9 run=14 seed=1777581980 time=362.633s reward=0.999933 train_r2=1.000000 test_r2=0.999998 complexity=42 evals=2000006
      Livermore-21 run=14 seed=1777581980 time=359.851s reward=0.999944 train_r2=1.000000 test_r2=0.999994 complexity=26 evals=2000004
       Livermore-2 run=22 seed=2073228580 time=7.077s reward=1.000000 train_r2=1.000000 test_r2=1.000000 complexity=17 evals=57387
       Livermore-1 run=22 seed=2073228580 time=12.130s reward=1.000000 train_r2=1.000000 test_r2=1.000000 complexity=9 evals=8016
       Livermore-5 run=21 seed=3434952867 time=22.834s reward=1.000000 train_r2=1.000000 test_r2=1.000000 complexity=41 evals=186925
       Livermore-6 run=22 seed=2073228580 time=1.239s reward=1.000000 train_r2=1.000000 test_r2=1.000000 complexity=14 evals=12788
       Livermore-8 run=22 seed=2073228580 time=0.852s reward=1.000000 train_r2=1.000000 test_r2=1.000000 complexity=11 evals=9804
       Livermore-7 run=22 seed=2073228580 time=1.759s reward=1.000000 train_r2=1.000000 test_r2=1.000000 complexity=15 evals=18347
      Livermore-10 run=22 seed=2073228580 time=0.252s reward=1.000000 train_r2=1.000000 test_r2=1.000000 complexity=6 evals=4398
      Livermore-12 run=20 seed=938757074 time=43.902s reward=1.000000 train_r2=1.000000 test_r2=1.000000 complexity=15 evals=262677
      Livermore-11 run=22 seed=2073228580 time=1.445s reward=1.000000 train_r2=1.000000 test_r2=1.000000 complexity=13 evals=18969
      Livermore-13 run=22 seed=2073228580 time=0.033s reward=1.000000 train_r2=1.000000 test_r2=1.000000 complexity=3 evals=443
       Livermore-9 run=15 seed=354449225 time=358.086s reward=0.999949 train_r2=1.000000 test_r2=0.999929 complexity=51 evals=2000007
      Livermore-15 run=22 seed=2073228580 time=0.008s reward=1.000000 train_r2=1.000000 test_r2=1.000000 complexity=5 evals=135
      Livermore-16 run=22 seed=2073228580 time=0.034s reward=1.000000 train_r2=1.000000 test_r2=1.000000 complexity=3 evals=426
       Livermore-5 run=22 seed=2073228580 time=8.180s reward=1.000000 train_r2=1.000000 test_r2=1.000000 complexity=16 evals=86748
      Livermore-17 run=22 seed=2073228580 time=0.186s reward=1.000000 train_r2=1.000000 test_r2=1.000000 complexity=6 evals=3650
      Livermore-12 run=22 seed=2073228580 time=4.039s reward=1.000000 train_r2=1.000000 test_r2=1.000000 complexity=8 evals=24897
      Livermore-20 run=22 seed=2073228580 time=0.077s reward=1.000000 train_r2=1.000000 test_r2=1.000000 complexity=16 evals=1353
      Livermore-19 run=22 seed=2073228580 time=2.000s reward=1.000000 train_r2=1.000000 test_r2=1.000000 complexity=13 evals=19954
      Livermore-22 run=22 seed=2073228580 time=0.193s reward=1.000000 train_r2=1.000000 test_r2=1.000000 complexity=6 evals=2905
      Livermore-18 run=22 seed=2073228580 time=3.323s reward=0.999999 train_r2=1.000000 test_r2=1.000000 complexity=14 evals=26736
      Livermore-14 run=18 seed=3334804072 time=124.139s reward=1.000000 train_r2=1.000000 test_r2=1.000000 complexity=24 evals=785951
      Livermore-12 run=21 seed=3434952867 time=34.142s reward=1.000000 train_r2=1.000000 test_r2=1.000000 complexity=8 evals=190433
       Livermore-1 run=23 seed=1668493585 time=5.806s reward=1.000000 train_r2=1.000000 test_r2=1.000000 complexity=9 evals=3812
       Livermore-2 run=23 seed=1668493585 time=6.385s reward=1.000000 train_r2=1.000000 test_r2=1.000000 complexity=12 evals=49089
       Livermore-5 run=23 seed=1668493585 time=3.962s reward=1.000000 train_r2=1.000000 test_r2=1.000000 complexity=16 evals=48177
       Livermore-7 run=23 seed=1668493585 time=1.431s reward=1.000000 train_r2=1.000000 test_r2=1.000000 complexity=13 evals=16867
       Livermore-6 run=23 seed=1668493585 time=4.017s reward=1.000000 train_r2=1.000000 test_r2=1.000000 complexity=13 evals=34873
       Livermore-8 run=23 seed=1668493585 time=1.168s reward=1.000000 train_r2=1.000000 test_r2=1.000000 complexity=13 evals=13272
       Livermore-4 run=22 seed=2073228580 time=22.496s reward=1.000000 train_r2=1.000000 test_r2=1.000000 complexity=40 evals=156437
      Livermore-10 run=23 seed=1668493585 time=0.519s reward=1.000000 train_r2=1.000000 test_r2=1.000000 complexity=8 evals=8164
      Livermore-21 run=15 seed=354449225 time=356.628s reward=0.999956 train_r2=1.000000 test_r2=0.999998 complexity=44 evals=2000003
      Livermore-13 run=23 seed=1668493585 time=0.131s reward=1.000000 train_r2=1.000000 test_r2=1.000000 complexity=3 evals=1696
      Livermore-11 run=23 seed=1668493585 time=3.127s reward=1.000000 train_r2=1.000000 test_r2=1.000000 complexity=15 evals=22258
      Livermore-15 run=23 seed=1668493585 time=0.064s reward=1.000000 train_r2=1.000000 test_r2=1.000000 complexity=3 evals=922
      Livermore-16 run=23 seed=1668493585 time=0.667s reward=1.000000 train_r2=1.000000 test_r2=1.000000 complexity=3 evals=7355
      Livermore-17 run=23 seed=1668493585 time=0.625s reward=1.000000 train_r2=1.000000 test_r2=1.000000 complexity=8 evals=9930
       Livermore-4 run=23 seed=1668493585 time=15.283s reward=1.000000 train_r2=1.000000 test_r2=1.000000 complexity=11 evals=102393
      Livermore-14 run=16 seed=1949615811 time=322.068s reward=0.999998 train_r2=1.000000 test_r2=1.000000 complexity=39 evals=2000003
      Livermore-20 run=23 seed=1668493585 time=0.019s reward=1.000000 train_r2=1.000000 test_r2=1.000000 complexity=6 evals=359
      Livermore-12 run=23 seed=1668493585 time=8.157s reward=1.000000 train_r2=1.000000 test_r2=1.000000 complexity=8 evals=51237
      Livermore-22 run=23 seed=1668493585 time=0.025s reward=1.000000 train_r2=1.000000 test_r2=1.000000 complexity=8 evals=407
       Livermore-9 run=16 seed=1949615811 time=336.930s reward=0.999947 train_r2=1.000000 test_r2=0.855034 complexity=39 evals=2000003
       Livermore-3 run=15 seed=354449225 time=392.579s reward=0.999929 train_r2=1.000000 test_r2=1.000000 complexity=23 evals=2000002
      Livermore-18 run=23 seed=1668493585 time=7.384s reward=0.999999 train_r2=1.000000 test_r2=1.000000 complexity=12 evals=53298
       Livermore-2 run=24 seed=3850872759 time=2.105s reward=1.000000 train_r2=1.000000 test_r2=1.000000 complexity=10 evals=20286
       Livermore-1 run=24 seed=3850872759 time=4.968s reward=1.000000 train_r2=1.000000 test_r2=1.000000 complexity=13 evals=3083
       Livermore-6 run=24 seed=3850872759 time=1.188s reward=1.000000 train_r2=1.000000 test_r2=1.000000 complexity=13 evals=12290
       Livermore-7 run=24 seed=3850872759 time=1.168s reward=1.000000 train_r2=1.000000 test_r2=1.000000 complexity=13 evals=15300
       Livermore-8 run=24 seed=3850872759 time=1.079s reward=1.000000 train_r2=1.000000 test_r2=1.000000 complexity=11 evals=13241
       Livermore-4 run=24 seed=3850872759 time=5.977s reward=1.000000 train_r2=1.000000 test_r2=1.000000 complexity=15 evals=42880
      Livermore-10 run=24 seed=3850872759 time=0.460s reward=1.000000 train_r2=1.000000 test_r2=1.000000 complexity=6 evals=7356
      Livermore-19 run=23 seed=1668493585 time=11.946s reward=1.000000 train_r2=1.000000 test_r2=1.000000 complexity=17 evals=88599
       Livermore-5 run=24 seed=3850872759 time=7.943s reward=1.000000 train_r2=1.000000 test_r2=1.000000 complexity=20 evals=79649
      Livermore-13 run=24 seed=3850872759 time=0.051s reward=1.000000 train_r2=1.000000 test_r2=1.000000 complexity=5 evals=567
      Livermore-11 run=24 seed=3850872759 time=3.739s reward=1.000000 train_r2=1.000000 test_r2=1.000000 complexity=13 evals=30394
      Livermore-15 run=24 seed=3850872759 time=0.026s reward=1.000000 train_r2=1.000000 test_r2=1.000000 complexity=5 evals=349
      Livermore-16 run=24 seed=3850872759 time=0.134s reward=1.000000 train_r2=1.000000 test_r2=1.000000 complexity=5 evals=1617
      Livermore-17 run=24 seed=3850872759 time=0.289s reward=1.000000 train_r2=1.000000 test_r2=1.000000 complexity=6 evals=4991
      Livermore-18 run=24 seed=3850872759 time=2.081s reward=0.999999 train_r2=1.000000 test_r2=1.000000 complexity=9 evals=19885
      Livermore-19 run=24 seed=3850872759 time=0.866s reward=1.000000 train_r2=1.000000 test_r2=1.000000 complexity=18 evals=10656
      Livermore-20 run=24 seed=3850872759 time=0.153s reward=1.000000 train_r2=1.000000 test_r2=1.000000 complexity=6 evals=2584
      Livermore-12 run=24 seed=3850872759 time=9.512s reward=1.000000 train_r2=1.000000 test_r2=1.000000 complexity=8 evals=57842
      Livermore-22 run=24 seed=3850872759 time=0.106s reward=1.000000 train_r2=1.000000 test_r2=1.000000 complexity=8 evals=1722
       Livermore-1 run=25 seed=2537996840 time=10.384s reward=1.000000 train_r2=1.000000 test_r2=1.000000 complexity=11 evals=7146
       Livermore-2 run=25 seed=2537996840 time=4.056s reward=1.000000 train_r2=1.000000 test_r2=1.000000 complexity=9 evals=34337
      Livermore-14 run=24 seed=3850872759 time=33.114s reward=1.000000 train_r2=1.000000 test_r2=1.000000 complexity=17 evals=220445
      Livermore-21 run=16 seed=1949615811 time=369.185s reward=0.999985 train_r2=1.000000 test_r2=0.999287 complexity=29 evals=2000001
       Livermore-3 run=22 seed=2073228580 time=91.249s reward=1.000000 train_r2=1.000000 test_r2=1.000000 complexity=18 evals=473029
       Livermore-5 run=25 seed=2537996840 time=4.766s reward=1.000000 train_r2=1.000000 test_r2=1.000000 complexity=18 evals=54074
       Livermore-7 run=25 seed=2537996840 time=0.742s reward=1.000000 train_r2=1.000000 test_r2=1.000000 complexity=11 evals=9180
       Livermore-6 run=25 seed=2537996840 time=2.144s reward=1.000000 train_r2=1.000000 test_r2=1.000000 complexity=15 evals=21592
       Livermore-8 run=25 seed=2537996840 time=3.162s reward=1.000000 train_r2=1.000000 test_r2=1.000000 complexity=13 evals=32411
      Livermore-10 run=25 seed=2537996840 time=0.354s reward=1.000000 train_r2=1.000000 test_r2=1.000000 complexity=8 evals=6380
      Livermore-14 run=17 seed=2845477618 time=331.543s reward=0.999998 train_r2=1.000000 test_r2=1.000000 complexity=23 evals=2000004
      Livermore-11 run=25 seed=2537996840 time=4.268s reward=1.000000 train_r2=1.000000 test_r2=1.000000 complexity=16 evals=37371
      Livermore-13 run=25 seed=2537996840 time=0.028s reward=1.000000 train_r2=1.000000 test_r2=1.000000 complexity=3 evals=477
       Livermore-4 run=25 seed=2537996840 time=20.708s reward=1.000000 train_r2=1.000000 test_r2=0.999991 complexity=50 evals=143008
      Livermore-15 run=25 seed=2537996840 time=0.153s reward=1.000000 train_r2=1.000000 test_r2=1.000000 complexity=3 evals=1953
      Livermore-16 run=25 seed=2537996840 time=0.025s reward=1.000000 train_r2=1.000000 test_r2=1.000000 complexity=3 evals=402
      Livermore-17 run=25 seed=2537996840 time=0.679s reward=1.000000 train_r2=1.000000 test_r2=1.000000 complexity=10 evals=11142
      Livermore-18 run=25 seed=2537996840 time=0.421s reward=0.999999 train_r2=1.000000 test_r2=1.000000 complexity=9 evals=4493
      Livermore-19 run=25 seed=2537996840 time=2.901s reward=1.000000 train_r2=1.000000 test_r2=1.000000 complexity=18 evals=29041
      Livermore-20 run=25 seed=2537996840 time=0.003s reward=1.000000 train_r2=1.000000 test_r2=1.000000 complexity=8 evals=52
      Livermore-12 run=25 seed=2537996840 time=12.601s reward=1.000000 train_r2=1.000000 test_r2=1.000000 complexity=8 evals=66926
      Livermore-22 run=25 seed=2537996840 time=0.095s reward=1.000000 train_r2=1.000000 test_r2=1.000000 complexity=6 evals=1573
       Livermore-1 run=26 seed=3995401709 time=7.238s reward=1.000000 train_r2=1.000000 test_r2=1.000000 complexity=7 evals=4249
       Livermore-2 run=26 seed=3995401709 time=3.865s reward=1.000000 train_r2=1.000000 test_r2=1.000000 complexity=16 evals=34094
       Livermore-3 run=17 seed=2845477618 time=375.133s reward=0.999956 train_r2=1.000000 test_r2=1.000000 complexity=31 evals=2000002
       Livermore-9 run=17 seed=2845477618 time=364.081s reward=0.999953 train_r2=1.000000 test_r2=1.000000 complexity=43 evals=2000004
       Livermore-3 run=20 seed=938757074 time=174.669s reward=1.000000 train_r2=1.000000 test_r2=1.000000 complexity=26 evals=896096
       Livermore-6 run=26 seed=3995401709 time=0.742s reward=1.000000 train_r2=1.000000 test_r2=1.000000 complexity=15 evals=8483
       Livermore-5 run=26 seed=3995401709 time=8.193s reward=1.000000 train_r2=1.000000 test_r2=1.000000 complexity=27 evals=79507
       Livermore-8 run=26 seed=3995401709 time=1.130s reward=1.000000 train_r2=1.000000 test_r2=1.000000 complexity=22 evals=13225
       Livermore-7 run=26 seed=3995401709 time=3.621s reward=1.000000 train_r2=1.000000 test_r2=1.000000 complexity=17 evals=36030
      Livermore-10 run=26 seed=3995401709 time=1.417s reward=1.000000 train_r2=1.000000 test_r2=1.000000 complexity=6 evals=18918
      Livermore-11 run=26 seed=3995401709 time=3.305s reward=1.000000 train_r2=1.000000 test_r2=1.000000 complexity=13 evals=28235
       Livermore-4 run=26 seed=3995401709 time=20.048s reward=1.000000 train_r2=1.000000 test_r2=1.000000 complexity=11 evals=137805
      Livermore-13 run=26 seed=3995401709 time=0.377s reward=1.000000 train_r2=1.000000 test_r2=1.000000 complexity=5 evals=4067
      Livermore-14 run=25 seed=2537996840 time=46.630s reward=1.000000 train_r2=1.000000 test_r2=1.000000 complexity=22 evals=310545
      Livermore-15 run=26 seed=3995401709 time=0.028s reward=1.000000 train_r2=1.000000 test_r2=1.000000 complexity=5 evals=388
      Livermore-16 run=26 seed=3995401709 time=0.289s reward=1.000000 train_r2=1.000000 test_r2=1.000000 complexity=3 evals=3511
      Livermore-17 run=26 seed=3995401709 time=1.192s reward=1.000000 train_r2=1.000000 test_r2=1.000000 complexity=6 evals=17940
      Livermore-18 run=26 seed=3995401709 time=0.951s reward=0.999999 train_r2=1.000000 test_r2=1.000000 complexity=13 evals=9386
      Livermore-19 run=26 seed=3995401709 time=10.602s reward=1.000000 train_r2=1.000000 test_r2=1.000000 complexity=12 evals=80683
      Livermore-20 run=26 seed=3995401709 time=0.033s reward=1.000000 train_r2=1.000000 test_r2=1.000000 complexity=8 evals=509
       Livermore-3 run=19 seed=3003924095 time=240.434s reward=1.000000 train_r2=1.000000 test_r2=1.000000 complexity=13 evals=1307103
      Livermore-22 run=26 seed=3995401709 time=0.088s reward=1.000000 train_r2=1.000000 test_r2=1.000000 complexity=6 evals=1441
       Livermore-1 run=27 seed=3994838759 time=8.011s reward=1.000000 train_r2=1.000000 test_r2=1.000000 complexity=11 evals=4714
      Livermore-21 run=17 seed=2845477618 time=362.817s reward=0.999977 train_r2=1.000000 test_r2=1.000000 complexity=34 evals=2000003
       Livermore-3 run=27 seed=3994838759 time=3.936s reward=1.000000 train_r2=1.000000 test_r2=1.000000 complexity=13 evals=32066
       Livermore-2 run=27 seed=3994838759 time=12.985s reward=1.000000 train_r2=1.000000 test_r2=1.000000 complexity=10 evals=93076
       Livermore-5 run=27 seed=3994838759 time=4.528s reward=1.000000 train_r2=1.000000 test_r2=1.000000 complexity=18 evals=50811
       Livermore-6 run=27 seed=3994838759 time=1.334s reward=1.000000 train_r2=1.000000 test_r2=1.000000 complexity=15 evals=14220
      Livermore-12 run=26 seed=3995401709 time=58.144s reward=1.000000 train_r2=1.000000 test_r2=0.999976 complexity=27 evals=330181
       Livermore-7 run=27 seed=3994838759 time=3.146s reward=1.000000 train_r2=1.000000 test_r2=1.000000 complexity=20 evals=34072
       Livermore-8 run=27 seed=3994838759 time=2.401s reward=1.000000 train_r2=1.000000 test_r2=1.000000 complexity=21 evals=24685
      Livermore-10 run=27 seed=3994838759 time=0.887s reward=1.000000 train_r2=1.000000 test_r2=1.000000 complexity=6 evals=12501
       Livermore-4 run=27 seed=3994838759 time=15.009s reward=1.000000 train_r2=1.000000 test_r2=1.000000 complexity=16 evals=104473
      Livermore-11 run=27 seed=3994838759 time=2.307s reward=1.000000 train_r2=1.000000 test_r2=1.000000 complexity=15 evals=22282
      Livermore-13 run=27 seed=3994838759 time=0.057s reward=1.000000 train_r2=1.000000 test_r2=1.000000 complexity=3 evals=712
      Livermore-14 run=27 seed=3994838759 time=28.797s reward=1.000000 train_r2=1.000000 test_r2=1.000000 complexity=15 evals=202340
      Livermore-15 run=27 seed=3994838759 time=0.132s reward=1.000000 train_r2=1.000000 test_r2=1.000000 complexity=5 evals=1604
      Livermore-16 run=27 seed=3994838759 time=0.133s reward=1.000000 train_r2=1.000000 test_r2=1.000000 complexity=5 evals=1575
      Livermore-17 run=27 seed=3994838759 time=0.829s reward=1.000000 train_r2=1.000000 test_r2=1.000000 complexity=6 evals=12859
      Livermore-18 run=27 seed=3994838759 time=0.217s reward=0.999999 train_r2=1.000000 test_r2=1.000000 complexity=9 evals=2467
       Livermore-9 run=18 seed=3334804072 time=369.378s reward=0.999785 train_r2=1.000000 test_r2=1.000000 complexity=53 evals=2000001
      Livermore-20 run=27 seed=3994838759 time=0.180s reward=1.000000 train_r2=1.000000 test_r2=1.000000 complexity=6 evals=2587
      Livermore-19 run=27 seed=3994838759 time=8.376s reward=1.000000 train_r2=1.000000 test_r2=1.000000 complexity=17 evals=66602
      Livermore-22 run=27 seed=3994838759 time=0.133s reward=1.000000 train_r2=1.000000 test_r2=1.000000 complexity=6 evals=1847
       Livermore-1 run=28 seed=861316294 time=8.342s reward=1.000000 train_r2=1.000000 test_r2=1.000000 complexity=11 evals=5540
       Livermore-2 run=28 seed=861316294 time=2.521s reward=1.000000 train_r2=1.000000 test_r2=1.000000 complexity=12 evals=21810
      Livermore-14 run=19 seed=3003924095 time=320.258s reward=0.999993 train_r2=1.000000 test_r2=1.000000 complexity=30 evals=2000004
      Livermore-14 run=26 seed=3995401709 time=137.691s reward=1.000000 train_r2=1.000000 test_r2=1.000000 complexity=32 evals=944910
      Livermore-21 run=18 seed=3334804072 time=370.929s reward=0.999908 train_r2=1.000000 test_r2=1.000000 complexity=54 evals=2000001
       Livermore-4 run=28 seed=861316294 time=20.938s reward=1.000000 train_r2=1.000000 test_r2=1.000000 complexity=15 evals=147952
       Livermore-5 run=28 seed=861316294 time=7.292s reward=1.000000 train_r2=1.000000 test_r2=1.000000 complexity=36 evals=70352
       Livermore-8 run=28 seed=861316294 time=0.141s reward=1.000000 train_r2=1.000000 test_r2=1.000000 complexity=13 evals=1834
       Livermore-7 run=28 seed=861316294 time=1.012s reward=1.000000 train_r2=1.000000 test_r2=1.000000 complexity=14 evals=11902
      Livermore-10 run=28 seed=861316294 time=0.590s reward=1.000000 train_r2=1.000000 test_r2=1.000000 complexity=6 evals=9476
       Livermore-6 run=28 seed=861316294 time=4.097s reward=1.000000 train_r2=1.000000 test_r2=1.000000 complexity=16 evals=35272
      Livermore-11 run=28 seed=861316294 time=1.978s reward=1.000000 train_r2=1.000000 test_r2=1.000000 complexity=14 evals=18798
      Livermore-13 run=28 seed=861316294 time=0.055s reward=1.000000 train_r2=1.000000 test_r2=1.000000 complexity=3 evals=642
      Livermore-14 run=20 seed=938757074 time=331.394s reward=0.999992 train_r2=1.000000 test_r2=1.000000 complexity=32 evals=2000009
      Livermore-15 run=28 seed=861316294 time=0.243s reward=1.000000 train_r2=1.000000 test_r2=1.000000 complexity=3 evals=2892
      Livermore-16 run=28 seed=861316294 time=0.135s reward=1.000000 train_r2=1.000000 test_r2=1.000000 complexity=3 evals=1647
      Livermore-21 run=19 seed=3003924095 time=343.136s reward=0.999877 train_r2=1.000000 test_r2=0.994470 complexity=38 evals=2000000
      Livermore-17 run=28 seed=861316294 time=1.421s reward=1.000000 train_r2=1.000000 test_r2=1.000000 complexity=8 evals=20282
      Livermore-14 run=21 seed=3434952867 time=318.536s reward=0.999999 train_r2=1.000000 test_r2=1.000000 complexity=25 evals=2000000
      Livermore-20 run=28 seed=861316294 time=0.120s reward=1.000000 train_r2=1.000000 test_r2=1.000000 complexity=6 evals=1959
      Livermore-19 run=28 seed=861316294 time=7.791s reward=1.000000 train_r2=1.000000 test_r2=1.000000 complexity=10 evals=63275
      Livermore-22 run=28 seed=861316294 time=0.099s reward=1.000000 train_r2=1.000000 test_r2=1.000000 complexity=8 evals=1944
       Livermore-9 run=19 seed=3003924095 time=368.231s reward=0.999923 train_r2=1.000000 test_r2=0.941759 complexity=46 evals=2000000
       Livermore-1 run=29 seed=2169555080 time=11.486s reward=1.000000 train_r2=1.000000 test_r2=1.000000 complexity=9 evals=7396
       Livermore-2 run=29 seed=2169555080 time=5.373s reward=1.000000 train_r2=1.000000 test_r2=1.000000 complexity=35 evals=43471
      Livermore-12 run=28 seed=861316294 time=40.030s reward=1.000000 train_r2=1.000000 test_r2=0.999987 complexity=23 evals=213756
       Livermore-9 run=21 seed=3434952867 time=347.625s reward=0.999944 train_r2=1.000000 test_r2=0.998522 complexity=41 evals=2000002
       Livermore-9 run=20 seed=938757074 time=368.470s reward=0.999869 train_r2=1.000000 test_r2=1.000000 complexity=37 evals=2000004
       Livermore-7 run=29 seed=2169555080 time=0.648s reward=1.000000 train_r2=1.000000 test_r2=1.000000 complexity=4 evals=8117
       Livermore-8 run=29 seed=2169555080 time=0.663s reward=1.000000 train_r2=1.000000 test_r2=1.000000 complexity=11 evals=7515
       Livermore-6 run=29 seed=2169555080 time=2.001s reward=1.000000 train_r2=1.000000 test_r2=1.000000 complexity=18 evals=19941
      Livermore-10 run=29 seed=2169555080 time=0.106s reward=0.999999 train_r2=1.000000 test_r2=1.000000 complexity=39 evals=2074
       Livermore-5 run=29 seed=2169555080 time=5.006s reward=1.000000 train_r2=1.000000 test_r2=1.000000 complexity=18 evals=55161
      Livermore-21 run=20 seed=938757074 time=367.173s reward=0.999937 train_r2=1.000000 test_r2=1.000000 complexity=35 evals=2000002
      Livermore-13 run=29 seed=2169555080 time=0.046s reward=1.000000 train_r2=1.000000 test_r2=1.000000 complexity=3 evals=631
      Livermore-11 run=29 seed=2169555080 time=2.560s reward=1.000000 train_r2=1.000000 test_r2=1.000000 complexity=13 evals=21738
      Livermore-15 run=29 seed=2169555080 time=0.135s reward=1.000000 train_r2=1.000000 test_r2=1.000000 complexity=3 evals=1642
      Livermore-16 run=29 seed=2169555080 time=0.029s reward=1.000000 train_r2=1.000000 test_r2=1.000000 complexity=3 evals=392
      Livermore-17 run=29 seed=2169555080 time=0.752s reward=1.000000 train_r2=1.000000 test_r2=1.000000 complexity=8 evals=11458
      Livermore-14 run=22 seed=2073228580 time=328.343s reward=0.999994 train_r2=1.000000 test_r2=1.000000 complexity=32 evals=2000003
       Livermore-4 run=29 seed=2169555080 time=19.884s reward=1.000000 train_r2=1.000000 test_r2=1.000000 complexity=13 evals=145490
      Livermore-20 run=29 seed=2169555080 time=0.126s reward=1.000000 train_r2=1.000000 test_r2=1.000000 complexity=6 evals=2142
      Livermore-19 run=29 seed=2169555080 time=2.342s reward=1.000000 train_r2=1.000000 test_r2=1.000000 complexity=17 evals=23879
      Livermore-22 run=29 seed=2169555080 time=0.015s reward=1.000000 train_r2=1.000000 test_r2=1.000000 complexity=6 evals=247
      Livermore-21 run=21 seed=3434952867 time=355.844s reward=0.999970 train_r2=1.000000 test_r2=0.999999 complexity=22 evals=2000005
       Livermore-1 run=30 seed=758553822 time=4.558s reward=1.000000 train_r2=1.000000 test_r2=1.000000 complexity=9 evals=2902
       Livermore-2 run=30 seed=758553822 time=0.827s reward=1.000000 train_r2=1.000000 test_r2=1.000000 complexity=11 evals=9401
      Livermore-14 run=23 seed=1668493585 time=319.435s reward=0.999995 train_r2=1.000000 test_r2=1.000000 complexity=23 evals=2000006
      Livermore-18 run=28 seed=861316294 time=49.945s reward=0.999999 train_r2=1.000000 test_r2=1.000000 complexity=29 evals=318230
       Livermore-6 run=30 seed=758553822 time=2.492s reward=1.000000 train_r2=1.000000 test_r2=1.000000 complexity=14 evals=22819
       Livermore-4 run=30 seed=758553822 time=5.981s reward=1.000000 train_r2=1.000000 test_r2=1.000000 complexity=13 evals=47629
       Livermore-7 run=30 seed=758553822 time=1.430s reward=1.000000 train_r2=1.000000 test_r2=1.000000 complexity=13 evals=16891
       Livermore-8 run=30 seed=758553822 time=0.915s reward=1.000000 train_r2=1.000000 test_r2=1.000000 complexity=6 evals=10703
       Livermore-3 run=21 seed=3434952867 time=377.757s reward=0.999954 train_r2=1.000000 test_r2=0.999997 complexity=29 evals=2000003
      Livermore-10 run=30 seed=758553822 time=2.274s reward=1.000000 train_r2=1.000000 test_r2=1.000000 complexity=6 evals=25412
      Livermore-18 run=29 seed=2169555080 time=17.834s reward=0.999999 train_r2=1.000000 test_r2=1.000000 complexity=13 evals=121070
      Livermore-11 run=30 seed=758553822 time=2.336s reward=1.000000 train_r2=1.000000 test_r2=1.000000 complexity=13 evals=20353
      Livermore-13 run=30 seed=758553822 time=0.075s reward=1.000000 train_r2=1.000000 test_r2=1.000000 complexity=5 evals=914
      Livermore-15 run=30 seed=758553822 time=0.256s reward=1.000000 train_r2=1.000000 test_r2=1.000000 complexity=3 evals=3136
      Livermore-16 run=30 seed=758553822 time=0.065s reward=1.000000 train_r2=1.000000 test_r2=1.000000 complexity=3 evals=785
      Livermore-17 run=30 seed=758553822 time=0.524s reward=1.000000 train_r2=1.000000 test_r2=1.000000 complexity=1 evals=8773
       Livermore-5 run=30 seed=758553822 time=10.617s reward=1.000000 train_r2=1.000000 test_r2=1.000000 complexity=18 evals=105300
      Livermore-18 run=30 seed=758553822 time=1.954s reward=0.999999 train_r2=1.000000 test_r2=1.000000 complexity=12 evals=17998
      Livermore-12 run=30 seed=758553822 time=4.215s reward=1.000000 train_r2=1.000000 test_r2=1.000000 complexity=8 evals=30022
      Livermore-20 run=30 seed=758553822 time=0.135s reward=1.000000 train_r2=0.969205 test_r2=0.970755 complexity=13 evals=2172
      Livermore-22 run=30 seed=758553822 time=0.115s reward=1.000000 train_r2=1.000000 test_r2=1.000000 complexity=8 evals=1893
       Livermore-1 run=31 seed=1393567789 time=2.425s reward=1.000000 train_r2=1.000000 test_r2=1.000000 complexity=9 evals=2018
      Livermore-21 run=22 seed=2073228580 time=349.296s reward=0.999982 train_r2=1.000000 test_r2=1.000000 complexity=24 evals=2000002
       Livermore-2 run=31 seed=1393567789 time=2.222s reward=1.000000 train_r2=1.000000 test_r2=1.000000 complexity=11 evals=21080
       Livermore-4 run=31 seed=1393567789 time=2.979s reward=1.000000 train_r2=1.000000 test_r2=1.000000 complexity=11 evals=26872
      Livermore-19 run=30 seed=758553822 time=11.691s reward=1.000000 train_r2=1.000000 test_r2=1.000000 complexity=24 evals=90797
      Livermore-14 run=29 seed=2169555080 time=35.522s reward=1.000000 train_r2=1.000000 test_r2=1.000000 complexity=17 evals=235433
      Livermore-12 run=27 seed=3994838759 time=167.037s reward=1.000000 train_r2=1.000000 test_r2=0.989338 complexity=27 evals=846231
       Livermore-7 run=31 seed=1393567789 time=0.516s reward=1.000000 train_r2=1.000000 test_r2=1.000000 complexity=15 evals=6723
       Livermore-9 run=22 seed=2073228580 time=365.907s reward=0.999864 train_r2=1.000000 test_r2=1.000000 complexity=35 evals=2000004
      Livermore-10 run=31 seed=1393567789 time=0.708s reward=0.999999 train_r2=1.000000 test_r2=1.000000 complexity=8 evals=10875
      Livermore-14 run=30 seed=758553822 time=18.359s reward=1.000000 train_r2=1.000000 test_r2=1.000000 complexity=26 evals=133576
       Livermore-6 run=31 seed=1393567789 time=3.980s reward=1.000000 train_r2=1.000000 test_r2=1.000000 complexity=20 evals=33718
      Livermore-13 run=31 seed=1393567789 time=0.232s reward=1.000000 train_r2=1.000000 test_r2=1.000000 complexity=5 evals=2776
      Livermore-11 run=31 seed=1393567789 time=1.407s reward=1.000000 train_r2=1.000000 test_r2=1.000000 complexity=13 evals=14494
      Livermore-15 run=31 seed=1393567789 time=0.370s reward=1.000000 train_r2=1.000000 test_r2=1.000000 complexity=3 evals=4401
      Livermore-16 run=31 seed=1393567789 time=0.056s reward=1.000000 train_r2=1.000000 test_r2=1.000000 complexity=5 evals=661
      Livermore-17 run=31 seed=1393567789 time=0.241s reward=1.000000 train_r2=1.000000 test_r2=1.000000 complexity=11 evals=4186
      Livermore-21 run=23 seed=1668493585 time=341.273s reward=0.999956 train_r2=1.000000 test_r2=1.000000 complexity=35 evals=2000002
       Livermore-8 run=31 seed=1393567789 time=4.484s reward=1.000000 train_r2=1.000000 test_r2=1.000000 complexity=17 evals=42559
      Livermore-20 run=31 seed=1393567789 time=0.042s reward=1.000000 train_r2=1.000000 test_r2=1.000000 complexity=8 evals=747
      Livermore-19 run=31 seed=1393567789 time=2.715s reward=1.000000 train_r2=1.000000 test_r2=1.000000 complexity=13 evals=25588
      Livermore-22 run=31 seed=1393567789 time=0.087s reward=1.000000 train_r2=1.000000 test_r2=1.000000 complexity=8 evals=1502
       Livermore-9 run=23 seed=1668493585 time=352.962s reward=0.999835 train_r2=1.000000 test_r2=1.000000 complexity=31 evals=2000007
       Livermore-9 run=24 seed=3850872759 time=333.217s reward=0.999802 train_r2=1.000000 test_r2=0.983333 complexity=48 evals=2000002
      Livermore-21 run=30 seed=758553822 time=21.454s reward=1.000000 train_r2=1.000000 test_r2=1.000000 complexity=17 evals=143700
       Livermore-1 run=32 seed=540967856 time=1.395s reward=1.000000 train_r2=1.000000 test_r2=1.000000 complexity=11 evals=1003
       Livermore-4 run=32 seed=540967856 time=0.298s reward=1.000000 train_r2=1.000000 test_r2=1.000000 complexity=13 evals=3463
       Livermore-5 run=31 seed=1393567789 time=15.068s reward=1.000000 train_r2=1.000000 test_r2=1.000000 complexity=34 evals=135214
       Livermore-7 run=32 seed=540967856 time=1.223s reward=1.000000 train_r2=1.000000 test_r2=1.000000 complexity=12 evals=14137
       Livermore-8 run=32 seed=540967856 time=0.012s reward=1.000000 train_r2=1.000000 test_r2=1.000000 complexity=11 evals=168
       Livermore-6 run=32 seed=540967856 time=3.498s reward=1.000000 train_r2=1.000000 test_r2=1.000000 complexity=20 evals=30807
       Livermore-2 run=32 seed=540967856 time=5.359s reward=1.000000 train_r2=1.000000 test_r2=1.000000 complexity=9 evals=42111
      Livermore-10 run=32 seed=540967856 time=1.469s reward=1.000000 train_r2=1.000000 test_r2=1.000000 complexity=10 evals=18870
       Livermore-5 run=32 seed=540967856 time=7.186s reward=1.000000 train_r2=1.000000 test_r2=1.000000 complexity=14 evals=71661
      Livermore-13 run=32 seed=540967856 time=0.229s reward=1.000000 train_r2=1.000000 test_r2=1.000000 complexity=3 evals=2910
      Livermore-11 run=32 seed=540967856 time=3.326s reward=1.000000 train_r2=1.000000 test_r2=1.000000 complexity=13 evals=27582
      Livermore-15 run=32 seed=540967856 time=0.095s reward=1.000000 train_r2=1.000000 test_r2=1.000000 complexity=5 evals=1256
      Livermore-16 run=32 seed=540967856 time=0.017s reward=1.000000 train_r2=1.000000 test_r2=1.000000 complexity=5 evals=199
      Livermore-18 run=31 seed=1393567789 time=12.910s reward=0.999999 train_r2=1.000000 test_r2=1.000000 complexity=11 evals=92488
      Livermore-17 run=32 seed=540967856 time=0.589s reward=1.000000 train_r2=1.000000 test_r2=1.000000 complexity=6 evals=9463
      Livermore-12 run=32 seed=540967856 time=5.702s reward=1.000000 train_r2=1.000000 test_r2=1.000000 complexity=41 evals=37369
      Livermore-20 run=32 seed=540967856 time=0.073s reward=1.000000 train_r2=1.000000 test_r2=1.000000 complexity=6 evals=1023
      Livermore-18 run=32 seed=540967856 time=4.056s reward=0.999999 train_r2=1.000000 test_r2=1.000000 complexity=13 evals=34453
      Livermore-22 run=32 seed=540967856 time=0.009s reward=1.000000 train_r2=1.000000 test_r2=1.000000 complexity=6 evals=168
       Livermore-1 run=33 seed=902677639 time=14.869s reward=1.000000 train_r2=1.000000 test_r2=1.000000 complexity=9 evals=9729
      Livermore-21 run=24 seed=3850872759 time=355.221s reward=0.999958 train_r2=1.000000 test_r2=0.999929 complexity=34 evals=2000001
      Livermore-19 run=32 seed=540967856 time=21.882s reward=1.000000 train_r2=1.000000 test_r2=1.000000 complexity=30 evals=151861
       Livermore-2 run=33 seed=902677639 time=4.769s reward=1.000000 train_r2=1.000000 test_r2=1.000000 complexity=12 evals=40442
       Livermore-4 run=33 seed=902677639 time=5.680s reward=1.000000 train_r2=1.000000 test_r2=1.000000 complexity=13 evals=43084
       Livermore-5 run=33 seed=902677639 time=4.588s reward=1.000000 train_r2=1.000000 test_r2=1.000000 complexity=15 evals=50050
       Livermore-7 run=33 seed=902677639 time=0.462s reward=1.000000 train_r2=1.000000 test_r2=1.000000 complexity=12 evals=6237
       Livermore-8 run=33 seed=902677639 time=0.546s reward=1.000000 train_r2=1.000000 test_r2=1.000000 complexity=11 evals=7128
       Livermore-6 run=33 seed=902677639 time=1.838s reward=1.000000 train_r2=1.000000 test_r2=1.000000 complexity=16 evals=20040
      Livermore-10 run=33 seed=902677639 time=1.045s reward=1.000000 train_r2=1.000000 test_r2=1.000000 complexity=8 evals=14069
      Livermore-11 run=33 seed=902677639 time=4.437s reward=1.000000 train_r2=1.000000 test_r2=1.000000 complexity=13 evals=39871
       Livermore-3 run=23 seed=1668493585 time=404.945s reward=0.999983 train_r2=1.000000 test_r2=1.000000 complexity=38 evals=2000000
      Livermore-13 run=33 seed=902677639 time=0.073s reward=1.000000 train_r2=1.000000 test_r2=1.000000 complexity=3 evals=940
       Livermore-3 run=24 seed=3850872759 time=387.869s reward=0.999936 train_r2=1.000000 test_r2=0.999962 complexity=33 evals=2000002
      Livermore-15 run=33 seed=902677639 time=0.071s reward=1.000000 train_r2=1.000000 test_r2=1.000000 complexity=3 evals=960
      Livermore-16 run=33 seed=902677639 time=0.081s reward=1.000000 train_r2=1.000000 test_r2=1.000000 complexity=5 evals=972
      Livermore-17 run=33 seed=902677639 time=0.073s reward=1.000000 train_r2=1.000000 test_r2=1.000000 complexity=6 evals=1368
      Livermore-18 run=33 seed=902677639 time=3.033s reward=0.999999 train_r2=1.000000 test_r2=1.000000 complexity=12 evals=25934
      Livermore-12 run=33 seed=902677639 time=11.615s reward=1.000000 train_r2=1.000000 test_r2=1.000000 complexity=24 evals=62485
      Livermore-20 run=33 seed=902677639 time=0.002s reward=1.000000 train_r2=1.000000 test_r2=1.000000 complexity=8 evals=36
      Livermore-12 run=29 seed=2169555080 time=101.157s reward=1.000000 train_r2=1.000000 test_r2=0.999212 complexity=34 evals=501732
      Livermore-22 run=33 seed=902677639 time=0.207s reward=1.000000 train_r2=1.000000 test_r2=1.000000 complexity=8 evals=3118
       Livermore-3 run=32 seed=540967856 time=60.224s reward=1.000000 train_r2=1.000000 test_r2=1.000000 complexity=11 evals=335935
       Livermore-2 run=34 seed=2191321948 time=0.707s reward=1.000000 train_r2=1.000000 test_r2=1.000000 complexity=9 evals=7933
      Livermore-19 run=33 seed=902677639 time=13.501s reward=1.000000 train_r2=1.000000 test_r2=1.000000 complexity=30 evals=97403
       Livermore-1 run=34 seed=2191321948 time=8.071s reward=1.000000 train_r2=1.000000 test_r2=1.000000 complexity=7 evals=5667
       Livermore-9 run=25 seed=2537996840 time=356.930s reward=0.999920 train_r2=1.000000 test_r2=1.000000 complexity=27 evals=2000008
       Livermore-4 run=34 seed=2191321948 time=6.406s reward=1.000000 train_r2=1.000000 test_r2=1.000000 complexity=11 evals=50703
       Livermore-7 run=34 seed=2191321948 time=0.610s reward=1.000000 train_r2=1.000000 test_r2=1.000000 complexity=17 evals=7788
       Livermore-6 run=34 seed=2191321948 time=2.282s reward=1.000000 train_r2=1.000000 test_r2=1.000000 complexity=17 evals=18500
       Livermore-8 run=34 seed=2191321948 time=1.982s reward=1.000000 train_r2=1.000000 test_r2=1.000000 complexity=21 evals=20965
      Livermore-10 run=34 seed=2191321948 time=0.686s reward=1.000000 train_r2=1.000000 test_r2=1.000000 complexity=6 evals=10866
      Livermore-11 run=34 seed=2191321948 time=1.733s reward=1.000000 train_r2=1.000000 test_r2=1.000000 complexity=13 evals=18308
      Livermore-12 run=34 seed=2191321948 time=1.119s reward=1.000000 train_r2=0.319859 test_r2=-0.031462 complexity=16 evals=9033
      Livermore-13 run=34 seed=2191321948 time=0.056s reward=1.000000 train_r2=1.000000 test_r2=1.000000 complexity=5 evals=811
       Livermore-5 run=34 seed=2191321948 time=18.898s reward=1.000000 train_r2=1.000000 test_r2=1.000000 complexity=34 evals=164692
      Livermore-15 run=34 seed=2191321948 time=0.068s reward=1.000000 train_r2=1.000000 test_r2=1.000000 complexity=5 evals=947
      Livermore-16 run=34 seed=2191321948 time=0.012s reward=1.000000 train_r2=1.000000 test_r2=1.000000 complexity=3 evals=190
      Livermore-17 run=34 seed=2191321948 time=1.021s reward=1.000000 train_r2=1.000000 test_r2=1.000000 complexity=8 evals=15090
      Livermore-21 run=25 seed=2537996840 time=360.608s reward=0.999977 train_r2=1.000000 test_r2=1.000000 complexity=24 evals=2000003
       Livermore-3 run=25 seed=2537996840 time=395.379s reward=0.999881 train_r2=1.000000 test_r2=0.999993 complexity=35 evals=2000003
      Livermore-20 run=34 seed=2191321948 time=0.106s reward=1.000000 train_r2=1.000000 test_r2=1.000000 complexity=6 evals=1709
      Livermore-19 run=34 seed=2191321948 time=1.953s reward=1.000000 train_r2=1.000000 test_r2=1.000000 complexity=13 evals=21325
      Livermore-22 run=34 seed=2191321948 time=0.133s reward=1.000000 train_r2=1.000000 test_r2=1.000000 complexity=6 evals=1961
      Livermore-18 run=34 seed=2191321948 time=4.207s reward=0.999999 train_r2=1.000000 test_r2=1.000000 complexity=15 evals=35365
       Livermore-2 run=35 seed=1851676975 time=0.924s reward=1.000000 train_r2=1.000000 test_r2=1.000000 complexity=9 evals=9565
       Livermore-9 run=26 seed=3995401709 time=341.524s reward=0.999960 train_r2=1.000000 test_r2=0.998832 complexity=52 evals=2000000
       Livermore-1 run=35 seed=1851676975 time=18.420s reward=1.000000 train_r2=1.000000 test_r2=1.000000 complexity=9 evals=10582
      Livermore-14 run=32 seed=540967856 time=98.649s reward=1.000000 train_r2=1.000000 test_r2=1.000000 complexity=34 evals=619565
       Livermore-6 run=35 seed=1851676975 time=1.408s reward=1.000000 train_r2=1.000000 test_r2=1.000000 complexity=15 evals=14395
       Livermore-5 run=35 seed=1851676975 time=2.557s reward=1.000000 train_r2=1.000000 test_r2=1.000000 complexity=19 evals=30156
       Livermore-8 run=35 seed=1851676975 time=0.595s reward=1.000000 train_r2=1.000000 test_r2=1.000000 complexity=11 evals=6804
       Livermore-7 run=35 seed=1851676975 time=1.955s reward=1.000000 train_r2=1.000000 test_r2=1.000000 complexity=11 evals=21407
       Livermore-4 run=35 seed=1851676975 time=5.028s reward=1.000000 train_r2=1.000000 test_r2=1.000000 complexity=11 evals=41526
      Livermore-10 run=35 seed=1851676975 time=1.869s reward=1.000000 train_r2=1.000000 test_r2=1.000000 complexity=10 evals=23282
      Livermore-11 run=35 seed=1851676975 time=2.231s reward=1.000000 train_r2=1.000000 test_r2=1.000000 complexity=13 evals=21958
      Livermore-13 run=35 seed=1851676975 time=0.218s reward=1.000000 train_r2=1.000000 test_r2=1.000000 complexity=5 evals=2608
      Livermore-12 run=35 seed=1851676975 time=19.050s reward=1.000000 train_r2=1.000000 test_r2=0.999983 complexity=21 evals=118965
      Livermore-15 run=35 seed=1851676975 time=0.302s reward=1.000000 train_r2=1.000000 test_r2=1.000000 complexity=3 evals=3287
      Livermore-16 run=35 seed=1851676975 time=0.116s reward=1.000000 train_r2=1.000000 test_r2=1.000000 complexity=3 evals=1430
      Livermore-17 run=35 seed=1851676975 time=1.017s reward=1.000000 train_r2=1.000000 test_r2=1.000000 complexity=6 evals=15754
      Livermore-21 run=26 seed=3995401709 time=356.330s reward=0.999970 train_r2=1.000000 test_r2=-54.819740 complexity=45 evals=2000002
      Livermore-18 run=35 seed=1851676975 time=6.378s reward=0.999999 train_r2=1.000000 test_r2=1.000000 complexity=10 evals=49070
      Livermore-20 run=35 seed=1851676975 time=0.152s reward=1.000000 train_r2=1.000000 test_r2=1.000000 complexity=6 evals=2392
      Livermore-19 run=35 seed=1851676975 time=8.074s reward=1.000000 train_r2=1.000000 test_r2=1.000000 complexity=15 evals=65022
      Livermore-22 run=35 seed=1851676975 time=0.115s reward=1.000000 train_r2=1.000000 test_r2=1.000000 complexity=18 evals=1895
       Livermore-3 run=26 seed=3995401709 time=403.794s reward=0.999971 train_r2=1.000000 test_r2=1.000000 complexity=38 evals=2000006
       Livermore-3 run=35 seed=1851676975 time=55.152s reward=1.000000 train_r2=1.000000 test_r2=1.000000 complexity=12 evals=322373
       Livermore-2 run=36 seed=1139067352 time=1.098s reward=1.000000 train_r2=1.000000 test_r2=1.000000 complexity=20 evals=11584
       Livermore-4 run=36 seed=1139067352 time=4.994s reward=1.000000 train_r2=1.000000 test_r2=1.000000 complexity=17 evals=38739
       Livermore-5 run=36 seed=1139067352 time=5.846s reward=1.000000 train_r2=1.000000 test_r2=1.000000 complexity=18 evals=61515
       Livermore-6 run=36 seed=1139067352 time=2.803s reward=1.000000 train_r2=1.000000 test_r2=1.000000 complexity=14 evals=26759
       Livermore-1 run=36 seed=1139067352 time=15.254s reward=1.000000 train_r2=1.000000 test_r2=1.000000 complexity=11 evals=9859
       Livermore-8 run=36 seed=1139067352 time=0.240s reward=1.000000 train_r2=1.000000 test_r2=1.000000 complexity=13 evals=3348
       Livermore-7 run=36 seed=1139067352 time=0.521s reward=1.000000 train_r2=1.000000 test_r2=1.000000 complexity=11 evals=6735
      Livermore-10 run=36 seed=1139067352 time=0.503s reward=1.000000 train_r2=1.000000 test_r2=1.000000 complexity=8 evals=8380
       Livermore-3 run=30 seed=758553822 time=198.074s reward=1.000000 train_r2=1.000000 test_r2=1.000000 complexity=15 evals=1039240
      Livermore-11 run=36 seed=1139067352 time=1.452s reward=0.999999 train_r2=1.000000 test_r2=1.000000 complexity=12 evals=14344
      Livermore-13 run=36 seed=1139067352 time=0.144s reward=1.000000 train_r2=1.000000 test_r2=1.000000 complexity=3 evals=1805
      Livermore-12 run=36 seed=1139067352 time=4.423s reward=1.000000 train_r2=1.000000 test_r2=1.000000 complexity=17 evals=29587
      Livermore-15 run=36 seed=1139067352 time=0.391s reward=1.000000 train_r2=1.000000 test_r2=1.000000 complexity=5 evals=4738
      Livermore-16 run=36 seed=1139067352 time=0.028s reward=1.000000 train_r2=1.000000 test_r2=1.000000 complexity=3 evals=465
      Livermore-17 run=36 seed=1139067352 time=1.419s reward=1.000000 train_r2=1.000000 test_r2=1.000000 complexity=18 evals=19020
      Livermore-18 run=36 seed=1139067352 time=1.272s reward=1.000000 train_r2=1.000000 test_r2=1.000000 complexity=11 evals=12449
      Livermore-19 run=36 seed=1139067352 time=2.014s reward=1.000000 train_r2=1.000000 test_r2=1.000000 complexity=12 evals=21399
      Livermore-20 run=36 seed=1139067352 time=0.008s reward=1.000000 train_r2=1.000000 test_r2=1.000000 complexity=6 evals=119
       Livermore-9 run=27 seed=3994838759 time=361.858s reward=0.999847 train_r2=1.000000 test_r2=0.999989 complexity=47 evals=2000000
      Livermore-22 run=36 seed=1139067352 time=0.060s reward=1.000000 train_r2=1.000000 test_r2=1.000000 complexity=13 evals=1030
       Livermore-1 run=37 seed=1305444561 time=5.638s reward=1.000000 train_r2=1.000000 test_r2=1.000000 complexity=7 evals=3935
       Livermore-2 run=37 seed=1305444561 time=4.161s reward=1.000000 train_r2=1.000000 test_r2=1.000000 complexity=13 evals=36627
      Livermore-21 run=27 seed=3994838759 time=338.378s reward=0.999947 train_r2=1.000000 test_r2=1.000000 complexity=22 evals=2000005
       Livermore-4 run=37 seed=1305444561 time=10.550s reward=1.000000 train_r2=1.000000 test_r2=1.000000 complexity=15 evals=75766
       Livermore-5 run=37 seed=1305444561 time=6.154s reward=1.000000 train_r2=1.000000 test_r2=1.000000 complexity=24 evals=68826
       Livermore-6 run=37 seed=1305444561 time=3.240s reward=1.000000 train_r2=1.000000 test_r2=1.000000 complexity=15 evals=31335
       Livermore-7 run=37 seed=1305444561 time=1.375s reward=1.000000 train_r2=1.000000 test_r2=1.000000 complexity=14 evals=15924
       Livermore-8 run=37 seed=1305444561 time=0.758s reward=1.000000 train_r2=1.000000 test_r2=1.000000 complexity=13 evals=9271
      Livermore-14 run=28 seed=861316294 time=311.316s reward=0.999993 train_r2=1.000000 test_r2=1.000000 complexity=18 evals=2000003
      Livermore-10 run=37 seed=1305444561 time=0.728s reward=1.000000 train_r2=1.000000 test_r2=1.000000 complexity=8 evals=10086
      Livermore-11 run=37 seed=1305444561 time=0.940s reward=1.000000 train_r2=1.000000 test_r2=1.000000 complexity=15 evals=10483
       Livermore-3 run=36 seed=1139067352 time=80.242s reward=1.000000 train_r2=1.000000 test_r2=1.000000 complexity=11 evals=465919
      Livermore-13 run=37 seed=1305444561 time=0.151s reward=1.000000 train_r2=1.000000 test_r2=1.000000 complexity=5 evals=1860
       Livermore-3 run=37 seed=1305444561 time=34.940s reward=1.000000 train_r2=1.000000 test_r2=1.000000 complexity=13 evals=210831
      Livermore-15 run=37 seed=1305444561 time=0.204s reward=1.000000 train_r2=1.000000 test_r2=1.000000 complexity=3 evals=2505
      Livermore-16 run=37 seed=1305444561 time=0.128s reward=1.000000 train_r2=1.000000 test_r2=1.000000 complexity=7 evals=1536
      Livermore-17 run=37 seed=1305444561 time=1.073s reward=1.000000 train_r2=1.000000 test_r2=1.000000 complexity=8 evals=15454
      Livermore-18 run=37 seed=1305444561 time=1.290s reward=0.999999 train_r2=1.000000 test_r2=1.000000 complexity=11 evals=13290
      Livermore-14 run=36 seed=1139067352 time=72.721s reward=1.000000 train_r2=1.000000 test_r2=1.000000 complexity=19 evals=485384
      Livermore-20 run=37 seed=1305444561 time=0.003s reward=1.000000 train_r2=1.000000 test_r2=1.000000 complexity=6 evals=56
       Livermore-9 run=28 seed=861316294 time=328.633s reward=0.999919 train_r2=1.000000 test_r2=0.999345 complexity=42 evals=2000001
      Livermore-22 run=37 seed=1305444561 time=0.003s reward=1.000000 train_r2=1.000000 test_r2=1.000000 complexity=6 evals=55
      Livermore-19 run=37 seed=1305444561 time=8.871s reward=1.000000 train_r2=1.000000 test_r2=1.000000 complexity=17 evals=71764
       Livermore-1 run=38 seed=1869174399 time=3.216s reward=1.000000 train_r2=1.000000 test_r2=1.000000 complexity=9 evals=2663
       Livermore-2 run=38 seed=1869174399 time=1.508s reward=1.000000 train_r2=1.000000 test_r2=1.000000 complexity=11 evals=15082
       Livermore-3 run=34 seed=2191321948 time=193.842s reward=1.000000 train_r2=1.000000 test_r2=1.000000 complexity=49 evals=967909
      Livermore-21 run=28 seed=861316294 time=331.300s reward=0.999953 train_r2=1.000000 test_r2=0.999974 complexity=32 evals=2000003
       Livermore-6 run=38 seed=1869174399 time=1.837s reward=1.000000 train_r2=1.000000 test_r2=1.000000 complexity=15 evals=18006
       Livermore-7 run=38 seed=1869174399 time=1.010s reward=1.000000 train_r2=1.000000 test_r2=1.000000 complexity=24 evals=13074
      Livermore-14 run=34 seed=2191321948 time=182.912s reward=1.000000 train_r2=1.000000 test_r2=1.000000 complexity=23 evals=1144999
       Livermore-8 run=38 seed=1869174399 time=0.858s reward=1.000000 train_r2=1.000000 test_r2=1.000000 complexity=11 evals=10392
      Livermore-10 run=38 seed=1869174399 time=0.003s reward=1.000000 train_r2=1.000000 test_r2=1.000000 complexity=6 evals=87
      Livermore-11 run=38 seed=1869174399 time=1.213s reward=1.000000 train_r2=1.000000 test_r2=1.000000 complexity=13 evals=11216
       Livermore-3 run=28 seed=861316294 time=379.819s reward=0.999956 train_r2=1.000000 test_r2=0.999989 complexity=49 evals=2000000
      Livermore-13 run=38 seed=1869174399 time=0.191s reward=1.000000 train_r2=1.000000 test_r2=1.000000 complexity=3 evals=2496
       Livermore-4 run=38 seed=1869174399 time=19.421s reward=1.000000 train_r2=1.000000 test_r2=1.000000 complexity=16 evals=134998
      Livermore-15 run=38 seed=1869174399 time=0.082s reward=1.000000 train_r2=1.000000 test_r2=1.000000 complexity=3 evals=1124