benchmark group : Livermore
cases           : Livermore-1, Livermore-2, Livermore-3, Livermore-4, Livermore-5, Livermore-6, Livermore-7, Livermore-8, Livermore-9, Livermore-10, Livermore-11, Livermore-12, Livermore-13, Livermore-14, Livermore-15, Livermore-16, Livermore-17, Livermore-18, Livermore-19, Livermore-20, Livermore-21, Livermore-22
runs per case   : 100
seed_source     : srbench
ops             : +,-,*,/,sin,cos,exp,log
c               : 6.0
gamma           : 0.5
gp_rate         : 0.5
mutation_rate   : 0.1
exploration_rate: 0.1
sample_multiplier: 2.0
test_ratio      : 0.5
workers         : 32
output          : results_seed_bias/livermore/mt19937-srbench/livermore
      Livermore-20 run=0  seed=23654 time=0.026s reward=1.000000 train_r2=1.000000 test_r2=1.000000 complexity=6 evals=4819
      Livermore-22 run=0  seed=23654 time=0.069s reward=1.000000 train_r2=1.000000 test_r2=1.000000 complexity=6 evals=13032
       Livermore-3 run=1  seed=15795 time=0.222s reward=1.000000 train_r2=1.000000 test_r2=1.000000 complexity=11 evals=38176
       Livermore-4 run=1  seed=15795 time=0.227s reward=1.000000 train_r2=1.000000 test_r2=1.000000 complexity=11 evals=37249
      Livermore-15 run=0  seed=23654 time=0.276s reward=1.000000 train_r2=1.000000 test_r2=1.000000 complexity=3 evals=43725
      Livermore-13 run=0  seed=23654 time=0.301s reward=1.000000 train_r2=1.000000 test_r2=1.000000 complexity=3 evals=49515
       Livermore-4 run=0  seed=23654 time=0.275s reward=1.000000 train_r2=1.000000 test_r2=1.000000 complexity=13 evals=41653
      Livermore-11 run=1  seed=15795 time=0.262s reward=1.000000 train_r2=1.000000 test_r2=1.000000 complexity=12 evals=39963
       Livermore-3 run=0  seed=23654 time=0.301s reward=1.000000 train_r2=1.000000 test_r2=1.000000 complexity=11 evals=46292
      Livermore-19 run=0  seed=23654 time=0.419s reward=1.000000 train_r2=1.000000 test_r2=1.000000 complexity=12 evals=59832
      Livermore-13 run=1  seed=15795 time=0.216s reward=1.000000 train_r2=1.000000 test_r2=1.000000 complexity=3 evals=37341
      Livermore-20 run=1  seed=15795 time=0.012s reward=1.000000 train_r2=1.000000 test_r2=1.000000 complexity=6 evals=2232
      Livermore-16 run=0  seed=23654 time=0.492s reward=1.000000 train_r2=1.000000 test_r2=1.000000 complexity=3 evals=77261
       Livermore-5 run=1  seed=15795 time=0.520s reward=1.000000 train_r2=1.000000 test_r2=1.000000 complexity=14 evals=76050
      Livermore-19 run=1  seed=15795 time=0.176s reward=1.000000 train_r2=1.000000 test_r2=1.000000 complexity=10 evals=27803
      Livermore-15 run=1  seed=15795 time=0.337s reward=1.000000 train_r2=1.000000 test_r2=1.000000 complexity=3 evals=51208
      Livermore-12 run=0  seed=23654 time=0.713s reward=1.000000 train_r2=1.000000 test_r2=1.000000 complexity=7 evals=98963
       Livermore-5 run=0  seed=23654 time=0.831s reward=1.000000 train_r2=1.000000 test_r2=1.000000 complexity=14 evals=116095
       Livermore-4 run=2  seed=860   time=0.228s reward=1.000000 train_r2=1.000000 test_r2=1.000000 complexity=11 evals=35247
      Livermore-16 run=1  seed=15795 time=0.623s reward=1.000000 train_r2=1.000000 test_r2=1.000000 complexity=5 evals=95622
       Livermore-2 run=2  seed=860   time=0.653s reward=1.000000 train_r2=1.000000 test_r2=1.000000 complexity=9 evals=90287
       Livermore-2 run=0  seed=23654 time=1.238s reward=1.000000 train_r2=1.000000 test_r2=1.000000 complexity=9 evals=152673
       Livermore-6 run=1  seed=15795 time=1.757s reward=1.000000 train_r2=1.000000 test_r2=1.000000 complexity=17 evals=213542
      Livermore-11 run=2  seed=860   time=0.070s reward=0.999999 train_r2=1.000000 test_r2=1.000000 complexity=12 evals=11843
       Livermore-3 run=2  seed=860   time=1.387s reward=1.000000 train_r2=1.000000 test_r2=1.000000 complexity=11 evals=171704
       Livermore-1 run=0  seed=23654 time=1.940s reward=1.000000 train_r2=1.000000 test_r2=1.000000 complexity=7 evals=45201
      Livermore-13 run=2  seed=860   time=0.101s reward=1.000000 train_r2=1.000000 test_r2=1.000000 complexity=3 evals=17041
       Livermore-1 run=2  seed=860   time=1.731s reward=1.000000 train_r2=1.000000 test_r2=1.000000 complexity=7 evals=41115
      Livermore-12 run=2  seed=860   time=0.500s reward=1.000000 train_r2=1.000000 test_r2=1.000000 complexity=7 evals=70019
      Livermore-16 run=2  seed=860   time=0.379s reward=1.000000 train_r2=1.000000 test_r2=1.000000 complexity=3 evals=59988
      Livermore-14 run=0  seed=23654 time=2.935s reward=1.000000 train_r2=1.000000 test_r2=1.000000 complexity=14 evals=361837
       Livermore-1 run=1  seed=15795 time=3.114s reward=1.000000 train_r2=1.000000 test_r2=1.000000 complexity=7 evals=73510
       Livermore-7 run=2  seed=860   time=2.178s reward=1.000000 train_r2=1.000000 test_r2=1.000000 complexity=2 evals=272523
      Livermore-20 run=2  seed=860   time=0.016s reward=1.000000 train_r2=1.000000 test_r2=1.000000 complexity=6 evals=3197
      Livermore-14 run=2  seed=860   time=1.455s reward=1.000000 train_r2=1.000000 test_r2=1.000000 complexity=14 evals=190349
      Livermore-19 run=2  seed=860   time=0.636s reward=1.000000 train_r2=1.000000 test_r2=1.000000 complexity=10 evals=94451
      Livermore-22 run=1  seed=15795 time=3.357s reward=1.000000 train_r2=1.000000 test_r2=1.000000 complexity=6 evals=398793
       Livermore-2 run=3  seed=5390  time=0.579s reward=1.000000 train_r2=1.000000 test_r2=1.000000 complexity=9 evals=81230
       Livermore-5 run=2  seed=860   time=3.482s reward=1.000000 train_r2=1.000000 test_r2=1.000000 complexity=14 evals=408172
      Livermore-15 run=2  seed=860   time=2.277s reward=1.000000 train_r2=1.000000 test_r2=1.000000 complexity=3 evals=291695
       Livermore-4 run=3  seed=5390  time=0.195s reward=1.000000 train_r2=1.000000 test_r2=1.000000 complexity=11 evals=32094
       Livermore-3 run=3  seed=5390  time=1.290s reward=1.000000 train_r2=1.000000 test_r2=1.000000 complexity=11 evals=157309
      Livermore-12 run=1  seed=15795 time=5.278s reward=1.000000 train_r2=1.000000 test_r2=-4240.271728 complexity=23 evals=656503
       Livermore-1 run=3  seed=5390  time=2.390s reward=1.000000 train_r2=1.000000 test_r2=1.000000 complexity=7 evals=58676
      Livermore-14 run=1  seed=15795 time=5.989s reward=1.000000 train_r2=1.000000 test_r2=1.000000 complexity=14 evals=669308
      Livermore-22 run=2  seed=860   time=3.338s reward=1.000000 train_r2=1.000000 test_r2=1.000000 complexity=6 evals=403705
      Livermore-11 run=3  seed=5390  time=0.412s reward=0.999999 train_r2=1.000000 test_r2=1.000000 complexity=12 evals=58625
      Livermore-13 run=3  seed=5390  time=0.215s reward=1.000000 train_r2=1.000000 test_r2=1.000000 complexity=3 evals=36260
      Livermore-14 run=3  seed=5390  time=0.811s reward=1.000000 train_r2=1.000000 test_r2=1.000000 complexity=14 evals=112714
      Livermore-15 run=3  seed=5390  time=0.822s reward=1.000000 train_r2=1.000000 test_r2=1.000000 complexity=3 evals=119067
      Livermore-16 run=3  seed=5390  time=0.626s reward=1.000000 train_r2=1.000000 test_r2=1.000000 complexity=3 evals=97209
      Livermore-17 run=3  seed=5390  time=0.681s reward=1.000000 train_r2=1.000000 test_r2=1.000000 complexity=6 evals=101391
      Livermore-10 run=0  seed=23654 time=15.540s reward=1.000000 train_r2=1.000000 test_r2=1.000000 complexity=6 evals=1596760
      Livermore-10 run=1  seed=15795 time=15.539s reward=1.000000 train_r2=1.000000 test_r2=1.000000 complexity=6 evals=1611585
      Livermore-20 run=3  seed=5390  time=0.010s reward=1.000000 train_r2=1.000000 test_r2=1.000000 complexity=6 evals=1928
      Livermore-19 run=3  seed=5390  time=0.158s reward=1.000000 train_r2=1.000000 test_r2=1.000000 complexity=10 evals=28099
       Livermore-7 run=1  seed=15795 time=16.612s reward=0.999807 train_r2=1.000000 test_r2=1.000000 complexity=8 evals=2000000
      Livermore-22 run=3  seed=5390  time=1.028s reward=1.000000 train_r2=1.000000 test_r2=1.000000 complexity=6 evals=162185
       Livermore-2 run=1  seed=15795 time=16.824s reward=1.000000 train_r2=1.000000 test_r2=1.000000 complexity=9 evals=1723842
      Livermore-12 run=3  seed=5390  time=10.408s reward=1.000000 train_r2=1.000000 test_r2=1.000000 complexity=7 evals=1013149
       Livermore-3 run=4  seed=16850 time=0.305s reward=1.000000 train_r2=1.000000 test_r2=1.000000 complexity=11 evals=49498
       Livermore-4 run=4  seed=16850 time=0.287s reward=1.000000 train_r2=1.000000 test_r2=1.000000 complexity=13 evals=44110
      Livermore-21 run=3  seed=5390  time=1.592s reward=1.000000 train_r2=1.000000 test_r2=1.000000 complexity=17 evals=200958
       Livermore-2 run=4  seed=16850 time=0.785s reward=1.000000 train_r2=1.000000 test_r2=1.000000 complexity=9 evals=113651
       Livermore-8 run=0  seed=23654 time=17.560s reward=0.999943 train_r2=1.000000 test_r2=1.000000 complexity=14 evals=2000003
       Livermore-7 run=0  seed=23654 time=17.819s reward=0.999837 train_r2=1.000000 test_r2=1.000000 complexity=8 evals=2000003
       Livermore-8 run=1  seed=15795 time=18.128s reward=0.999942 train_r2=1.000000 test_r2=1.000000 complexity=14 evals=2000000
      Livermore-11 run=4  seed=16850 time=0.076s reward=1.000000 train_r2=1.000000 test_r2=1.000000 complexity=12 evals=13101
      Livermore-12 run=4  seed=16850 time=0.616s reward=1.000000 train_r2=1.000000 test_r2=1.000000 complexity=7 evals=80213
       Livermore-6 run=0  seed=23654 time=18.824s reward=0.995756 train_r2=0.999982 test_r2=0.999990 complexity=32 evals=2000005
      Livermore-11 run=0  seed=23654 time=18.572s reward=0.999959 train_r2=1.000000 test_r2=0.999981 complexity=33 evals=2000001
      Livermore-13 run=4  seed=16850 time=0.343s reward=1.000000 train_r2=1.000000 test_r2=1.000000 complexity=3 evals=60781
       Livermore-9 run=0  seed=23654 time=18.941s reward=0.996649 train_r2=0.999989 test_r2=0.998454 complexity=42 evals=2000003
      Livermore-15 run=4  seed=16850 time=0.313s reward=1.000000 train_r2=1.000000 test_r2=1.000000 complexity=3 evals=50562
      Livermore-14 run=4  seed=16850 time=0.576s reward=1.000000 train_r2=1.000000 test_r2=1.000000 complexity=14 evals=86859
       Livermore-8 run=2  seed=860   time=18.619s reward=0.999302 train_r2=1.000000 test_r2=1.000000 complexity=20 evals=2000006
      Livermore-20 run=4  seed=16850 time=0.110s reward=1.000000 train_r2=1.000000 test_r2=1.000000 complexity=6 evals=18813
      Livermore-17 run=0  seed=23654 time=19.694s reward=0.985347 train_r2=0.999779 test_r2=0.999682 complexity=27 evals=2000003
      Livermore-19 run=4  seed=16850 time=0.311s reward=1.000000 train_r2=1.000000 test_r2=1.000000 complexity=12 evals=50671
      Livermore-21 run=1  seed=15795 time=19.273s reward=0.994789 train_r2=0.999973 test_r2=0.999884 complexity=33 evals=2000000
      Livermore-22 run=4  seed=16850 time=0.205s reward=1.000000 train_r2=1.000000 test_r2=1.000000 complexity=6 evals=33163
      Livermore-10 run=4  seed=16850 time=2.419s reward=1.000000 train_r2=1.000000 test_r2=1.000000 complexity=6 evals=306557
       Livermore-9 run=1  seed=15795 time=20.284s reward=0.987790 train_r2=0.999847 test_r2=0.999698 complexity=27 evals=2000001
       Livermore-4 run=5  seed=29910 time=0.169s reward=1.000000 train_r2=1.000000 test_r2=1.000000 complexity=11 evals=28669
      Livermore-21 run=0  seed=23654 time=20.408s reward=0.995419 train_r2=0.999979 test_r2=0.999930 complexity=18 evals=2000003
       Livermore-5 run=3  seed=5390  time=16.334s reward=1.000000 train_r2=1.000000 test_r2=1.000000 complexity=16 evals=1743987
       Livermore-3 run=5  seed=29910 time=0.646s reward=1.000000 train_r2=1.000000 test_r2=1.000000 complexity=11 evals=84926
       Livermore-1 run=4  seed=16850 time=4.661s reward=1.000000 train_r2=1.000000 test_r2=1.000000 complexity=7 evals=110988
      Livermore-10 run=2  seed=860   time=19.996s reward=0.994666 train_r2=0.999971 test_r2=0.999960 complexity=9 evals=2000002
       Livermore-9 run=2  seed=860   time=20.151s reward=0.989969 train_r2=0.999897 test_r2=0.999887 complexity=17 evals=2000001
      Livermore-12 run=5  seed=29910 time=0.255s reward=1.000000 train_r2=1.000000 test_r2=1.000000 complexity=7 evals=36577
      Livermore-13 run=5  seed=29910 time=0.198s reward=1.000000 train_r2=1.000000 test_r2=1.000000 complexity=3 evals=33745
      Livermore-17 run=2  seed=860   time=19.528s reward=0.987311 train_r2=0.999835 test_r2=0.999772 complexity=22 evals=2000002
      Livermore-18 run=1  seed=15795 time=21.568s reward=0.949612 train_r2=0.997184 test_r2=0.996335 complexity=28 evals=2000001
      Livermore-18 run=0  seed=23654 time=21.975s reward=0.977181 train_r2=0.999455 test_r2=0.999287 complexity=23 evals=2000000
      Livermore-16 run=4  seed=16850 time=2.978s reward=1.000000 train_r2=1.000000 test_r2=1.000000 complexity=3 evals=405124
       Livermore-6 run=2  seed=860   time=21.430s reward=0.996800 train_r2=0.999990 test_r2=0.999985 complexity=35 evals=2000004
       Livermore-5 run=4  seed=16850 time=5.413s reward=1.000000 train_r2=1.000000 test_r2=1.000000 complexity=15 evals=669346
      Livermore-20 run=5  seed=29910 time=0.002s reward=1.000000 train_r2=1.000000 test_r2=1.000000 complexity=6 evals=314
      Livermore-19 run=5  seed=29910 time=0.369s reward=1.000000 train_r2=1.000000 test_r2=1.000000 complexity=12 evals=54727
      Livermore-22 run=5  seed=29910 time=0.203s reward=1.000000 train_r2=1.000000 test_r2=1.000000 complexity=6 evals=33166
      Livermore-14 run=5  seed=29910 time=1.205s reward=1.000000 train_r2=1.000000 test_r2=1.000000 complexity=14 evals=156895
       Livermore-7 run=3  seed=5390  time=18.427s reward=0.999844 train_r2=1.000000 test_r2=1.000000 complexity=30 evals=2000004
      Livermore-17 run=1  seed=15795 time=22.775s reward=0.996867 train_r2=0.999990 test_r2=0.999992 complexity=23 evals=2000004
       Livermore-2 run=5  seed=29910 time=3.237s reward=1.000000 train_r2=1.000000 test_r2=1.000000 complexity=9 evals=426940
       Livermore-4 run=6  seed=4426  time=0.311s reward=1.000000 train_r2=1.000000 test_r2=1.000000 complexity=11 evals=47443
      Livermore-15 run=5  seed=29910 time=1.571s reward=1.000000 train_r2=1.000000 test_r2=1.000000 complexity=3 evals=212394
       Livermore-9 run=3  seed=5390  time=18.080s reward=0.991817 train_r2=0.999932 test_r2=0.999945 complexity=30 evals=2000001
       Livermore-8 run=3  seed=5390  time=18.702s reward=0.999939 train_r2=1.000000 test_r2=1.000000 complexity=14 evals=2000006
      Livermore-21 run=2  seed=860   time=20.714s reward=0.994660 train_r2=0.999971 test_r2=0.999921 complexity=20 evals=2000005
      Livermore-17 run=5  seed=29910 time=1.868s reward=1.000000 train_r2=1.000000 test_r2=1.000000 complexity=6 evals=247829
       Livermore-6 run=4  seed=16850 time=6.880s reward=1.000000 train_r2=1.000000 test_r2=1.000000 complexity=17 evals=731160
       Livermore-3 run=6  seed=4426  time=1.189s reward=1.000000 train_r2=1.000000 test_r2=1.000000 complexity=11 evals=151937
       Livermore-1 run=5  seed=29910 time=4.477s reward=1.000000 train_r2=1.000000 test_r2=1.000000 complexity=7 evals=102617
      Livermore-11 run=6  seed=4426  time=0.364s reward=0.999999 train_r2=1.000000 test_r2=1.000000 complexity=12 evals=52931
       Livermore-1 run=6  seed=4426  time=1.419s reward=1.000000 train_r2=1.000000 test_r2=1.000000 complexity=7 evals=34457
      Livermore-10 run=3  seed=5390  time=18.611s reward=1.000000 train_r2=1.000000 test_r2=1.000000 complexity=6 evals=1767265
      Livermore-13 run=6  seed=4426  time=0.194s reward=1.000000 train_r2=1.000000 test_r2=1.000000 complexity=3 evals=33014
      Livermore-12 run=6  seed=4426  time=0.474s reward=1.000000 train_r2=1.000000 test_r2=1.000000 complexity=7 evals=67171
       Livermore-6 run=3  seed=5390  time=20.591s reward=0.999138 train_r2=0.999999 test_r2=0.999998 complexity=27 evals=2000000
      Livermore-15 run=6  seed=4426  time=0.583s reward=1.000000 train_r2=1.000000 test_r2=1.000000 complexity=3 evals=89407
      Livermore-20 run=6  seed=4426  time=0.006s reward=1.000000 train_r2=1.000000 test_r2=1.000000 complexity=6 evals=1194
      Livermore-19 run=6  seed=4426  time=0.541s reward=1.000000 train_r2=1.000000 test_r2=1.000000 complexity=10 evals=78624
      Livermore-22 run=6  seed=4426  time=0.325s reward=1.000000 train_r2=1.000000 test_r2=1.000000 complexity=6 evals=51296
      Livermore-10 run=5  seed=29910 time=4.582s reward=1.000000 train_r2=1.000000 test_r2=1.000000 complexity=6 evals=545043
      Livermore-18 run=2  seed=860   time=23.351s reward=0.986537 train_r2=0.999814 test_r2=0.999447 complexity=12 evals=2000000
       Livermore-3 run=7  seed=21962 time=0.269s reward=1.000000 train_r2=1.000000 test_r2=1.000000 complexity=11 evals=45009
       Livermore-4 run=7  seed=21962 time=0.344s reward=1.000000 train_r2=1.000000 test_r2=1.000000 complexity=11 evals=51620
      Livermore-18 run=4  seed=16850 time=7.228s reward=0.999999 train_r2=1.000000 test_r2=1.000000 complexity=9 evals=749051
       Livermore-7 run=5  seed=29910 time=6.307s reward=1.000000 train_r2=1.000000 test_r2=1.000000 complexity=2 evals=723907
       Livermore-5 run=5  seed=29910 time=7.720s reward=1.000000 train_r2=1.000000 test_r2=1.000000 complexity=15 evals=876147
       Livermore-5 run=6  seed=4426  time=5.694s reward=1.000000 train_r2=1.000000 test_r2=1.000000 complexity=14 evals=725673
       Livermore-2 run=7  seed=21962 time=3.627s reward=1.000000 train_r2=1.000000 test_r2=1.000000 complexity=9 evals=384484
       Livermore-1 run=7  seed=21962 time=4.159s reward=1.000000 train_r2=1.000000 test_r2=1.000000 complexity=7 evals=97413
      Livermore-11 run=7  seed=21962 time=0.352s reward=0.999999 train_r2=1.000000 test_r2=1.000000 complexity=12 evals=49603
      Livermore-13 run=7  seed=21962 time=0.158s reward=1.000000 train_r2=1.000000 test_r2=1.000000 complexity=3 evals=26934
      Livermore-10 run=7  seed=21962 time=0.942s reward=1.000000 train_r2=1.000000 test_r2=1.000000 complexity=6 evals=147269
       Livermore-2 run=6  seed=4426  time=7.179s reward=1.000000 train_r2=1.000000 test_r2=1.000000 complexity=9 evals=779451
       Livermore-8 run=4  seed=16850 time=12.904s reward=1.000000 train_r2=1.000000 test_r2=1.000000 complexity=2 evals=1559290
       Livermore-5 run=7  seed=21962 time=4.416s reward=1.000000 train_r2=1.000000 test_r2=1.000000 complexity=14 evals=583566
      Livermore-15 run=7  seed=21962 time=0.661s reward=1.000000 train_r2=1.000000 test_r2=1.000000 complexity=3 evals=108259
      Livermore-16 run=7  seed=21962 time=0.479s reward=1.000000 train_r2=1.000000 test_r2=1.000000 complexity=5 evals=75644
      Livermore-20 run=7  seed=21962 time=0.023s reward=1.000000 train_r2=1.000000 test_r2=1.000000 complexity=6 evals=4378
      Livermore-19 run=7  seed=21962 time=0.811s reward=1.000000 train_r2=1.000000 test_r2=1.000000 complexity=10 evals=121105
      Livermore-14 run=7  seed=21962 time=1.846s reward=1.000000 train_r2=1.000000 test_r2=1.000000 complexity=14 evals=239329
      Livermore-22 run=7  seed=21962 time=0.136s reward=1.000000 train_r2=1.000000 test_r2=1.000000 complexity=6 evals=24411
      Livermore-18 run=3  seed=5390  time=22.528s reward=0.999999 train_r2=1.000000 test_r2=1.000000 complexity=9 evals=2000002
      Livermore-14 run=6  seed=4426  time=8.429s reward=1.000000 train_r2=1.000000 test_r2=1.000000 complexity=14 evals=972462
       Livermore-1 run=8  seed=14423 time=1.461s reward=1.000000 train_r2=1.000000 test_r2=1.000000 complexity=7 evals=34650
       Livermore-4 run=8  seed=14423 time=0.226s reward=1.000000 train_r2=1.000000 test_r2=1.000000 complexity=11 evals=37174
       Livermore-3 run=8  seed=14423 time=0.749s reward=1.000000 train_r2=1.000000 test_r2=1.000000 complexity=11 evals=102818
      Livermore-12 run=7  seed=21962 time=4.664s reward=1.000000 train_r2=1.000000 test_r2=1.000000 complexity=7 evals=477294
       Livermore-9 run=4  seed=16850 time=18.646s reward=0.995519 train_r2=0.999980 test_r2=0.999781 complexity=25 evals=2000004
       Livermore-7 run=4  seed=16850 time=19.272s reward=0.999820 train_r2=1.000000 test_r2=1.000000 complexity=22 evals=2000003
       Livermore-2 run=8  seed=14423 time=5.285s reward=1.000000 train_r2=1.000000 test_r2=1.000000 complexity=9 evals=620808
      Livermore-11 run=8  seed=14423 time=0.126s reward=0.999999 train_r2=1.000000 test_r2=1.000000 complexity=12 evals=22854
      Livermore-16 run=6  seed=4426  time=12.772s reward=1.000000 train_r2=1.000000 test_r2=1.000000 complexity=3 evals=1484025
      Livermore-13 run=8  seed=14423 time=0.134s reward=1.000000 train_r2=1.000000 test_r2=1.000000 complexity=3 evals=23209
       Livermore-8 run=5  seed=29910 time=16.863s reward=1.000000 train_r2=1.000000 test_r2=1.000000 complexity=2 evals=1859699
      Livermore-16 run=5  seed=29910 time=15.679s reward=1.000000 train_r2=1.000000 test_r2=1.000000 complexity=3 evals=1743530
      Livermore-15 run=8  seed=14423 time=0.348s reward=1.000000 train_r2=1.000000 test_r2=1.000000 complexity=3 evals=52327
      Livermore-12 run=8  seed=14423 time=1.015s reward=1.000000 train_r2=1.000000 test_r2=1.000000 complexity=7 evals=136964
      Livermore-14 run=8  seed=14423 time=0.917s reward=1.000000 train_r2=1.000000 test_r2=1.000000 complexity=14 evals=121803
      Livermore-19 run=8  seed=14423 time=0.196s reward=1.000000 train_r2=1.000000 test_r2=1.000000 complexity=10 evals=31611
      Livermore-20 run=8  seed=14423 time=0.007s reward=1.000000 train_r2=1.000000 test_r2=1.000000 complexity=6 evals=1378
      Livermore-16 run=8  seed=14423 time=0.994s reward=1.000000 train_r2=1.000000 test_r2=1.000000 complexity=3 evals=140386
       Livermore-5 run=8  seed=14423 time=5.727s reward=1.000000 train_r2=1.000000 test_r2=1.000000 complexity=15 evals=674253
      Livermore-22 run=8  seed=14423 time=0.085s reward=1.000000 train_r2=1.000000 test_r2=1.000000 complexity=6 evals=15507
      Livermore-17 run=7  seed=21962 time=8.562s reward=1.000000 train_r2=1.000000 test_r2=1.000000 complexity=6 evals=1018262
      Livermore-17 run=8  seed=14423 time=1.252s reward=1.000000 train_r2=1.000000 test_r2=1.000000 complexity=6 evals=162907
      Livermore-17 run=4  seed=16850 time=19.708s reward=0.994871 train_r2=0.999973 test_r2=0.999929 complexity=36 evals=2000000
       Livermore-3 run=9  seed=28020 time=0.218s reward=1.000000 train_r2=1.000000 test_r2=1.000000 complexity=11 evals=36047
       Livermore-4 run=9  seed=28020 time=0.189s reward=1.000000 train_r2=1.000000 test_r2=1.000000 complexity=11 evals=29713
      Livermore-21 run=4  seed=16850 time=19.482s reward=0.997735 train_r2=0.999995 test_r2=0.999935 complexity=26 evals=2000006
       Livermore-5 run=9  seed=28020 time=0.637s reward=1.000000 train_r2=1.000000 test_r2=1.000000 complexity=14 evals=102996
       Livermore-8 run=6  seed=4426  time=16.249s reward=1.000000 train_r2=1.000000 test_r2=1.000000 complexity=2 evals=1977582
       Livermore-6 run=5  seed=29910 time=19.393s reward=0.988786 train_r2=0.999871 test_r2=0.999452 complexity=27 evals=2000003
      Livermore-11 run=9  seed=28020 time=0.520s reward=1.000000 train_r2=1.000000 test_r2=1.000000 complexity=12 evals=74860
      Livermore-10 run=6  seed=4426  time=16.518s reward=1.000000 train_r2=1.000000 test_r2=1.000000 complexity=6 evals=1765802
      Livermore-12 run=9  seed=28020 time=0.007s reward=1.000000 train_r2=1.000000 test_r2=1.000000 complexity=7 evals=1187
      Livermore-13 run=9  seed=28020 time=0.194s reward=1.000000 train_r2=1.000000 test_r2=1.000000 complexity=3 evals=31954
       Livermore-9 run=5  seed=29910 time=20.068s reward=0.991711 train_r2=0.999930 test_r2=0.999764 complexity=34 evals=2000001
      Livermore-15 run=9  seed=28020 time=0.393s reward=1.000000 train_r2=1.000000 test_r2=1.000000 complexity=3 evals=57238
      Livermore-21 run=5  seed=29910 time=18.456s reward=0.995578 train_r2=0.999980 test_r2=0.999967 complexity=20 evals=2000002
      Livermore-11 run=5  seed=29910 time=20.338s reward=0.999998 train_r2=1.000000 test_r2=1.000000 complexity=12 evals=2000007
       Livermore-2 run=9  seed=28020 time=2.724s reward=1.000000 train_r2=1.000000 test_r2=1.000000 complexity=9 evals=311670
      Livermore-20 run=9  seed=28020 time=0.062s reward=1.000000 train_r2=1.000000 test_r2=1.000000 complexity=6 evals=11177
       Livermore-1 run=9  seed=28020 time=2.907s reward=1.000000 train_r2=1.000000 test_r2=1.000000 complexity=7 evals=70804
      Livermore-17 run=9  seed=28020 time=0.702s reward=1.000000 train_r2=1.000000 test_r2=1.000000 complexity=6 evals=97340
       Livermore-7 run=6  seed=4426  time=18.348s reward=0.999982 train_r2=1.000000 test_r2=1.000000 complexity=24 evals=2000004
      Livermore-22 run=9  seed=28020 time=0.275s reward=1.000000 train_r2=1.000000 test_r2=1.000000 complexity=6 evals=44774
      Livermore-19 run=9  seed=28020 time=0.627s reward=1.000000 train_r2=1.000000 test_r2=1.000000 complexity=12 evals=87087
       Livermore-2 run=10 seed=29802 time=0.382s reward=1.000000 train_r2=1.000000 test_r2=1.000000 complexity=9 evals=55545
       Livermore-3 run=10 seed=29802 time=0.527s reward=1.000000 train_r2=1.000000 test_r2=1.000000 complexity=11 evals=73940
       Livermore-4 run=10 seed=29802 time=0.566s reward=1.000000 train_r2=1.000000 test_r2=1.000000 complexity=13 evals=79411
      Livermore-18 run=5  seed=29910 time=20.593s reward=0.953310 train_r2=0.997601 test_r2=0.997548 complexity=27 evals=2000008
       Livermore-5 run=10 seed=29802 time=0.814s reward=1.000000 train_r2=1.000000 test_r2=1.000000 complexity=14 evals=115276
       Livermore-6 run=6  seed=4426  time=20.756s reward=0.994315 train_r2=0.999967 test_r2=0.999920 complexity=32 evals=2000002
       Livermore-1 run=10 seed=29802 time=2.686s reward=1.000000 train_r2=1.000000 test_r2=1.000000 complexity=7 evals=62152
       Livermore-9 run=6  seed=4426  time=20.534s reward=0.993785 train_r2=0.999961 test_r2=0.999973 complexity=24 evals=2000003
      Livermore-21 run=6  seed=4426  time=19.532s reward=0.996333 train_r2=0.999986 test_r2=0.999971 complexity=19 evals=2000006
      Livermore-13 run=10 seed=29802 time=0.208s reward=1.000000 train_r2=1.000000 test_r2=1.000000 complexity=3 evals=36376
      Livermore-11 run=10 seed=29802 time=0.417s reward=1.000000 train_r2=1.000000 test_r2=1.000000 complexity=12 evals=62457
      Livermore-17 run=6  seed=4426  time=20.560s reward=0.999513 train_r2=1.000000 test_r2=1.000000 complexity=15 evals=2000001
      Livermore-15 run=10 seed=29802 time=0.302s reward=1.000000 train_r2=1.000000 test_r2=1.000000 complexity=3 evals=48535
       Livermore-7 run=7  seed=21962 time=18.892s reward=0.999812 train_r2=1.000000 test_r2=1.000000 complexity=8 evals=2000003
      Livermore-17 run=10 seed=29802 time=0.511s reward=1.000000 train_r2=1.000000 test_r2=1.000000 complexity=6 evals=74038
      Livermore-19 run=10 seed=29802 time=0.317s reward=1.000000 train_r2=1.000000 test_r2=1.000000 complexity=10 evals=48186
       Livermore-8 run=7  seed=21962 time=19.232s reward=0.999943 train_r2=1.000000 test_r2=1.000000 complexity=14 evals=2000004
      Livermore-20 run=10 seed=29802 time=0.053s reward=1.000000 train_r2=1.000000 test_r2=1.000000 complexity=6 evals=9366
      Livermore-14 run=9  seed=28020 time=5.674s reward=1.000000 train_r2=1.000000 test_r2=1.000000 complexity=14 evals=658343
      Livermore-22 run=10 seed=29802 time=0.274s reward=1.000000 train_r2=1.000000 test_r2=1.000000 complexity=6 evals=44540
       Livermore-2 run=11 seed=21575 time=0.194s reward=1.000000 train_r2=1.000000 test_r2=1.000000 complexity=9 evals=30703
      Livermore-16 run=9  seed=28020 time=5.780s reward=1.000000 train_r2=1.000000 test_r2=1.000000 complexity=3 evals=702135
       Livermore-3 run=11 seed=21575 time=0.151s reward=1.000000 train_r2=1.000000 test_r2=1.000000 complexity=11 evals=24671
      Livermore-21 run=9  seed=28020 time=5.194s reward=1.000000 train_r2=1.000000 test_r2=1.000000 complexity=19 evals=586252
       Livermore-6 run=7  seed=21962 time=20.706s reward=0.993912 train_r2=0.999962 test_r2=0.999985 complexity=25 evals=2000000
      Livermore-18 run=6  seed=4426  time=22.431s reward=0.994155 train_r2=0.999965 test_r2=0.999910 complexity=46 evals=2000000
       Livermore-4 run=11 seed=21575 time=0.586s reward=1.000000 train_r2=1.000000 test_r2=1.000000 complexity=12 evals=82593
      Livermore-16 run=10 seed=29802 time=2.462s reward=1.000000 train_r2=1.000000 test_r2=1.000000 complexity=3 evals=324252
       Livermore-5 run=11 seed=21575 time=1.176s reward=1.000000 train_r2=1.000000 test_r2=1.000000 complexity=16 evals=158660
      Livermore-11 run=11 seed=21575 time=0.177s reward=1.000000 train_r2=1.000000 test_r2=1.000000 complexity=12 evals=27311
       Livermore-9 run=7  seed=21962 time=20.266s reward=0.993922 train_r2=0.999963 test_r2=0.999622 complexity=31 evals=2000008
      Livermore-12 run=10 seed=29802 time=4.068s reward=1.000000 train_r2=1.000000 test_r2=1.000000 complexity=7 evals=438595
       Livermore-1 run=11 seed=21575 time=3.266s reward=1.000000 train_r2=1.000000 test_r2=1.000000 complexity=7 evals=78106
      Livermore-15 run=11 seed=21575 time=0.454s reward=1.000000 train_r2=1.000000 test_r2=1.000000 complexity=3 evals=72044
      Livermore-18 run=7  seed=21962 time=19.101s reward=0.985283 train_r2=0.999777 test_r2=0.999766 complexity=29 evals=2000006
      Livermore-12 run=11 seed=21575 time=1.607s reward=1.000000 train_r2=1.000000 test_r2=1.000000 complexity=7 evals=193310
      Livermore-21 run=7  seed=21962 time=19.296s reward=0.994478 train_r2=0.999969 test_r2=0.999525 complexity=17 evals=2000006
      Livermore-17 run=11 seed=21575 time=0.834s reward=1.000000 train_r2=1.000000 test_r2=1.000000 complexity=6 evals=132940
      Livermore-19 run=11 seed=21575 time=0.671s reward=1.000000 train_r2=1.000000 test_r2=1.000000 complexity=10 evals=94635
      Livermore-20 run=11 seed=21575 time=0.033s reward=1.000000 train_r2=1.000000 test_r2=1.000000 complexity=6 evals=6397
      Livermore-22 run=11 seed=21575 time=0.200s reward=1.000000 train_r2=1.000000 test_r2=1.000000 complexity=6 evals=35304
      Livermore-21 run=8  seed=14423 time=12.808s reward=1.000000 train_r2=1.000000 test_r2=1.000000 complexity=17 evals=1328096
       Livermore-7 run=8  seed=14423 time=18.530s reward=0.999840 train_r2=1.000000 test_r2=1.000000 complexity=8 evals=2000008
       Livermore-2 run=12 seed=11964 time=0.353s reward=1.000000 train_r2=1.000000 test_r2=1.000000 complexity=9 evals=51327
      Livermore-10 run=10 seed=29802 time=7.369s reward=1.000000 train_r2=1.000000 test_r2=1.000000 complexity=6 evals=795499
       Livermore-8 run=8  seed=14423 time=17.971s reward=0.999951 train_r2=1.000000 test_r2=1.000000 complexity=14 evals=2000004
      Livermore-14 run=10 seed=29802 time=7.262s reward=1.000000 train_r2=1.000000 test_r2=1.000000 complexity=14 evals=812640
       Livermore-4 run=12 seed=11964 time=0.396s reward=1.000000 train_r2=1.000000 test_r2=1.000000 complexity=13 evals=57539
       Livermore-5 run=12 seed=11964 time=0.445s reward=1.000000 train_r2=1.000000 test_r2=1.000000 complexity=14 evals=65089
       Livermore-6 run=8  seed=14423 time=19.879s reward=0.991872 train_r2=0.999933 test_r2=0.999346 complexity=32 evals=2000000
      Livermore-10 run=9  seed=28020 time=13.588s reward=1.000000 train_r2=1.000000 test_r2=1.000000 complexity=6 evals=1597979
      Livermore-11 run=12 seed=11964 time=0.283s reward=0.999999 train_r2=1.000000 test_r2=1.000000 complexity=12 evals=48635
       Livermore-3 run=12 seed=11964 time=2.000s reward=1.000000 train_r2=1.000000 test_r2=1.000000 complexity=11 evals=251260
      Livermore-10 run=12 seed=11964 time=0.647s reward=1.000000 train_r2=1.000000 test_r2=1.000000 complexity=6 evals=96591
      Livermore-13 run=12 seed=11964 time=0.052s reward=1.000000 train_r2=1.000000 test_r2=1.000000 complexity=3 evals=9611
      Livermore-15 run=12 seed=11964 time=0.373s reward=1.000000 train_r2=1.000000 test_r2=1.000000 complexity=3 evals=58521
       Livermore-1 run=12 seed=11964 time=3.524s reward=1.000000 train_r2=1.000000 test_r2=1.000000 complexity=7 evals=86157
      Livermore-14 run=12 seed=11964 time=1.015s reward=1.000000 train_r2=1.000000 test_r2=1.000000 complexity=14 evals=142875
       Livermore-9 run=8  seed=14423 time=18.766s reward=0.993362 train_r2=0.999955 test_r2=0.996710 complexity=17 evals=2000001
      Livermore-19 run=12 seed=11964 time=0.362s reward=1.000000 train_r2=1.000000 test_r2=1.000000 complexity=10 evals=57434
      Livermore-20 run=12 seed=11964 time=0.020s reward=1.000000 train_r2=1.000000 test_r2=1.000000 complexity=6 evals=3960
      Livermore-10 run=8  seed=14423 time=19.932s reward=0.990387 train_r2=0.999906 test_r2=0.999772 complexity=37 evals=2000005
      Livermore-12 run=12 seed=11964 time=3.285s reward=1.000000 train_r2=1.000000 test_r2=1.000000 complexity=7 evals=403018
      Livermore-22 run=12 seed=11964 time=0.234s reward=1.000000 train_r2=1.000000 test_r2=1.000000 complexity=6 evals=37277
       Livermore-2 run=13 seed=11284 time=0.298s reward=1.000000 train_r2=1.000000 test_r2=1.000000 complexity=9 evals=45094
       Livermore-8 run=9  seed=28020 time=18.311s reward=0.999948 train_r2=1.000000 test_r2=1.000000 complexity=14 evals=2000006
       Livermore-4 run=13 seed=11284 time=0.105s reward=1.000000 train_r2=1.000000 test_r2=1.000000 complexity=11 evals=17751
       Livermore-3 run=13 seed=11284 time=0.584s reward=1.000000 train_r2=1.000000 test_r2=1.000000 complexity=11 evals=79660
       Livermore-9 run=9  seed=28020 time=18.091s reward=0.992629 train_r2=0.999945 test_r2=0.999863 complexity=31 evals=2000001
       Livermore-7 run=9  seed=28020 time=19.100s reward=0.999853 train_r2=1.000000 test_r2=1.000000 complexity=22 evals=2000010
       Livermore-8 run=13 seed=11284 time=0.114s reward=1.000000 train_r2=1.000000 test_r2=1.000000 complexity=2 evals=18587
       Livermore-5 run=13 seed=11284 time=0.842s reward=1.000000 train_r2=1.000000 test_r2=1.000000 complexity=15 evals=116543
       Livermore-6 run=9  seed=28020 time=19.536s reward=0.991395 train_r2=0.999925 test_r2=0.999876 complexity=36 evals=2000004
      Livermore-18 run=8  seed=14423 time=21.056s reward=0.969245 train_r2=0.998993 test_r2=0.998969 complexity=23 evals=2000002
       Livermore-1 run=13 seed=11284 time=2.583s reward=1.000000 train_r2=1.000000 test_r2=1.000000 complexity=7 evals=64026
      Livermore-11 run=13 seed=11284 time=0.731s reward=1.000000 train_r2=1.000000 test_r2=1.000000 complexity=12 evals=106399
      Livermore-12 run=13 seed=11284 time=0.475s reward=1.000000 train_r2=1.000000 test_r2=1.000000 complexity=7 evals=72106
      Livermore-13 run=13 seed=11284 time=0.250s reward=1.000000 train_r2=1.000000 test_r2=1.000000 complexity=3 evals=45377
      Livermore-14 run=13 seed=11284 time=0.262s reward=1.000000 train_r2=1.000000 test_r2=1.000000 complexity=14 evals=43578
      Livermore-15 run=13 seed=11284 time=0.229s reward=1.000000 train_r2=1.000000 test_r2=1.000000 complexity=3 evals=40052
      Livermore-10 run=13 seed=11284 time=1.561s reward=1.000000 train_r2=1.000000 test_r2=1.000000 complexity=6 evals=192007
      Livermore-17 run=13 seed=11284 time=0.434s reward=1.000000 train_r2=1.000000 test_r2=1.000000 complexity=6 evals=70576
      Livermore-20 run=13 seed=11284 time=0.033s reward=1.000000 train_r2=1.000000 test_r2=1.000000 complexity=6 evals=6052
       Livermore-8 run=10 seed=29802 time=17.572s reward=0.999967 train_r2=1.000000 test_r2=1.000000 complexity=14 evals=2000004
      Livermore-19 run=13 seed=11284 time=0.348s reward=1.000000 train_r2=1.000000 test_r2=1.000000 complexity=10 evals=52723
      Livermore-18 run=9  seed=28020 time=19.435s reward=0.944141 train_r2=0.996500 test_r2=0.995803 complexity=41 evals=2000011
       Livermore-2 run=14 seed=22118 time=0.118s reward=1.000000 train_r2=1.000000 test_r2=1.000000 complexity=9 evals=20093
      Livermore-22 run=13 seed=11284 time=0.628s reward=1.000000 train_r2=1.000000 test_r2=1.000000 complexity=6 evals=97684
       Livermore-4 run=14 seed=22118 time=0.348s reward=1.000000 train_r2=1.000000 test_r2=1.000000 complexity=13 evals=54479
       Livermore-7 run=10 seed=29802 time=18.746s reward=0.999886 train_r2=1.000000 test_r2=1.000000 complexity=27 evals=2000001
       Livermore-5 run=14 seed=22118 time=0.841s reward=1.000000 train_r2=1.000000 test_r2=1.000000 complexity=15 evals=124250
       Livermore-6 run=10 seed=29802 time=20.087s reward=0.994539 train_r2=0.999970 test_r2=0.999555 complexity=25 evals=2000008
       Livermore-1 run=14 seed=22118 time=2.243s reward=1.000000 train_r2=1.000000 test_r2=1.000000 complexity=7 evals=53744
       Livermore-9 run=10 seed=29802 time=19.891s reward=0.993796 train_r2=0.999961 test_r2=0.999053 complexity=25 evals=2000004
      Livermore-16 run=13 seed=11284 time=3.294s reward=1.000000 train_r2=1.000000 test_r2=1.000000 complexity=3 evals=485090
      Livermore-16 run=11 seed=21575 time=13.405s reward=1.000000 train_r2=1.000000 test_r2=1.000000 complexity=3 evals=1587134
      Livermore-12 run=14 seed=22118 time=0.050s reward=1.000000 train_r2=1.000000 test_r2=1.000000 complexity=7 evals=8388
       Livermore-8 run=12 seed=11964 time=11.311s reward=1.000000 train_r2=1.000000 test_r2=1.000000 complexity=2 evals=1238002
      Livermore-13 run=14 seed=22118 time=0.244s reward=1.000000 train_r2=1.000000 test_r2=1.000000 complexity=3 evals=43438
       Livermore-3 run=14 seed=22118 time=2.945s reward=1.000000 train_r2=1.000000 test_r2=1.000000 complexity=11 evals=374048
      Livermore-21 run=11 seed=21575 time=13.281s reward=1.000000 train_r2=1.000000 test_r2=1.000000 complexity=17 evals=1408767
      Livermore-15 run=14 seed=22118 time=0.514s reward=1.000000 train_r2=1.000000 test_r2=1.000000 complexity=3 evals=82768
      Livermore-10 run=14 seed=22118 time=2.331s reward=1.000000 train_r2=1.000000 test_r2=1.000000 complexity=6 evals=276029
      Livermore-14 run=14 seed=22118 time=2.242s reward=1.000000 train_r2=1.000000 test_r2=1.000000 complexity=14 evals=270120
      Livermore-19 run=14 seed=22118 time=0.289s reward=1.000000 train_r2=1.000000 test_r2=1.000000 complexity=10 evals=44626
      Livermore-20 run=14 seed=22118 time=0.018s reward=1.000000 train_r2=1.000000 test_r2=1.000000 complexity=6 evals=3457
       Livermore-7 run=11 seed=21575 time=18.654s reward=0.999851 train_r2=1.000000 test_r2=1.000000 complexity=8 evals=2000003
       Livermore-8 run=11 seed=21575 time=18.713s reward=0.999962 train_r2=1.000000 test_r2=1.000000 complexity=14 evals=2000000
      Livermore-21 run=10 seed=29802 time=19.969s reward=0.993200 train_r2=0.999953 test_r2=0.999794 complexity=26 evals=2000002
      Livermore-16 run=12 seed=11964 time=12.046s reward=1.000000 train_r2=1.000000 test_r2=1.000000 complexity=3 evals=1479414
       Livermore-4 run=15 seed=6265  time=0.249s reward=1.000000 train_r2=1.000000 test_r2=1.000000 complexity=11 evals=38706
       Livermore-3 run=15 seed=6265  time=0.451s reward=1.000000 train_r2=1.000000 test_r2=1.000000 complexity=11 evals=64282
      Livermore-13 run=11 seed=21575 time=18.409s reward=0.961418 train_r2=0.998390 test_r2=0.810851 complexity=7 evals=2000000
      Livermore-18 run=10 seed=29802 time=21.288s reward=0.975053 train_r2=0.999345 test_r2=0.998631 complexity=35 evals=2000003
       Livermore-6 run=11 seed=21575 time=20.211s reward=0.997858 train_r2=0.999995 test_r2=0.999730 complexity=37 evals=2000004
      Livermore-14 run=11 seed=21575 time=19.193s reward=0.999810 train_r2=1.000000 test_r2=1.000000 complexity=22 evals=2000004
       Livermore-9 run=11 seed=21575 time=20.263s reward=0.998060 train_r2=0.999996 test_r2=0.999971 complexity=47 evals=2000001
      Livermore-16 run=14 seed=22118 time=3.914s reward=1.000000 train_r2=1.000000 test_r2=1.000000 complexity=3 evals=522428
      Livermore-12 run=15 seed=6265  time=0.045s reward=1.000000 train_r2=1.000000 test_r2=1.000000 complexity=15 evals=7597
      Livermore-11 run=15 seed=6265  time=0.307s reward=1.000000 train_r2=1.000000 test_r2=1.000000 complexity=12 evals=44904
      Livermore-21 run=14 seed=22118 time=2.317s reward=1.000000 train_r2=1.000000 test_r2=1.000000 complexity=17 evals=286591
      Livermore-15 run=15 seed=6265  time=0.294s reward=1.000000 train_r2=1.000000 test_r2=1.000000 complexity=3 evals=47932
      Livermore-13 run=15 seed=6265  time=0.573s reward=1.000000 train_r2=1.000000 test_r2=1.000000 complexity=3 evals=95172
       Livermore-1 run=15 seed=6265  time=2.686s reward=1.000000 train_r2=1.000000 test_r2=1.000000 complexity=7 evals=63668
      Livermore-10 run=11 seed=21575 time=21.203s reward=0.996625 train_r2=0.999989 test_r2=0.999989 complexity=15 evals=2000007
      Livermore-19 run=15 seed=6265  time=0.190s reward=1.000000 train_r2=1.000000 test_r2=1.000000 complexity=10 evals=30213
      Livermore-14 run=15 seed=6265  time=0.815s reward=1.000000 train_r2=1.000000 test_r2=1.000000 complexity=14 evals=114142
      Livermore-20 run=15 seed=6265  time=0.037s reward=1.000000 train_r2=1.000000 test_r2=1.000000 complexity=6 evals=6622
       Livermore-5 run=15 seed=6265  time=3.105s reward=1.000000 train_r2=1.000000 test_r2=1.000000 complexity=15 evals=383294
      Livermore-22 run=15 seed=6265  time=1.484s reward=1.000000 train_r2=1.000000 test_r2=1.000000 complexity=6 evals=188484
      Livermore-21 run=15 seed=6265  time=1.598s reward=1.000000 train_r2=1.000000 test_r2=1.000000 complexity=17 evals=195876
       Livermore-7 run=12 seed=11964 time=18.601s reward=0.999991 train_r2=1.000000 test_r2=1.000000 complexity=23 evals=2000000
      Livermore-18 run=13 seed=11284 time=10.984s reward=0.999999 train_r2=1.000000 test_r2=1.000000 complexity=9 evals=1144983
       Livermore-4 run=16 seed=11363 time=0.276s reward=1.000000 train_r2=1.000000 test_r2=1.000000 complexity=11 evals=43837
       Livermore-2 run=16 seed=11363 time=0.647s reward=1.000000 train_r2=1.000000 test_r2=1.000000 complexity=9 evals=85856
       Livermore-5 run=16 seed=11363 time=0.542s reward=1.000000 train_r2=1.000000 test_r2=1.000000 complexity=14 evals=88974
      Livermore-17 run=12 seed=11964 time=16.822s reward=0.987165 train_r2=0.999831 test_r2=0.999840 complexity=28 evals=2000000
       Livermore-1 run=16 seed=11363 time=1.949s reward=1.000000 train_r2=1.000000 test_r2=1.000000 complexity=7 evals=49306
       Livermore-9 run=12 seed=11964 time=19.550s reward=0.997588 train_r2=0.999994 test_r2=0.995623 complexity=20 evals=2000001
       Livermore-3 run=16 seed=11363 time=1.620s reward=1.000000 train_r2=1.000000 test_r2=1.000000 complexity=11 evals=205173
       Livermore-6 run=12 seed=11964 time=20.353s reward=0.998015 train_r2=0.999996 test_r2=0.991103 complexity=38 evals=2000006
      Livermore-12 run=16 seed=11363 time=0.571s reward=1.000000 train_r2=1.000000 test_r2=1.000000 complexity=7 evals=74327
      Livermore-22 run=14 seed=22118 time=7.055s reward=1.000000 train_r2=1.000000 test_r2=1.000000 complexity=6 evals=820305
      Livermore-13 run=16 seed=11363 time=0.137s reward=1.000000 train_r2=1.000000 test_r2=1.000000 complexity=3 evals=23105
      Livermore-18 run=11 seed=21575 time=23.056s reward=0.975796 train_r2=0.999385 test_r2=0.999508 complexity=9 evals=2000006
      Livermore-17 run=14 seed=22118 time=8.977s reward=1.000000 train_r2=1.000000 test_r2=1.000000 complexity=6 evals=992209
      Livermore-16 run=16 seed=11363 time=0.431s reward=1.000000 train_r2=1.000000 test_r2=1.000000 complexity=3 evals=66999
      Livermore-14 run=16 seed=11363 time=0.582s reward=1.000000 train_r2=1.000000 test_r2=1.000000 complexity=14 evals=85492
      Livermore-20 run=16 seed=11363 time=0.044s reward=1.000000 train_r2=1.000000 test_r2=1.000000 complexity=6 evals=7910
      Livermore-19 run=16 seed=11363 time=0.584s reward=1.000000 train_r2=1.000000 test_r2=1.000000 complexity=10 evals=86191
       Livermore-2 run=15 seed=6265  time=8.295s reward=1.000000 train_r2=1.000000 test_r2=1.000000 complexity=9 evals=851604
       Livermore-8 run=15 seed=6265  time=7.842s reward=1.000000 train_r2=1.000000 test_r2=1.000000 complexity=2 evals=916060
      Livermore-21 run=16 seed=11363 time=1.640s reward=1.000000 train_r2=1.000000 test_r2=1.000000 complexity=17 evals=204014
      Livermore-21 run=12 seed=11964 time=19.795s reward=0.996691 train_r2=0.999989 test_r2=0.965117 complexity=30 evals=2000002
       Livermore-7 run=13 seed=11284 time=17.217s reward=0.999839 train_r2=1.000000 test_r2=1.000000 complexity=42 evals=2000002
       Livermore-4 run=17 seed=27495 time=0.239s reward=1.000000 train_r2=1.000000 test_r2=1.000000 complexity=11 evals=38584
      Livermore-18 run=12 seed=11964 time=21.194s reward=0.947313 train_r2=0.996907 test_r2=0.994665 complexity=22 evals=2000002
       Livermore-2 run=17 seed=27495 time=0.974s reward=1.000000 train_r2=1.000000 test_r2=1.000000 complexity=9 evals=129510
       Livermore-3 run=17 seed=27495 time=0.988s reward=1.000000 train_r2=1.000000 test_r2=1.000000 complexity=11 evals=129873
      Livermore-17 run=16 seed=11363 time=3.591s reward=1.000000 train_r2=1.000000 test_r2=1.000000 complexity=6 evals=423277
      Livermore-17 run=15 seed=6265  time=8.147s reward=1.000000 train_r2=1.000000 test_r2=1.000000 complexity=6 evals=956271
      Livermore-11 run=17 seed=27495 time=0.066s reward=1.000000 train_r2=1.000000 test_r2=1.000000 complexity=12 evals=11892
       Livermore-8 run=14 seed=22118 time=14.483s reward=1.000000 train_r2=1.000000 test_r2=1.000000 complexity=2 evals=1602531
      Livermore-13 run=17 seed=27495 time=0.230s reward=1.000000 train_r2=1.000000 test_r2=1.000000 complexity=3 evals=38454
      Livermore-12 run=17 seed=27495 time=0.654s reward=1.000000 train_r2=1.000000 test_r2=1.000000 complexity=7 evals=92539
       Livermore-6 run=13 seed=11284 time=19.723s reward=0.990966 train_r2=0.999917 test_r2=0.999265 complexity=20 evals=2000000
      Livermore-15 run=17 seed=27495 time=0.363s reward=1.000000 train_r2=1.000000 test_r2=1.000000 complexity=3 evals=58271
      Livermore-14 run=17 seed=27495 time=0.768s reward=1.000000 train_r2=1.000000 test_r2=1.000000 complexity=14 evals=105844
      Livermore-17 run=17 seed=27495 time=0.631s reward=1.000000 train_r2=1.000000 test_r2=1.000000 complexity=6 evals=98477
      Livermore-21 run=13 seed=11284 time=18.138s reward=0.994097 train_r2=0.999965 test_r2=0.999057 complexity=25 evals=2000004
      Livermore-20 run=17 seed=27495 time=0.007s reward=1.000000 train_r2=1.000000 test_r2=1.000000 complexity=6 evals=1374
       Livermore-9 run=13 seed=11284 time=19.846s reward=0.996259 train_r2=0.999986 test_r2=0.999624 complexity=46 evals=2000009
      Livermore-22 run=17 seed=27495 time=0.635s reward=1.000000 train_r2=1.000000 test_r2=1.000000 complexity=6 evals=94058
      Livermore-19 run=17 seed=27495 time=1.227s reward=1.000000 train_r2=1.000000 test_r2=1.000000 complexity=12 evals=171759
       Livermore-7 run=14 seed=22118 time=18.037s reward=0.999984 train_r2=1.000000 test_r2=1.000000 complexity=24 evals=2000003
       Livermore-1 run=17 seed=27495 time=6.336s reward=1.000000 train_r2=1.000000 test_r2=1.000000 complexity=7 evals=144645
      Livermore-11 run=14 seed=22118 time=17.467s reward=0.999994 train_r2=1.000000 test_r2=1.000000 complexity=12 evals=2000002
       Livermore-4 run=18 seed=16023 time=0.214s reward=1.000000 train_r2=1.000000 test_r2=1.000000 complexity=12 evals=34258
       Livermore-3 run=18 seed=16023 time=0.795s reward=1.000000 train_r2=1.000000 test_r2=1.000000 complexity=11 evals=111645
       Livermore-2 run=18 seed=16023 time=1.952s reward=1.000000 train_r2=1.000000 test_r2=1.000000 complexity=9 evals=251443
       Livermore-1 run=18 seed=16023 time=2.801s reward=1.000000 train_r2=1.000000 test_r2=1.000000 complexity=7 evals=67062
      Livermore-22 run=16 seed=11363 time=8.401s reward=1.000000 train_r2=1.000000 test_r2=1.000000 complexity=6 evals=977918
       Livermore-6 run=14 seed=22118 time=21.035s reward=0.994679 train_r2=0.999971 test_r2=0.999777 complexity=31 evals=2000002
       Livermore-9 run=14 seed=22118 time=19.868s reward=0.991563 train_r2=0.999928 test_r2=0.999894 complexity=25 evals=2000004
      Livermore-12 run=18 seed=16023 time=0.069s reward=1.000000 train_r2=1.000000 test_r2=1.000000 complexity=7 evals=10730
      Livermore-11 run=18 seed=16023 time=0.215s reward=0.999999 train_r2=1.000000 test_r2=1.000000 complexity=12 evals=32628
      Livermore-13 run=18 seed=16023 time=0.146s reward=1.000000 train_r2=1.000000 test_r2=1.000000 complexity=3 evals=25426
       Livermore-5 run=18 seed=16023 time=2.640s reward=1.000000 train_r2=1.000000 test_r2=1.000000 complexity=15 evals=345606
      Livermore-14 run=18 seed=16023 time=1.148s reward=1.000000 train_r2=1.000000 test_r2=1.000000 complexity=14 evals=147228
      Livermore-16 run=18 seed=16023 time=0.998s reward=1.000000 train_r2=1.000000 test_r2=1.000000 complexity=3 evals=159645
      Livermore-18 run=14 seed=22118 time=20.606s reward=0.968221 train_r2=0.998923 test_r2=0.999494 complexity=10 evals=2000001
      Livermore-19 run=18 seed=16023 time=0.140s reward=1.000000 train_r2=1.000000 test_r2=1.000000 complexity=12 evals=24705
      Livermore-20 run=18 seed=16023 time=0.030s reward=1.000000 train_r2=1.000000 test_r2=1.000000 complexity=6 evals=5863
      Livermore-15 run=18 seed=16023 time=2.478s reward=1.000000 train_r2=1.000000 test_r2=1.000000 complexity=3 evals=326497
      Livermore-21 run=18 seed=16023 time=0.764s reward=1.000000 train_r2=1.000000 test_r2=1.000000 complexity=16 evals=110448
      Livermore-16 run=15 seed=6265  time=17.235s reward=0.989052 train_r2=0.999877 test_r2=0.999617 complexity=17 evals=2000003
      Livermore-22 run=18 seed=16023 time=0.299s reward=1.000000 train_r2=1.000000 test_r2=1.000000 complexity=6 evals=48751
       Livermore-7 run=15 seed=6265  time=18.948s reward=0.999877 train_r2=1.000000 test_r2=1.000000 complexity=30 evals=2000002
      Livermore-21 run=17 seed=27495 time=7.395s reward=1.000000 train_r2=1.000000 test_r2=1.000000 complexity=17 evals=865305
       Livermore-3 run=19 seed=8322  time=0.336s reward=1.000000 train_r2=1.000000 test_r2=1.000000 complexity=11 evals=49730
       Livermore-4 run=19 seed=8322  time=0.322s reward=1.000000 train_r2=1.000000 test_r2=1.000000 complexity=13 evals=49410
       Livermore-6 run=15 seed=6265  time=19.725s reward=0.993014 train_r2=0.999951 test_r2=0.999834 complexity=22 evals=2000009
       Livermore-5 run=19 seed=8322  time=0.941s reward=1.000000 train_r2=1.000000 test_r2=1.000000 complexity=14 evals=143681
      Livermore-10 run=15 seed=6265  time=19.473s reward=0.976952 train_r2=0.999443 test_r2=0.999616 complexity=15 evals=2000004
       Livermore-9 run=15 seed=6265  time=20.132s reward=0.994631 train_r2=0.999971 test_r2=0.999818 complexity=30 evals=2000005
       Livermore-8 run=16 seed=11363 time=16.362s reward=0.999949 train_r2=1.000000 test_r2=1.000000 complexity=14 evals=2000000
      Livermore-11 run=19 seed=8322  time=0.554s reward=1.000000 train_r2=1.000000 test_r2=1.000000 complexity=12 evals=72797
      Livermore-12 run=19 seed=8322  time=0.240s reward=1.000000 train_r2=1.000000 test_r2=1.000000 complexity=7 evals=36410
      Livermore-13 run=19 seed=8322  time=0.089s reward=1.000000 train_r2=1.000000 test_r2=1.000000 complexity=3 evals=15544
      Livermore-15 run=19 seed=8322  time=0.641s reward=1.000000 train_r2=1.000000 test_r2=1.000000 complexity=3 evals=92638
      Livermore-16 run=19 seed=8322  time=0.268s reward=1.000000 train_r2=1.000000 test_r2=1.000000 complexity=3 evals=42382
       Livermore-8 run=19 seed=8322  time=3.055s reward=1.000000 train_r2=1.000000 test_r2=1.000000 complexity=2 evals=362793
      Livermore-14 run=19 seed=8322  time=1.368s reward=1.000000 train_r2=1.000000 test_r2=1.000000 complexity=14 evals=193819
      Livermore-15 run=16 seed=11363 time=16.971s reward=0.947433 train_r2=0.996922 test_r2=0.996316 complexity=25 evals=2000007
       Livermore-9 run=16 seed=11363 time=18.178s reward=0.994407 train_r2=0.999968 test_r2=0.999795 complexity=40 evals=2000005
      Livermore-20 run=19 seed=8322  time=0.052s reward=1.000000 train_r2=1.000000 test_r2=1.000000 complexity=6 evals=8816
      Livermore-19 run=19 seed=8322  time=0.542s reward=1.000000 train_r2=1.000000 test_r2=1.000000 complexity=10 evals=83093
      Livermore-22 run=19 seed=8322  time=0.185s reward=1.000000 train_r2=1.000000 test_r2=1.000000 complexity=6 evals=29175
       Livermore-7 run=16 seed=11363 time=19.020s reward=0.999844 train_r2=1.000000 test_r2=1.000000 complexity=8 evals=2000000
      Livermore-10 run=19 seed=8322  time=3.266s reward=1.000000 train_r2=1.000000 test_r2=1.000000 complexity=6 evals=383096
       Livermore-3 run=20 seed=1685  time=0.511s reward=1.000000 train_r2=1.000000 test_r2=1.000000 complexity=11 evals=71951
      Livermore-18 run=15 seed=6265  time=21.933s reward=0.996472 train_r2=0.999987 test_r2=0.999992 complexity=46 evals=2000004
      Livermore-11 run=16 seed=11363 time=19.145s reward=0.999972 train_r2=1.000000 test_r2=1.000000 complexity=12 evals=2000001
      Livermore-10 run=16 seed=11363 time=19.423s reward=0.990855 train_r2=0.999915 test_r2=0.999874 complexity=16 evals=2000007
      Livermore-21 run=19 seed=8322  time=1.359s reward=1.000000 train_r2=1.000000 test_r2=1.000000 complexity=15 evals=192586
       Livermore-4 run=20 seed=1685  time=0.824s reward=1.000000 train_r2=1.000000 test_r2=1.000000 complexity=13 evals=115859
       Livermore-6 run=16 seed=11363 time=20.486s reward=0.995678 train_r2=0.999981 test_r2=0.999966 complexity=30 evals=2000004
       Livermore-1 run=19 seed=8322  time=6.152s reward=1.000000 train_r2=1.000000 test_r2=1.000000 complexity=7 evals=140197
      Livermore-11 run=20 seed=1685  time=0.261s reward=0.999999 train_r2=1.000000 test_r2=1.000000 complexity=12 evals=36764
      Livermore-13 run=20 seed=1685  time=0.251s reward=1.000000 train_r2=1.000000 test_r2=1.000000 complexity=3 evals=40993
      Livermore-12 run=20 seed=1685  time=0.471s reward=1.000000 train_r2=1.000000 test_r2=1.000000 complexity=7 evals=66806
       Livermore-5 run=17 seed=27495 time=16.939s reward=0.990069 train_r2=0.999899 test_r2=0.999948 complexity=20 evals=2000001
      Livermore-15 run=20 seed=1685  time=0.348s reward=1.000000 train_r2=1.000000 test_r2=1.000000 complexity=3 evals=57446
       Livermore-5 run=20 seed=1685  time=2.120s reward=1.000000 train_r2=1.000000 test_r2=1.000000 complexity=14 evals=270225
      Livermore-18 run=16 seed=11363 time=20.102s reward=0.999999 train_r2=1.000000 test_r2=1.000000 complexity=9 evals=1883855
      Livermore-17 run=20 seed=1685  time=0.586s reward=1.000000 train_r2=1.000000 test_r2=1.000000 complexity=6 evals=95364
      Livermore-19 run=20 seed=1685  time=0.161s reward=1.000000 train_r2=1.000000 test_r2=1.000000 complexity=11 evals=27576
      Livermore-14 run=20 seed=1685  time=1.045s reward=1.000000 train_r2=1.000000 test_r2=1.000000 complexity=14 evals=138674
      Livermore-20 run=20 seed=1685  time=0.039s reward=1.000000 train_r2=1.000000 test_r2=1.000000 complexity=6 evals=7219
      Livermore-22 run=20 seed=1685  time=0.486s reward=1.000000 train_r2=1.000000 test_r2=1.000000 complexity=6 evals=74047
       Livermore-7 run=17 seed=27495 time=17.904s reward=0.999883 train_r2=1.000000 test_r2=1.000000 complexity=8 evals=2000002
       Livermore-2 run=20 seed=1685  time=4.249s reward=1.000000 train_r2=1.000000 test_r2=1.000000 complexity=9 evals=459196
       Livermore-2 run=21 seed=32052 time=0.606s reward=1.000000 train_r2=1.000000 test_r2=1.000000 complexity=9 evals=83963
       Livermore-8 run=17 seed=27495 time=18.475s reward=0.999961 train_r2=1.000000 test_r2=1.000000 complexity=14 evals=2000003
       Livermore-4 run=21 seed=32052 time=0.215s reward=1.000000 train_r2=1.000000 test_r2=1.000000 complexity=11 evals=32518
       Livermore-3 run=21 seed=32052 time=0.794s reward=1.000000 train_r2=1.000000 test_r2=1.000000 complexity=11 evals=116039
      Livermore-17 run=19 seed=8322  time=5.927s reward=1.000000 train_r2=1.000000 test_r2=1.000000 complexity=6 evals=683008
      Livermore-16 run=17 seed=27495 time=17.526s reward=0.991789 train_r2=0.999931 test_r2=0.999892 complexity=5 evals=2000000
      Livermore-18 run=19 seed=8322  time=6.021s reward=0.999999 train_r2=1.000000 test_r2=1.000000 complexity=9 evals=625467
       Livermore-2 run=19 seed=8322  time=9.743s reward=1.000000 train_r2=1.000000 test_r2=1.000000 complexity=9 evals=1071203
       Livermore-1 run=20 seed=1685  time=5.507s reward=1.000000 train_r2=1.000000 test_r2=1.000000 complexity=7 evals=126085
       Livermore-6 run=17 seed=27495 time=19.913s reward=0.988641 train_r2=0.999868 test_r2=0.999937 complexity=35 evals=2000000
      Livermore-13 run=21 seed=32052 time=0.146s reward=1.000000 train_r2=1.000000 test_r2=1.000000 complexity=3 evals=26767
       Livermore-9 run=17 seed=27495 time=19.686s reward=0.994870 train_r2=0.999973 test_r2=0.999788 complexity=33 evals=2000010
       Livermore-1 run=21 seed=32052 time=3.030s reward=1.000000 train_r2=1.000000 test_r2=1.000000 complexity=7 evals=74764
      Livermore-15 run=21 seed=32052 time=1.077s reward=1.000000 train_r2=1.000000 test_r2=1.000000 complexity=3 evals=168525
      Livermore-14 run=21 seed=32052 time=1.214s reward=1.000000 train_r2=1.000000 test_r2=1.000000 complexity=14 evals=168828
      Livermore-10 run=17 seed=27495 time=20.401s reward=0.995075 train_r2=0.999975 test_r2=0.999957 complexity=17 evals=2000006
      Livermore-20 run=21 seed=32052 time=0.005s reward=1.000000 train_r2=1.000000 test_r2=1.000000 complexity=6 evals=1044
      Livermore-19 run=21 seed=32052 time=0.542s reward=1.000000 train_r2=1.000000 test_r2=1.000000 complexity=10 evals=81401
      Livermore-22 run=21 seed=32052 time=0.232s reward=1.000000 train_r2=1.000000 test_r2=1.000000 complexity=6 evals=40859
      Livermore-17 run=21 seed=32052 time=1.452s reward=1.000000 train_r2=1.000000 test_r2=1.000000 complexity=6 evals=203892
      Livermore-12 run=21 seed=32052 time=2.712s reward=1.000000 train_r2=1.000000 test_r2=1.000000 complexity=7 evals=309719
      Livermore-16 run=20 seed=1685  time=5.823s reward=1.000000 train_r2=1.000000 test_r2=1.000000 complexity=3 evals=786276
       Livermore-2 run=22 seed=769   time=0.310s reward=1.000000 train_r2=1.000000 test_r2=1.000000 complexity=9 evals=47792
       Livermore-4 run=22 seed=769   time=0.253s reward=1.000000 train_r2=1.000000 test_r2=1.000000 complexity=13 evals=41603
       Livermore-5 run=22 seed=769   time=0.443s reward=1.000000 train_r2=1.000000 test_r2=1.000000 complexity=14 evals=74475
       Livermore-3 run=22 seed=769   time=0.574s reward=1.000000 train_r2=1.000000 test_r2=1.000000 complexity=11 evals=80608
      Livermore-10 run=21 seed=32052 time=3.587s reward=1.000000 train_r2=1.000000 test_r2=1.000000 complexity=6 evals=420044
       Livermore-5 run=21 seed=32052 time=4.433s reward=1.000000 train_r2=1.000000 test_r2=1.000000 complexity=14 evals=518620
       Livermore-8 run=18 seed=16023 time=17.237s reward=0.999939 train_r2=1.000000 test_r2=1.000000 complexity=14 evals=2000004
       Livermore-7 run=18 seed=16023 time=17.902s reward=0.999826 train_r2=1.000000 test_r2=1.000000 complexity=8 evals=2000008
      Livermore-18 run=17 seed=27495 time=21.010s reward=0.989443 train_r2=0.999886 test_r2=0.999858 complexity=19 evals=2000007
      Livermore-13 run=22 seed=769   time=0.319s reward=1.000000 train_r2=1.000000 test_r2=1.000000 complexity=3 evals=52912
       Livermore-1 run=22 seed=769   time=2.080s reward=1.000000 train_r2=1.000000 test_r2=1.000000 complexity=7 evals=51865
      Livermore-15 run=22 seed=769   time=0.370s reward=1.000000 train_r2=1.000000 test_r2=1.000000 complexity=3 evals=61924
      Livermore-16 run=22 seed=769   time=0.870s reward=1.000000 train_r2=1.000000 test_r2=1.000000 complexity=3 evals=132762
      Livermore-14 run=22 seed=769   time=1.774s reward=1.000000 train_r2=1.000000 test_r2=1.000000 complexity=14 evals=223143
       Livermore-6 run=18 seed=16023 time=20.689s reward=0.988631 train_r2=0.999868 test_r2=0.999930 complexity=23 evals=2000001
      Livermore-17 run=22 seed=769   time=0.720s reward=1.000000 train_r2=1.000000 test_r2=1.000000 complexity=6 evals=108358
      Livermore-20 run=22 seed=769   time=0.037s reward=1.000000 train_r2=1.000000 test_r2=1.000000 complexity=6 evals=6735
      Livermore-19 run=22 seed=769   time=0.551s reward=1.000000 train_r2=1.000000 test_r2=1.000000 complexity=10 evals=81597
       Livermore-9 run=18 seed=16023 time=20.034s reward=0.993728 train_r2=0.999960 test_r2=0.999461 complexity=27 evals=2000003
      Livermore-10 run=18 seed=16023 time=20.211s reward=0.991261 train_r2=0.999922 test_r2=0.999971 complexity=9 evals=2000004
      Livermore-22 run=22 seed=769   time=0.624s reward=1.000000 train_r2=1.000000 test_r2=1.000000 complexity=6 evals=93439
      Livermore-18 run=18 seed=16023 time=19.098s reward=0.974019 train_r2=0.999288 test_r2=0.999315 complexity=10 evals=2000002
       Livermore-2 run=23 seed=26967 time=0.951s reward=1.000000 train_r2=1.000000 test_r2=1.000000 complexity=9 evals=120335
       Livermore-1 run=23 seed=26967 time=1.749s reward=1.000000 train_r2=1.000000 test_r2=1.000000 complexity=7 evals=40756
       Livermore-4 run=23 seed=26967 time=0.733s reward=1.000000 train_r2=1.000000 test_r2=1.000000 complexity=13 evals=111479
      Livermore-17 run=18 seed=16023 time=19.962s reward=0.999607 train_r2=1.000000 test_r2=1.000000 complexity=12 evals=2000002
       Livermore-5 run=23 seed=26967 time=0.695s reward=1.000000 train_r2=1.000000 test_r2=1.000000 complexity=14 evals=100485
       Livermore-9 run=19 seed=8322  time=17.375s reward=0.993586 train_r2=0.999958 test_r2=0.999929 complexity=25 evals=2000006
       Livermore-3 run=23 seed=26967 time=1.877s reward=1.000000 train_r2=1.000000 test_r2=1.000000 complexity=11 evals=218152
       Livermore-7 run=19 seed=8322  time=19.032s reward=0.999681 train_r2=1.000000 test_r2=0.999995 complexity=33 evals=2000002
       Livermore-6 run=22 seed=769   time=7.167s reward=1.000000 train_r2=1.000000 test_r2=1.000000 complexity=17 evals=820445
      Livermore-13 run=23 seed=26967 time=0.188s reward=1.000000 train_r2=1.000000 test_r2=1.000000 complexity=3 evals=33151
      Livermore-12 run=23 seed=26967 time=0.344s reward=1.000000 train_r2=1.000000 test_r2=1.000000 complexity=7 evals=47715
      Livermore-15 run=23 seed=26967 time=0.166s reward=1.000000 train_r2=1.000000 test_r2=1.000000 complexity=3 evals=26912
      Livermore-14 run=23 seed=26967 time=0.367s reward=1.000000 train_r2=1.000000 test_r2=1.000000 complexity=14 evals=60737
      Livermore-16 run=23 seed=26967 time=0.647s reward=1.000000 train_r2=1.000000 test_r2=1.000000 complexity=3 evals=96842
      Livermore-17 run=23 seed=26967 time=0.623s reward=1.000000 train_r2=1.000000 test_r2=1.000000 complexity=6 evals=98038
       Livermore-6 run=19 seed=8322  time=20.639s reward=0.991381 train_r2=0.999924 test_r2=0.999771 complexity=20 evals=2000005
      Livermore-20 run=23 seed=26967 time=0.005s reward=1.000000 train_r2=1.000000 test_r2=1.000000 complexity=6 evals=921
      Livermore-19 run=23 seed=26967 time=0.298s reward=1.000000 train_r2=1.000000 test_r2=1.000000 complexity=12 evals=48552
      Livermore-22 run=23 seed=26967 time=1.338s reward=1.000000 train_r2=1.000000 test_r2=1.000000 complexity=6 evals=192551
      Livermore-10 run=23 seed=26967 time=4.205s reward=1.000000 train_r2=1.000000 test_r2=1.000000 complexity=6 evals=522990
       Livermore-8 run=20 seed=1685  time=18.265s reward=1.000000 train_r2=1.000000 test_r2=1.000000 complexity=2 evals=1974568
       Livermore-9 run=20 seed=1685  time=17.931s reward=0.994452 train_r2=0.999969 test_r2=0.999953 complexity=34 evals=2000003
       Livermore-4 run=24 seed=30187 time=0.301s reward=1.000000 train_r2=1.000000 test_r2=1.000000 complexity=11 evals=51382
       Livermore-7 run=20 seed=1685  time=18.986s reward=0.999832 train_r2=1.000000 test_r2=1.000000 complexity=8 evals=2000003
      Livermore-16 run=21 seed=32052 time=13.918s reward=1.000000 train_r2=1.000000 test_r2=1.000000 complexity=3 evals=1546561
       Livermore-3 run=24 seed=30187 time=0.933s reward=1.000000 train_r2=1.000000 test_r2=1.000000 complexity=11 evals=127225
       Livermore-5 run=24 seed=30187 time=1.293s reward=1.000000 train_r2=1.000000 test_r2=1.000000 complexity=15 evals=196431
       Livermore-1 run=24 seed=30187 time=2.493s reward=1.000000 train_r2=1.000000 test_r2=1.000000 complexity=7 evals=61381
       Livermore-8 run=23 seed=26967 time=7.248s reward=1.000000 train_r2=1.000000 test_r2=1.000000 complexity=2 evals=825097
       Livermore-6 run=20 seed=1685  time=21.044s reward=0.993106 train_r2=0.999952 test_r2=0.999978 complexity=37 evals=2000000
      Livermore-10 run=20 seed=1685  time=20.768s reward=0.985407 train_r2=0.999781 test_r2=0.999804 complexity=30 evals=2000007
       Livermore-8 run=21 seed=32052 time=17.501s reward=0.999933 train_r2=1.000000 test_r2=1.000000 complexity=14 evals=2000006
      Livermore-11 run=24 seed=30187 time=0.869s reward=0.999999 train_r2=1.000000 test_r2=1.000000 complexity=12 evals=115321
      Livermore-13 run=24 seed=30187 time=0.219s reward=1.000000 train_r2=1.000000 test_r2=1.000000 complexity=3 evals=35968
      Livermore-10 run=24 seed=30187 time=1.661s reward=1.000000 train_r2=1.000000 test_r2=1.000000 complexity=6 evals=226988
      Livermore-21 run=20 seed=1685  time=19.446s reward=0.994329 train_r2=0.999967 test_r2=0.999967 complexity=20 evals=2000002
      Livermore-15 run=24 seed=30187 time=0.390s reward=1.000000 train_r2=1.000000 test_r2=1.000000 complexity=3 evals=59002
      Livermore-16 run=24 seed=30187 time=0.416s reward=1.000000 train_r2=1.000000 test_r2=1.000000 complexity=3 evals=63204
      Livermore-20 run=24 seed=30187 time=0.076s reward=1.000000 train_r2=1.000000 test_r2=1.000000 complexity=6 evals=13524
      Livermore-19 run=24 seed=30187 time=0.386s reward=1.000000 train_r2=1.000000 test_r2=1.000000 complexity=10 evals=57606
      Livermore-12 run=24 seed=30187 time=1.835s reward=1.000000 train_r2=1.000000 test_r2=1.000000 complexity=7 evals=223081
       Livermore-2 run=24 seed=30187 time=5.039s reward=1.000000 train_r2=1.000000 test_r2=1.000000 complexity=9 evals=621284
       Livermore-7 run=21 seed=32052 time=19.465s reward=0.999819 train_r2=1.000000 test_r2=1.000000 complexity=8 evals=2000006
      Livermore-11 run=21 seed=32052 time=19.045s reward=0.999972 train_r2=1.000000 test_r2=1.000000 complexity=12 evals=2000002
       Livermore-3 run=25 seed=32157 time=0.373s reward=1.000000 train_r2=1.000000 test_r2=1.000000 complexity=11 evals=54541
       Livermore-2 run=25 seed=32157 time=0.896s reward=1.000000 train_r2=1.000000 test_r2=1.000000 complexity=9 evals=127251
      Livermore-12 run=22 seed=769   time=15.916s reward=1.000000 train_r2=1.000000 test_r2=1.000000 complexity=7 evals=1521873
       Livermore-4 run=25 seed=32157 time=0.711s reward=1.000000 train_r2=1.000000 test_r2=1.000000 complexity=13 evals=97217
       Livermore-9 run=21 seed=32052 time=20.017s reward=0.991351 train_r2=0.999924 test_r2=0.999920 complexity=26 evals=2000003
       Livermore-6 run=21 seed=32052 time=20.708s reward=0.994631 train_r2=0.999971 test_r2=0.999958 complexity=27 evals=2000001
      Livermore-18 run=20 seed=1685  time=22.956s reward=0.943177 train_r2=0.996370 test_r2=0.995883 complexity=38 evals=2000001
      Livermore-17 run=24 seed=30187 time=3.448s reward=1.000000 train_r2=1.000000 test_r2=1.000000 complexity=6 evals=463640
      Livermore-18 run=21 seed=32052 time=19.193s reward=0.965450 train_r2=0.998719 test_r2=0.998683 complexity=42 evals=2000005
      Livermore-13 run=25 seed=32157 time=0.139s reward=1.000000 train_r2=1.000000 test_r2=1.000000 complexity=3 evals=24799
       Livermore-7 run=22 seed=769   time=17.813s reward=0.999826 train_r2=1.000000 test_r2=1.000000 complexity=22 evals=2000001
      Livermore-11 run=22 seed=769   time=17.598s reward=0.999996 train_r2=1.000000 test_r2=1.000000 complexity=12 evals=2000005
      Livermore-15 run=25 seed=32157 time=0.255s reward=1.000000 train_r2=1.000000 test_r2=1.000000 complexity=3 evals=42674
      Livermore-18 run=24 seed=30187 time=4.411s reward=0.999999 train_r2=1.000000 test_r2=1.000000 complexity=9 evals=467792
      Livermore-22 run=24 seed=30187 time=4.263s reward=1.000000 train_r2=1.000000 test_r2=1.000000 complexity=6 evals=519301
      Livermore-21 run=21 seed=32052 time=20.565s reward=0.991937 train_r2=0.999934 test_r2=0.999845 complexity=15 evals=2000000
      Livermore-20 run=25 seed=32157 time=0.002s reward=1.000000 train_r2=1.000000 test_r2=1.000000 complexity=6 evals=323
       Livermore-1 run=25 seed=32157 time=3.761s reward=1.000000 train_r2=1.000000 test_r2=1.000000 complexity=7 evals=87727
       Livermore-8 run=22 seed=769   time=18.852s reward=0.999944 train_r2=1.000000 test_r2=1.000000 complexity=14 evals=2000000
      Livermore-19 run=25 seed=32157 time=0.296s reward=1.000000 train_r2=1.000000 test_r2=1.000000 complexity=10 evals=45047
      Livermore-12 run=25 seed=32157 time=1.649s reward=1.000000 train_r2=1.000000 test_r2=1.000000 complexity=7 evals=213908
      Livermore-16 run=25 seed=32157 time=1.346s reward=1.000000 train_r2=1.000000 test_r2=1.000000 complexity=3 evals=204660
      Livermore-22 run=25 seed=32157 time=0.556s reward=1.000000 train_r2=1.000000 test_r2=1.000000 complexity=6 evals=84891
       Livermore-4 run=26 seed=23333 time=0.228s reward=1.000000 train_r2=1.000000 test_r2=1.000000 complexity=13 evals=38663
      Livermore-10 run=22 seed=769   time=19.504s reward=0.988197 train_r2=0.999857 test_r2=0.999907 complexity=16 evals=2000008
       Livermore-3 run=26 seed=23333 time=0.603s reward=1.000000 train_r2=1.000000 test_r2=1.000000 complexity=11 evals=93074
       Livermore-5 run=25 seed=32157 time=4.033s reward=1.000000 train_r2=1.000000 test_r2=1.000000 complexity=14 evals=490619
      Livermore-21 run=25 seed=32157 time=1.075s reward=1.000000 train_r2=1.000000 test_r2=1.000000 complexity=18 evals=137540
       Livermore-9 run=22 seed=769   time=19.809s reward=0.990820 train_r2=0.999914 test_r2=0.999613 complexity=36 evals=2000001
      Livermore-14 run=25 seed=32157 time=2.465s reward=1.000000 train_r2=1.000000 test_r2=1.000000 complexity=14 evals=338529
       Livermore-5 run=26 seed=23333 time=1.011s reward=1.000000 train_r2=1.000000 test_r2=1.000000 complexity=14 evals=140184
      Livermore-13 run=26 seed=23333 time=0.249s reward=1.000000 train_r2=1.000000 test_r2=1.000000 complexity=3 evals=41125
      Livermore-12 run=26 seed=23333 time=0.643s reward=1.000000 train_r2=1.000000 test_r2=1.000000 complexity=7 evals=89944
      Livermore-10 run=25 seed=32157 time=4.607s reward=1.000000 train_r2=1.000000 test_r2=1.000000 complexity=6 evals=499160
      Livermore-15 run=26 seed=23333 time=0.374s reward=1.000000 train_r2=1.000000 test_r2=1.000000 complexity=3 evals=61655
      Livermore-16 run=26 seed=23333 time=0.321s reward=1.000000 train_r2=1.000000 test_r2=1.000000 complexity=3 evals=50860
      Livermore-21 run=22 seed=769   time=19.308s reward=0.996272 train_r2=0.999986 test_r2=0.999965 complexity=23 evals=2000000
       Livermore-1 run=26 seed=23333 time=3.582s reward=1.000000 train_r2=1.000000 test_r2=1.000000 complexity=7 evals=87722
      Livermore-20 run=26 seed=23333 time=0.020s reward=1.000000 train_r2=1.000000 test_r2=1.000000 complexity=6 evals=3825
      Livermore-14 run=26 seed=23333 time=1.754s reward=1.000000 train_r2=1.000000 test_r2=1.000000 complexity=14 evals=216529
       Livermore-7 run=23 seed=26967 time=17.013s reward=0.999958 train_r2=1.000000 test_r2=1.000000 complexity=27 evals=2000000
      Livermore-22 run=26 seed=23333 time=0.146s reward=1.000000 train_r2=1.000000 test_r2=1.000000 complexity=6 evals=25549
      Livermore-19 run=26 seed=23333 time=0.437s reward=1.000000 train_r2=1.000000 test_r2=1.000000 complexity=10 evals=69691
       Livermore-2 run=27 seed=2433  time=0.334s reward=1.000000 train_r2=1.000000 test_r2=1.000000 complexity=9 evals=49417
       Livermore-3 run=27 seed=2433  time=0.221s reward=1.000000 train_r2=1.000000 test_r2=1.000000 complexity=11 evals=36095
       Livermore-4 run=27 seed=2433  time=0.358s reward=1.000000 train_r2=1.000000 test_r2=1.000000 complexity=13 evals=53916
      Livermore-18 run=22 seed=769   time=20.700s reward=0.953249 train_r2=0.997595 test_r2=0.995955 complexity=34 evals=2000003
      Livermore-17 run=26 seed=23333 time=2.639s reward=1.000000 train_r2=1.000000 test_r2=1.000000 complexity=6 evals=352603
       Livermore-6 run=25 seed=32157 time=9.151s reward=1.000000 train_r2=1.000000 test_r2=1.000000 complexity=17 evals=1054706
       Livermore-5 run=27 seed=2433  time=2.224s reward=1.000000 train_r2=1.000000 test_r2=1.000000 complexity=15 evals=291294
      Livermore-11 run=23 seed=26967 time=19.619s reward=0.999997 train_r2=1.000000 test_r2=1.000000 complexity=12 evals=2000003
       Livermore-9 run=23 seed=26967 time=19.789s reward=0.996378 train_r2=0.999987 test_r2=0.996095 complexity=37 evals=2000002
       Livermore-1 run=27 seed=2433  time=3.314s reward=1.000000 train_r2=1.000000 test_r2=1.000000 complexity=7 evals=77771
      Livermore-12 run=27 seed=2433  time=0.352s reward=1.000000 train_r2=1.000000 test_r2=1.000000 complexity=7 evals=50634
      Livermore-11 run=27 seed=2433  time=0.413s reward=1.000000 train_r2=1.000000 test_r2=1.000000 complexity=12 evals=59489
      Livermore-13 run=27 seed=2433  time=0.206s reward=1.000000 train_r2=1.000000 test_r2=1.000000 complexity=3 evals=36845
      Livermore-14 run=27 seed=2433  time=0.283s reward=1.000000 train_r2=1.000000 test_r2=1.000000 complexity=14 evals=43889
      Livermore-15 run=27 seed=2433  time=0.328s reward=1.000000 train_r2=1.000000 test_r2=1.000000 complexity=3 evals=52579
       Livermore-6 run=23 seed=26967 time=20.978s reward=0.991921 train_r2=0.999934 test_r2=0.999885 complexity=33 evals=2000000
      Livermore-16 run=27 seed=2433  time=0.649s reward=1.000000 train_r2=1.000000 test_r2=1.000000 complexity=3 evals=107697
      Livermore-20 run=27 seed=2433  time=0.010s reward=1.000000 train_r2=1.000000 test_r2=1.000000 complexity=6 evals=2051
      Livermore-19 run=27 seed=2433  time=0.424s reward=1.000000 train_r2=1.000000 test_r2=1.000000 complexity=10 evals=60531
      Livermore-21 run=23 seed=26967 time=18.992s reward=0.987711 train_r2=0.999845 test_r2=0.998295 complexity=13 evals=2000000
      Livermore-22 run=27 seed=2433  time=0.250s reward=1.000000 train_r2=1.000000 test_r2=1.000000 complexity=6 evals=40490
       Livermore-2 run=28 seed=5311  time=1.395s reward=1.000000 train_r2=1.000000 test_r2=1.000000 complexity=9 evals=168967
      Livermore-21 run=27 seed=2433  time=1.787s reward=1.000000 train_r2=1.000000 test_r2=1.000000 complexity=17 evals=255034
       Livermore-3 run=28 seed=5311  time=0.419s reward=1.000000 train_r2=1.000000 test_r2=1.000000 complexity=11 evals=59498
       Livermore-4 run=28 seed=5311  time=0.762s reward=1.000000 train_r2=1.000000 test_r2=1.000000 complexity=11 evals=117513
       Livermore-8 run=24 seed=30187 time=18.181s reward=0.999950 train_r2=1.000000 test_r2=1.000000 complexity=14 evals=2000003
       Livermore-5 run=28 seed=5311  time=0.707s reward=1.000000 train_r2=1.000000 test_r2=1.000000 complexity=14 evals=95357
       Livermore-7 run=24 seed=30187 time=18.404s reward=0.999836 train_r2=1.000000 test_r2=0.999999 complexity=31 evals=2000002
      Livermore-18 run=23 seed=26967 time=21.979s reward=0.954789 train_r2=0.997758 test_r2=0.992746 complexity=37 evals=2000005
       Livermore-9 run=24 seed=30187 time=17.888s reward=0.996320 train_r2=0.999986 test_r2=0.999982 complexity=32 evals=2000006
       Livermore-1 run=28 seed=5311  time=3.165s reward=1.000000 train_r2=1.000000 test_r2=1.000000 complexity=7 evals=78007
      Livermore-17 run=25 seed=32157 time=12.338s reward=1.000000 train_r2=1.000000 test_r2=1.000000 complexity=6 evals=1310215
      Livermore-11 run=28 seed=5311  time=0.327s reward=1.000000 train_r2=1.000000 test_r2=1.000000 complexity=12 evals=50782
      Livermore-10 run=27 seed=2433  time=6.217s reward=1.000000 train_r2=1.000000 test_r2=1.000000 complexity=6 evals=692751
       Livermore-6 run=24 seed=30187 time=20.422s reward=0.987458 train_r2=0.999839 test_r2=0.998355 complexity=32 evals=2000000
      Livermore-15 run=28 seed=5311  time=0.296s reward=1.000000 train_r2=1.000000 test_r2=1.000000 complexity=3 evals=48249
      Livermore-13 run=28 seed=5311  time=1.767s reward=1.000000 train_r2=1.000000 test_r2=1.000000 complexity=3 evals=252436
      Livermore-14 run=24 seed=30187 time=18.942s reward=0.997411 train_r2=0.999993 test_r2=0.999995 complexity=38 evals=2000000
      Livermore-19 run=28 seed=5311  time=0.260s reward=1.000000 train_r2=1.000000 test_r2=1.000000 complexity=12 evals=42651
      Livermore-20 run=28 seed=5311  time=0.008s reward=1.000000 train_r2=1.000000 test_r2=1.000000 complexity=6 evals=1628
      Livermore-14 run=28 seed=5311  time=2.628s reward=1.000000 train_r2=1.000000 test_r2=1.000000 complexity=14 evals=357607
      Livermore-16 run=28 seed=5311  time=1.561s reward=1.000000 train_r2=1.000000 test_r2=1.000000 complexity=3 evals=209750
      Livermore-22 run=28 seed=5311  time=0.688s reward=1.000000 train_r2=1.000000 test_r2=1.000000 complexity=6 evals=109861
      Livermore-17 run=28 seed=5311  time=2.804s reward=1.000000 train_r2=1.000000 test_r2=1.000000 complexity=6 evals=351549
       Livermore-7 run=25 seed=32157 time=18.415s reward=0.999900 train_r2=1.000000 test_r2=1.000000 complexity=8 evals=2000002
      Livermore-21 run=24 seed=30187 time=20.460s reward=0.996976 train_r2=0.999991 test_r2=0.999995 complexity=19 evals=2000002
       Livermore-4 run=29 seed=5051  time=0.109s reward=1.000000 train_r2=1.000000 test_r2=1.000000 complexity=11 evals=19047
       Livermore-8 run=25 seed=32157 time=18.521s reward=0.999958 train_r2=1.000000 test_r2=1.000000 complexity=14 evals=2000000
       Livermore-3 run=29 seed=5051  time=0.472s reward=1.000000 train_r2=1.000000 test_r2=1.000000 complexity=11 evals=69187
       Livermore-5 run=29 seed=5051  time=0.738s reward=1.000000 train_r2=1.000000 test_r2=1.000000 complexity=16 evals=104950
       Livermore-1 run=29 seed=5051  time=2.525s reward=1.000000 train_r2=1.000000 test_r2=1.000000 complexity=7 evals=60646
      Livermore-11 run=25 seed=32157 time=18.784s reward=0.999998 train_r2=1.000000 test_r2=1.000000 complexity=12 evals=2000003
       Livermore-9 run=25 seed=32157 time=19.900s reward=0.991962 train_r2=0.999934 test_r2=0.999523 complexity=24 evals=2000001
      Livermore-11 run=29 seed=5051  time=0.303s reward=1.000000 train_r2=1.000000 test_r2=1.000000 complexity=12 evals=45309
       Livermore-8 run=26 seed=23333 time=17.085s reward=0.999945 train_r2=1.000000 test_r2=1.000000 complexity=14 evals=2000007
      Livermore-13 run=29 seed=5051  time=0.407s reward=1.000000 train_r2=1.000000 test_r2=1.000000 complexity=3 evals=63022
      Livermore-14 run=29 seed=5051  time=0.226s reward=1.000000 train_r2=1.000000 test_r2=1.000000 complexity=14 evals=38744
       Livermore-6 run=27 seed=2433  time=13.743s reward=1.000000 train_r2=1.000000 test_r2=1.000000 complexity=17 evals=1384813
      Livermore-15 run=29 seed=5051  time=0.327s reward=1.000000 train_r2=1.000000 test_r2=1.000000 complexity=3 evals=49848
      Livermore-16 run=29 seed=5051  time=0.837s reward=1.000000 train_r2=1.000000 test_r2=1.000000 complexity=3 evals=137619
       Livermore-2 run=29 seed=5051  time=4.089s reward=1.000000 train_r2=1.000000 test_r2=1.000000 complexity=9 evals=502924
      Livermore-20 run=29 seed=5051  time=0.019s reward=1.000000 train_r2=1.000000 test_r2=1.000000 complexity=6 evals=3697
      Livermore-19 run=29 seed=5051  time=0.300s reward=1.000000 train_r2=1.000000 test_r2=1.000000 complexity=10 evals=50652
       Livermore-6 run=26 seed=23333 time=18.809s reward=0.983809 train_r2=0.999729 test_r2=0.999886 complexity=30 evals=2000000
       Livermore-7 run=26 seed=23333 time=18.749s reward=0.999888 train_r2=1.000000 test_r2=1.000000 complexity=21 evals=2000003
      Livermore-17 run=29 seed=5051  time=1.494s reward=1.000000 train_r2=1.000000 test_r2=1.000000 complexity=6 evals=192212
       Livermore-2 run=30 seed=6420  time=0.433s reward=1.000000 train_r2=1.000000 test_r2=1.000000 complexity=9 evals=61118
      Livermore-18 run=25 seed=32157 time=20.816s reward=0.999999 train_r2=1.000000 test_r2=1.000000 complexity=9 evals=2000000
       Livermore-4 run=30 seed=6420  time=0.167s reward=1.000000 train_r2=1.000000 test_r2=1.000000 complexity=13 evals=27390
      Livermore-22 run=29 seed=5051  time=1.106s reward=1.000000 train_r2=1.000000 test_r2=1.000000 complexity=6 evals=164177
       Livermore-5 run=30 seed=6420  time=0.746s reward=1.000000 train_r2=1.000000 test_r2=1.000000 complexity=14 evals=108820
      Livermore-11 run=26 seed=23333 time=19.973s reward=0.999998 train_r2=1.000000 test_r2=1.000000 complexity=12 evals=2000006
       Livermore-2 run=26 seed=23333 time=21.151s reward=0.989119 train_r2=0.999879 test_r2=0.999900 complexity=29 evals=2000000
       Livermore-9 run=26 seed=23333 time=20.557s reward=0.991331 train_r2=0.999924 test_r2=0.999945 complexity=29 evals=2000001
       Livermore-3 run=30 seed=6420  time=2.120s reward=1.000000 train_r2=1.000000 test_r2=1.000000 complexity=11 evals=253697
      Livermore-11 run=30 seed=6420  time=0.418s reward=1.000000 train_r2=1.000000 test_r2=1.000000 complexity=12 evals=58797
      Livermore-10 run=26 seed=23333 time=20.698s reward=0.990494 train_r2=0.999908 test_r2=0.999755 complexity=44 evals=2000002
      Livermore-14 run=30 seed=6420  time=0.197s reward=1.000000 train_r2=1.000000 test_r2=1.000000 complexity=14 evals=31127
      Livermore-13 run=30 seed=6420  time=0.284s reward=1.000000 train_r2=1.000000 test_r2=1.000000 complexity=3 evals=46248
       Livermore-8 run=27 seed=2433  time=17.399s reward=0.999955 train_r2=1.000000 test_r2=1.000000 complexity=14 evals=2000003
      Livermore-12 run=30 seed=6420  time=0.617s reward=1.000000 train_r2=1.000000 test_r2=1.000000 complexity=7 evals=83147
      Livermore-15 run=30 seed=6420  time=0.195s reward=1.000000 train_r2=1.000000 test_r2=1.000000 complexity=3 evals=30615
       Livermore-1 run=30 seed=6420  time=3.208s reward=1.000000 train_r2=1.000000 test_r2=1.000000 complexity=7 evals=76178
      Livermore-20 run=30 seed=6420  time=0.038s reward=1.000000 train_r2=1.000000 test_r2=1.000000 complexity=6 evals=7164
      Livermore-19 run=30 seed=6420  time=0.284s reward=1.000000 train_r2=1.000000 test_r2=1.000000 complexity=10 evals=44285
       Livermore-7 run=27 seed=2433  time=18.392s reward=0.999873 train_r2=1.000000 test_r2=1.000000 complexity=8 evals=2000001
      Livermore-21 run=26 seed=23333 time=19.695s reward=0.996159 train_r2=0.999985 test_r2=0.999969 complexity=26 evals=2000002
      Livermore-16 run=30 seed=6420  time=1.006s reward=1.000000 train_r2=1.000000 test_r2=1.000000 complexity=3 evals=146430
       Livermore-3 run=31 seed=17568 time=0.251s reward=1.000000 train_r2=1.000000 test_r2=1.000000 complexity=11 evals=37998
       Livermore-2 run=31 seed=17568 time=0.356s reward=1.000000 train_r2=1.000000 test_r2=1.000000 complexity=9 evals=52553
       Livermore-4 run=31 seed=17568 time=0.211s reward=1.000000 train_r2=1.000000 test_r2=1.000000 complexity=11 evals=32570
      Livermore-18 run=26 seed=23333 time=21.345s reward=0.979188 train_r2=0.999548 test_r2=0.999567 complexity=10 evals=2000005
      Livermore-22 run=30 seed=6420  time=1.182s reward=1.000000 train_r2=1.000000 test_r2=1.000000 complexity=6 evals=164600
      Livermore-17 run=30 seed=6420  time=1.721s reward=1.000000 train_r2=1.000000 test_r2=1.000000 complexity=6 evals=250601
       Livermore-9 run=27 seed=2433  time=18.092s reward=0.989282 train_r2=0.999883 test_r2=0.999811 complexity=27 evals=2000001
       Livermore-5 run=31 seed=17568 time=0.767s reward=1.000000 train_r2=1.000000 test_r2=1.000000 complexity=14 evals=110036
       Livermore-6 run=31 seed=17568 time=0.868s reward=1.000000 train_r2=1.000000 test_r2=1.000000 complexity=17 evals=111854
      Livermore-21 run=30 seed=6420  time=2.375s reward=1.000000 train_r2=1.000000 test_r2=1.000000 complexity=16 evals=313475
      Livermore-13 run=31 seed=17568 time=0.306s reward=1.000000 train_r2=1.000000 test_r2=1.000000 complexity=3 evals=54737
      Livermore-12 run=31 seed=17568 time=1.633s reward=1.000000 train_r2=1.000000 test_r2=1.000000 complexity=7 evals=202420
      Livermore-12 run=29 seed=5051  time=9.026s reward=1.000000 train_r2=1.000000 test_r2=1.000000 complexity=7 evals=897434
      Livermore-15 run=31 seed=17568 time=0.710s reward=1.000000 train_r2=1.000000 test_r2=1.000000 complexity=3 evals=104720
       Livermore-1 run=31 seed=17568 time=3.981s reward=1.000000 train_r2=1.000000 test_r2=1.000000 complexity=7 evals=90362
      Livermore-17 run=27 seed=2433  time=20.385s reward=0.999648 train_r2=1.000000 test_r2=1.000000 complexity=15 evals=2000001
      Livermore-18 run=27 seed=2433  time=20.619s reward=0.943040 train_r2=0.996352 test_r2=0.995949 complexity=34 evals=2000002
      Livermore-20 run=31 seed=17568 time=0.036s reward=1.000000 train_r2=1.000000 test_r2=1.000000 complexity=6 evals=6380
      Livermore-19 run=31 seed=17568 time=0.632s reward=1.000000 train_r2=1.000000 test_r2=1.000000 complexity=10 evals=89439
       Livermore-6 run=30 seed=6420  time=8.044s reward=1.000000 train_r2=1.000000 test_r2=1.000000 complexity=17 evals=862185
       Livermore-8 run=28 seed=5311  time=18.282s reward=0.999990 train_r2=1.000000 test_r2=1.000000 complexity=14 evals=2000002
       Livermore-6 run=28 seed=5311  time=18.095s reward=0.995817 train_r2=0.999982 test_r2=0.998278 complexity=34 evals=2000001
      Livermore-16 run=31 seed=17568 time=2.645s reward=1.000000 train_r2=1.000000 test_r2=1.000000 complexity=3 evals=343760
       Livermore-7 run=28 seed=5311  time=18.555s reward=0.999968 train_r2=1.000000 test_r2=1.000000 complexity=8 evals=2000004
      Livermore-17 run=31 seed=17568 time=2.204s reward=1.000000 train_r2=1.000000 test_r2=1.000000 complexity=6 evals=266682
      Livermore-22 run=31 seed=17568 time=1.298s reward=1.000000 train_r2=1.000000 test_r2=1.000000 complexity=6 evals=185116
       Livermore-4 run=32 seed=20939 time=0.419s reward=1.000000 train_r2=1.000000 test_r2=1.000000 complexity=11 evals=59893
      Livermore-14 run=31 seed=17568 time=4.264s reward=1.000000 train_r2=1.000000 test_r2=1.000000 complexity=14 evals=528322
      Livermore-21 run=31 seed=17568 time=1.703s reward=1.000000 train_r2=1.000000 test_r2=1.000000 complexity=15 evals=212292
       Livermore-5 run=32 seed=20939 time=0.760s reward=1.000000 train_r2=1.000000 test_r2=1.000000 complexity=14 evals=112806
      Livermore-11 run=32 seed=20939 time=0.224s reward=0.999999 train_r2=1.000000 test_r2=1.000000 complexity=12 evals=34565
       Livermore-9 run=28 seed=5311  time=19.489s reward=0.996645 train_r2=0.999989 test_r2=0.995583 complexity=35 evals=2000003
       Livermore-1 run=32 seed=20939 time=2.815s reward=1.000000 train_r2=1.000000 test_r2=1.000000 complexity=7 evals=67377
       Livermore-3 run=32 seed=20939 time=2.005s reward=1.000000 train_r2=1.000000 test_r2=1.000000 complexity=11 evals=260274
      Livermore-10 run=28 seed=5311  time=20.445s reward=0.990114 train_r2=0.999900 test_r2=0.999377 complexity=27 evals=2000002
      Livermore-14 run=32 seed=20939 time=0.608s reward=1.000000 train_r2=1.000000 test_r2=1.000000 complexity=14 evals=86058
      Livermore-18 run=29 seed=5051  time=13.381s reward=0.999999 train_r2=1.000000 test_r2=1.000000 complexity=9 evals=1286209
      Livermore-16 run=32 seed=20939 time=0.895s reward=1.000000 train_r2=1.000000 test_r2=1.000000 complexity=3 evals=127323
       Livermore-8 run=30 seed=6420  time=11.858s reward=1.000000 train_r2=1.000000 test_r2=1.000000 complexity=2 evals=1328638
      Livermore-20 run=32 seed=20939 time=0.025s reward=1.000000 train_r2=1.000000 test_r2=1.000000 complexity=6 evals=4745
      Livermore-19 run=32 seed=20939 time=0.584s reward=1.000000 train_r2=1.000000 test_r2=1.000000 complexity=10 evals=83042
      Livermore-18 run=28 seed=5311  time=20.220s reward=0.999999 train_r2=1.000000 test_r2=1.000000 complexity=9 evals=2000005
      Livermore-21 run=28 seed=5311  time=19.459s reward=0.998147 train_r2=0.999997 test_r2=0.997656 complexity=21 evals=2000002
      Livermore-17 run=32 seed=20939 time=2.149s reward=1.000000 train_r2=1.000000 test_r2=1.000000 complexity=6 evals=278227
       Livermore-7 run=29 seed=5051  time=18.560s reward=0.999789 train_r2=1.000000 test_r2=1.000000 complexity=38 evals=2000003
       Livermore-8 run=29 seed=5051  time=18.481s reward=0.999945 train_r2=1.000000 test_r2=1.000000 complexity=14 evals=2000000
      Livermore-12 run=28 seed=5311  time=23.341s reward=0.941604 train_r2=0.996154 test_r2=-53981916700518374966470148686953005973504.000000 complexity=61 evals=2000001
       Livermore-5 run=33 seed=19769 time=0.590s reward=1.000000 train_r2=1.000000 test_r2=1.000000 complexity=14 evals=94435
       Livermore-4 run=33 seed=19769 time=0.679s reward=1.000000 train_r2=1.000000 test_r2=1.000000 complexity=13 evals=92337
       Livermore-2 run=33 seed=19769 time=2.085s reward=1.000000 train_r2=1.000000 test_r2=1.000000 complexity=9 evals=262324
       Livermore-3 run=33 seed=19769 time=1.757s reward=1.000000 train_r2=1.000000 test_r2=1.000000 complexity=11 evals=212516
       Livermore-6 run=29 seed=5051  time=20.052s reward=0.988617 train_r2=0.999867 test_r2=0.999172 complexity=39 evals=2000000
       Livermore-1 run=33 seed=19769 time=2.944s reward=1.000000 train_r2=1.000000 test_r2=1.000000 complexity=7 evals=71764
      Livermore-22 run=32 seed=20939 time=3.459s reward=1.000000 train_r2=1.000000 test_r2=1.000000 complexity=6 evals=420912
       Livermore-9 run=29 seed=5051  time=20.110s reward=0.991482 train_r2=0.999926 test_r2=0.999402 complexity=34 evals=2000004
      Livermore-11 run=33 seed=19769 time=0.753s reward=1.000000 train_r2=1.000000 test_r2=1.000000 complexity=12 evals=104779
      Livermore-10 run=33 seed=19769 time=1.509s reward=1.000000 train_r2=1.000000 test_r2=1.000000 complexity=6 evals=194285
      Livermore-15 run=33 seed=19769 time=0.465s reward=1.000000 train_r2=1.000000 test_r2=1.000000 complexity=3 evals=74158
      Livermore-21 run=29 seed=5051  time=18.205s reward=0.995713 train_r2=0.999981 test_r2=0.999925 complexity=27 evals=2000008
      Livermore-17 run=33 seed=19769 time=0.360s reward=1.000000 train_r2=1.000000 test_r2=1.000000 complexity=6 evals=58097
      Livermore-16 run=33 seed=19769 time=0.474s reward=1.000000 train_r2=1.000000 test_r2=1.000000 complexity=3 evals=73661
      Livermore-20 run=33 seed=19769 time=0.009s reward=1.000000 train_r2=1.000000 test_r2=1.000000 complexity=6 evals=1830
      Livermore-19 run=33 seed=19769 time=0.096s reward=1.000000 train_r2=1.000000 test_r2=1.000000 complexity=12 evals=17670
       Livermore-7 run=30 seed=6420  time=17.416s reward=0.999837 train_r2=1.000000 test_r2=1.000000 complexity=22 evals=2000000
      Livermore-10 run=29 seed=5051  time=20.988s reward=0.991909 train_r2=0.999933 test_r2=0.998305 complexity=19 evals=2000002
      Livermore-14 run=33 seed=19769 time=1.195s reward=1.000000 train_r2=1.000000 test_r2=1.000000 complexity=14 evals=159168
      Livermore-22 run=33 seed=19769 time=0.155s reward=1.000000 train_r2=1.000000 test_r2=1.000000 complexity=6 evals=26398
      Livermore-12 run=33 seed=19769 time=1.767s reward=1.000000 train_r2=1.000000 test_r2=1.000000 complexity=7 evals=219547
       Livermore-4 run=34 seed=28693 time=0.090s reward=1.000000 train_r2=1.000000 test_r2=1.000000 complexity=11 evals=15907
      Livermore-10 run=31 seed=17568 time=14.083s reward=1.000000 train_r2=1.000000 test_r2=1.000000 complexity=6 evals=1505818
       Livermore-3 run=34 seed=28693 time=0.451s reward=1.000000 train_r2=1.000000 test_r2=1.000000 complexity=11 evals=61655
       Livermore-5 run=34 seed=28693 time=1.762s reward=1.000000 train_r2=1.000000 test_r2=1.000000 complexity=15 evals=243848
      Livermore-13 run=33 seed=19769 time=3.780s reward=1.000000 train_r2=1.000000 test_r2=1.000000 complexity=3 evals=454072
       Livermore-9 run=30 seed=6420  time=20.224s reward=0.991120 train_r2=0.999920 test_r2=0.999506 complexity=41 evals=2000005
      Livermore-10 run=30 seed=6420  time=20.305s reward=0.981398 train_r2=0.999641 test_r2=0.998722 complexity=28 evals=2000004
       Livermore-1 run=34 seed=28693 time=3.997s reward=1.000000 train_r2=1.000000 test_r2=1.000000 complexity=7 evals=97174
      Livermore-13 run=34 seed=28693 time=0.096s reward=1.000000 train_r2=1.000000 test_r2=1.000000 complexity=3 evals=17904
       Livermore-7 run=31 seed=17568 time=18.423s reward=0.999859 train_r2=1.000000 test_r2=1.000000 complexity=8 evals=2000004
      Livermore-15 run=34 seed=28693 time=0.130s reward=1.000000 train_r2=1.000000 test_r2=1.000000 complexity=3 evals=22539
       Livermore-8 run=31 seed=17568 time=18.823s reward=0.999951 train_r2=1.000000 test_r2=1.000000 complexity=14 evals=2000005
      Livermore-12 run=34 seed=28693 time=1.412s reward=1.000000 train_r2=1.000000 test_r2=1.000000 complexity=7 evals=173195
      Livermore-11 run=31 seed=17568 time=18.243s reward=0.999999 train_r2=1.000000 test_r2=1.000000 complexity=12 evals=2000010
       Livermore-9 run=31 seed=17568 time=18.967s reward=0.993088 train_r2=0.999952 test_r2=0.999970 complexity=28 evals=2000001
      Livermore-20 run=34 seed=28693 time=0.015s reward=1.000000 train_r2=1.000000 test_r2=1.000000 complexity=6 evals=2824
      Livermore-14 run=34 seed=28693 time=1.230s reward=1.000000 train_r2=1.000000 test_r2=1.000000 complexity=14 evals=175090
      Livermore-19 run=34 seed=28693 time=0.435s reward=1.000000 train_r2=1.000000 test_r2=1.000000 complexity=10 evals=63932
      Livermore-12 run=32 seed=20939 time=13.704s reward=1.000000 train_r2=1.000000 test_r2=1.000000 complexity=7 evals=1222485
      Livermore-21 run=33 seed=19769 time=6.370s reward=1.000000 train_r2=1.000000 test_r2=1.000000 complexity=22 evals=705694
      Livermore-22 run=34 seed=28693 time=1.252s reward=1.000000 train_r2=1.000000 test_r2=1.000000 complexity=6 evals=182794
       Livermore-4 run=35 seed=6396  time=0.285s reward=1.000000 train_r2=1.000000 test_r2=1.000000 complexity=11 evals=45818
       Livermore-5 run=35 seed=6396  time=0.521s reward=1.000000 train_r2=1.000000 test_r2=1.000000 complexity=14 evals=81884
      Livermore-18 run=30 seed=6420  time=23.031s reward=0.930237 train_r2=0.994376 test_r2=0.991564 complexity=29 evals=2000006
      Livermore-13 run=32 seed=20939 time=15.480s reward=1.000000 train_r2=1.000000 test_r2=1.000000 complexity=3 evals=1686935
       Livermore-2 run=32 seed=20939 time=16.940s reward=1.000000 train_r2=1.000000 test_r2=1.000000 complexity=9 evals=1548784
      Livermore-17 run=34 seed=28693 time=3.517s reward=1.000000 train_r2=1.000000 test_r2=1.000000 complexity=6 evals=414320
       Livermore-3 run=35 seed=6396  time=2.368s reward=1.000000 train_r2=1.000000 test_r2=1.000000 complexity=11 evals=286699
      Livermore-11 run=35 seed=6396  time=0.142s reward=1.000000 train_r2=1.000000 test_r2=1.000000 complexity=12 evals=22367
       Livermore-1 run=35 seed=6396  time=3.582s reward=1.000000 train_r2=1.000000 test_r2=1.000000 complexity=7 evals=87123
      Livermore-12 run=35 seed=6396  time=0.528s reward=1.000000 train_r2=1.000000 test_r2=1.000000 complexity=7 evals=70633
      Livermore-18 run=32 seed=20939 time=15.884s reward=0.999999 train_r2=1.000000 test_r2=1.000000 complexity=9 evals=1362417
      Livermore-13 run=35 seed=6396  time=0.521s reward=1.000000 train_r2=1.000000 test_r2=1.000000 complexity=3 evals=82275
      Livermore-16 run=34 seed=28693 time=5.321s reward=1.000000 train_r2=1.000000 test_r2=1.000000 complexity=3 evals=667874
       Livermore-7 run=32 seed=20939 time=18.303s reward=0.999792 train_r2=1.000000 test_r2=1.000000 complexity=8 evals=2000007
      Livermore-15 run=35 seed=6396  time=0.312s reward=1.000000 train_r2=1.000000 test_r2=1.000000 complexity=3 evals=47882
      Livermore-17 run=35 seed=6396  time=0.258s reward=1.000000 train_r2=1.000000 test_r2=1.000000 complexity=6 evals=43107
      Livermore-20 run=35 seed=6396  time=0.019s reward=1.000000 train_r2=1.000000 test_r2=1.000000 complexity=6 evals=3744
       Livermore-9 run=32 seed=20939 time=18.380s reward=0.994332 train_r2=0.999968 test_r2=0.999898 complexity=25 evals=2000004
      Livermore-19 run=35 seed=6396  time=0.496s reward=1.000000 train_r2=1.000000 test_r2=1.000000 complexity=10 evals=72198
       Livermore-8 run=32 seed=20939 time=19.055s reward=0.999926 train_r2=1.000000 test_r2=1.000000 complexity=14 evals=2000002
      Livermore-22 run=35 seed=6396  time=0.722s reward=1.000000 train_r2=1.000000 test_r2=1.000000 complexity=6 evals=115579
       Livermore-2 run=36 seed=29419 time=0.669s reward=1.000000 train_r2=1.000000 test_r2=1.000000 complexity=9 evals=90427
      Livermore-18 run=31 seed=17568 time=21.931s reward=0.955578 train_r2=0.997839 test_r2=0.995845 complexity=44 evals=2000002
       Livermore-4 run=36 seed=29419 time=0.054s reward=1.000000 train_r2=1.000000 test_r2=1.000000 complexity=11 evals=9699
       Livermore-5 run=36 seed=29419 time=0.568s reward=1.000000 train_r2=1.000000 test_r2=1.000000 complexity=15 evals=83804
      Livermore-15 run=32 seed=20939 time=18.842s reward=0.966548 train_r2=0.998802 test_r2=0.999223 complexity=34 evals=2000000
      Livermore-14 run=35 seed=6396  time=2.813s reward=1.000000 train_r2=1.000000 test_r2=1.000000 complexity=14 evals=343508
       Livermore-6 run=32 seed=20939 time=20.703s reward=0.993526 train_r2=0.999958 test_r2=0.999922 complexity=43 evals=2000000
      Livermore-10 run=32 seed=20939 time=20.398s reward=0.996252 train_r2=0.999986 test_r2=0.999982 complexity=15 evals=2000001
      Livermore-11 run=36 seed=29419 time=0.333s reward=1.000000 train_r2=1.000000 test_r2=1.000000 complexity=12 evals=50002
       Livermore-1 run=36 seed=29419 time=2.266s reward=1.000000 train_r2=1.000000 test_r2=1.000000 complexity=7 evals=53616
      Livermore-13 run=36 seed=29419 time=0.115s reward=1.000000 train_r2=1.000000 test_r2=1.000000 complexity=3 evals=19627
      Livermore-12 run=36 seed=29419 time=0.828s reward=1.000000 train_r2=1.000000 test_r2=1.000000 complexity=7 evals=109605
      Livermore-16 run=35 seed=6396  time=5.124s reward=1.000000 train_r2=1.000000 test_r2=1.000000 complexity=3 evals=646872
       Livermore-2 run=35 seed=6396  time=9.021s reward=1.000000 train_r2=1.000000 test_r2=1.000000 complexity=9 evals=943831
      Livermore-21 run=32 seed=20939 time=20.103s reward=0.986878 train_r2=0.999823 test_r2=0.999629 complexity=25 evals=2000001
       Livermore-7 run=33 seed=19769 time=18.218s reward=0.999866 train_r2=1.000000 test_r2=1.000000 complexity=8 evals=2000000
      Livermore-14 run=36 seed=29419 time=2.658s reward=1.000000 train_r2=1.000000 test_r2=1.000000 complexity=14 evals=326446
      Livermore-20 run=36 seed=29419 time=0.037s reward=1.000000 train_r2=1.000000 test_r2=1.000000 complexity=6 evals=6595
       Livermore-8 run=33 seed=19769 time=18.384s reward=0.999953 train_r2=1.000000 test_r2=1.000000 complexity=14 evals=2000000
      Livermore-19 run=36 seed=29419 time=0.282s reward=1.000000 train_r2=1.000000 test_r2=1.000000 complexity=12 evals=45656
      Livermore-22 run=36 seed=29419 time=0.087s reward=1.000000 train_r2=1.000000 test_r2=1.000000 complexity=6 evals=15076
       Livermore-9 run=33 seed=19769 time=18.455s reward=0.991839 train_r2=0.999932 test_r2=0.999829 complexity=24 evals=2000002
      Livermore-17 run=36 seed=29419 time=1.330s reward=1.000000 train_r2=1.000000 test_r2=1.000000 complexity=6 evals=177206
       Livermore-4 run=37 seed=27480 time=0.208s reward=1.000000 train_r2=1.000000 test_r2=1.000000 complexity=13 evals=32716
       Livermore-3 run=37 seed=27480 time=0.674s reward=1.000000 train_r2=1.000000 test_r2=1.000000 complexity=11 evals=100780
       Livermore-7 run=34 seed=28693 time=16.777s reward=0.999820 train_r2=1.000000 test_r2=1.000000 complexity=21 evals=2000001
       Livermore-5 run=37 seed=27480 time=0.969s reward=1.000000 train_r2=1.000000 test_r2=1.000000 complexity=15 evals=134139
       Livermore-6 run=33 seed=19769 time=20.297s reward=0.990224 train_r2=0.999903 test_r2=0.999883 complexity=33 evals=2000007
      Livermore-21 run=36 seed=29419 time=2.055s reward=1.000000 train_r2=1.000000 test_r2=1.000000 complexity=15 evals=247168
       Livermore-8 run=34 seed=28693 time=17.760s reward=0.999931 train_r2=1.000000 test_r2=1.000000 complexity=14 evals=2000002
       Livermore-1 run=37 seed=27480 time=2.422s reward=1.000000 train_r2=1.000000 test_r2=1.000000 complexity=7 evals=60204
      Livermore-11 run=37 seed=27480 time=0.176s reward=0.999999 train_r2=1.000000 test_r2=1.000000 complexity=12 evals=27191
      Livermore-12 run=37 seed=27480 time=0.146s reward=1.000000 train_r2=1.000000 test_r2=1.000000 complexity=7 evals=23710
      Livermore-13 run=37 seed=27480 time=0.183s reward=1.000000 train_r2=1.000000 test_r2=1.000000 complexity=3 evals=30245
      Livermore-15 run=37 seed=27480 time=0.126s reward=1.000000 train_r2=1.000000 test_r2=1.000000 complexity=3 evals=21087
      Livermore-18 run=33 seed=19769 time=19.377s reward=0.987047 train_r2=0.999828 test_r2=0.999880 complexity=25 evals=2000003
       Livermore-6 run=34 seed=28693 time=18.841s reward=0.989544 train_r2=0.999888 test_r2=0.999738 complexity=19 evals=2000002
      Livermore-18 run=35 seed=6396  time=9.284s reward=0.999999 train_r2=1.000000 test_r2=1.000000 complexity=9 evals=943704
      Livermore-14 run=37 seed=27480 time=0.672s reward=1.000000 train_r2=1.000000 test_r2=1.000000 complexity=14 evals=102484
      Livermore-20 run=37 seed=27480 time=0.048s reward=1.000000 train_r2=1.000000 test_r2=1.000000 complexity=6 evals=8802
      Livermore-19 run=37 seed=27480 time=0.465s reward=1.000000 train_r2=1.000000 test_r2=1.000000 complexity=12 evals=69392
      Livermore-16 run=37 seed=27480 time=0.932s reward=1.000000 train_r2=1.000000 test_r2=1.000000 complexity=3 evals=133225
      Livermore-22 run=37 seed=27480 time=0.043s reward=1.000000 train_r2=1.000000 test_r2=1.000000 complexity=6 evals=8119
      Livermore-17 run=37 seed=27480 time=1.397s reward=1.000000 train_r2=1.000000 test_r2=1.000000 complexity=6 evals=198401
       Livermore-2 run=38 seed=32304 time=0.760s reward=1.000000 train_r2=1.000000 test_r2=1.000000 complexity=9 evals=102710
       Livermore-3 run=38 seed=32304 time=0.285s reward=1.000000 train_r2=1.000000 test_r2=1.000000 complexity=11 evals=47839
       Livermore-4 run=38 seed=32304 time=0.135s reward=1.000000 train_r2=1.000000 test_r2=1.000000 complexity=11 evals=22906
       Livermore-2 run=34 seed=28693 time=20.773s reward=0.995400 train_r2=0.999979 test_r2=0.999964 complexity=16 evals=2000003
       Livermore-9 run=34 seed=28693 time=19.122s reward=0.993875 train_r2=0.999962 test_r2=0.999888 complexity=24 evals=2000005
       Livermore-1 run=38 seed=32304 time=1.422s reward=1.000000 train_r2=1.000000 test_r2=1.000000 complexity=7 evals=34953
      Livermore-16 run=36 seed=29419 time=7.424s reward=1.000000 train_r2=1.000000 test_r2=1.000000 complexity=3 evals=908510
      Livermore-10 run=34 seed=28693 time=19.978s reward=0.994297 train_r2=0.999967 test_r2=0.999947 complexity=9 evals=2000001
      Livermore-11 run=38 seed=32304 time=0.221s reward=1.000000 train_r2=1.000000 test_r2=1.000000 complexity=12 evals=32204
      Livermore-11 run=34 seed=28693 time=19.722s reward=0.999994 train_r2=1.000000 test_r2=1.000000 complexity=12 evals=2000000
      Livermore-21 run=34 seed=28693 time=18.016s reward=0.992965 train_r2=0.999950 test_r2=0.999943 complexity=20 evals=2000000
      Livermore-13 run=38 seed=32304 time=0.060s reward=1.000000 train_r2=1.000000 test_r2=1.000000 complexity=3 evals=10459
      Livermore-15 run=38 seed=32304 time=0.474s reward=1.000000 train_r2=1.000000 test_r2=1.000000 complexity=3 evals=71127
       Livermore-3 run=36 seed=29419 time=12.872s reward=1.000000 train_r2=1.000000 test_r2=1.000000 complexity=11 evals=1388859
      Livermore-14 run=38 seed=32304 time=1.275s reward=1.000000 train_r2=1.000000 test_r2=1.000000 complexity=14 evals=180511
      Livermore-12 run=38 seed=32304 time=2.082s reward=1.000000 train_r2=1.000000 test_r2=1.000000 complexity=7 evals=250227
      Livermore-19 run=38 seed=32304 time=0.277s reward=1.000000 train_r2=1.000000 test_r2=1.000000 complexity=10 evals=43780
      Livermore-20 run=38 seed=32304 time=0.037s reward=1.000000 train_r2=1.000000 test_r2=1.000000 complexity=6 evals=6996
      Livermore-16 run=38 seed=32304 time=1.535s reward=1.000000 train_r2=1.000000 test_r2=1.000000 complexity=3 evals=213595
       Livermore-5 run=38 seed=32304 time=4.698s reward=1.000000 train_r2=1.000000 test_r2=1.000000 complexity=15 evals=631722
       Livermore-8 run=38 seed=32304 time=4.357s reward=1.000000 train_r2=1.000000 test_r2=1.000000 complexity=2 evals=562640
      Livermore-22 run=38 seed=32304 time=0.414s reward=1.000000 train_r2=1.000000 test_r2=1.000000 complexity=6 evals=65703
       Livermore-8 run=35 seed=6396  time=18.204s reward=0.999937 train_r2=1.000000 test_r2=1.000000 complexity=14 evals=2000004
       Livermore-3 run=39 seed=8666  time=0.561s reward=1.000000 train_r2=1.000000 test_r2=1.000000 complexity=11 evals=77976
       Livermore-1 run=39 seed=8666  time=1.169s reward=1.000000 train_r2=1.000000 test_r2=1.000000 complexity=7 evals=28212
       Livermore-7 run=35 seed=6396  time=18.521s reward=0.999882 train_r2=1.000000 test_r2=1.000000 complexity=42 evals=2000005
      Livermore-18 run=34 seed=28693 time=21.372s reward=0.926382 train_r2=0.993685 test_r2=0.992546 complexity=16 evals=2000004
       Livermore-6 run=35 seed=6396  time=18.923s reward=0.996439 train_r2=0.999987 test_r2=0.999961 complexity=40 evals=2000003
       Livermore-2 run=39 seed=8666  time=1.231s reward=1.000000 train_r2=1.000000 test_r2=1.000000 complexity=9 evals=172249
       Livermore-4 run=39 seed=8666  time=0.739s reward=1.000000 train_r2=1.000000 test_r2=1.000000 complexity=13 evals=100287
      Livermore-11 run=39 seed=8666  time=0.468s reward=0.999999 train_r2=1.000000 test_r2=1.000000 complexity=12 evals=62761
       Livermore-8 run=36 seed=29419 time=15.514s reward=1.000000 train_r2=1.000000 test_r2=1.000000 complexity=2 evals=1855161
       Livermore-5 run=39 seed=8666  time=1.298s reward=1.000000 train_r2=1.000000 test_r2=1.000000 complexity=15 evals=173755
      Livermore-13 run=39 seed=8666  time=0.092s reward=1.000000 train_r2=1.000000 test_r2=1.000000 complexity=3 evals=16913
      Livermore-17 run=38 seed=32304 time=4.026s reward=1.000000 train_r2=1.000000 test_r2=1.000000 complexity=6 evals=525191
       Livermore-9 run=35 seed=6396  time=19.708s reward=0.995859 train_r2=0.999983 test_r2=0.999307 complexity=34 evals=2000007
      Livermore-14 run=39 seed=8666  time=0.553s reward=1.000000 train_r2=1.000000 test_r2=1.000000 complexity=14 evals=77333
      Livermore-10 run=35 seed=6396  time=20.057s reward=0.997679 train_r2=0.999995 test_r2=0.999973 complexity=16 evals=2000000
      Livermore-15 run=39 seed=8666  time=0.820s reward=1.000000 train_r2=1.000000 test_r2=1.000000 complexity=3 evals=137052
      Livermore-20 run=39 seed=8666  time=0.011s reward=1.000000 train_r2=1.000000 test_r2=1.000000 complexity=6 evals=1992
      Livermore-16 run=39 seed=8666  time=0.876s reward=1.000000 train_r2=1.000000 test_r2=1.000000 complexity=3 evals=144821
      Livermore-17 run=39 seed=8666  time=0.829s reward=1.000000 train_r2=1.000000 test_r2=1.000000 complexity=6 evals=115629
      Livermore-19 run=39 seed=8666  time=0.404s reward=1.000000 train_r2=1.000000 test_r2=1.000000 complexity=10 evals=60194
      Livermore-22 run=39 seed=8666  time=0.398s reward=1.000000 train_r2=1.000000 test_r2=1.000000 complexity=6 evals=68879
      Livermore-10 run=39 seed=8666  time=2.344s reward=1.000000 train_r2=1.000000 test_r2=1.000000 complexity=6 evals=300443
       Livermore-4 run=40 seed=25658 time=0.172s reward=1.000000 train_r2=1.000000 test_r2=1.000000 complexity=13 evals=29272
      Livermore-15 run=36 seed=29419 time=15.872s reward=1.000000 train_r2=1.000000 test_r2=1.000000 complexity=3 evals=1902381
       Livermore-3 run=40 seed=25658 time=0.333s reward=1.000000 train_r2=1.000000 test_r2=1.000000 complexity=11 evals=56168
       Livermore-1 run=40 seed=25658 time=0.865s reward=1.000000 train_r2=1.000000 test_r2=1.000000 complexity=7 evals=21070
       Livermore-2 run=40 seed=25658 time=1.027s reward=1.000000 train_r2=1.000000 test_r2=1.000000 complexity=9 evals=129377
      Livermore-21 run=35 seed=6396  time=19.793s reward=0.993922 train_r2=0.999963 test_r2=0.998336 complexity=23 evals=2000003
       Livermore-6 run=40 seed=25658 time=0.642s reward=1.000000 train_r2=1.000000 test_r2=1.000000 complexity=17 evals=90646
      Livermore-11 run=40 seed=25658 time=0.552s reward=1.000000 train_r2=1.000000 test_r2=1.000000 complexity=12 evals=77569
       Livermore-7 run=36 seed=29419 time=18.961s reward=0.999784 train_r2=1.000000 test_r2=1.000000 complexity=27 evals=2000002
      Livermore-13 run=40 seed=25658 time=0.141s reward=1.000000 train_r2=1.000000 test_r2=1.000000 complexity=3 evals=24263
      Livermore-14 run=40 seed=25658 time=0.231s reward=1.000000 train_r2=1.000000 test_r2=1.000000 complexity=14 evals=35854
      Livermore-15 run=40 seed=25658 time=0.480s reward=1.000000 train_r2=1.000000 test_r2=1.000000 complexity=3 evals=70049
       Livermore-9 run=36 seed=29419 time=20.014s reward=0.990571 train_r2=0.999909 test_r2=0.999399 complexity=21 evals=2000004
       Livermore-6 run=36 seed=29419 time=20.876s reward=0.994169 train_r2=0.999966 test_r2=0.999835 complexity=28 evals=2000003
      Livermore-10 run=36 seed=29419 time=20.063s reward=0.994801 train_r2=0.999973 test_r2=0.991859 complexity=29 evals=2000003
      Livermore-19 run=40 seed=25658 time=0.482s reward=1.000000 train_r2=1.000000 test_r2=1.000000 complexity=10 evals=69050
      Livermore-20 run=40 seed=25658 time=0.052s reward=1.000000 train_r2=1.000000 test_r2=1.000000 complexity=6 evals=9553
       Livermore-2 run=37 seed=27480 time=17.400s reward=0.979068 train_r2=0.999543 test_r2=0.999677 complexity=16 evals=2000006
      Livermore-22 run=40 seed=25658 time=0.726s reward=1.000000 train_r2=1.000000 test_r2=1.000000 complexity=6 evals=99886
       Livermore-7 run=37 seed=27480 time=16.955s reward=0.999863 train_r2=1.000000 test_r2=1.000000 complexity=8 evals=2000004
       Livermore-8 run=37 seed=27480 time=17.062s reward=1.000000 train_r2=1.000000 test_r2=1.000000 complexity=2 evals=1891356
      Livermore-12 run=40 seed=25658 time=4.493s reward=1.000000 train_r2=1.000000 test_r2=1.000000 complexity=7 evals=505395
       Livermore-4 run=41 seed=18942 time=0.523s reward=1.000000 train_r2=1.000000 test_r2=1.000000 complexity=13 evals=74966
       Livermore-3 run=41 seed=18942 time=1.391s reward=1.000000 train_r2=1.000000 test_r2=1.000000 complexity=11 evals=177660
       Livermore-6 run=37 seed=27480 time=19.409s reward=0.981751 train_r2=0.999654 test_r2=0.999705 complexity=24 evals=2000003
       Livermore-5 run=41 seed=18942 time=1.217s reward=1.000000 train_r2=1.000000 test_r2=1.000000 complexity=14 evals=162672
       Livermore-9 run=37 seed=27480 time=19.607s reward=0.987634 train_r2=0.999843 test_r2=0.998680 complexity=29 evals=2000000
       Livermore-2 run=41 seed=18942 time=3.283s reward=1.000000 train_r2=1.000000 test_r2=1.000000 complexity=9 evals=407132
       Livermore-1 run=41 seed=18942 time=3.684s reward=1.000000 train_r2=1.000000 test_r2=1.000000 complexity=7 evals=88050
      Livermore-18 run=36 seed=29419 time=22.442s reward=0.967753 train_r2=0.998890 test_r2=0.998523 complexity=43 evals=2000000
      Livermore-12 run=41 seed=18942 time=0.411s reward=1.000000 train_r2=1.000000 test_r2=1.000000 complexity=7 evals=59838
      Livermore-10 run=37 seed=27480 time=20.361s reward=0.995546 train_r2=0.999980 test_r2=0.999946 complexity=26 evals=2000000
      Livermore-13 run=41 seed=18942 time=0.184s reward=1.000000 train_r2=1.000000 test_r2=1.000000 complexity=3 evals=31050
      Livermore-21 run=37 seed=27480 time=19.360s reward=0.998197 train_r2=0.999997 test_r2=0.999977 complexity=21 evals=2000004
      Livermore-15 run=41 seed=18942 time=0.287s reward=1.000000 train_r2=1.000000 test_r2=1.000000 complexity=3 evals=46108
      Livermore-14 run=41 seed=18942 time=0.554s reward=1.000000 train_r2=1.000000 test_r2=1.000000 complexity=14 evals=77676
       Livermore-7 run=38 seed=32304 time=18.684s reward=0.999847 train_r2=1.000000 test_r2=1.000000 complexity=8 evals=2000001
      Livermore-18 run=37 seed=27480 time=20.535s reward=0.951524 train_r2=0.997405 test_r2=0.996873 complexity=27 evals=2000010
      Livermore-20 run=41 seed=18942 time=0.024s reward=1.000000 train_r2=1.000000 test_r2=1.000000 complexity=6 evals=4432
      Livermore-19 run=41 seed=18942 time=0.265s reward=1.000000 train_r2=1.000000 test_r2=1.000000 complexity=10 evals=39596
      Livermore-17 run=41 seed=18942 time=1.021s reward=1.000000 train_r2=1.000000 test_r2=1.000000 complexity=6 evals=143002
      Livermore-22 run=41 seed=18942 time=0.336s reward=1.000000 train_r2=1.000000 test_r2=1.000000 complexity=6 evals=52134
      Livermore-16 run=40 seed=25658 time=8.477s reward=1.000000 train_r2=1.000000 test_r2=1.000000 complexity=3 evals=1044902
       Livermore-6 run=38 seed=32304 time=20.416s reward=1.000000 train_r2=1.000000 test_r2=1.000000 complexity=17 evals=1916165
       Livermore-1 run=42 seed=24233 time=1.301s reward=1.000000 train_r2=1.000000 test_r2=1.000000 complexity=7 evals=31644
       Livermore-3 run=42 seed=24233 time=0.727s reward=1.000000 train_r2=1.000000 test_r2=1.000000 complexity=11 evals=99386
       Livermore-4 run=42 seed=24233 time=0.296s reward=1.000000 train_r2=1.000000 test_r2=1.000000 complexity=11 evals=44654
       Livermore-9 run=38 seed=32304 time=20.446s reward=0.995950 train_r2=0.999983 test_r2=0.999438 complexity=25 evals=2000000
       Livermore-2 run=42 seed=24233 time=2.618s reward=1.000000 train_r2=1.000000 test_r2=1.000000 complexity=9 evals=291499
      Livermore-10 run=38 seed=32304 time=20.821s reward=1.000000 train_r2=1.000000 test_r2=1.000000 complexity=6 evals=1963055
      Livermore-18 run=38 seed=32304 time=19.107s reward=0.977308 train_r2=0.999461 test_r2=0.998277 complexity=30 evals=2000002
       Livermore-5 run=42 seed=24233 time=2.899s reward=1.000000 train_r2=1.000000 test_r2=1.000000 complexity=14 evals=348993
       Livermore-8 run=39 seed=8666  time=17.813s reward=0.999944 train_r2=1.000000 test_r2=1.000000 complexity=14 evals=2000005
      Livermore-12 run=42 seed=24233 time=0.345s reward=1.000000 train_r2=1.000000 test_r2=1.000000 complexity=15 evals=48784
       Livermore-6 run=39 seed=8666  time=18.258s reward=1.000000 train_r2=1.000000 test_r2=1.000000 complexity=17 evals=1963383
       Livermore-9 run=39 seed=8666  time=18.104s reward=0.994286 train_r2=0.999967 test_r2=0.999960 complexity=28 evals=2000000
      Livermore-10 run=41 seed=18942 time=7.209s reward=1.000000 train_r2=1.000000 test_r2=1.000000 complexity=6 evals=811174
       Livermore-7 run=39 seed=8666  time=18.435s reward=0.999845 train_r2=1.000000 test_r2=1.000000 complexity=8 evals=2000000
      Livermore-14 run=42 seed=24233 time=0.570s reward=1.000000 train_r2=1.000000 test_r2=1.000000 complexity=14 evals=83736
      Livermore-15 run=42 seed=24233 time=0.266s reward=1.000000 train_r2=1.000000 test_r2=1.000000 complexity=3 evals=45081
      Livermore-20 run=42 seed=24233 time=0.028s reward=1.000000 train_r2=1.000000 test_r2=1.000000 complexity=6 evals=5417
       Livermore-5 run=40 seed=25658 time=15.914s reward=1.000000 train_r2=1.000000 test_r2=1.000000 complexity=14 evals=1774910
      Livermore-16 run=41 seed=18942 time=6.729s reward=1.000000 train_r2=1.000000 test_r2=1.000000 complexity=3 evals=855581
      Livermore-19 run=42 seed=24233 time=0.424s reward=1.000000 train_r2=1.000000 test_r2=1.000000 complexity=10 evals=63941
      Livermore-22 run=42 seed=24233 time=0.259s reward=1.000000 train_r2=1.000000 test_r2=1.000000 complexity=6 evals=45120
      Livermore-16 run=42 seed=24233 time=0.692s reward=1.000000 train_r2=1.000000 test_r2=1.000000 complexity=5 evals=115146
      Livermore-21 run=38 seed=32304 time=20.407s reward=0.999002 train_r2=0.999999 test_r2=0.999987 complexity=27 evals=2000004
      Livermore-10 run=40 seed=25658 time=15.893s reward=1.000000 train_r2=1.000000 test_r2=1.000000 complexity=6 evals=1685070
       Livermore-4 run=43 seed=18431 time=0.492s reward=1.000000 train_r2=1.000000 test_r2=1.000000 complexity=13 evals=78247
      Livermore-21 run=39 seed=8666  time=17.628s reward=0.991985 train_r2=0.999935 test_r2=0.999926 complexity=21 evals=2000005
       Livermore-5 run=43 seed=18431 time=0.648s reward=1.000000 train_r2=1.000000 test_r2=1.000000 complexity=15 evals=91930
       Livermore-3 run=43 seed=18431 time=1.501s reward=1.000000 train_r2=1.000000 test_r2=1.000000 complexity=11 evals=195001
       Livermore-2 run=43 seed=18431 time=1.677s reward=1.000000 train_r2=1.000000 test_r2=1.000000 complexity=9 evals=201270
       Livermore-7 run=40 seed=25658 time=17.603s reward=0.999806 train_r2=1.000000 test_r2=1.000000 complexity=31 evals=2000002
      Livermore-12 run=39 seed=8666  time=17.461s reward=0.998065 train_r2=0.999996 test_r2=0.222016 complexity=31 evals=2000000
       Livermore-1 run=43 seed=18431 time=2.411s reward=1.000000 train_r2=1.000000 test_r2=1.000000 complexity=7 evals=57105
      Livermore-13 run=43 seed=18431 time=0.295s reward=1.000000 train_r2=1.000000 test_r2=1.000000 complexity=3 evals=47135
       Livermore-8 run=40 seed=25658 time=18.648s reward=0.999938 train_r2=1.000000 test_r2=1.000000 complexity=14 evals=2000006
      Livermore-16 run=43 seed=18431 time=0.235s reward=1.000000 train_r2=1.000000 test_r2=1.000000 complexity=3 evals=38365
      Livermore-15 run=43 seed=18431 time=0.977s reward=1.000000 train_r2=1.000000 test_r2=1.000000 complexity=3 evals=140030
      Livermore-13 run=42 seed=24233 time=4.673s reward=1.000000 train_r2=1.000000 test_r2=1.000000 complexity=3 evals=557544
      Livermore-19 run=43 seed=18431 time=0.451s reward=1.000000 train_r2=1.000000 test_r2=1.000000 complexity=12 evals=66477
      Livermore-20 run=43 seed=18431 time=0.031s reward=1.000000 train_r2=1.000000 test_r2=1.000000 complexity=6 evals=5670
      Livermore-14 run=43 seed=18431 time=2.048s reward=1.000000 train_r2=1.000000 test_r2=1.000000 complexity=14 evals=261515
      Livermore-18 run=39 seed=8666  time=21.378s reward=0.960137 train_r2=0.998276 test_r2=0.998243 complexity=40 evals=2000000
      Livermore-17 run=43 seed=18431 time=1.655s reward=1.000000 train_r2=1.000000 test_r2=1.000000 complexity=6 evals=203830
      Livermore-22 run=43 seed=18431 time=0.336s reward=1.000000 train_r2=1.000000 test_r2=1.000000 complexity=6 evals=56216
       Livermore-9 run=40 seed=25658 time=20.334s reward=0.995424 train_r2=0.999979 test_r2=0.999972 complexity=29 evals=2000002
       Livermore-3 run=44 seed=32219 time=0.247s reward=1.000000 train_r2=1.000000 test_r2=1.000000 complexity=11 evals=38697
       Livermore-4 run=44 seed=32219 time=0.465s reward=1.000000 train_r2=1.000000 test_r2=1.000000 complexity=13 evals=65935
       Livermore-2 run=44 seed=32219 time=0.785s reward=1.000000 train_r2=1.000000 test_r2=1.000000 complexity=9 evals=104275
      Livermore-18 run=43 seed=18431 time=2.579s reward=0.999999 train_r2=1.000000 test_r2=1.000000 complexity=9 evals=288003
       Livermore-1 run=44 seed=32219 time=1.501s reward=1.000000 train_r2=1.000000 test_r2=1.000000 complexity=7 evals=36094
       Livermore-5 run=44 seed=32219 time=1.510s reward=1.000000 train_r2=1.000000 test_r2=1.000000 complexity=14 evals=213924
      Livermore-10 run=43 seed=18431 time=5.651s reward=1.000000 train_r2=1.000000 test_r2=1.000000 complexity=6 evals=623913
      Livermore-11 run=44 seed=32219 time=0.056s reward=1.000000 train_r2=1.000000 test_r2=1.000000 complexity=12 evals=10109
      Livermore-21 run=40 seed=25658 time=19.937s reward=0.994505 train_r2=0.999969 test_r2=0.999967 complexity=18 evals=2000006
      Livermore-13 run=44 seed=32219 time=0.394s reward=1.000000 train_r2=1.000000 test_r2=1.000000 complexity=3 evals=60172
      Livermore-17 run=40 seed=25658 time=21.190s reward=0.994476 train_r2=0.999969 test_r2=0.999957 complexity=13 evals=2000007
      Livermore-14 run=44 seed=32219 time=0.536s reward=1.000000 train_r2=1.000000 test_r2=1.000000 complexity=14 evals=75805
       Livermore-8 run=42 seed=24233 time=12.487s reward=1.000000 train_r2=1.000000 test_r2=1.000000 complexity=2 evals=1438236
       Livermore-7 run=41 seed=18942 time=17.787s reward=0.999907 train_r2=1.000000 test_r2=1.000000 complexity=26 evals=2000006
      Livermore-16 run=44 seed=32219 time=0.257s reward=1.000000 train_r2=1.000000 test_r2=1.000000 complexity=3 evals=43568
      Livermore-21 run=43 seed=18431 time=4.975s reward=1.000000 train_r2=1.000000 test_r2=1.000000 complexity=15 evals=552065
      Livermore-20 run=44 seed=32219 time=0.031s reward=1.000000 train_r2=1.000000 test_r2=1.000000 complexity=6 evals=5762
      Livermore-18 run=40 seed=25658 time=22.089s reward=0.996580 train_r2=0.999988 test_r2=0.999991 complexity=10 evals=2000003
      Livermore-19 run=44 seed=32219 time=0.723s reward=1.000000 train_r2=1.000000 test_r2=1.000000 complexity=10 evals=97873
      Livermore-22 run=44 seed=32219 time=0.556s reward=1.000000 train_r2=1.000000 test_r2=1.000000 complexity=6 evals=82743
      Livermore-12 run=44 seed=32219 time=2.613s reward=1.000000 train_r2=1.000000 test_r2=1.000000 complexity=7 evals=317192
       Livermore-3 run=45 seed=2747  time=0.325s reward=1.000000 train_r2=1.000000 test_r2=1.000000 complexity=11 evals=51020
       Livermore-8 run=41 seed=18942 time=18.861s reward=0.999966 train_r2=1.000000 test_r2=1.000000 complexity=14 evals=2000002
       Livermore-4 run=45 seed=2747  time=0.159s reward=1.000000 train_r2=1.000000 test_r2=1.000000 complexity=11 evals=26873
       Livermore-5 run=45 seed=2747  time=0.164s reward=1.000000 train_r2=1.000000 test_r2=1.000000 complexity=14 evals=27754
       Livermore-6 run=41 seed=18942 time=20.163s reward=0.996456 train_r2=0.999987 test_r2=0.999974 complexity=34 evals=2000007
       Livermore-1 run=45 seed=2747  time=2.304s reward=1.000000 train_r2=1.000000 test_r2=1.000000 complexity=7 evals=53776
      Livermore-11 run=41 seed=18942 time=19.574s reward=0.999999 train_r2=1.000000 test_r2=1.000000 complexity=12 evals=2000001
      Livermore-21 run=44 seed=32219 time=2.838s reward=1.000000 train_r2=1.000000 test_r2=1.000000 complexity=20 evals=334014
      Livermore-11 run=45 seed=2747  time=0.200s reward=1.000000 train_r2=1.000000 test_r2=1.000000 complexity=12 evals=31233
       Livermore-9 run=41 seed=18942 time=20.385s reward=0.990939 train_r2=0.999916 test_r2=0.999347 complexity=23 evals=2000000
      Livermore-13 run=45 seed=2747  time=0.212s reward=1.000000 train_r2=1.000000 test_r2=1.000000 complexity=3 evals=35337
       Livermore-6 run=44 seed=32219 time=7.237s reward=1.000000 train_r2=1.000000 test_r2=1.000000 complexity=17 evals=757837
      Livermore-12 run=45 seed=2747  time=0.732s reward=1.000000 train_r2=1.000000 test_r2=1.000000 complexity=7 evals=93175
      Livermore-16 run=45 seed=2747  time=0.266s reward=1.000000 train_r2=1.000000 test_r2=1.000000 complexity=3 evals=42745
      Livermore-17 run=45 seed=2747  time=0.246s reward=1.000000 train_r2=1.000000 test_r2=1.000000 complexity=6 evals=38980
      Livermore-21 run=41 seed=18942 time=19.515s reward=0.999273 train_r2=0.999999 test_r2=0.999929 complexity=26 evals=2000002
      Livermore-15 run=45 seed=2747  time=1.420s reward=1.000000 train_r2=1.000000 test_r2=1.000000 complexity=3 evals=190280
      Livermore-19 run=45 seed=2747  time=0.284s reward=1.000000 train_r2=1.000000 test_r2=1.000000 complexity=10 evals=44985
      Livermore-20 run=45 seed=2747  time=0.027s reward=1.000000 train_r2=1.000000 test_r2=1.000000 complexity=6 evals=5173
       Livermore-7 run=42 seed=24233 time=18.432s reward=0.999927 train_r2=1.000000 test_r2=1.000000 complexity=8 evals=2000007
      Livermore-22 run=45 seed=2747  time=0.561s reward=1.000000 train_r2=1.000000 test_r2=1.000000 complexity=6 evals=89835
      Livermore-21 run=45 seed=2747  time=1.323s reward=1.000000 train_r2=1.000000 test_r2=1.000000 complexity=15 evals=179009
       Livermore-2 run=46 seed=25551 time=0.770s reward=1.000000 train_r2=1.000000 test_r2=1.000000 complexity=9 evals=105943
       Livermore-6 run=42 seed=24233 time=19.934s reward=0.997227 train_r2=0.999992 test_r2=0.999945 complexity=25 evals=2000000
       Livermore-4 run=46 seed=25551 time=0.332s reward=1.000000 train_r2=1.000000 test_r2=1.000000 complexity=11 evals=51913
      Livermore-18 run=41 seed=18942 time=22.481s reward=0.999999 train_r2=1.000000 test_r2=1.000000 complexity=9 evals=2000000
       Livermore-3 run=46 seed=25551 time=0.803s reward=1.000000 train_r2=1.000000 test_r2=1.000000 complexity=11 evals=107033
      Livermore-15 run=44 seed=32219 time=8.321s reward=1.000000 train_r2=1.000000 test_r2=1.000000 complexity=3 evals=1079195
      Livermore-11 run=42 seed=24233 time=18.248s reward=0.999998 train_r2=1.000000 test_r2=1.000000 complexity=12 evals=2000003
       Livermore-9 run=42 seed=24233 time=19.924s reward=0.996095 train_r2=0.999985 test_r2=0.999910 complexity=26 evals=2000003
      Livermore-14 run=45 seed=2747  time=4.677s reward=1.000000 train_r2=1.000000 test_r2=1.000000 complexity=14 evals=554352
       Livermore-5 run=46 seed=25551 time=1.593s reward=1.000000 train_r2=1.000000 test_r2=1.000000 complexity=15 evals=206676
      Livermore-11 run=46 seed=25551 time=0.111s reward=1.000000 train_r2=1.000000 test_r2=1.000000 complexity=12 evals=17415
       Livermore-8 run=43 seed=18431 time=16.621s reward=0.999943 train_r2=1.000000 test_r2=1.000000 complexity=14 evals=2000004
      Livermore-21 run=42 seed=24233 time=17.859s reward=0.996036 train_r2=0.999984 test_r2=0.999949 complexity=30 evals=2000001
      Livermore-12 run=46 seed=25551 time=0.412s reward=1.000000 train_r2=1.000000 test_r2=1.000000 complexity=7 evals=52012
      Livermore-18 run=44 seed=32219 time=8.915s reward=0.999999 train_r2=1.000000 test_r2=1.000000 complexity=29 evals=909356
      Livermore-15 run=46 seed=25551 time=0.290s reward=1.000000 train_r2=1.000000 test_r2=1.000000 complexity=3 evals=49585
      Livermore-10 run=42 seed=24233 time=19.926s reward=0.985942 train_r2=0.999797 test_r2=0.999693 complexity=35 evals=2000000
       Livermore-6 run=46 seed=25551 time=1.898s reward=1.000000 train_r2=1.000000 test_r2=1.000000 complexity=17 evals=240931
      Livermore-20 run=46 seed=25551 time=0.059s reward=1.000000 train_r2=1.000000 test_r2=1.000000 complexity=6 evals=10641
      Livermore-19 run=46 seed=25551 time=0.275s reward=1.000000 train_r2=1.000000 test_r2=1.000000 complexity=12 evals=46754
       Livermore-7 run=43 seed=18431 time=17.478s reward=0.999838 train_r2=1.000000 test_r2=1.000000 complexity=8 evals=2000004
      Livermore-17 run=42 seed=24233 time=18.443s reward=0.989570 train_r2=0.999889 test_r2=0.999863 complexity=41 evals=2000000
      Livermore-22 run=46 seed=25551 time=0.294s reward=1.000000 train_r2=1.000000 test_r2=1.000000 complexity=6 evals=46712
      Livermore-16 run=46 seed=25551 time=0.690s reward=1.000000 train_r2=1.000000 test_r2=1.000000 complexity=5 evals=118069
      Livermore-17 run=46 seed=25551 time=0.604s reward=1.000000 train_r2=1.000000 test_r2=1.000000 complexity=6 evals=86715
       Livermore-3 run=47 seed=26382 time=0.270s reward=1.000000 train_r2=1.000000 test_r2=1.000000 complexity=11 evals=45087
       Livermore-4 run=47 seed=26382 time=0.346s reward=1.000000 train_r2=1.000000 test_r2=1.000000 complexity=11 evals=52541
       Livermore-1 run=46 seed=25551 time=4.643s reward=1.000000 train_r2=1.000000 test_r2=1.000000 complexity=7 evals=108911
       Livermore-8 run=45 seed=2747  time=8.656s reward=1.000000 train_r2=1.000000 test_r2=1.000000 complexity=2 evals=1041821
      Livermore-12 run=43 seed=18431 time=17.659s reward=0.995425 train_r2=0.999979 test_r2=-0.020708 complexity=19 evals=2000003
       Livermore-6 run=43 seed=18431 time=19.229s reward=0.991558 train_r2=0.999928 test_r2=0.999925 complexity=32 evals=2000004
      Livermore-21 run=46 seed=25551 time=1.872s reward=1.000000 train_r2=1.000000 test_r2=1.000000 complexity=17 evals=241092
      Livermore-10 run=45 seed=2747  time=7.912s reward=1.000000 train_r2=1.000000 test_r2=1.000000 complexity=6 evals=855883
       Livermore-2 run=47 seed=26382 time=1.783s reward=1.000000 train_r2=1.000000 test_r2=1.000000 complexity=9 evals=245659
       Livermore-1 run=47 seed=26382 time=1.963s reward=1.000000 train_r2=1.000000 test_r2=1.000000 complexity=7 evals=46971
      Livermore-14 run=47 seed=26382 time=0.178s reward=1.000000 train_r2=1.000000 test_r2=1.000000 complexity=14 evals=28908
      Livermore-13 run=47 seed=26382 time=0.302s reward=1.000000 train_r2=1.000000 test_r2=1.000000 complexity=3 evals=47510
       Livermore-9 run=43 seed=18431 time=19.510s reward=0.992960 train_r2=0.999950 test_r2=0.999919 complexity=17 evals=2000004
      Livermore-15 run=47 seed=26382 time=0.558s reward=1.000000 train_r2=1.000000 test_r2=1.000000 complexity=3 evals=90772
      Livermore-20 run=47 seed=26382 time=0.036s reward=1.000000 train_r2=1.000000 test_r2=1.000000 complexity=6 evals=6801
      Livermore-16 run=47 seed=26382 time=0.444s reward=1.000000 train_r2=1.000000 test_r2=1.000000 complexity=5 evals=73126
      Livermore-19 run=47 seed=26382 time=0.347s reward=1.000000 train_r2=1.000000 test_r2=1.000000 complexity=10 evals=52320
      Livermore-22 run=47 seed=26382 time=0.278s reward=1.000000 train_r2=1.000000 test_r2=1.000000 complexity=6 evals=48818
      Livermore-11 run=43 seed=18431 time=19.527s reward=0.999997 train_r2=1.000000 test_r2=1.000000 complexity=12 evals=2000003
      Livermore-18 run=42 seed=24233 time=21.666s reward=0.983793 train_r2=0.999729 test_r2=0.999673 complexity=29 evals=2000006
       Livermore-4 run=48 seed=189   time=0.133s reward=1.000000 train_r2=1.000000 test_r2=1.000000 complexity=11 evals=21120
       Livermore-3 run=48 seed=189   time=0.534s reward=1.000000 train_r2=1.000000 test_r2=1.000000 complexity=11 evals=74249
       Livermore-5 run=48 seed=189   time=0.297s reward=1.000000 train_r2=1.000000 test_r2=1.000000 complexity=14 evals=46579
      Livermore-17 run=47 seed=26382 time=3.601s reward=1.000000 train_r2=1.000000 test_r2=1.000000 complexity=6 evals=421929
       Livermore-1 run=48 seed=189   time=3.358s reward=1.000000 train_r2=1.000000 test_r2=1.000000 complexity=7 evals=76914
      Livermore-17 run=44 seed=32219 time=15.474s reward=1.000000 train_r2=1.000000 test_r2=1.000000 complexity=6 evals=1568163
       Livermore-8 run=44 seed=32219 time=18.195s reward=0.999937 train_r2=1.000000 test_r2=1.000000 complexity=14 evals=2000006
      Livermore-21 run=47 seed=26382 time=3.730s reward=1.000000 train_r2=1.000000 test_r2=1.000000 complexity=16 evals=464078
      Livermore-11 run=48 seed=189   time=0.144s reward=1.000000 train_r2=1.000000 test_r2=1.000000 complexity=12 evals=22707
      Livermore-13 run=48 seed=189   time=0.186s reward=1.000000 train_r2=1.000000 test_r2=1.000000 complexity=3 evals=31288
       Livermore-2 run=48 seed=189   time=3.912s reward=1.000000 train_r2=1.000000 test_r2=1.000000 complexity=9 evals=459579
       Livermore-9 run=47 seed=26382 time=5.719s reward=1.000000 train_r2=1.000000 test_r2=1.000000 complexity=24 evals=634374
       Livermore-7 run=44 seed=32219 time=19.319s reward=0.999840 train_r2=1.000000 test_r2=1.000000 complexity=22 evals=2000003
      Livermore-15 run=48 seed=189   time=0.340s reward=1.000000 train_r2=1.000000 test_r2=1.000000 complexity=3 evals=56380
       Livermore-9 run=44 seed=32219 time=19.024s reward=0.993513 train_r2=0.999957 test_r2=0.998757 complexity=45 evals=2000000
      Livermore-16 run=48 seed=189   time=0.828s reward=1.000000 train_r2=1.000000 test_r2=1.000000 complexity=3 evals=120604
      Livermore-20 run=48 seed=189   time=0.115s reward=1.000000 train_r2=1.000000 test_r2=1.000000 complexity=6 evals=19243
      Livermore-19 run=48 seed=189   time=0.539s reward=1.000000 train_r2=1.000000 test_r2=1.000000 complexity=10 evals=76407
      Livermore-22 run=48 seed=189   time=0.081s reward=1.000000 train_r2=1.000000 test_r2=1.000000 complexity=6 evals=14348
      Livermore-10 run=44 seed=32219 time=19.533s reward=0.989533 train_r2=0.999888 test_r2=0.999800 complexity=25 evals=2000003
      Livermore-14 run=48 seed=189   time=2.157s reward=1.000000 train_r2=1.000000 test_r2=1.000000 complexity=14 evals=263417
       Livermore-3 run=49 seed=31677 time=1.494s reward=1.000000 train_r2=1.000000 test_r2=1.000000 complexity=11 evals=185563
      Livermore-14 run=46 seed=25551 time=10.882s reward=1.000000 train_r2=1.000000 test_r2=1.000000 complexity=14 evals=1150914
       Livermore-4 run=49 seed=31677 time=0.095s reward=1.000000 train_r2=1.000000 test_r2=1.000000 complexity=11 evals=15811
       Livermore-5 run=47 seed=26382 time=10.477s reward=1.000000 train_r2=1.000000 test_r2=1.000000 complexity=14 evals=1286613
       Livermore-1 run=49 seed=31677 time=2.730s reward=1.000000 train_r2=1.000000 test_r2=1.000000 complexity=7 evals=63833
       Livermore-2 run=49 seed=31677 time=2.809s reward=1.000000 train_r2=1.000000 test_r2=1.000000 complexity=9 evals=341927
       Livermore-5 run=49 seed=31677 time=0.831s reward=1.000000 train_r2=1.000000 test_r2=1.000000 complexity=14 evals=118117
       Livermore-7 run=45 seed=2747  time=18.935s reward=0.999806 train_r2=1.000000 test_r2=1.000000 complexity=8 evals=2000002
       Livermore-6 run=49 seed=31677 time=1.893s reward=1.000000 train_r2=1.000000 test_r2=1.000000 complexity=17 evals=222829
       Livermore-6 run=45 seed=2747  time=20.065s reward=0.994203 train_r2=0.999966 test_r2=0.999988 complexity=28 evals=2000003
      Livermore-13 run=49 seed=31677 time=0.182s reward=1.000000 train_r2=1.000000 test_r2=1.000000 complexity=3 evals=31906
      Livermore-13 run=46 seed=25551 time=13.603s reward=1.000000 train_r2=1.000000 test_r2=1.000000 complexity=3 evals=1525243
       Livermore-2 run=45 seed=2747  time=21.094s reward=0.987719 train_r2=0.999845 test_r2=0.999906 complexity=29 evals=2000000
      Livermore-15 run=49 seed=31677 time=0.439s reward=1.000000 train_r2=1.000000 test_r2=1.000000 complexity=3 evals=65618
      Livermore-14 run=49 seed=31677 time=0.830s reward=1.000000 train_r2=1.000000 test_r2=1.000000 complexity=14 evals=122551
      Livermore-17 run=49 seed=31677 time=0.617s reward=1.000000 train_r2=1.000000 test_r2=1.000000 complexity=6 evals=88931
       Livermore-9 run=45 seed=2747  time=20.024s reward=0.988790 train_r2=0.999871 test_r2=0.999934 complexity=37 evals=2000000
      Livermore-20 run=49 seed=31677 time=0.042s reward=1.000000 train_r2=1.000000 test_r2=1.000000 complexity=6 evals=7839
      Livermore-19 run=49 seed=31677 time=0.250s reward=1.000000 train_r2=1.000000 test_r2=1.000000 complexity=10 evals=39738
       Livermore-8 run=46 seed=25551 time=17.920s reward=0.999942 train_r2=1.000000 test_r2=1.000000 complexity=14 evals=2000000
       Livermore-7 run=46 seed=25551 time=18.569s reward=0.999849 train_r2=1.000000 test_r2=1.000000 complexity=42 evals=2000001
       Livermore-7 run=47 seed=26382 time=17.297s reward=0.999846 train_r2=1.000000 test_r2=1.000000 complexity=42 evals=2000003
      Livermore-10 run=46 seed=25551 time=19.505s reward=0.990053 train_r2=0.999899 test_r2=0.999985 complexity=16 evals=2000000
       Livermore-4 run=50 seed=19118 time=0.182s reward=1.000000 train_r2=1.000000 test_r2=1.000000 complexity=11 evals=32438
      Livermore-18 run=45 seed=2747  time=22.829s reward=0.979058 train_r2=0.999543 test_r2=0.999727 complexity=29 evals=2000000
       Livermore-1 run=50 seed=19118 time=2.212s reward=1.000000 train_r2=1.000000 test_r2=1.000000 complexity=7 evals=54321
       Livermore-3 run=50 seed=19118 time=0.623s reward=1.000000 train_r2=1.000000 test_r2=1.000000 complexity=11 evals=95321
       Livermore-8 run=47 seed=26382 time=18.120s reward=0.999931 train_r2=1.000000 test_r2=1.000000 complexity=14 evals=2000003
      Livermore-16 run=49 seed=31677 time=5.880s reward=1.000000 train_r2=1.000000 test_r2=1.000000 complexity=3 evals=728426
       Livermore-9 run=46 seed=25551 time=20.550s reward=0.990979 train_r2=0.999917 test_r2=0.999921 complexity=18 evals=2000003
      Livermore-22 run=49 seed=31677 time=4.703s reward=1.000000 train_r2=1.000000 test_r2=1.000000 complexity=6 evals=560899
      Livermore-11 run=50 seed=19118 time=0.223s reward=1.000000 train_r2=1.000000 test_r2=1.000000 complexity=12 evals=34116
      Livermore-12 run=50 seed=19118 time=0.549s reward=1.000000 train_r2=1.000000 test_r2=1.000000 complexity=7 evals=71499
      Livermore-12 run=49 seed=31677 time=4.090s reward=1.000000 train_r2=1.000000 test_r2=0.999945 complexity=16 evals=457307
      Livermore-21 run=49 seed=31677 time=6.386s reward=1.000000 train_r2=1.000000 test_r2=1.000000 complexity=20 evals=687056
      Livermore-12 run=48 seed=189   time=14.418s reward=1.000000 train_r2=1.000000 test_r2=1.000000 complexity=7 evals=1521504
      Livermore-13 run=50 seed=19118 time=1.546s reward=1.000000 train_r2=1.000000 test_r2=1.000000 complexity=3 evals=210599
      Livermore-11 run=47 seed=26382 time=19.215s reward=0.999998 train_r2=1.000000 test_r2=1.000000 complexity=12 evals=2000003
       Livermore-6 run=47 seed=26382 time=20.459s reward=0.988198 train_r2=0.999857 test_r2=0.998921 complexity=36 evals=2000003
      Livermore-20 run=50 seed=19118 time=0.008s reward=1.000000 train_r2=1.000000 test_r2=1.000000 complexity=6 evals=1683
      Livermore-18 run=46 seed=25551 time=21.234s reward=0.940495 train_r2=0.995997 test_r2=0.996389 complexity=21 evals=2000011
      Livermore-19 run=50 seed=19118 time=0.297s reward=1.000000 train_r2=1.000000 test_r2=1.000000 complexity=10 evals=49224
      Livermore-12 run=47 seed=26382 time=19.542s reward=0.919584 train_r2=0.992353 test_r2=0.010757 complexity=30 evals=2000005
      Livermore-22 run=50 seed=19118 time=0.414s reward=1.000000 train_r2=1.000000 test_r2=1.000000 complexity=6 evals=68774
      Livermore-10 run=47 seed=26382 time=19.815s reward=0.996381 train_r2=0.999987 test_r2=0.999937 complexity=37 evals=2000006
       Livermore-4 run=51 seed=3005  time=0.060s reward=1.000000 train_r2=1.000000 test_r2=1.000000 complexity=11 evals=10440
      Livermore-15 run=50 seed=19118 time=1.644s reward=1.000000 train_r2=1.000000 test_r2=1.000000 complexity=3 evals=202645
       Livermore-5 run=50 seed=19118 time=4.066s reward=1.000000 train_r2=1.000000 test_r2=1.000000 complexity=15 evals=517102
       Livermore-7 run=48 seed=189   time=18.709s reward=0.999833 train_r2=1.000000 test_r2=1.000000 complexity=8 evals=2000002
      Livermore-14 run=50 seed=19118 time=3.135s reward=1.000000 train_r2=1.000000 test_r2=1.000000 complexity=14 evals=364120
       Livermore-5 run=51 seed=3005  time=1.165s reward=1.000000 train_r2=1.000000 test_r2=1.000000 complexity=14 evals=156739
       Livermore-3 run=51 seed=3005  time=1.303s reward=1.000000 train_r2=1.000000 test_r2=1.000000 complexity=11 evals=176218
      Livermore-17 run=50 seed=19118 time=2.246s reward=1.000000 train_r2=1.000000 test_r2=1.000000 complexity=6 evals=305855
      Livermore-11 run=51 seed=3005  time=0.190s reward=1.000000 train_r2=1.000000 test_r2=1.000000 complexity=12 evals=31166
      Livermore-13 run=51 seed=3005  time=0.098s reward=1.000000 train_r2=1.000000 test_r2=1.000000 complexity=3 evals=17257
      Livermore-16 run=50 seed=19118 time=2.720s reward=1.000000 train_r2=1.000000 test_r2=1.000000 complexity=3 evals=356212
      Livermore-15 run=51 seed=3005  time=0.393s reward=1.000000 train_r2=1.000000 test_r2=1.000000 complexity=3 evals=59646
      Livermore-18 run=47 seed=26382 time=21.374s reward=0.939240 train_r2=0.995815 test_r2=0.992237 complexity=41 evals=2000006
       Livermore-2 run=50 seed=19118 time=7.073s reward=1.000000 train_r2=1.000000 test_r2=1.000000 complexity=9 evals=739001
      Livermore-21 run=50 seed=19118 time=3.103s reward=1.000000 train_r2=1.000000 test_r2=1.000000 complexity=17 evals=366885
      Livermore-19 run=51 seed=3005  time=0.101s reward=1.000000 train_r2=1.000000 test_r2=1.000000 complexity=12 evals=17593
      Livermore-20 run=51 seed=3005  time=0.039s reward=1.000000 train_r2=1.000000 test_r2=1.000000 complexity=6 evals=7353
      Livermore-14 run=51 seed=3005  time=1.196s reward=1.000000 train_r2=1.000000 test_r2=1.000000 complexity=14 evals=165187
       Livermore-8 run=48 seed=189   time=18.739s reward=0.999945 train_r2=1.000000 test_r2=1.000000 complexity=14 evals=2000004
      Livermore-10 run=49 seed=31677 time=13.340s reward=1.000000 train_r2=1.000000 test_r2=1.000000 complexity=6 evals=1422803
       Livermore-6 run=48 seed=189   time=20.717s reward=0.994187 train_r2=0.999966 test_r2=0.999886 complexity=23 evals=2000008
      Livermore-10 run=51 seed=3005  time=1.739s reward=1.000000 train_r2=1.000000 test_r2=1.000000 complexity=6 evals=225772
      Livermore-22 run=51 seed=3005  time=0.470s reward=1.000000 train_r2=1.000000 test_r2=1.000000 complexity=6 evals=74098
       Livermore-2 run=52 seed=21042 time=0.502s reward=1.000000 train_r2=1.000000 test_r2=1.000000 complexity=9 evals=69437
       Livermore-4 run=52 seed=21042 time=0.561s reward=1.000000 train_r2=1.000000 test_r2=1.000000 complexity=11 evals=80310
      Livermore-17 run=51 seed=3005  time=1.486s reward=1.000000 train_r2=1.000000 test_r2=1.000000 complexity=6 evals=187618
      Livermore-18 run=49 seed=31677 time=11.718s reward=0.999999 train_r2=1.000000 test_r2=1.000000 complexity=9 evals=1136652
       Livermore-1 run=51 seed=3005  time=4.445s reward=1.000000 train_r2=1.000000 test_r2=1.000000 complexity=7 evals=103789
       Livermore-9 run=48 seed=189   time=19.919s reward=0.996448 train_r2=0.999987 test_r2=0.999879 complexity=27 evals=2000000
       Livermore-2 run=51 seed=3005  time=4.732s reward=1.000000 train_r2=1.000000 test_r2=1.000000 complexity=9 evals=535417
       Livermore-3 run=52 seed=21042 time=1.897s reward=1.000000 train_r2=1.000000 test_r2=1.000000 complexity=11 evals=230420
      Livermore-11 run=52 seed=21042 time=0.453s reward=1.000000 train_r2=1.000000 test_r2=1.000000 complexity=12 evals=61386
      Livermore-13 run=52 seed=21042 time=0.273s reward=1.000000 train_r2=1.000000 test_r2=1.000000 complexity=3 evals=43791
      Livermore-18 run=48 seed=189   time=20.057s reward=0.985168 train_r2=0.999773 test_r2=0.999622 complexity=10 evals=2000006
      Livermore-15 run=52 seed=21042 time=0.454s reward=1.000000 train_r2=1.000000 test_r2=1.000000 complexity=3 evals=68492
      Livermore-10 run=52 seed=21042 time=1.721s reward=1.000000 train_r2=1.000000 test_r2=1.000000 complexity=6 evals=243039
      Livermore-12 run=52 seed=21042 time=1.177s reward=1.000000 train_r2=1.000000 test_r2=1.000000 complexity=7 evals=153434
      Livermore-16 run=52 seed=21042 time=0.345s reward=1.000000 train_r2=1.000000 test_r2=1.000000 complexity=3 evals=61761
      Livermore-10 run=48 seed=189   time=21.310s reward=0.984752 train_r2=0.999760 test_r2=0.999421 complexity=22 evals=2000001
      Livermore-20 run=52 seed=21042 time=0.061s reward=1.000000 train_r2=1.000000 test_r2=1.000000 complexity=6 evals=12472
      Livermore-17 run=48 seed=189   time=20.616s reward=0.994721 train_r2=0.999972 test_r2=0.999971 complexity=13 evals=2000002
      Livermore-21 run=48 seed=189   time=19.902s reward=0.996783 train_r2=0.999990 test_r2=0.999978 complexity=24 evals=2000007
      Livermore-19 run=52 seed=21042 time=0.446s reward=1.000000 train_r2=1.000000 test_r2=1.000000 complexity=10 evals=66568
      Livermore-17 run=52 seed=21042 time=0.850s reward=1.000000 train_r2=1.000000 test_r2=1.000000 complexity=6 evals=120548
      Livermore-18 run=52 seed=21042 time=0.788s reward=0.999999 train_r2=1.000000 test_r2=1.000000 complexity=9 evals=103941
       Livermore-7 run=49 seed=31677 time=17.430s reward=0.999943 train_r2=1.000000 test_r2=1.000000 complexity=37 evals=2000004
       Livermore-4 run=53 seed=1899  time=0.275s reward=1.000000 train_r2=1.000000 test_r2=1.000000 complexity=11 evals=43597
      Livermore-18 run=51 seed=3005  time=5.008s reward=0.999999 train_r2=1.000000 test_r2=1.000000 complexity=9 evals=519373
       Livermore-3 run=53 seed=1899  time=1.126s reward=1.000000 train_r2=1.000000 test_r2=1.000000 complexity=11 evals=146536
       Livermore-1 run=52 seed=21042 time=4.615s reward=1.000000 train_r2=1.000000 test_r2=1.000000 complexity=7 evals=104056
       Livermore-5 run=53 seed=1899  time=1.035s reward=1.000000 train_r2=1.000000 test_r2=1.000000 complexity=14 evals=155923
       Livermore-8 run=49 seed=31677 time=18.432s reward=0.999952 train_r2=1.000000 test_r2=1.000000 complexity=14 evals=2000003
      Livermore-11 run=53 seed=1899  time=0.303s reward=0.999999 train_r2=1.000000 test_r2=1.000000 complexity=12 evals=45658
      Livermore-12 run=53 seed=1899  time=0.321s reward=1.000000 train_r2=1.000000 test_r2=1.000000 complexity=7 evals=45532
      Livermore-22 run=52 seed=21042 time=2.454s reward=1.000000 train_r2=1.000000 test_r2=1.000000 complexity=6 evals=371586
      Livermore-15 run=53 seed=1899  time=0.152s reward=1.000000 train_r2=1.000000 test_r2=1.000000 complexity=3 evals=27572
      Livermore-14 run=53 seed=1899  time=0.614s reward=1.000000 train_r2=1.000000 test_r2=1.000000 complexity=14 evals=83322
      Livermore-11 run=49 seed=31677 time=19.376s reward=0.999997 train_r2=1.000000 test_r2=1.000000 complexity=12 evals=2000003
      Livermore-17 run=53 seed=1899  time=0.595s reward=1.000000 train_r2=1.000000 test_r2=1.000000 complexity=6 evals=87485
       Livermore-9 run=49 seed=31677 time=19.814s reward=0.994634 train_r2=0.999971 test_r2=0.999987 complexity=27 evals=2000001
      Livermore-20 run=53 seed=1899  time=0.010s reward=1.000000 train_r2=1.000000 test_r2=1.000000 complexity=6 evals=1997
       Livermore-1 run=53 seed=1899  time=3.468s reward=1.000000 train_r2=1.000000 test_r2=1.000000 complexity=7 evals=79903
      Livermore-22 run=53 seed=1899  time=0.201s reward=1.000000 train_r2=1.000000 test_r2=1.000000 complexity=6 evals=32202
      Livermore-19 run=53 seed=1899  time=0.433s reward=1.000000 train_r2=1.000000 test_r2=1.000000 complexity=12 evals=62188
       Livermore-2 run=54 seed=24118 time=0.180s reward=1.000000 train_r2=1.000000 test_r2=1.000000 complexity=9 evals=28772
       Livermore-2 run=53 seed=1899  time=4.920s reward=1.000000 train_r2=1.000000 test_r2=1.000000 complexity=9 evals=546419
       Livermore-4 run=54 seed=24118 time=0.099s reward=1.000000 train_r2=1.000000 test_r2=1.000000 complexity=11 evals=16836
      Livermore-21 run=53 seed=1899  time=2.241s reward=1.000000 train_r2=1.000000 test_r2=1.000000 complexity=17 evals=273771
       Livermore-5 run=54 seed=24118 time=1.073s reward=1.000000 train_r2=1.000000 test_r2=1.000000 complexity=15 evals=139140
       Livermore-5 run=52 seed=21042 time=9.660s reward=1.000000 train_r2=1.000000 test_r2=1.000000 complexity=14 evals=1119477
      Livermore-10 run=50 seed=19118 time=16.425s reward=1.000000 train_r2=1.000000 test_r2=1.000000 complexity=6 evals=1700548
      Livermore-21 run=52 seed=21042 time=7.989s reward=1.000000 train_r2=1.000000 test_r2=1.000000 complexity=19 evals=847694
       Livermore-3 run=54 seed=24118 time=3.941s reward=1.000000 train_r2=1.000000 test_r2=1.000000 complexity=11 evals=434995
       Livermore-8 run=50 seed=19118 time=17.181s reward=0.999947 train_r2=1.000000 test_r2=1.000000 complexity=14 evals=2000007
      Livermore-12 run=54 seed=24118 time=0.182s reward=1.000000 train_r2=1.000000 test_r2=1.000000 complexity=7 evals=27079
      Livermore-11 run=54 seed=24118 time=0.438s reward=1.000000 train_r2=1.000000 test_r2=1.000000 complexity=12 evals=61382
      Livermore-13 run=54 seed=24118 time=0.179s reward=1.000000 train_r2=1.000000 test_r2=1.000000 complexity=3 evals=33454
      Livermore-14 run=54 seed=24118 time=0.489s reward=1.000000 train_r2=1.000000 test_r2=1.000000 complexity=14 evals=72199
      Livermore-15 run=54 seed=24118 time=0.416s reward=1.000000 train_r2=1.000000 test_r2=1.000000 complexity=3 evals=66899
      Livermore-16 run=53 seed=1899  time=6.408s reward=1.000000 train_r2=1.000000 test_r2=1.000000 complexity=3 evals=869008
       Livermore-1 run=54 seed=24118 time=5.343s reward=1.000000 train_r2=1.000000 test_r2=1.000000 complexity=7 evals=118451
       Livermore-7 run=51 seed=3005  time=14.481s reward=1.000000 train_r2=1.000000 test_r2=1.000000 complexity=2 evals=1742104
      Livermore-20 run=54 seed=24118 time=0.012s reward=1.000000 train_r2=1.000000 test_r2=1.000000 complexity=6 evals=2247
       Livermore-7 run=50 seed=19118 time=18.465s reward=0.999911 train_r2=1.000000 test_r2=1.000000 complexity=30 evals=2000000
      Livermore-19 run=54 seed=24118 time=0.401s reward=1.000000 train_r2=1.000000 test_r2=1.000000 complexity=12 evals=58541
      Livermore-22 run=54 seed=24118 time=0.792s reward=1.000000 train_r2=1.000000 test_r2=1.000000 complexity=6 evals=122405
       Livermore-2 run=55 seed=1267  time=0.296s reward=1.000000 train_r2=1.000000 test_r2=1.000000 complexity=9 evals=45678
       Livermore-3 run=55 seed=1267  time=0.274s reward=1.000000 train_r2=1.000000 test_r2=1.000000 complexity=11 evals=45118
       Livermore-9 run=50 seed=19118 time=19.783s reward=0.990808 train_r2=0.999914 test_r2=0.999958 complexity=23 evals=2000007
       Livermore-4 run=55 seed=1267  time=0.128s reward=1.000000 train_r2=1.000000 test_r2=1.000000 complexity=11 evals=22563
      Livermore-16 run=51 seed=3005  time=14.934s reward=1.000000 train_r2=1.000000 test_r2=1.000000 complexity=3 evals=1683502
       Livermore-6 run=50 seed=19118 time=20.338s reward=0.992164 train_r2=0.999938 test_r2=0.999963 complexity=26 evals=2000005
       Livermore-8 run=52 seed=21042 time=15.095s reward=1.000000 train_r2=1.000000 test_r2=1.000000 complexity=2 evals=1658494
       Livermore-8 run=51 seed=3005  time=18.447s reward=0.999924 train_r2=1.000000 test_r2=1.000000 complexity=14 evals=2000006
      Livermore-13 run=53 seed=1899  time=11.645s reward=1.000000 train_r2=1.000000 test_r2=1.000000 complexity=3 evals=1424886
      Livermore-11 run=55 seed=1267  time=0.240s reward=1.000000 train_r2=1.000000 test_r2=1.000000 complexity=12 evals=38940
       Livermore-6 run=51 seed=3005  time=19.706s reward=0.985934 train_r2=0.999796 test_r2=0.999804 complexity=27 evals=2000001
      Livermore-12 run=55 seed=1267  time=0.185s reward=1.000000 train_r2=1.000000 test_r2=1.000000 complexity=7 evals=28139
      Livermore-13 run=55 seed=1267  time=0.252s reward=1.000000 train_r2=1.000000 test_r2=1.000000 complexity=3 evals=43474
       Livermore-1 run=55 seed=1267  time=5.041s reward=1.000000 train_r2=1.000000 test_r2=1.000000 complexity=7 evals=118569
       Livermore-9 run=51 seed=3005  time=20.247s reward=0.991665 train_r2=0.999929 test_r2=0.999888 complexity=23 evals=2000002
      Livermore-18 run=50 seed=19118 time=22.620s reward=0.989075 train_r2=0.999878 test_r2=0.999861 complexity=29 evals=2000006
      Livermore-16 run=55 seed=1267  time=1.412s reward=1.000000 train_r2=1.000000 test_r2=1.000000 complexity=3 evals=199965
       Livermore-7 run=52 seed=21042 time=18.428s reward=0.999856 train_r2=1.000000 test_r2=1.000000 complexity=22 evals=2000000
      Livermore-20 run=55 seed=1267  time=0.043s reward=1.000000 train_r2=1.000000 test_r2=1.000000 complexity=6 evals=8009
       Livermore-9 run=52 seed=21042 time=18.489s reward=0.989281 train_r2=0.999883 test_r2=0.999858 complexity=23 evals=2000001
      Livermore-18 run=55 seed=1267  time=0.678s reward=0.999999 train_r2=1.000000 test_r2=1.000000 complexity=9 evals=89862
      Livermore-19 run=55 seed=1267  time=0.633s reward=1.000000 train_r2=1.000000 test_r2=1.000000 complexity=10 evals=85653
      Livermore-22 run=55 seed=1267  time=0.210s reward=1.000000 train_r2=1.000000 test_r2=1.000000 complexity=6 evals=36616
       Livermore-2 run=56 seed=31551 time=0.237s reward=1.000000 train_r2=1.000000 test_r2=1.000000 complexity=9 evals=35779
      Livermore-18 run=53 seed=1899  time=13.752s reward=0.999999 train_r2=1.000000 test_r2=1.000000 complexity=9 evals=1263626
       Livermore-4 run=56 seed=31551 time=0.155s reward=1.000000 train_r2=1.000000 test_r2=1.000000 complexity=11 evals=24786
      Livermore-15 run=55 seed=1267  time=3.286s reward=1.000000 train_r2=1.000000 test_r2=1.000000 complexity=3 evals=402025
      Livermore-21 run=51 seed=3005  time=20.816s reward=0.992097 train_r2=0.999937 test_r2=0.999948 complexity=23 evals=2000002
       Livermore-3 run=56 seed=31551 time=0.822s reward=1.000000 train_r2=1.000000 test_r2=1.000000 complexity=11 evals=117318
       Livermore-6 run=52 seed=21042 time=20.178s reward=0.995290 train_r2=0.999978 test_r2=0.999941 complexity=28 evals=2000001
      Livermore-12 run=51 seed=3005  time=21.902s reward=0.886219 train_r2=0.983516 test_r2=-0.122054 complexity=45 evals=2000006
      Livermore-11 run=56 seed=31551 time=0.167s reward=1.000000 train_r2=1.000000 test_r2=1.000000 complexity=12 evals=27802
      Livermore-12 run=56 seed=31551 time=0.084s reward=1.000000 train_r2=1.000000 test_r2=1.000000 complexity=7 evals=13827
       Livermore-5 run=56 seed=31551 time=1.472s reward=1.000000 train_r2=1.000000 test_r2=1.000000 complexity=14 evals=194715
      Livermore-14 run=52 seed=21042 time=19.536s reward=0.998331 train_r2=0.999997 test_r2=0.999998 complexity=27 evals=2000000
      Livermore-15 run=56 seed=31551 time=0.192s reward=1.000000 train_r2=1.000000 test_r2=1.000000 complexity=3 evals=31564
       Livermore-6 run=53 seed=1899  time=18.172s reward=0.996210 train_r2=0.999986 test_r2=0.999979 complexity=31 evals=2000000
      Livermore-16 run=56 seed=31551 time=0.448s reward=1.000000 train_r2=1.000000 test_r2=1.000000 complexity=3 evals=71472
      Livermore-17 run=56 seed=31551 time=0.436s reward=1.000000 train_r2=1.000000 test_r2=1.000000 complexity=6 evals=71740
       Livermore-7 run=53 seed=1899  time=18.782s reward=0.999811 train_r2=1.000000 test_r2=1.000000 complexity=8 evals=2000003
      Livermore-20 run=56 seed=31551 time=0.034s reward=1.000000 train_r2=1.000000 test_r2=1.000000 complexity=6 evals=6605
      Livermore-19 run=56 seed=31551 time=0.415s reward=1.000000 train_r2=1.000000 test_r2=1.000000 complexity=10 evals=67279
       Livermore-8 run=53 seed=1899  time=18.815s reward=0.999945 train_r2=1.000000 test_r2=1.000000 complexity=14 evals=2000009
      Livermore-22 run=56 seed=31551 time=0.557s reward=1.000000 train_r2=1.000000 test_r2=1.000000 complexity=6 evals=90547
       Livermore-2 run=57 seed=17912 time=0.337s reward=1.000000 train_r2=1.000000 test_r2=1.000000 complexity=9 evals=53461
      Livermore-14 run=55 seed=1267  time=7.302s reward=1.000000 train_r2=1.000000 test_r2=1.000000 complexity=14 evals=866380
       Livermore-9 run=53 seed=1899  time=19.893s reward=0.990656 train_r2=0.999911 test_r2=0.999836 complexity=26 evals=2000001
       Livermore-4 run=57 seed=17912 time=0.054s reward=1.000000 train_r2=1.000000 test_r2=1.000000 complexity=11 evals=9389
       Livermore-1 run=57 seed=17912 time=1.788s reward=1.000000 train_r2=1.000000 test_r2=1.000000 complexity=7 evals=43117
       Livermore-3 run=57 seed=17912 time=1.062s reward=1.000000 train_r2=1.000000 test_r2=1.000000 complexity=11 evals=150946
      Livermore-17 run=54 seed=24118 time=13.154s reward=1.000000 train_r2=1.000000 test_r2=1.000000 complexity=6 evals=1468690
       Livermore-5 run=57 seed=17912 time=0.758s reward=1.000000 train_r2=1.000000 test_r2=1.000000 complexity=14 evals=110093
      Livermore-17 run=55 seed=1267  time=7.233s reward=1.000000 train_r2=1.000000 test_r2=1.000000 complexity=6 evals=832642
      Livermore-11 run=57 seed=17912 time=0.216s reward=1.000000 train_r2=1.000000 test_r2=1.000000 complexity=12 evals=33028
      Livermore-10 run=53 seed=1899  time=21.525s reward=0.989941 train_r2=0.999897 test_r2=0.999982 complexity=21 evals=2000001
      Livermore-13 run=57 seed=17912 time=0.221s reward=1.000000 train_r2=1.000000 test_r2=1.000000 complexity=3 evals=37661
      Livermore-14 run=57 seed=17912 time=0.247s reward=1.000000 train_r2=1.000000 test_r2=1.000000 complexity=14 evals=38598
       Livermore-5 run=55 seed=1267  time=12.634s reward=1.000000 train_r2=1.000000 test_r2=1.000000 complexity=14 evals=1374859
       Livermore-1 run=56 seed=31551 time=7.028s reward=1.000000 train_r2=1.000000 test_r2=1.000000 complexity=7 evals=162821
      Livermore-15 run=57 seed=17912 time=0.258s reward=1.000000 train_r2=1.000000 test_r2=1.000000 complexity=3 evals=40721
      Livermore-10 run=57 seed=17912 time=2.103s reward=1.000000 train_r2=1.000000 test_r2=1.000000 complexity=6 evals=265369
      Livermore-18 run=54 seed=24118 time=15.803s reward=0.999999 train_r2=1.000000 test_r2=1.000000 complexity=9 evals=1643830
      Livermore-20 run=57 seed=17912 time=0.023s reward=1.000000 train_r2=1.000000 test_r2=1.000000 complexity=6 evals=4656
       Livermore-8 run=54 seed=24118 time=17.846s reward=0.999952 train_r2=1.000000 test_r2=1.000000 complexity=14 evals=2000001
       Livermore-7 run=54 seed=24118 time=18.737s reward=0.999854 train_r2=1.000000 test_r2=1.000000 complexity=8 evals=2000003
      Livermore-19 run=57 seed=17912 time=0.627s reward=1.000000 train_r2=1.000000 test_r2=1.000000 complexity=10 evals=92065
       Livermore-6 run=54 seed=24118 time=19.355s reward=0.989821 train_r2=0.999894 test_r2=0.999804 complexity=20 evals=2000002
      Livermore-17 run=57 seed=17912 time=1.658s reward=1.000000 train_r2=1.000000 test_r2=1.000000 complexity=6 evals=218946
       Livermore-4 run=58 seed=11394 time=0.354s reward=1.000000 train_r2=1.000000 test_r2=1.000000 complexity=13 evals=52978
       Livermore-3 run=58 seed=11394 time=0.634s reward=1.000000 train_r2=1.000000 test_r2=1.000000 complexity=11 evals=92147
       Livermore-5 run=58 seed=11394 time=0.755s reward=1.000000 train_r2=1.000000 test_r2=1.000000 complexity=16 evals=108651
      Livermore-16 run=54 seed=24118 time=17.640s reward=0.987598 train_r2=0.999842 test_r2=0.999801 complexity=14 evals=2000004
      Livermore-21 run=55 seed=1267  time=11.004s reward=1.000000 train_r2=1.000000 test_r2=1.000000 complexity=19 evals=1197879
      Livermore-21 run=54 seed=24118 time=17.992s reward=0.990421 train_r2=0.999906 test_r2=0.999830 complexity=22 evals=2000003
       Livermore-8 run=58 seed=11394 time=0.958s reward=1.000000 train_r2=1.000000 test_r2=1.000000 complexity=2 evals=129976
       Livermore-9 run=54 seed=24118 time=19.944s reward=0.995561 train_r2=0.999980 test_r2=0.999972 complexity=30 evals=2000003
      Livermore-14 run=56 seed=31551 time=9.580s reward=1.000000 train_r2=1.000000 test_r2=1.000000 complexity=14 evals=1065650
      Livermore-13 run=56 seed=31551 time=9.782s reward=1.000000 train_r2=1.000000 test_r2=1.000000 complexity=3 evals=1228198
       Livermore-1 run=58 seed=11394 time=3.302s reward=1.000000 train_r2=1.000000 test_r2=1.000000 complexity=7 evals=79317
       Livermore-2 run=58 seed=11394 time=3.342s reward=1.000000 train_r2=1.000000 test_r2=1.000000 complexity=9 evals=395306
      Livermore-16 run=58 seed=11394 time=0.296s reward=1.000000 train_r2=1.000000 test_r2=1.000000 complexity=3 evals=49295
      Livermore-10 run=54 seed=24118 time=20.706s reward=0.994117 train_r2=0.999965 test_r2=0.999980 complexity=34 evals=2000004
      Livermore-15 run=58 seed=11394 time=0.891s reward=1.000000 train_r2=1.000000 test_r2=1.000000 complexity=3 evals=130409
      Livermore-16 run=57 seed=17912 time=5.574s reward=1.000000 train_r2=1.000000 test_r2=1.000000 complexity=5 evals=695506
      Livermore-20 run=58 seed=11394 time=0.049s reward=1.000000 train_r2=1.000000 test_r2=1.000000 complexity=6 evals=8803
      Livermore-19 run=58 seed=11394 time=0.579s reward=1.000000 train_r2=1.000000 test_r2=1.000000 complexity=10 evals=81711
       Livermore-8 run=55 seed=1267  time=18.697s reward=0.999972 train_r2=1.000000 test_r2=1.000000 complexity=14 evals=2000003
      Livermore-21 run=57 seed=17912 time=5.236s reward=1.000000 train_r2=1.000000 test_r2=1.000000 complexity=19 evals=650520
       Livermore-7 run=55 seed=1267  time=19.066s reward=0.999874 train_r2=1.000000 test_r2=1.000000 complexity=26 evals=2000001
      Livermore-11 run=58 seed=11394 time=2.668s reward=1.000000 train_r2=1.000000 test_r2=1.000000 complexity=12 evals=301890
      Livermore-22 run=58 seed=11394 time=0.599s reward=1.000000 train_r2=1.000000 test_r2=1.000000 complexity=6 evals=89350
       Livermore-4 run=59 seed=3556  time=0.354s reward=1.000000 train_r2=1.000000 test_r2=1.000000 complexity=13 evals=52687
      Livermore-13 run=58 seed=11394 time=2.676s reward=1.000000 train_r2=1.000000 test_r2=1.000000 complexity=3 evals=347960
       Livermore-3 run=59 seed=3556  time=0.663s reward=1.000000 train_r2=1.000000 test_r2=1.000000 complexity=11 evals=89909
       Livermore-5 run=59 seed=3556  time=0.582s reward=1.000000 train_r2=1.000000 test_r2=1.000000 complexity=15 evals=88577
      Livermore-18 run=58 seed=11394 time=2.202s reward=0.999999 train_r2=1.000000 test_r2=1.000000 complexity=9 evals=241075
       Livermore-6 run=55 seed=1267  time=20.294s reward=0.995911 train_r2=0.999983 test_r2=0.999393 complexity=28 evals=2000002
       Livermore-2 run=59 seed=3556  time=1.466s reward=1.000000 train_r2=1.000000 test_r2=1.000000 complexity=9 evals=205345
      Livermore-11 run=59 seed=3556  time=0.200s reward=1.000000 train_r2=1.000000 test_r2=1.000000 complexity=12 evals=33864
      Livermore-13 run=59 seed=3556  time=0.285s reward=1.000000 train_r2=1.000000 test_r2=1.000000 complexity=3 evals=51570
      Livermore-12 run=59 seed=3556  time=0.773s reward=1.000000 train_r2=1.000000 test_r2=1.000000 complexity=7 evals=107640
       Livermore-8 run=56 seed=31551 time=15.041s reward=1.000000 train_r2=1.000000 test_r2=1.000000 complexity=2 evals=1671236
      Livermore-15 run=59 seed=3556  time=0.372s reward=1.000000 train_r2=1.000000 test_r2=1.000000 complexity=3 evals=63984
       Livermore-9 run=55 seed=1267  time=19.884s reward=0.990829 train_r2=0.999914 test_r2=0.999651 complexity=34 evals=2000003
      Livermore-12 run=58 seed=11394 time=5.173s reward=1.000000 train_r2=1.000000 test_r2=1.000000 complexity=7 evals=534174
      Livermore-19 run=59 seed=3556  time=0.295s reward=1.000000 train_r2=1.000000 test_r2=1.000000 complexity=10 evals=43896
      Livermore-20 run=59 seed=3556  time=0.022s reward=1.000000 train_r2=1.000000 test_r2=1.000000 complexity=6 evals=4106
      Livermore-21 run=58 seed=11394 time=4.126s reward=1.000000 train_r2=1.000000 test_r2=1.000000 complexity=22 evals=488086
      Livermore-14 run=59 seed=3556  time=1.389s reward=1.000000 train_r2=1.000000 test_r2=1.000000 complexity=14 evals=192495
      Livermore-22 run=57 seed=17912 time=8.661s reward=1.000000 train_r2=1.000000 test_r2=1.000000 complexity=6 evals=1043272
      Livermore-22 run=59 seed=3556  time=0.400s reward=1.000000 train_r2=1.000000 test_r2=1.000000 complexity=6 evals=63462
      Livermore-10 run=55 seed=1267  time=20.436s reward=0.984636 train_r2=0.999757 test_r2=0.999571 complexity=27 evals=2000003
       Livermore-2 run=60 seed=3890  time=0.444s reward=1.000000 train_r2=1.000000 test_r2=1.000000 complexity=9 evals=71114
      Livermore-17 run=58 seed=11394 time=5.270s reward=1.000000 train_r2=1.000000 test_r2=1.000000 complexity=6 evals=582514
      Livermore-21 run=59 seed=3556  time=0.770s reward=1.000000 train_r2=1.000000 test_r2=1.000000 complexity=15 evals=105160
       Livermore-4 run=60 seed=3890  time=0.282s reward=1.000000 train_r2=1.000000 test_r2=1.000000 complexity=11 evals=42618
       Livermore-3 run=60 seed=3890  time=0.375s reward=1.000000 train_r2=1.000000 test_r2=1.000000 complexity=11 evals=54813
       Livermore-5 run=60 seed=3890  time=0.570s reward=1.000000 train_r2=1.000000 test_r2=1.000000 complexity=14 evals=90409
       Livermore-1 run=59 seed=3556  time=4.969s reward=1.000000 train_r2=1.000000 test_r2=1.000000 complexity=7 evals=114503
      Livermore-11 run=60 seed=3890  time=0.147s reward=1.000000 train_r2=1.000000 test_r2=1.000000 complexity=12 evals=24267
      Livermore-14 run=58 seed=11394 time=6.869s reward=1.000000 train_r2=1.000000 test_r2=1.000000 complexity=14 evals=821543
      Livermore-13 run=60 seed=3890  time=0.144s reward=1.000000 train_r2=1.000000 test_r2=1.000000 complexity=3 evals=25222
      Livermore-10 run=58 seed=11394 time=8.068s reward=1.000000 train_r2=1.000000 test_r2=1.000000 complexity=6 evals=975568
      Livermore-15 run=60 seed=3890  time=0.157s reward=1.000000 train_r2=1.000000 test_r2=1.000000 complexity=3 evals=26927
      Livermore-10 run=56 seed=31551 time=18.050s reward=1.000000 train_r2=1.000000 test_r2=1.000000 complexity=6 evals=1692915
      Livermore-12 run=60 seed=3890  time=1.005s reward=1.000000 train_r2=1.000000 test_r2=1.000000 complexity=7 evals=130588
      Livermore-14 run=60 seed=3890  time=1.204s reward=1.000000 train_r2=1.000000 test_r2=1.000000 complexity=14 evals=169240
       Livermore-7 run=56 seed=31551 time=19.064s reward=0.999815 train_r2=1.000000 test_r2=1.000000 complexity=8 evals=2000000
      Livermore-20 run=60 seed=3890  time=0.001s reward=1.000000 train_r2=1.000000 test_r2=1.000000 complexity=6 evals=196
      Livermore-12 run=57 seed=17912 time=13.385s reward=1.000000 train_r2=1.000000 test_r2=1.000000 complexity=7 evals=1312525
       Livermore-9 run=56 seed=31551 time=18.961s reward=0.993586 train_r2=0.999958 test_r2=0.996895 complexity=29 evals=2000004
      Livermore-19 run=60 seed=3890  time=0.232s reward=1.000000 train_r2=1.000000 test_r2=1.000000 complexity=10 evals=39730
      Livermore-17 run=60 seed=3890  time=1.169s reward=1.000000 train_r2=1.000000 test_r2=1.000000 complexity=6 evals=154725
       Livermore-3 run=61 seed=8838  time=0.439s reward=1.000000 train_r2=1.000000 test_r2=1.000000 complexity=11 evals=62483
       Livermore-1 run=60 seed=3890  time=4.058s reward=1.000000 train_r2=1.000000 test_r2=1.000000 complexity=7 evals=95099
       Livermore-4 run=61 seed=8838  time=0.190s reward=1.000000 train_r2=1.000000 test_r2=1.000000 complexity=11 evals=29082
       Livermore-8 run=57 seed=17912 time=16.131s reward=0.999939 train_r2=1.000000 test_r2=1.000000 complexity=14 evals=2000004
      Livermore-21 run=56 seed=31551 time=19.000s reward=0.997788 train_r2=0.999995 test_r2=0.999865 complexity=21 evals=2000000
       Livermore-5 run=61 seed=8838  time=1.250s reward=1.000000 train_r2=1.000000 test_r2=1.000000 complexity=15 evals=176479
       Livermore-2 run=61 seed=8838  time=2.183s reward=1.000000 train_r2=1.000000 test_r2=1.000000 complexity=9 evals=291010
       Livermore-1 run=61 seed=8838  time=2.323s reward=1.000000 train_r2=1.000000 test_r2=1.000000 complexity=7 evals=55874
      Livermore-22 run=60 seed=3890  time=2.610s reward=1.000000 train_r2=1.000000 test_r2=1.000000 complexity=6 evals=349859
      Livermore-11 run=61 seed=8838  time=0.269s reward=1.000000 train_r2=1.000000 test_r2=1.000000 complexity=12 evals=43740
      Livermore-12 run=61 seed=8838  time=0.370s reward=1.000000 train_r2=1.000000 test_r2=1.000000 complexity=7 evals=51535
       Livermore-6 run=56 seed=31551 time=22.748s reward=0.994341 train_r2=0.999968 test_r2=0.999960 complexity=34 evals=2000001
      Livermore-15 run=61 seed=8838  time=0.238s reward=1.000000 train_r2=1.000000 test_r2=1.000000 complexity=3 evals=38437
       Livermore-9 run=57 seed=17912 time=18.447s reward=0.989656 train_r2=0.999891 test_r2=0.999754 complexity=38 evals=2000002
       Livermore-7 run=57 seed=17912 time=19.112s reward=0.999820 train_r2=1.000000 test_r2=1.000000 complexity=8 evals=2000001
      Livermore-16 run=61 seed=8838  time=0.594s reward=1.000000 train_r2=1.000000 test_r2=1.000000 complexity=3 evals=84377
      Livermore-18 run=56 seed=31551 time=21.904s reward=0.972298 train_r2=0.999188 test_r2=0.999445 complexity=10 evals=2000000
      Livermore-20 run=61 seed=8838  time=0.026s reward=1.000000 train_r2=1.000000 test_r2=1.000000 complexity=6 evals=4803
       Livermore-6 run=57 seed=17912 time=19.766s reward=0.992590 train_r2=0.999944 test_r2=0.999937 complexity=30 evals=2000000
      Livermore-19 run=61 seed=8838  time=0.594s reward=1.000000 train_r2=1.000000 test_r2=1.000000 complexity=10 evals=82484
       Livermore-6 run=60 seed=3890  time=8.533s reward=1.000000 train_r2=1.000000 test_r2=1.000000 complexity=17 evals=930792
      Livermore-10 run=61 seed=8838  time=3.616s reward=1.000000 train_r2=1.000000 test_r2=1.000000 complexity=6 evals=442980
       Livermore-2 run=62 seed=30740 time=0.216s reward=1.000000 train_r2=1.000000 test_r2=1.000000 complexity=9 evals=33515
       Livermore-4 run=62 seed=30740 time=0.551s reward=1.000000 train_r2=1.000000 test_r2=1.000000 complexity=11 evals=80246
       Livermore-3 run=62 seed=30740 time=0.716s reward=1.000000 train_r2=1.000000 test_r2=1.000000 complexity=11 evals=104383
       Livermore-1 run=62 seed=30740 time=1.990s reward=1.000000 train_r2=1.000000 test_r2=1.000000 complexity=7 evals=47024
      Livermore-17 run=61 seed=8838  time=2.965s reward=1.000000 train_r2=1.000000 test_r2=1.000000 complexity=6 evals=393338
      Livermore-14 run=61 seed=8838  time=4.208s reward=1.000000 train_r2=1.000000 test_r2=1.000000 complexity=14 evals=500957
       Livermore-8 run=61 seed=8838  time=5.636s reward=1.000000 train_r2=1.000000 test_r2=1.000000 complexity=2 evals=694499
       Livermore-7 run=58 seed=11394 time=18.229s reward=0.999818 train_r2=1.000000 test_r2=1.000000 complexity=8 evals=2000007
      Livermore-22 run=61 seed=8838  time=3.645s reward=1.000000 train_r2=1.000000 test_r2=1.000000 complexity=6 evals=485075
       Livermore-6 run=58 seed=11394 time=19.977s reward=0.997004 train_r2=0.999991 test_r2=0.999933 complexity=35 evals=2000000
      Livermore-18 run=57 seed=17912 time=21.949s reward=0.965257 train_r2=0.998705 test_r2=0.998659 complexity=39 evals=2000013
      Livermore-13 run=62 seed=30740 time=0.158s reward=1.000000 train_r2=1.000000 test_r2=1.000000 complexity=3 evals=27866
      Livermore-13 run=61 seed=8838  time=7.077s reward=1.000000 train_r2=1.000000 test_r2=1.000000 complexity=3 evals=885908
       Livermore-5 run=62 seed=30740 time=3.280s reward=1.000000 train_r2=1.000000 test_r2=1.000000 complexity=14 evals=401891
      Livermore-15 run=62 seed=30740 time=0.465s reward=1.000000 train_r2=1.000000 test_r2=1.000000 complexity=3 evals=75929
       Livermore-9 run=58 seed=11394 time=19.151s reward=0.990304 train_r2=0.999904 test_r2=0.999620 complexity=39 evals=2000003
      Livermore-10 run=60 seed=3890  time=12.583s reward=1.000000 train_r2=1.000000 test_r2=1.000000 complexity=6 evals=1314144
      Livermore-20 run=62 seed=30740 time=0.025s reward=1.000000 train_r2=1.000000 test_r2=1.000000 complexity=6 evals=4959
      Livermore-16 run=62 seed=30740 time=0.811s reward=1.000000 train_r2=1.000000 test_r2=1.000000 complexity=3 evals=127481
      Livermore-19 run=62 seed=30740 time=0.519s reward=1.000000 train_r2=1.000000 test_r2=1.000000 complexity=10 evals=76763
      Livermore-14 run=62 seed=30740 time=1.203s reward=1.000000 train_r2=1.000000 test_r2=1.000000 complexity=14 evals=157679
       Livermore-1 run=63 seed=27464 time=0.649s reward=1.000000 train_r2=1.000000 test_r2=1.000000 complexity=7 evals=16291
       Livermore-7 run=59 seed=3556  time=18.179s reward=0.999857 train_r2=1.000000 test_r2=1.000000 complexity=8 evals=2000003
       Livermore-4 run=63 seed=27464 time=0.257s reward=1.000000 train_r2=1.000000 test_r2=1.000000 complexity=11 evals=39556
       Livermore-3 run=63 seed=27464 time=1.302s reward=1.000000 train_r2=1.000000 test_r2=1.000000 complexity=11 evals=170086
       Livermore-5 run=63 seed=27464 time=0.657s reward=1.000000 train_r2=1.000000 test_r2=1.000000 complexity=14 evals=96120
      Livermore-10 run=59 seed=3556  time=18.893s reward=1.000000 train_r2=1.000000 test_r2=1.000000 complexity=6 evals=1784363
       Livermore-8 run=59 seed=3556  time=18.985s reward=0.999943 train_r2=1.000000 test_r2=1.000000 complexity=14 evals=2000001
      Livermore-16 run=59 seed=3556  time=17.353s reward=0.969917 train_r2=0.999038 test_r2=0.997796 complexity=15 evals=2000001
      Livermore-21 run=61 seed=8838  time=9.311s reward=1.000000 train_r2=1.000000 test_r2=1.000000 complexity=20 evals=974190
       Livermore-9 run=59 seed=3556  time=19.437s reward=0.985882 train_r2=0.999795 test_r2=0.999839 complexity=17 evals=2000003
      Livermore-12 run=63 seed=27464 time=0.396s reward=1.000000 train_r2=1.000000 test_r2=1.000000 complexity=7 evals=55499
       Livermore-6 run=59 seed=3556  time=20.109s reward=0.995340 train_r2=0.999978 test_r2=0.999966 complexity=31 evals=2000003
      Livermore-13 run=63 seed=27464 time=0.200s reward=1.000000 train_r2=1.000000 test_r2=1.000000 complexity=3 evals=33321
      Livermore-17 run=59 seed=3556  time=18.513s reward=0.999554 train_r2=1.000000 test_r2=1.000000 complexity=12 evals=2000007
      Livermore-15 run=63 seed=27464 time=0.341s reward=1.000000 train_r2=1.000000 test_r2=1.000000 complexity=3 evals=52960
      Livermore-16 run=60 seed=3890  time=15.901s reward=0.986203 train_r2=0.999804 test_r2=0.999788 complexity=17 evals=2000003
      Livermore-16 run=63 seed=27464 time=0.482s reward=1.000000 train_r2=1.000000 test_r2=1.000000 complexity=3 evals=82441
      Livermore-14 run=63 seed=27464 time=0.747s reward=1.000000 train_r2=1.000000 test_r2=1.000000 complexity=14 evals=103601
      Livermore-20 run=63 seed=27464 time=0.023s reward=1.000000 train_r2=1.000000 test_r2=1.000000 complexity=6 evals=4132
      Livermore-19 run=63 seed=27464 time=0.173s reward=1.000000 train_r2=1.000000 test_r2=1.000000 complexity=10 evals=30636
      Livermore-22 run=63 seed=27464 time=0.249s reward=1.000000 train_r2=1.000000 test_r2=1.000000 complexity=6 evals=44205
      Livermore-17 run=63 seed=27464 time=0.780s reward=1.000000 train_r2=1.000000 test_r2=1.000000 complexity=6 evals=112623
      Livermore-21 run=62 seed=30740 time=5.346s reward=1.000000 train_r2=1.000000 test_r2=1.000000 complexity=17 evals=643921
       Livermore-7 run=62 seed=30740 time=8.679s reward=1.000000 train_r2=1.000000 test_r2=1.000000 complexity=2 evals=974189
       Livermore-3 run=64 seed=14502 time=0.160s reward=1.000000 train_r2=1.000000 test_r2=1.000000 complexity=11 evals=26647
       Livermore-4 run=64 seed=14502 time=0.191s reward=1.000000 train_r2=1.000000 test_r2=1.000000 complexity=13 evals=29362
       Livermore-8 run=60 seed=3890  time=18.684s reward=0.999951 train_r2=1.000000 test_r2=1.000000 complexity=14 evals=2000005
       Livermore-7 run=60 seed=3890  time=18.960s reward=0.999778 train_r2=1.000000 test_r2=1.000000 complexity=22 evals=2000003
       Livermore-9 run=60 seed=3890  time=19.605s reward=0.994101 train_r2=0.999965 test_r2=0.999228 complexity=13 evals=2000002
       Livermore-7 run=61 seed=8838  time=17.277s reward=0.999856 train_r2=1.000000 test_r2=1.000000 complexity=8 evals=2000002
      Livermore-18 run=59 seed=3556  time=22.347s reward=0.931753 train_r2=0.994635 test_r2=0.990545 complexity=29 evals=2000006
      Livermore-11 run=64 seed=14502 time=0.461s reward=1.000000 train_r2=1.000000 test_r2=1.000000 complexity=12 evals=65324
      Livermore-12 run=64 seed=14502 time=0.476s reward=1.000000 train_r2=1.000000 test_r2=1.000000 complexity=7 evals=68103
      Livermore-13 run=64 seed=14502 time=0.166s reward=1.000000 train_r2=1.000000 test_r2=1.000000 complexity=3 evals=27869
      Livermore-14 run=64 seed=14502 time=0.475s reward=1.000000 train_r2=1.000000 test_r2=1.000000 complexity=14 evals=66977
      Livermore-21 run=60 seed=3890  time=20.588s reward=0.995986 train_r2=0.999984 test_r2=0.999600 complexity=27 evals=2000000
      Livermore-15 run=64 seed=14502 time=0.383s reward=1.000000 train_r2=1.000000 test_r2=1.000000 complexity=3 evals=58673
       Livermore-1 run=64 seed=14502 time=5.537s reward=1.000000 train_r2=1.000000 test_r2=1.000000 complexity=7 evals=131665
       Livermore-9 run=61 seed=8838  time=19.154s reward=0.990008 train_r2=0.999898 test_r2=0.999882 complexity=25 evals=2000000
       Livermore-6 run=61 seed=8838  time=20.279s reward=0.993879 train_r2=0.999962 test_r2=0.999974 complexity=30 evals=2000008
      Livermore-20 run=64 seed=14502 time=0.058s reward=1.000000 train_r2=1.000000 test_r2=1.000000 complexity=6 evals=10263
      Livermore-18 run=60 seed=3890  time=22.043s reward=0.939106 train_r2=0.995795 test_r2=0.998148 complexity=28 evals=2000005
      Livermore-19 run=64 seed=14502 time=0.463s reward=1.000000 train_r2=1.000000 test_r2=1.000000 complexity=12 evals=68908
      Livermore-22 run=62 seed=30740 time=11.344s reward=1.000000 train_r2=1.000000 test_r2=1.000000 complexity=6 evals=1301024
      Livermore-22 run=64 seed=14502 time=0.243s reward=1.000000 train_r2=1.000000 test_r2=1.000000 complexity=6 evals=40351
      Livermore-10 run=62 seed=30740 time=14.356s reward=1.000000 train_r2=1.000000 test_r2=1.000000 complexity=6 evals=1505608
      Livermore-16 run=64 seed=14502 time=1.472s reward=1.000000 train_r2=1.000000 test_r2=1.000000 complexity=3 evals=210140
      Livermore-12 run=62 seed=30740 time=13.383s reward=0.999999 train_r2=1.000000 test_r2=1.000000 complexity=20 evals=1281704
      Livermore-17 run=64 seed=14502 time=1.431s reward=1.000000 train_r2=1.000000 test_r2=1.000000 complexity=6 evals=184214
       Livermore-4 run=65 seed=21777 time=0.327s reward=1.000000 train_r2=1.000000 test_r2=1.000000 complexity=13 evals=49172
       Livermore-3 run=65 seed=21777 time=0.585s reward=1.000000 train_r2=1.000000 test_r2=1.000000 complexity=11 evals=80829
       Livermore-5 run=65 seed=21777 time=0.701s reward=1.000000 train_r2=1.000000 test_r2=1.000000 complexity=14 evals=96448
       Livermore-1 run=65 seed=21777 time=2.097s reward=1.000000 train_r2=1.000000 test_r2=1.000000 complexity=7 evals=49513
       Livermore-8 run=62 seed=30740 time=17.140s reward=0.999923 train_r2=1.000000 test_r2=1.000000 complexity=14 evals=2000005
       Livermore-2 run=63 seed=27464 time=14.176s reward=1.000000 train_r2=1.000000 test_r2=1.000000 complexity=9 evals=1341196
      Livermore-10 run=63 seed=27464 time=12.251s reward=1.000000 train_r2=1.000000 test_r2=1.000000 complexity=6 evals=1317040
       Livermore-6 run=62 seed=30740 time=19.222s reward=0.995452 train_r2=0.999979 test_r2=0.999980 complexity=28 evals=2000004
      Livermore-15 run=65 seed=21777 time=0.291s reward=1.000000 train_r2=1.000000 test_r2=1.000000 complexity=3 evals=48029
      Livermore-18 run=61 seed=8838  time=22.424s reward=0.977247 train_r2=0.999458 test_r2=0.999408 complexity=17 evals=2000007
      Livermore-11 run=62 seed=30740 time=18.885s reward=0.999989 train_r2=1.000000 test_r2=1.000000 complexity=12 evals=2000004
      Livermore-17 run=65 seed=21777 time=0.644s reward=1.000000 train_r2=1.000000 test_r2=1.000000 complexity=6 evals=89648
       Livermore-9 run=62 seed=30740 time=19.887s reward=0.993297 train_r2=0.999954 test_r2=0.999856 complexity=26 evals=2000004
      Livermore-20 run=65 seed=21777 time=0.010s reward=1.000000 train_r2=1.000000 test_r2=1.000000 complexity=6 evals=1917
      Livermore-19 run=65 seed=21777 time=0.164s reward=1.000000 train_r2=1.000000 test_r2=1.000000 complexity=10 evals=27100
       Livermore-2 run=64 seed=14502 time=12.196s reward=1.000000 train_r2=1.000000 test_r2=1.000000 complexity=9 evals=1237636
      Livermore-14 run=65 seed=21777 time=2.151s reward=1.000000 train_r2=1.000000 test_r2=1.000000 complexity=14 evals=266606
      Livermore-22 run=65 seed=21777 time=0.221s reward=1.000000 train_r2=1.000000 test_r2=1.000000 complexity=6 evals=37533
       Livermore-3 run=66 seed=10627 time=0.745s reward=1.000000 train_r2=1.000000 test_r2=1.000000 complexity=11 evals=98434
       Livermore-4 run=66 seed=10627 time=0.441s reward=1.000000 train_r2=1.000000 test_r2=1.000000 complexity=11 evals=63645
      Livermore-13 run=65 seed=21777 time=4.368s reward=1.000000 train_r2=1.000000 test_r2=1.000000 complexity=3 evals=523530
      Livermore-17 run=62 seed=30740 time=19.345s reward=0.980596 train_r2=0.999608 test_r2=0.997159 complexity=32 evals=2000006
       Livermore-2 run=66 seed=10627 time=2.218s reward=1.000000 train_r2=1.000000 test_r2=1.000000 complexity=9 evals=254859
       Livermore-5 run=66 seed=10627 time=0.994s reward=1.000000 train_r2=1.000000 test_r2=1.000000 complexity=14 evals=139092
      Livermore-18 run=62 seed=30740 time=20.662s reward=0.983850 train_r2=0.999731 test_r2=0.999898 complexity=39 evals=2000007
       Livermore-8 run=63 seed=27464 time=18.192s reward=0.999942 train_r2=1.000000 test_r2=1.000000 complexity=14 evals=2000000
       Livermore-2 run=65 seed=21777 time=9.596s reward=1.000000 train_r2=1.000000 test_r2=1.000000 complexity=9 evals=1033927
      Livermore-11 run=66 seed=10627 time=0.146s reward=1.000000 train_r2=1.000000 test_r2=1.000000 complexity=12 evals=22820
      Livermore-13 run=66 seed=10627 time=0.175s reward=1.000000 train_r2=1.000000 test_r2=1.000000 complexity=3 evals=29676
       Livermore-7 run=63 seed=27464 time=18.412s reward=0.999811 train_r2=1.000000 test_r2=1.000000 complexity=43 evals=2000002
      Livermore-12 run=66 seed=10627 time=0.624s reward=1.000000 train_r2=1.000000 test_r2=1.000000 complexity=7 evals=87312
      Livermore-15 run=66 seed=10627 time=0.245s reward=1.000000 train_r2=1.000000 test_r2=1.000000 complexity=3 evals=39828
       Livermore-1 run=66 seed=10627 time=4.384s reward=1.000000 train_r2=1.000000 test_r2=1.000000 complexity=7 evals=102355
      Livermore-14 run=66 seed=10627 time=0.820s reward=1.000000 train_r2=1.000000 test_r2=1.000000 complexity=14 evals=110448
      Livermore-19 run=66 seed=10627 time=0.197s reward=1.000000 train_r2=1.000000 test_r2=1.000000 complexity=10 evals=31035
      Livermore-20 run=66 seed=10627 time=0.042s reward=1.000000 train_r2=1.000000 test_r2=1.000000 complexity=6 evals=7620
      Livermore-16 run=65 seed=21777 time=6.629s reward=1.000000 train_r2=1.000000 test_r2=1.000000 complexity=3 evals=884482
       Livermore-9 run=63 seed=27464 time=19.773s reward=0.989915 train_r2=0.999896 test_r2=0.985800 complexity=22 evals=2000003
       Livermore-5 run=64 seed=14502 time=17.514s reward=0.990209 train_r2=0.999902 test_r2=0.999914 complexity=24 evals=2000001
       Livermore-2 run=67 seed=8792  time=0.216s reward=1.000000 train_r2=1.000000 test_r2=1.000000 complexity=9 evals=33765
       Livermore-6 run=63 seed=27464 time=21.024s reward=0.991433 train_r2=0.999925 test_r2=0.999755 complexity=31 evals=2000000
       Livermore-4 run=67 seed=8792  time=0.164s reward=1.000000 train_r2=1.000000 test_r2=1.000000 complexity=13 evals=27337
       Livermore-1 run=67 seed=8792  time=1.085s reward=1.000000 train_r2=1.000000 test_r2=1.000000 complexity=7 evals=27506
       Livermore-5 run=67 seed=8792  time=0.524s reward=1.000000 train_r2=1.000000 test_r2=1.000000 complexity=14 evals=77810
       Livermore-3 run=67 seed=8792  time=0.979s reward=1.000000 train_r2=1.000000 test_r2=1.000000 complexity=11 evals=135174
       Livermore-7 run=64 seed=14502 time=18.443s reward=0.999802 train_r2=1.000000 test_r2=1.000000 complexity=36 evals=2000005
       Livermore-8 run=64 seed=14502 time=18.445s reward=0.999921 train_r2=1.000000 test_r2=1.000000 complexity=14 evals=2000002
      Livermore-11 run=63 seed=27464 time=21.363s reward=0.999998 train_r2=1.000000 test_r2=1.000000 complexity=12 evals=2000004
      Livermore-11 run=67 seed=8792  time=0.225s reward=1.000000 train_r2=1.000000 test_r2=1.000000 complexity=12 evals=37260
      Livermore-21 run=63 seed=27464 time=20.281s reward=0.994270 train_r2=0.999967 test_r2=0.996896 complexity=15 evals=2000001
      Livermore-18 run=63 seed=27464 time=20.532s reward=0.970815 train_r2=0.999096 test_r2=0.990727 complexity=32 evals=2000004
      Livermore-13 run=67 seed=8792  time=0.233s reward=1.000000 train_r2=1.000000 test_r2=1.000000 complexity=3 evals=38642
      Livermore-14 run=67 seed=8792  time=0.496s reward=1.000000 train_r2=1.000000 test_r2=1.000000 complexity=14 evals=78337
      Livermore-15 run=67 seed=8792  time=0.486s reward=1.000000 train_r2=1.000000 test_r2=1.000000 complexity=3 evals=73426
       Livermore-6 run=64 seed=14502 time=20.444s reward=0.994416 train_r2=0.999968 test_r2=0.999961 complexity=27 evals=2000004
      Livermore-10 run=64 seed=14502 time=18.137s reward=0.984412 train_r2=0.999749 test_r2=0.999757 complexity=34 evals=2000007
      Livermore-10 run=67 seed=8792  time=2.339s reward=1.000000 train_r2=1.000000 test_r2=1.000000 complexity=6 evals=287359
      Livermore-20 run=67 seed=8792  time=0.037s reward=1.000000 train_r2=1.000000 test_r2=1.000000 complexity=6 evals=6869
      Livermore-19 run=67 seed=8792  time=0.355s reward=1.000000 train_r2=1.000000 test_r2=1.000000 complexity=10 evals=58603
       Livermore-9 run=64 seed=14502 time=20.369s reward=0.989939 train_r2=0.999897 test_r2=0.999793 complexity=25 evals=2000000
      Livermore-17 run=67 seed=8792  time=1.589s reward=1.000000 train_r2=1.000000 test_r2=1.000000 complexity=6 evals=201778
      Livermore-22 run=66 seed=10627 time=5.055s reward=1.000000 train_r2=1.000000 test_r2=1.000000 complexity=6 evals=650671
       Livermore-3 run=68 seed=10555 time=0.881s reward=1.000000 train_r2=1.000000 test_r2=1.000000 complexity=11 evals=124568
       Livermore-4 run=68 seed=10555 time=0.234s reward=1.000000 train_r2=1.000000 test_r2=1.000000 complexity=13 evals=39123
       Livermore-8 run=65 seed=21777 time=17.693s reward=1.000000 train_r2=1.000000 test_r2=1.000000 complexity=2 evals=1967355
       Livermore-1 run=68 seed=10555 time=2.505s reward=1.000000 train_r2=1.000000 test_r2=1.000000 complexity=7 evals=60386
      Livermore-16 run=67 seed=8792  time=4.693s reward=1.000000 train_r2=1.000000 test_r2=1.000000 complexity=3 evals=647285
       Livermore-5 run=68 seed=10555 time=1.443s reward=1.000000 train_r2=1.000000 test_r2=1.000000 complexity=15 evals=214132
      Livermore-16 run=66 seed=10627 time=8.663s reward=1.000000 train_r2=1.000000 test_r2=1.000000 complexity=3 evals=1148708
      Livermore-21 run=66 seed=10627 time=8.218s reward=1.000000 train_r2=1.000000 test_r2=1.000000 complexity=20 evals=886572
      Livermore-18 run=64 seed=14502 time=19.883s reward=0.949282 train_r2=0.997145 test_r2=0.996723 complexity=31 evals=2000012
       Livermore-6 run=65 seed=21777 time=19.181s reward=0.994702 train_r2=0.999972 test_r2=0.999985 complexity=23 evals=2000002
      Livermore-11 run=68 seed=10555 time=0.296s reward=1.000000 train_r2=1.000000 test_r2=1.000000 complexity=12 evals=44974
       Livermore-7 run=65 seed=21777 time=19.147s reward=0.999823 train_r2=1.000000 test_r2=1.000000 complexity=42 evals=2000000
      Livermore-12 run=68 seed=10555 time=0.567s reward=1.000000 train_r2=1.000000 test_r2=1.000000 complexity=7 evals=78902
      Livermore-11 run=65 seed=21777 time=17.556s reward=0.999999 train_r2=1.000000 test_r2=1.000000 complexity=12 evals=2000000
      Livermore-21 run=64 seed=14502 time=20.759s reward=0.993311 train_r2=0.999955 test_r2=0.999938 complexity=22 evals=2000002
      Livermore-17 run=68 seed=10555 time=0.512s reward=1.000000 train_r2=1.000000 test_r2=1.000000 complexity=6 evals=82811
      Livermore-15 run=68 seed=10555 time=0.794s reward=1.000000 train_r2=1.000000 test_r2=1.000000 complexity=3 evals=111641
       Livermore-9 run=65 seed=21777 time=19.717s reward=0.994790 train_r2=0.999973 test_r2=0.999939 complexity=35 evals=2000003
      Livermore-20 run=68 seed=10555 time=0.053s reward=1.000000 train_r2=1.000000 test_r2=1.000000 complexity=6 evals=9743
      Livermore-22 run=67 seed=8792  time=5.230s reward=1.000000 train_r2=1.000000 test_r2=1.000000 complexity=6 evals=684743
      Livermore-19 run=68 seed=10555 time=1.077s reward=1.000000 train_r2=1.000000 test_r2=1.000000 complexity=12 evals=151456
      Livermore-10 run=65 seed=21777 time=20.617s reward=0.989831 train_r2=0.999894 test_r2=0.999833 complexity=39 evals=2000007
      Livermore-16 run=68 seed=10555 time=2.218s reward=1.000000 train_r2=1.000000 test_r2=1.000000 complexity=5 evals=343676
      Livermore-22 run=68 seed=10555 time=1.642s reward=1.000000 train_r2=1.000000 test_r2=1.000000 complexity=6 evals=226510
       Livermore-2 run=69 seed=10253 time=0.638s reward=1.000000 train_r2=1.000000 test_r2=1.000000 complexity=9 evals=89400
       Livermore-4 run=69 seed=10253 time=0.390s reward=1.000000 train_r2=1.000000 test_r2=1.000000 complexity=11 evals=65221
      Livermore-13 run=68 seed=10555 time=3.735s reward=1.000000 train_r2=1.000000 test_r2=1.000000 complexity=3 evals=512104
      Livermore-12 run=65 seed=21777 time=20.768s reward=0.935107 train_r2=0.995184 test_r2=-32.130393 complexity=39 evals=2000001
      Livermore-12 run=67 seed=8792  time=9.791s reward=1.000000 train_r2=1.000000 test_r2=1.000000 complexity=18 evals=960951
      Livermore-14 run=68 seed=10555 time=3.859s reward=1.000000 train_r2=1.000000 test_r2=1.000000 complexity=14 evals=463096
       Livermore-2 run=68 seed=10555 time=8.142s reward=1.000000 train_r2=1.000000 test_r2=1.000000 complexity=9 evals=850548
      Livermore-10 run=69 seed=10253 time=0.904s reward=1.000000 train_r2=1.000000 test_r2=1.000000 complexity=6 evals=124949
      Livermore-12 run=69 seed=10253 time=0.289s reward=1.000000 train_r2=1.000000 test_r2=1.000000 complexity=7 evals=43365
      Livermore-13 run=69 seed=10253 time=0.225s reward=1.000000 train_r2=1.000000 test_r2=1.000000 complexity=3 evals=38314
      Livermore-15 run=69 seed=10253 time=0.281s reward=1.000000 train_r2=1.000000 test_r2=1.000000 complexity=3 evals=45679
       Livermore-1 run=69 seed=10253 time=4.010s reward=1.000000 train_r2=1.000000 test_r2=1.000000 complexity=7 evals=94185
      Livermore-14 run=69 seed=10253 time=0.756s reward=1.000000 train_r2=1.000000 test_r2=1.000000 complexity=14 evals=105650
       Livermore-9 run=69 seed=10253 time=2.478s reward=1.000000 train_r2=1.000000 test_r2=1.000000 complexity=17 evals=320451
       Livermore-5 run=69 seed=10253 time=3.621s reward=1.000000 train_r2=1.000000 test_r2=1.000000 complexity=15 evals=430293
      Livermore-20 run=69 seed=10253 time=0.035s reward=1.000000 train_r2=1.000000 test_r2=1.000000 complexity=6 evals=6704
      Livermore-21 run=65 seed=21777 time=20.398s reward=0.995990 train_r2=0.999984 test_r2=0.999777 complexity=21 evals=2000001
      Livermore-19 run=69 seed=10253 time=0.488s reward=1.000000 train_r2=1.000000 test_r2=1.000000 complexity=10 evals=78627
       Livermore-7 run=66 seed=10627 time=18.800s reward=0.999893 train_r2=1.000000 test_r2=1.000000 complexity=8 evals=2000003
      Livermore-22 run=69 seed=10253 time=0.361s reward=1.000000 train_r2=1.000000 test_r2=1.000000 complexity=6 evals=58420
       Livermore-2 run=70 seed=8433  time=0.171s reward=1.000000 train_r2=1.000000 test_r2=1.000000 complexity=9 evals=26055
      Livermore-18 run=65 seed=21777 time=21.530s reward=0.989463 train_r2=0.999887 test_r2=0.999505 complexity=23 evals=2000001
       Livermore-3 run=70 seed=8433  time=0.582s reward=1.000000 train_r2=1.000000 test_r2=1.000000 complexity=11 evals=77999
       Livermore-8 run=66 seed=10627 time=18.910s reward=0.999963 train_r2=1.000000 test_r2=1.000000 complexity=14 evals=2000003
       Livermore-4 run=70 seed=8433  time=0.556s reward=1.000000 train_r2=1.000000 test_r2=1.000000 complexity=13 evals=76710
       Livermore-6 run=66 seed=10627 time=19.908s reward=0.995409 train_r2=0.999979 test_r2=0.999351 complexity=24 evals=2000003
       Livermore-9 run=66 seed=10627 time=19.621s reward=0.994335 train_r2=0.999968 test_r2=0.999187 complexity=29 evals=2000005
       Livermore-5 run=70 seed=8433  time=1.619s reward=1.000000 train_r2=1.000000 test_r2=1.000000 complexity=14 evals=212374
      Livermore-11 run=70 seed=8433  time=0.170s reward=0.999999 train_r2=1.000000 test_r2=1.000000 complexity=12 evals=26408
       Livermore-1 run=70 seed=8433  time=2.372s reward=1.000000 train_r2=1.000000 test_r2=1.000000 complexity=7 evals=58717
      Livermore-10 run=66 seed=10627 time=19.912s reward=0.991444 train_r2=0.999926 test_r2=0.999817 complexity=33 evals=2000004
       Livermore-8 run=67 seed=8792  time=17.241s reward=0.999956 train_r2=1.000000 test_r2=1.000000 complexity=14 evals=2000001
      Livermore-17 run=66 seed=10627 time=19.768s reward=0.993222 train_r2=0.999953 test_r2=0.999908 complexity=50 evals=2000001
      Livermore-15 run=70 seed=8433  time=0.187s reward=1.000000 train_r2=1.000000 test_r2=1.000000 complexity=3 evals=31411
      Livermore-10 run=70 seed=8433  time=2.673s reward=1.000000 train_r2=1.000000 test_r2=1.000000 complexity=6 evals=318486
       Livermore-7 run=67 seed=8792  time=18.434s reward=0.999887 train_r2=1.000000 test_r2=1.000000 complexity=8 evals=2000002
      Livermore-19 run=70 seed=8433  time=0.127s reward=1.000000 train_r2=1.000000 test_r2=1.000000 complexity=12 evals=21463
      Livermore-20 run=70 seed=8433  time=0.047s reward=1.000000 train_r2=1.000000 test_r2=1.000000 complexity=6 evals=8594
       Livermore-6 run=67 seed=8792  time=19.265s reward=1.000000 train_r2=1.000000 test_r2=1.000000 complexity=17 evals=1877711
      Livermore-22 run=70 seed=8433  time=0.259s reward=1.000000 train_r2=1.000000 test_r2=1.000000 complexity=6 evals=41102
      Livermore-18 run=66 seed=10627 time=21.905s reward=0.957743 train_r2=0.998053 test_r2=0.997718 complexity=22 evals=2000002
       Livermore-9 run=67 seed=8792  time=19.335s reward=0.990905 train_r2=0.999916 test_r2=0.999612 complexity=31 evals=2000001
       Livermore-3 run=71 seed=10233 time=0.747s reward=1.000000 train_r2=1.000000 test_r2=1.000000 complexity=11 evals=99350
      Livermore-12 run=70 seed=8433  time=4.795s reward=1.000000 train_r2=1.000000 test_r2=1.000000 complexity=7 evals=524559
       Livermore-2 run=71 seed=10233 time=1.234s reward=1.000000 train_r2=1.000000 test_r2=1.000000 complexity=9 evals=159604
       Livermore-4 run=71 seed=10233 time=0.679s reward=1.000000 train_r2=1.000000 test_r2=1.000000 complexity=11 evals=94623
       Livermore-5 run=71 seed=10233 time=1.459s reward=1.000000 train_r2=1.000000 test_r2=1.000000 complexity=15 evals=183499
       Livermore-8 run=68 seed=10555 time=17.158s reward=0.999980 train_r2=1.000000 test_r2=1.000000 complexity=14 evals=2000001
      Livermore-21 run=67 seed=8792  time=20.253s reward=0.989095 train_r2=0.999878 test_r2=0.998917 complexity=45 evals=2000006
      Livermore-17 run=70 seed=8433  time=5.705s reward=1.000000 train_r2=1.000000 test_r2=1.000000 complexity=6 evals=675893
      Livermore-18 run=67 seed=8792  time=21.163s reward=0.959522 train_r2=0.998220 test_r2=0.996174 complexity=43 evals=2000002
      Livermore-11 run=71 seed=10233 time=0.310s reward=1.000000 train_r2=1.000000 test_r2=1.000000 complexity=12 evals=49286
       Livermore-7 run=68 seed=10555 time=18.120s reward=0.999919 train_r2=1.000000 test_r2=0.999955 complexity=29 evals=2000001
       Livermore-9 run=68 seed=10555 time=17.963s reward=0.995738 train_r2=0.999982 test_r2=0.964360 complexity=30 evals=2000003
      Livermore-15 run=71 seed=10233 time=0.371s reward=1.000000 train_r2=1.000000 test_r2=1.000000 complexity=3 evals=62065
       Livermore-1 run=71 seed=10233 time=5.516s reward=1.000000 train_r2=1.000000 test_r2=1.000000 complexity=7 evals=125820
      Livermore-16 run=71 seed=10233 time=0.586s reward=1.000000 train_r2=1.000000 test_r2=1.000000 complexity=3 evals=99359
       Livermore-6 run=68 seed=10555 time=19.865s reward=0.992036 train_r2=0.999936 test_r2=0.957438 complexity=32 evals=2000000
      Livermore-19 run=71 seed=10233 time=0.244s reward=1.000000 train_r2=1.000000 test_r2=1.000000 complexity=12 evals=38458
      Livermore-20 run=71 seed=10233 time=0.022s reward=1.000000 train_r2=1.000000 test_r2=1.000000 complexity=6 evals=4076
      Livermore-10 run=68 seed=10555 time=19.631s reward=0.996972 train_r2=0.999991 test_r2=0.999525 complexity=27 evals=2000002
      Livermore-22 run=71 seed=10233 time=0.097s reward=1.000000 train_r2=1.000000 test_r2=1.000000 complexity=6 evals=17944
      Livermore-14 run=71 seed=10233 time=2.234s reward=1.000000 train_r2=1.000000 test_r2=1.000000 complexity=14 evals=277341
       Livermore-7 run=69 seed=10253 time=16.838s reward=0.999831 train_r2=1.000000 test_r2=1.000000 complexity=19 evals=2000001
      Livermore-13 run=70 seed=8433  time=10.877s reward=1.000000 train_r2=1.000000 test_r2=1.000000 complexity=3 evals=1323652
       Livermore-3 run=72 seed=11016 time=0.257s reward=1.000000 train_r2=1.000000 test_r2=1.000000 complexity=11 evals=40882
      Livermore-21 run=68 seed=10555 time=19.239s reward=0.998511 train_r2=0.999998 test_r2=-0.267350 complexity=30 evals=2000006
       Livermore-4 run=72 seed=11016 time=0.500s reward=1.000000 train_r2=1.000000 test_r2=1.000000 complexity=13 evals=73618
       Livermore-8 run=69 seed=10253 time=16.868s reward=0.999959 train_r2=1.000000 test_r2=1.000000 complexity=14 evals=2000004
       Livermore-5 run=72 seed=11016 time=0.791s reward=1.000000 train_r2=1.000000 test_r2=1.000000 complexity=15 evals=123713
       Livermore-1 run=72 seed=11016 time=2.540s reward=1.000000 train_r2=1.000000 test_r2=1.000000 complexity=7 evals=60828
       Livermore-6 run=69 seed=10253 time=19.029s reward=0.996281 train_r2=0.999986 test_r2=0.999948 complexity=23 evals=2000004
      Livermore-11 run=72 seed=11016 time=0.157s reward=1.000000 train_r2=1.000000 test_r2=1.000000 complexity=12 evals=25816
      Livermore-16 run=69 seed=10253 time=16.862s reward=0.987416 train_r2=0.999838 test_r2=0.996583 complexity=13 evals=2000000
       Livermore-7 run=71 seed=10233 time=7.913s reward=1.000000 train_r2=1.000000 test_r2=1.000000 complexity=2 evals=901461
      Livermore-13 run=72 seed=11016 time=0.186s reward=1.000000 train_r2=1.000000 test_r2=1.000000 complexity=3 evals=29893
      Livermore-16 run=70 seed=8433  time=11.791s reward=1.000000 train_r2=1.000000 test_r2=1.000000 complexity=5 evals=1393553
      Livermore-15 run=72 seed=11016 time=0.695s reward=1.000000 train_r2=1.000000 test_r2=1.000000 complexity=3 evals=99679
      Livermore-12 run=72 seed=11016 time=1.363s reward=1.000000 train_r2=1.000000 test_r2=1.000000 complexity=7 evals=176777
      Livermore-16 run=72 seed=11016 time=0.918s reward=1.000000 train_r2=1.000000 test_r2=1.000000 complexity=3 evals=133301
      Livermore-11 run=69 seed=10253 time=19.080s reward=0.999978 train_r2=1.000000 test_r2=1.000000 complexity=12 evals=2000005
      Livermore-20 run=72 seed=11016 time=0.009s reward=1.000000 train_r2=1.000000 test_r2=1.000000 complexity=6 evals=1857
       Livermore-3 run=69 seed=10253 time=21.218s reward=0.989531 train_r2=0.999888 test_r2=0.999931 complexity=25 evals=2000005
      Livermore-17 run=69 seed=10253 time=18.642s reward=0.995375 train_r2=0.999978 test_r2=0.999989 complexity=21 evals=2000003
      Livermore-18 run=68 seed=10555 time=23.301s reward=0.995878 train_r2=0.999983 test_r2=0.999887 complexity=34 evals=2000005
      Livermore-19 run=72 seed=11016 time=1.007s reward=1.000000 train_r2=1.000000 test_r2=1.000000 complexity=10 evals=141013
       Livermore-3 run=73 seed=23897 time=0.250s reward=1.000000 train_r2=1.000000 test_r2=1.000000 complexity=11 evals=39035
       Livermore-4 run=73 seed=23897 time=0.353s reward=1.000000 train_r2=1.000000 test_r2=1.000000 complexity=13 evals=51324
       Livermore-8 run=72 seed=11016 time=5.221s reward=1.000000 train_r2=1.000000 test_r2=1.000000 complexity=2 evals=670821
       Livermore-7 run=70 seed=8433  time=18.350s reward=0.999864 train_r2=1.000000 test_r2=1.000000 complexity=8 evals=2000002
       Livermore-5 run=73 seed=23897 time=0.935s reward=1.000000 train_r2=1.000000 test_r2=1.000000 complexity=14 evals=125785
       Livermore-8 run=70 seed=8433  time=18.601s reward=0.999951 train_r2=1.000000 test_r2=1.000000 complexity=14 evals=2000005
      Livermore-21 run=69 seed=10253 time=19.844s reward=0.994855 train_r2=0.999973 test_r2=0.999833 complexity=9 evals=2000006
      Livermore-18 run=69 seed=10253 time=20.750s reward=0.995136 train_r2=0.999976 test_r2=0.999922 complexity=29 evals=2000006
      Livermore-12 run=71 seed=10233 time=10.088s reward=1.000000 train_r2=1.000000 test_r2=1.000000 complexity=7 evals=923528
      Livermore-22 run=72 seed=11016 time=3.373s reward=1.000000 train_r2=1.000000 test_r2=1.000000 complexity=6 evals=425330
      Livermore-14 run=70 seed=8433  time=17.703s reward=1.000000 train_r2=1.000000 test_r2=1.000000 complexity=14 evals=1940539
       Livermore-6 run=70 seed=8433  time=19.823s reward=0.993079 train_r2=0.999951 test_r2=0.992935 complexity=20 evals=2000005
       Livermore-1 run=73 seed=23897 time=3.523s reward=1.000000 train_r2=1.000000 test_r2=1.000000 complexity=7 evals=84647
      Livermore-10 run=73 seed=23897 time=1.384s reward=1.000000 train_r2=1.000000 test_r2=1.000000 complexity=6 evals=177451
      Livermore-15 run=73 seed=23897 time=0.502s reward=1.000000 train_r2=1.000000 test_r2=1.000000 complexity=3 evals=76890
       Livermore-9 run=70 seed=8433  time=20.194s reward=0.995511 train_r2=0.999980 test_r2=0.998177 complexity=21 evals=2000002
      Livermore-14 run=73 seed=23897 time=0.966s reward=1.000000 train_r2=1.000000 test_r2=1.000000 complexity=14 evals=138052
      Livermore-20 run=73 seed=23897 time=0.007s reward=1.000000 train_r2=1.000000 test_r2=1.000000 complexity=6 evals=1325
      Livermore-19 run=73 seed=23897 time=0.363s reward=1.000000 train_r2=1.000000 test_r2=1.000000 complexity=10 evals=52316
       Livermore-2 run=73 seed=23897 time=4.108s reward=1.000000 train_r2=1.000000 test_r2=1.000000 complexity=9 evals=453503
      Livermore-17 run=72 seed=11016 time=5.741s reward=1.000000 train_r2=1.000000 test_r2=1.000000 complexity=6 evals=663898
       Livermore-2 run=74 seed=2612  time=0.213s reward=1.000000 train_r2=1.000000 test_r2=1.000000 complexity=9 evals=32638
      Livermore-13 run=73 seed=23897 time=2.413s reward=1.000000 train_r2=1.000000 test_r2=1.000000 complexity=3 evals=317706
       Livermore-4 run=74 seed=2612  time=0.021s reward=1.000000 train_r2=1.000000 test_r2=1.000000 complexity=11 evals=3615
       Livermore-3 run=74 seed=2612  time=0.751s reward=1.000000 train_r2=1.000000 test_r2=1.000000 complexity=11 evals=100112
       Livermore-5 run=74 seed=2612  time=1.102s reward=1.000000 train_r2=1.000000 test_r2=1.000000 complexity=14 evals=149657
      Livermore-21 run=70 seed=8433  time=19.123s reward=0.994741 train_r2=0.999972 test_r2=0.997028 complexity=21 evals=2000002
       Livermore-8 run=71 seed=10233 time=17.659s reward=0.999947 train_r2=1.000000 test_r2=1.000000 complexity=14 evals=2000002
       Livermore-1 run=74 seed=2612  time=4.778s reward=1.000000 train_r2=1.000000 test_r2=1.000000 complexity=7 evals=109664
      Livermore-10 run=72 seed=11016 time=11.671s reward=1.000000 train_r2=1.000000 test_r2=1.000000 complexity=6 evals=1312843
      Livermore-18 run=70 seed=8433  time=22.369s reward=0.982661 train_r2=0.999689 test_r2=0.999627 complexity=25 evals=2000001
      Livermore-13 run=71 seed=10233 time=17.075s reward=0.968363 train_r2=0.998933 test_r2=0.996603 complexity=19 evals=2000003
      Livermore-13 run=74 seed=2612  time=0.139s reward=1.000000 train_r2=1.000000 test_r2=1.000000 complexity=3 evals=24841
       Livermore-6 run=71 seed=10233 time=20.506s reward=0.997948 train_r2=0.999996 test_r2=0.999989 complexity=24 evals=2000002
      Livermore-15 run=74 seed=2612  time=0.515s reward=1.000000 train_r2=1.000000 test_r2=1.000000 complexity=3 evals=79033
       Livermore-9 run=71 seed=10233 time=18.716s reward=0.992132 train_r2=0.999937 test_r2=0.999990 complexity=25 evals=2000004
      Livermore-14 run=74 seed=2612  time=1.149s reward=1.000000 train_r2=1.000000 test_r2=1.000000 complexity=14 evals=161883
      Livermore-22 run=73 seed=23897 time=7.287s reward=1.000000 train_r2=1.000000 test_r2=1.000000 complexity=6 evals=804137
      Livermore-19 run=74 seed=2612  time=0.329s reward=1.000000 train_r2=1.000000 test_r2=1.000000 complexity=10 evals=50636
      Livermore-20 run=74 seed=2612  time=0.022s reward=1.000000 train_r2=1.000000 test_r2=1.000000 complexity=6 evals=4200
       Livermore-2 run=72 seed=11016 time=16.951s reward=1.000000 train_r2=1.000000 test_r2=1.000000 complexity=9 evals=1724234
      Livermore-10 run=74 seed=2612  time=3.167s reward=1.000000 train_r2=1.000000 test_r2=1.000000 complexity=6 evals=367012
      Livermore-22 run=74 seed=2612  time=0.199s reward=1.000000 train_r2=1.000000 test_r2=1.000000 complexity=6 evals=33377
      Livermore-10 run=71 seed=10233 time=20.590s reward=0.996005 train_r2=0.999984 test_r2=0.999975 complexity=21 evals=2000005
       Livermore-7 run=72 seed=11016 time=17.370s reward=0.999954 train_r2=1.000000 test_r2=1.000000 complexity=8 evals=2000003
      Livermore-16 run=73 seed=23897 time=10.351s reward=1.000000 train_r2=1.000000 test_r2=1.000000 complexity=3 evals=1372156
      Livermore-17 run=71 seed=10233 time=19.797s reward=0.993509 train_r2=0.999957 test_r2=0.999937 complexity=31 evals=2000001
       Livermore-3 run=75 seed=23425 time=0.851s reward=1.000000 train_r2=1.000000 test_r2=1.000000 complexity=11 evals=113270
       Livermore-4 run=75 seed=23425 time=0.226s reward=1.000000 train_r2=1.000000 test_r2=1.000000 complexity=11 evals=36244
       Livermore-5 run=75 seed=23425 time=0.535s reward=1.000000 train_r2=1.000000 test_r2=1.000000 complexity=14 evals=89988
      Livermore-18 run=71 seed=10233 time=20.046s reward=0.967742 train_r2=0.998889 test_r2=0.998641 complexity=38 evals=2000003
       Livermore-9 run=72 seed=11016 time=17.733s reward=0.996709 train_r2=0.999989 test_r2=0.847264 complexity=23 evals=2000002
      Livermore-21 run=71 seed=10233 time=20.160s reward=0.994811 train_r2=0.999973 test_r2=0.999971 complexity=20 evals=2000003
      Livermore-11 run=75 seed=23425 time=0.391s reward=0.999999 train_r2=1.000000 test_r2=1.000000 complexity=12 evals=59832
      Livermore-12 run=75 seed=23425 time=0.347s reward=1.000000 train_r2=1.000000 test_r2=1.000000 complexity=7 evals=52305
      Livermore-14 run=75 seed=23425 time=0.331s reward=1.000000 train_r2=1.000000 test_r2=1.000000 complexity=14 evals=50368
       Livermore-1 run=75 seed=23425 time=3.430s reward=1.000000 train_r2=1.000000 test_r2=1.000000 complexity=7 evals=84073
      Livermore-15 run=75 seed=23425 time=0.190s reward=1.000000 train_r2=1.000000 test_r2=1.000000 complexity=3 evals=31814
       Livermore-6 run=72 seed=11016 time=20.047s reward=0.990681 train_r2=0.999912 test_r2=0.984630 complexity=40 evals=2000001
      Livermore-14 run=72 seed=11016 time=18.698s reward=0.999456 train_r2=1.000000 test_r2=0.999972 complexity=22 evals=2000003
      Livermore-19 run=75 seed=23425 time=0.160s reward=1.000000 train_r2=1.000000 test_r2=1.000000 complexity=10 evals=26381
      Livermore-20 run=75 seed=23425 time=0.003s reward=1.000000 train_r2=1.000000 test_r2=1.000000 complexity=6 evals=566
      Livermore-17 run=75 seed=23425 time=1.429s reward=1.000000 train_r2=1.000000 test_r2=1.000000 complexity=6 evals=195535
       Livermore-8 run=74 seed=2612  time=11.047s reward=1.000000 train_r2=1.000000 test_r2=1.000000 complexity=2 evals=1255793
      Livermore-12 run=73 seed=23897 time=16.056s reward=1.000000 train_r2=1.000000 test_r2=1.000000 complexity=7 evals=1694792
      Livermore-18 run=72 seed=11016 time=19.593s reward=0.989846 train_r2=0.999895 test_r2=0.998867 complexity=23 evals=2000002
      Livermore-22 run=75 seed=23425 time=1.696s reward=1.000000 train_r2=1.000000 test_r2=1.000000 complexity=6 evals=241558
      Livermore-21 run=72 seed=11016 time=19.475s reward=0.996485 train_r2=0.999988 test_r2=0.997889 complexity=24 evals=2000001
       Livermore-4 run=76 seed=25939 time=0.156s reward=1.000000 train_r2=1.000000 test_r2=1.000000 complexity=13 evals=25446
       Livermore-3 run=76 seed=25939 time=0.995s reward=1.000000 train_r2=1.000000 test_r2=1.000000 complexity=11 evals=138741
       Livermore-8 run=73 seed=23897 time=18.275s reward=0.999936 train_r2=1.000000 test_r2=1.000000 complexity=14 evals=2000001
       Livermore-7 run=73 seed=23897 time=18.738s reward=0.999845 train_r2=1.000000 test_r2=1.000000 complexity=8 evals=2000006
       Livermore-6 run=73 seed=23897 time=19.082s reward=0.992896 train_r2=0.999949 test_r2=0.999942 complexity=30 evals=2000001
      Livermore-11 run=73 seed=23897 time=18.462s reward=0.999999 train_r2=1.000000 test_r2=1.000000 complexity=12 evals=2000001
      Livermore-10 run=76 seed=25939 time=0.573s reward=1.000000 train_r2=1.000000 test_r2=1.000000 complexity=6 evals=87066
       Livermore-1 run=76 seed=25939 time=3.539s reward=1.000000 train_r2=1.000000 test_r2=1.000000 complexity=7 evals=83209
      Livermore-13 run=76 seed=25939 time=0.107s reward=1.000000 train_r2=1.000000 test_r2=1.000000 complexity=3 evals=19195
      Livermore-17 run=73 seed=23897 time=18.083s reward=1.000000 train_r2=1.000000 test_r2=1.000000 complexity=6 evals=1780987
       Livermore-2 run=75 seed=23425 time=9.205s reward=1.000000 train_r2=1.000000 test_r2=1.000000 complexity=9 evals=1013617
       Livermore-9 run=73 seed=23897 time=19.828s reward=0.991118 train_r2=0.999920 test_r2=0.999982 complexity=23 evals=2000005
      Livermore-15 run=76 seed=25939 time=0.473s reward=1.000000 train_r2=1.000000 test_r2=1.000000 complexity=3 evals=72614
      Livermore-12 run=76 seed=25939 time=0.718s reward=1.000000 train_r2=1.000000 test_r2=1.000000 complexity=15 evals=103947
      Livermore-16 run=76 seed=25939 time=0.454s reward=1.000000 train_r2=1.000000 test_r2=1.000000 complexity=5 evals=71260
      Livermore-20 run=76 seed=25939 time=0.050s reward=1.000000 train_r2=1.000000 test_r2=1.000000 complexity=6 evals=9008
      Livermore-19 run=76 seed=25939 time=0.329s reward=1.000000 train_r2=1.000000 test_r2=1.000000 complexity=10 evals=55336
      Livermore-17 run=76 seed=25939 time=0.469s reward=1.000000 train_r2=1.000000 test_r2=1.000000 complexity=6 evals=68672
      Livermore-16 run=75 seed=23425 time=7.327s reward=1.000000 train_r2=1.000000 test_r2=1.000000 complexity=5 evals=895492
       Livermore-8 run=75 seed=23425 time=9.267s reward=1.000000 train_r2=1.000000 test_r2=1.000000 complexity=2 evals=1124413
       Livermore-2 run=76 seed=25939 time=4.535s reward=1.000000 train_r2=1.000000 test_r2=1.000000 complexity=9 evals=494267
      Livermore-22 run=76 seed=25939 time=0.912s reward=1.000000 train_r2=1.000000 test_r2=1.000000 complexity=6 evals=139209
      Livermore-21 run=73 seed=23897 time=19.270s reward=0.991995 train_r2=0.999935 test_r2=0.999942 complexity=31 evals=2000001
       Livermore-3 run=77 seed=22619 time=0.220s reward=1.000000 train_r2=1.000000 test_r2=1.000000 complexity=11 evals=35551
       Livermore-4 run=77 seed=22619 time=0.377s reward=1.000000 train_r2=1.000000 test_r2=1.000000 complexity=13 evals=55703
      Livermore-14 run=76 seed=25939 time=2.942s reward=1.000000 train_r2=1.000000 test_r2=1.000000 complexity=14 evals=349607
      Livermore-16 run=74 seed=2612  time=13.896s reward=1.000000 train_r2=1.000000 test_r2=1.000000 complexity=3 evals=1654241
      Livermore-18 run=73 seed=23897 time=21.204s reward=0.967250 train_r2=0.998854 test_r2=0.999464 complexity=17 evals=2000006
      Livermore-11 run=77 seed=22619 time=0.117s reward=1.000000 train_r2=1.000000 test_r2=1.000000 complexity=12 evals=19650
       Livermore-7 run=74 seed=2612  time=18.623s reward=0.999891 train_r2=1.000000 test_r2=1.000000 complexity=19 evals=2000002
      Livermore-13 run=77 seed=22619 time=0.065s reward=1.000000 train_r2=1.000000 test_r2=1.000000 complexity=3 evals=11307
       Livermore-6 run=74 seed=2612  time=19.828s reward=0.989365 train_r2=0.999884 test_r2=0.989855 complexity=26 evals=2000003
      Livermore-12 run=77 seed=22619 time=0.899s reward=1.000000 train_r2=1.000000 test_r2=1.000000 complexity=7 evals=115573
      Livermore-15 run=77 seed=22619 time=0.371s reward=1.000000 train_r2=1.000000 test_r2=1.000000 complexity=3 evals=57456
      Livermore-13 run=75 seed=23425 time=11.106s reward=1.000000 train_r2=1.000000 test_r2=1.000000 complexity=3 evals=1399771
       Livermore-2 run=77 seed=22619 time=3.127s reward=1.000000 train_r2=1.000000 test_r2=1.000000 complexity=9 evals=343926
      Livermore-19 run=77 seed=22619 time=0.087s reward=1.000000 train_r2=1.000000 test_r2=1.000000 complexity=10 evals=15052
      Livermore-20 run=77 seed=22619 time=0.023s reward=1.000000 train_r2=1.000000 test_r2=1.000000 complexity=6 evals=4193
       Livermore-1 run=77 seed=22619 time=4.157s reward=1.000000 train_r2=1.000000 test_r2=1.000000 complexity=7 evals=94234
      Livermore-16 run=77 seed=22619 time=1.518s reward=1.000000 train_r2=1.000000 test_r2=1.000000 complexity=3 evals=193071
      Livermore-14 run=77 seed=22619 time=2.148s reward=1.000000 train_r2=1.000000 test_r2=1.000000 complexity=14 evals=265404
      Livermore-11 run=74 seed=2612  time=19.087s reward=0.999997 train_r2=1.000000 test_r2=1.000000 complexity=12 evals=2000005
       Livermore-2 run=78 seed=21870 time=0.800s reward=1.000000 train_r2=1.000000 test_r2=1.000000 complexity=9 evals=105006
      Livermore-12 run=74 seed=2612  time=18.870s reward=1.000000 train_r2=1.000000 test_r2=1.000000 complexity=7 evals=1849634
       Livermore-3 run=78 seed=21870 time=0.267s reward=1.000000 train_r2=1.000000 test_r2=1.000000 complexity=11 evals=43806
      Livermore-21 run=75 seed=23425 time=11.474s reward=1.000000 train_r2=1.000000 test_r2=1.000000 complexity=20 evals=1231935
       Livermore-4 run=78 seed=21870 time=0.271s reward=1.000000 train_r2=1.000000 test_r2=1.000000 complexity=13 evals=42242
       Livermore-5 run=78 seed=21870 time=0.311s reward=1.000000 train_r2=1.000000 test_r2=1.000000 complexity=14 evals=48349
       Livermore-9 run=74 seed=2612  time=19.787s reward=0.997550 train_r2=0.999994 test_r2=0.999999 complexity=25 evals=2000003
      Livermore-21 run=77 seed=22619 time=3.548s reward=1.000000 train_r2=1.000000 test_r2=1.000000 complexity=15 evals=416566
       Livermore-1 run=78 seed=21870 time=2.653s reward=1.000000 train_r2=1.000000 test_r2=1.000000 complexity=7 evals=62131
      Livermore-17 run=74 seed=2612  time=19.400s reward=0.999845 train_r2=1.000000 test_r2=1.000000 complexity=30 evals=2000001
      Livermore-13 run=78 seed=21870 time=0.197s reward=1.000000 train_r2=1.000000 test_r2=1.000000 complexity=3 evals=35903
      Livermore-22 run=77 seed=22619 time=4.649s reward=1.000000 train_r2=1.000000 test_r2=1.000000 complexity=6 evals=559478
      Livermore-14 run=78 seed=21870 time=0.507s reward=1.000000 train_r2=1.000000 test_r2=1.000000 complexity=14 evals=79501
       Livermore-9 run=75 seed=23425 time=17.436s reward=0.994011 train_r2=0.999964 test_r2=0.999886 complexity=19 evals=2000001
      Livermore-18 run=74 seed=2612  time=20.430s reward=0.987709 train_r2=0.999845 test_r2=0.999698 complexity=37 evals=2000009
      Livermore-21 run=74 seed=2612  time=19.986s reward=0.994856 train_r2=0.999973 test_r2=0.999825 complexity=29 evals=2000005
      Livermore-10 run=78 seed=21870 time=3.455s reward=1.000000 train_r2=1.000000 test_r2=1.000000 complexity=6 evals=410655
      Livermore-20 run=78 seed=21870 time=0.010s reward=1.000000 train_r2=1.000000 test_r2=1.000000 complexity=6 evals=1996
      Livermore-16 run=78 seed=21870 time=0.877s reward=1.000000 train_r2=1.000000 test_r2=1.000000 complexity=3 evals=141316
      Livermore-22 run=78 seed=21870 time=0.209s reward=1.000000 train_r2=1.000000 test_r2=1.000000 complexity=6 evals=36450
       Livermore-7 run=75 seed=23425 time=18.708s reward=0.999800 train_r2=1.000000 test_r2=1.000000 complexity=43 evals=2000005
      Livermore-19 run=78 seed=21870 time=0.945s reward=1.000000 train_r2=1.000000 test_r2=1.000000 complexity=12 evals=124841
       Livermore-3 run=79 seed=23483 time=0.451s reward=1.000000 train_r2=1.000000 test_r2=1.000000 complexity=11 evals=61442
      Livermore-12 run=78 seed=21870 time=3.157s reward=1.000000 train_r2=1.000000 test_r2=1.000000 complexity=7 evals=364772
       Livermore-4 run=79 seed=23483 time=0.263s reward=1.000000 train_r2=1.000000 test_r2=1.000000 complexity=11 evals=38811
       Livermore-6 run=75 seed=23425 time=20.157s reward=0.995747 train_r2=0.999982 test_r2=0.999932 complexity=24 evals=2000004
      Livermore-10 run=75 seed=23425 time=19.562s reward=0.994382 train_r2=0.999968 test_r2=0.999949 complexity=28 evals=2000005
       Livermore-5 run=79 seed=23483 time=2.338s reward=1.000000 train_r2=1.000000 test_r2=1.000000 complexity=15 evals=291558
      Livermore-21 run=78 seed=21870 time=3.693s reward=1.000000 train_r2=1.000000 test_r2=1.000000 complexity=15 evals=446338
      Livermore-17 run=78 seed=21870 time=4.808s reward=1.000000 train_r2=1.000000 test_r2=1.000000 complexity=6 evals=575553
       Livermore-1 run=79 seed=23483 time=4.360s reward=1.000000 train_r2=1.000000 test_r2=1.000000 complexity=7 evals=103559
      Livermore-12 run=79 seed=23483 time=0.250s reward=1.000000 train_r2=1.000000 test_r2=1.000000 complexity=7 evals=38640
      Livermore-13 run=79 seed=23483 time=0.267s reward=1.000000 train_r2=1.000000 test_r2=1.000000 complexity=3 evals=45999
       Livermore-5 run=76 seed=25939 time=18.252s reward=1.000000 train_r2=1.000000 test_r2=1.000000 complexity=14 evals=1918509
       Livermore-2 run=79 seed=23483 time=4.745s reward=1.000000 train_r2=1.000000 test_r2=1.000000 complexity=9 evals=497004
      Livermore-14 run=79 seed=23483 time=0.342s reward=1.000000 train_r2=1.000000 test_r2=1.000000 complexity=14 evals=55485
       Livermore-7 run=76 seed=25939 time=18.123s reward=0.999795 train_r2=1.000000 test_r2=1.000000 complexity=22 evals=2000011
      Livermore-18 run=75 seed=23425 time=21.502s reward=0.970425 train_r2=0.999071 test_r2=0.999152 complexity=15 evals=2000003
      Livermore-15 run=79 seed=23483 time=0.687s reward=1.000000 train_r2=1.000000 test_r2=1.000000 complexity=3 evals=100376
      Livermore-20 run=79 seed=23483 time=0.039s reward=1.000000 train_r2=1.000000 test_r2=1.000000 complexity=6 evals=7239
       Livermore-8 run=76 seed=25939 time=17.830s reward=0.999943 train_r2=1.000000 test_r2=1.000000 complexity=14 evals=2000000
      Livermore-22 run=79 seed=23483 time=0.092s reward=1.000000 train_r2=1.000000 test_r2=1.000000 complexity=6 evals=16157
      Livermore-19 run=79 seed=23483 time=0.284s reward=1.000000 train_r2=1.000000 test_r2=1.000000 complexity=10 evals=44619
      Livermore-17 run=79 seed=23483 time=1.209s reward=1.000000 train_r2=1.000000 test_r2=1.000000 complexity=6 evals=176632
       Livermore-2 run=80 seed=26054 time=0.715s reward=1.000000 train_r2=1.000000 test_r2=1.000000 complexity=9 evals=97505
       Livermore-6 run=76 seed=25939 time=19.940s reward=0.985125 train_r2=0.999772 test_r2=0.999708 complexity=23 evals=2000003
       Livermore-3 run=80 seed=26054 time=0.320s reward=1.000000 train_r2=1.000000 test_r2=1.000000 complexity=11 evals=51135
       Livermore-4 run=80 seed=26054 time=0.169s reward=1.000000 train_r2=1.000000 test_r2=1.000000 complexity=13 evals=26982
       Livermore-8 run=79 seed=23483 time=5.573s reward=1.000000 train_r2=1.000000 test_r2=1.000000 complexity=2 evals=737801
       Livermore-9 run=76 seed=25939 time=19.378s reward=0.987074 train_r2=0.999829 test_r2=0.999909 complexity=25 evals=2000007
      Livermore-16 run=79 seed=23483 time=2.453s reward=1.000000 train_r2=1.000000 test_r2=1.000000 complexity=5 evals=327072
      Livermore-21 run=79 seed=23483 time=1.811s reward=1.000000 train_r2=1.000000 test_r2=1.000000 complexity=15 evals=216088
      Livermore-11 run=80 seed=26054 time=0.262s reward=1.000000 train_r2=1.000000 test_r2=1.000000 complexity=12 evals=39334
      Livermore-18 run=78 seed=21870 time=8.439s reward=0.999999 train_r2=1.000000 test_r2=1.000000 complexity=9 evals=867771
      Livermore-11 run=76 seed=25939 time=19.222s reward=0.999997 train_r2=1.000000 test_r2=1.000000 complexity=12 evals=2000002
       Livermore-8 run=78 seed=21870 time=12.208s reward=1.000000 train_r2=1.000000 test_r2=1.000000 complexity=2 evals=1368805
       Livermore-7 run=77 seed=22619 time=17.441s reward=0.999769 train_r2=1.000000 test_r2=1.000000 complexity=24 evals=2000001
      Livermore-15 run=80 seed=26054 time=0.259s reward=1.000000 train_r2=1.000000 test_r2=1.000000 complexity=3 evals=40863
       Livermore-1 run=80 seed=26054 time=2.891s reward=1.000000 train_r2=1.000000 test_r2=1.000000 complexity=7 evals=73576
       Livermore-5 run=77 seed=22619 time=17.936s reward=0.991465 train_r2=0.999926 test_r2=0.999716 complexity=16 evals=2000004
      Livermore-19 run=80 seed=26054 time=0.128s reward=1.000000 train_r2=1.000000 test_r2=1.000000 complexity=10 evals=23358
      Livermore-20 run=80 seed=26054 time=0.019s reward=1.000000 train_r2=1.000000 test_r2=1.000000 complexity=6 evals=3731
      Livermore-12 run=80 seed=26054 time=1.324s reward=1.000000 train_r2=1.000000 test_r2=1.000000 complexity=20 evals=163499
      Livermore-21 run=76 seed=25939 time=19.482s reward=0.995192 train_r2=0.999977 test_r2=0.997560 complexity=20 evals=2000005
      Livermore-22 run=80 seed=26054 time=0.120s reward=1.000000 train_r2=1.000000 test_r2=1.000000 complexity=6 evals=20148
      Livermore-17 run=80 seed=26054 time=0.760s reward=1.000000 train_r2=1.000000 test_r2=1.000000 complexity=6 evals=107803
      Livermore-13 run=80 seed=26054 time=1.684s reward=1.000000 train_r2=1.000000 test_r2=1.000000 complexity=3 evals=244096
       Livermore-3 run=81 seed=15787 time=0.163s reward=1.000000 train_r2=1.000000 test_r2=1.000000 complexity=11 evals=26036
       Livermore-8 run=77 seed=22619 time=18.554s reward=0.999938 train_r2=1.000000 test_r2=1.000000 complexity=14 evals=2000001
       Livermore-4 run=81 seed=15787 time=0.321s reward=1.000000 train_r2=1.000000 test_r2=1.000000 complexity=13 evals=50612
       Livermore-6 run=77 seed=22619 time=19.524s reward=0.996003 train_r2=0.999984 test_r2=0.999986 complexity=28 evals=2000003
       Livermore-9 run=77 seed=22619 time=19.412s reward=0.989865 train_r2=0.999895 test_r2=0.999916 complexity=17 evals=2000004
       Livermore-5 run=81 seed=15787 time=1.814s reward=1.000000 train_r2=1.000000 test_r2=1.000000 complexity=14 evals=247821
      Livermore-10 run=77 seed=22619 time=19.334s reward=0.996207 train_r2=0.999986 test_r2=0.999962 complexity=9 evals=2000002
       Livermore-1 run=81 seed=15787 time=2.621s reward=1.000000 train_r2=1.000000 test_r2=1.000000 complexity=7 evals=61555
       Livermore-6 run=81 seed=15787 time=2.127s reward=1.000000 train_r2=1.000000 test_r2=1.000000 complexity=17 evals=260270
       Livermore-6 run=80 seed=26054 time=5.187s reward=1.000000 train_r2=1.000000 test_r2=1.000000 complexity=17 evals=615424
      Livermore-13 run=81 seed=15787 time=0.137s reward=1.000000 train_r2=1.000000 test_r2=1.000000 complexity=3 evals=23171
      Livermore-18 run=76 seed=25939 time=22.602s reward=0.983726 train_r2=0.999726 test_r2=0.999783 complexity=17 evals=2000004
      Livermore-15 run=81 seed=15787 time=0.568s reward=1.000000 train_r2=1.000000 test_r2=1.000000 complexity=3 evals=86393
      Livermore-16 run=81 seed=15787 time=1.068s reward=1.000000 train_r2=1.000000 test_r2=1.000000 complexity=5 evals=149573
      Livermore-18 run=77 seed=22619 time=20.167s reward=0.968445 train_r2=0.998938 test_r2=0.998849 complexity=18 evals=2000002
      Livermore-17 run=77 seed=22619 time=20.076s reward=0.997671 train_r2=0.999995 test_r2=0.999978 complexity=32 evals=2000005
      Livermore-20 run=81 seed=15787 time=0.028s reward=1.000000 train_r2=1.000000 test_r2=1.000000 complexity=6 evals=4630
      Livermore-15 run=78 seed=21870 time=15.304s reward=1.000000 train_r2=1.000000 test_r2=1.000000 complexity=3 evals=1844651
      Livermore-19 run=81 seed=15787 time=0.279s reward=1.000000 train_r2=1.000000 test_r2=1.000000 complexity=10 evals=46241
       Livermore-2 run=81 seed=15787 time=4.896s reward=1.000000 train_r2=1.000000 test_r2=1.000000 complexity=9 evals=492055
       Livermore-7 run=78 seed=21870 time=18.324s reward=0.999804 train_r2=1.000000 test_r2=1.000000 complexity=8 evals=2000006
      Livermore-22 run=81 seed=15787 time=0.604s reward=1.000000 train_r2=1.000000 test_r2=1.000000 complexity=6 evals=90815
       Livermore-4 run=82 seed=27132 time=0.304s reward=1.000000 train_r2=1.000000 test_r2=1.000000 complexity=13 evals=45407
       Livermore-2 run=82 seed=27132 time=0.880s reward=1.000000 train_r2=1.000000 test_r2=1.000000 complexity=9 evals=115374
      Livermore-21 run=81 seed=15787 time=1.373s reward=1.000000 train_r2=1.000000 test_r2=1.000000 complexity=16 evals=174262
       Livermore-6 run=78 seed=21870 time=19.423s reward=0.992281 train_r2=0.999939 test_r2=0.999894 complexity=29 evals=2000005
       Livermore-3 run=82 seed=27132 time=2.076s reward=1.000000 train_r2=1.000000 test_r2=1.000000 complexity=11 evals=239900
       Livermore-9 run=78 seed=21870 time=20.210s reward=0.994026 train_r2=0.999964 test_r2=0.999961 complexity=29 evals=2000002
       Livermore-9 run=81 seed=15787 time=5.201s reward=1.000000 train_r2=1.000000 test_r2=1.000000 complexity=24 evals=581012
      Livermore-11 run=82 seed=27132 time=0.392s reward=0.999999 train_r2=1.000000 test_r2=1.000000 complexity=12 evals=57487
      Livermore-11 run=78 seed=21870 time=19.822s reward=0.999994 train_r2=1.000000 test_r2=1.000000 complexity=12 evals=2000002
      Livermore-10 run=80 seed=26054 time=9.898s reward=1.000000 train_r2=1.000000 test_r2=1.000000 complexity=6 evals=1079257
      Livermore-13 run=82 seed=27132 time=0.227s reward=1.000000 train_r2=1.000000 test_r2=1.000000 complexity=3 evals=34845
       Livermore-1 run=82 seed=27132 time=3.310s reward=1.000000 train_r2=1.000000 test_r2=1.000000 complexity=7 evals=80548
      Livermore-12 run=82 seed=27132 time=0.407s reward=1.000000 train_r2=1.000000 test_r2=1.000000 complexity=7 evals=54978
       Livermore-5 run=82 seed=27132 time=2.578s reward=1.000000 train_r2=1.000000 test_r2=1.000000 complexity=14 evals=329890
      Livermore-15 run=82 seed=27132 time=0.435s reward=1.000000 train_r2=1.000000 test_r2=1.000000 complexity=3 evals=64527
      Livermore-19 run=82 seed=27132 time=0.332s reward=1.000000 train_r2=1.000000 test_r2=1.000000 complexity=10 evals=49999
      Livermore-20 run=82 seed=27132 time=0.014s reward=1.000000 train_r2=1.000000 test_r2=1.000000 complexity=6 evals=2681
      Livermore-10 run=82 seed=27132 time=1.775s reward=1.000000 train_r2=1.000000 test_r2=1.000000 complexity=6 evals=218822
      Livermore-22 run=82 seed=27132 time=1.405s reward=1.000000 train_r2=1.000000 test_r2=1.000000 complexity=9 evals=188675
      Livermore-14 run=82 seed=27132 time=2.577s reward=1.000000 train_r2=1.000000 test_r2=1.000000 complexity=14 evals=312133
      Livermore-14 run=81 seed=15787 time=8.163s reward=1.000000 train_r2=1.000000 test_r2=1.000000 complexity=14 evals=944061
       Livermore-2 run=83 seed=17159 time=0.584s reward=1.000000 train_r2=1.000000 test_r2=1.000000 complexity=9 evals=82707
       Livermore-7 run=79 seed=23483 time=19.094s reward=0.999971 train_r2=1.000000 test_r2=1.000000 complexity=25 evals=2000003
       Livermore-4 run=83 seed=17159 time=0.242s reward=1.000000 train_r2=1.000000 test_r2=1.000000 complexity=12 evals=38185
       Livermore-3 run=83 seed=17159 time=0.725s reward=1.000000 train_r2=1.000000 test_r2=1.000000 complexity=11 evals=107831
      Livermore-11 run=79 seed=23483 time=17.394s reward=0.999999 train_r2=1.000000 test_r2=1.000000 complexity=12 evals=2000000
      Livermore-16 run=82 seed=27132 time=4.098s reward=1.000000 train_r2=1.000000 test_r2=1.000000 complexity=3 evals=571770
       Livermore-1 run=83 seed=17159 time=2.138s reward=1.000000 train_r2=1.000000 test_r2=1.000000 complexity=7 evals=51479
       Livermore-6 run=79 seed=23483 time=20.957s reward=0.991529 train_r2=0.999927 test_r2=0.999912 complexity=31 evals=2000002
       Livermore-5 run=83 seed=17159 time=1.776s reward=1.000000 train_r2=1.000000 test_r2=1.000000 complexity=14 evals=227900
      Livermore-11 run=83 seed=17159 time=0.304s reward=1.000000 train_r2=1.000000 test_r2=1.000000 complexity=12 evals=44759
      Livermore-13 run=83 seed=17159 time=0.073s reward=1.000000 train_r2=1.000000 test_r2=1.000000 complexity=3 evals=12418
      Livermore-12 run=83 seed=17159 time=0.792s reward=1.000000 train_r2=1.000000 test_r2=1.000000 complexity=7 evals=102745
      Livermore-17 run=81 seed=15787 time=10.897s reward=1.000000 train_r2=1.000000 test_r2=1.000000 complexity=6 evals=1100068
       Livermore-9 run=79 seed=23483 time=20.611s reward=0.993208 train_r2=0.999953 test_r2=0.999947 complexity=36 evals=2000001
       Livermore-8 run=80 seed=26054 time=17.079s reward=0.999963 train_r2=1.000000 test_r2=1.000000 complexity=14 evals=2000003
      Livermore-15 run=83 seed=17159 time=1.097s reward=1.000000 train_r2=1.000000 test_r2=1.000000 complexity=3 evals=146854
      Livermore-16 run=80 seed=26054 time=15.806s reward=0.986635 train_r2=0.999817 test_r2=0.994138 complexity=13 evals=2000006
      Livermore-20 run=83 seed=17159 time=0.012s reward=1.000000 train_r2=1.000000 test_r2=1.000000 complexity=6 evals=2452
      Livermore-14 run=83 seed=17159 time=1.738s reward=1.000000 train_r2=1.000000 test_r2=1.000000 complexity=14 evals=212682
      Livermore-19 run=83 seed=17159 time=0.230s reward=1.000000 train_r2=1.000000 test_r2=1.000000 complexity=10 evals=35652
      Livermore-22 run=83 seed=17159 time=0.259s reward=1.000000 train_r2=1.000000 test_r2=1.000000 complexity=6 evals=41363
      Livermore-10 run=79 seed=23483 time=21.200s reward=0.997553 train_r2=0.999994 test_r2=0.999976 complexity=25 evals=2000000
      Livermore-16 run=83 seed=17159 time=1.602s reward=1.000000 train_r2=1.000000 test_r2=1.000000 complexity=3 evals=217196
       Livermore-3 run=84 seed=12206 time=0.324s reward=1.000000 train_r2=1.000000 test_r2=1.000000 complexity=11 evals=49084
       Livermore-2 run=84 seed=12206 time=0.575s reward=1.000000 train_r2=1.000000 test_r2=1.000000 complexity=9 evals=76456
       Livermore-4 run=84 seed=12206 time=0.329s reward=1.000000 train_r2=1.000000 test_r2=1.000000 complexity=13 evals=48722
       Livermore-7 run=80 seed=26054 time=18.490s reward=0.999890 train_r2=1.000000 test_r2=1.000000 complexity=42 evals=2000007
      Livermore-18 run=79 seed=23483 time=20.155s reward=0.974031 train_r2=0.999289 test_r2=0.999409 complexity=10 evals=2000003
       Livermore-5 run=80 seed=26054 time=18.868s reward=0.991174 train_r2=0.999921 test_r2=0.999854 complexity=24 evals=2000004
       Livermore-5 run=84 seed=12206 time=0.895s reward=1.000000 train_r2=1.000000 test_r2=1.000000 complexity=15 evals=122316
      Livermore-11 run=84 seed=12206 time=0.158s reward=1.000000 train_r2=1.000000 test_r2=1.000000 complexity=12 evals=25118
      Livermore-21 run=80 seed=26054 time=18.030s reward=0.997712 train_r2=0.999995 test_r2=0.981938 complexity=21 evals=2000000
      Livermore-13 run=84 seed=12206 time=0.096s reward=1.000000 train_r2=1.000000 test_r2=1.000000 complexity=3 evals=17532
       Livermore-9 run=80 seed=26054 time=19.704s reward=0.996595 train_r2=0.999988 test_r2=0.998223 complexity=24 evals=2000004
       Livermore-7 run=81 seed=15787 time=17.486s reward=1.000000 train_r2=1.000000 test_r2=1.000000 complexity=2 evals=1967177
      Livermore-15 run=84 seed=12206 time=0.340s reward=1.000000 train_r2=1.000000 test_r2=1.000000 complexity=3 evals=54468
      Livermore-14 run=80 seed=26054 time=19.440s reward=0.998177 train_r2=0.999997 test_r2=0.999094 complexity=44 evals=2000005
      Livermore-14 run=84 seed=12206 time=0.895s reward=1.000000 train_r2=1.000000 test_r2=1.000000 complexity=14 evals=129848
       Livermore-8 run=81 seed=15787 time=17.618s reward=0.999947 train_r2=1.000000 test_r2=1.000000 complexity=14 evals=2000004
      Livermore-16 run=84 seed=12206 time=0.843s reward=1.000000 train_r2=1.000000 test_r2=1.000000 complexity=5 evals=127532
      Livermore-20 run=84 seed=12206 time=0.068s reward=1.000000 train_r2=1.000000 test_r2=1.000000 complexity=6 evals=12612
      Livermore-19 run=84 seed=12206 time=0.312s reward=1.000000 train_r2=1.000000 test_r2=1.000000 complexity=10 evals=50266
      Livermore-21 run=83 seed=17159 time=4.048s reward=1.000000 train_r2=1.000000 test_r2=1.000000 complexity=17 evals=502968
       Livermore-1 run=84 seed=12206 time=4.450s reward=1.000000 train_r2=1.000000 test_r2=1.000000 complexity=7 evals=103544
      Livermore-22 run=84 seed=12206 time=1.205s reward=1.000000 train_r2=1.000000 test_r2=1.000000 complexity=6 evals=181833
       Livermore-4 run=85 seed=8226  time=0.192s reward=1.000000 train_r2=1.000000 test_r2=1.000000 complexity=13 evals=31588
       Livermore-3 run=85 seed=8226  time=1.405s reward=1.000000 train_r2=1.000000 test_r2=1.000000 complexity=11 evals=173678
      Livermore-18 run=80 seed=26054 time=21.930s reward=0.999999 train_r2=1.000000 test_r2=1.000000 complexity=9 evals=2000001
       Livermore-9 run=84 seed=12206 time=4.943s reward=1.000000 train_r2=1.000000 test_r2=1.000000 complexity=24 evals=585358
      Livermore-21 run=84 seed=12206 time=2.601s reward=1.000000 train_r2=1.000000 test_r2=1.000000 complexity=16 evals=316912
       Livermore-5 run=85 seed=8226  time=1.225s reward=1.000000 train_r2=1.000000 test_r2=1.000000 complexity=14 evals=174039
      Livermore-11 run=81 seed=15787 time=19.294s reward=0.999999 train_r2=1.000000 test_r2=1.000000 complexity=12 evals=2000004
       Livermore-1 run=85 seed=8226  time=2.764s reward=1.000000 train_r2=1.000000 test_r2=1.000000 complexity=7 evals=66955
      Livermore-12 run=85 seed=8226  time=0.209s reward=0.999999 train_r2=1.000000 test_r2=1.000000 complexity=14 evals=29616
      Livermore-17 run=84 seed=12206 time=4.319s reward=1.000000 train_r2=1.000000 test_r2=1.000000 complexity=6 evals=507692
       Livermore-8 run=82 seed=27132 time=16.526s reward=0.999946 train_r2=1.000000 test_r2=1.000000 complexity=14 evals=2000002
      Livermore-15 run=85 seed=8226  time=0.324s reward=1.000000 train_r2=1.000000 test_r2=1.000000 complexity=3 evals=52481
      Livermore-10 run=81 seed=15787 time=21.402s reward=0.987639 train_r2=0.999843 test_r2=0.999832 complexity=26 evals=2000000
      Livermore-12 run=81 seed=15787 time=21.469s reward=0.998818 train_r2=0.999999 test_r2=-177612397166953572310756500046969180425974279922204160972906410541056.000000 complexity=51 evals=2000001
      Livermore-17 run=85 seed=8226  time=0.957s reward=1.000000 train_r2=1.000000 test_r2=1.000000 complexity=6 evals=127118
      Livermore-19 run=85 seed=8226  time=0.183s reward=1.000000 train_r2=1.000000 test_r2=1.000000 complexity=10 evals=29367
      Livermore-20 run=85 seed=8226  time=0.062s reward=1.000000 train_r2=1.000000 test_r2=1.000000 complexity=6 evals=10754
       Livermore-7 run=82 seed=27132 time=19.064s reward=0.999797 train_r2=1.000000 test_r2=1.000000 complexity=22 evals=2000003
      Livermore-13 run=85 seed=8226  time=3.625s reward=1.000000 train_r2=1.000000 test_r2=1.000000 complexity=3 evals=492327
      Livermore-22 run=85 seed=8226  time=0.646s reward=1.000000 train_r2=1.000000 test_r2=1.000000 complexity=6 evals=97135
      Livermore-16 run=85 seed=8226  time=2.794s reward=1.000000 train_r2=1.000000 test_r2=1.000000 complexity=3 evals=400885
       Livermore-2 run=86 seed=14541 time=0.331s reward=1.000000 train_r2=1.000000 test_r2=1.000000 complexity=9 evals=47520
       Livermore-8 run=83 seed=17159 time=14.167s reward=1.000000 train_r2=1.000000 test_r2=1.000000 complexity=2 evals=1717993
       Livermore-6 run=82 seed=27132 time=20.524s reward=0.991627 train_r2=0.999929 test_r2=0.999919 complexity=34 evals=2000006
       Livermore-4 run=86 seed=14541 time=0.316s reward=1.000000 train_r2=1.000000 test_r2=1.000000 complexity=11 evals=47120
       Livermore-5 run=86 seed=14541 time=0.293s reward=1.000000 train_r2=1.000000 test_r2=1.000000 complexity=16 evals=50591
      Livermore-18 run=81 seed=15787 time=22.580s reward=0.973243 train_r2=0.999244 test_r2=0.999235 complexity=34 evals=2000002
       Livermore-9 run=82 seed=27132 time=19.673s reward=0.991530 train_r2=0.999927 test_r2=0.999726 complexity=27 evals=2000002
      Livermore-12 run=84 seed=12206 time=10.495s reward=1.000000 train_r2=1.000000 test_r2=1.000000 complexity=7 evals=997489
       Livermore-3 run=86 seed=14541 time=1.493s reward=1.000000 train_r2=1.000000 test_r2=1.000000 complexity=11 evals=197598
       Livermore-2 run=85 seed=8226  time=8.465s reward=1.000000 train_r2=1.000000 test_r2=1.000000 complexity=9 evals=969124
      Livermore-13 run=86 seed=14541 time=0.224s reward=1.000000 train_r2=1.000000 test_r2=1.000000 complexity=3 evals=40970
      Livermore-11 run=86 seed=14541 time=0.414s reward=1.000000 train_r2=1.000000 test_r2=1.000000 complexity=12 evals=61570
      Livermore-21 run=82 seed=27132 time=19.224s reward=0.994702 train_r2=0.999972 test_r2=0.999953 complexity=20 evals=2000004
      Livermore-17 run=82 seed=27132 time=19.800s reward=0.992485 train_r2=0.999943 test_r2=0.999979 complexity=39 evals=2000001
      Livermore-15 run=86 seed=14541 time=0.339s reward=1.000000 train_r2=1.000000 test_r2=1.000000 complexity=3 evals=51560
      Livermore-16 run=86 seed=14541 time=0.542s reward=1.000000 train_r2=1.000000 test_r2=1.000000 complexity=5 evals=80902
      Livermore-19 run=86 seed=14541 time=0.262s reward=1.000000 train_r2=1.000000 test_r2=1.000000 complexity=10 evals=40487
      Livermore-20 run=86 seed=14541 time=0.025s reward=1.000000 train_r2=1.000000 test_r2=1.000000 complexity=6 evals=4866
       Livermore-7 run=83 seed=17159 time=17.257s reward=0.999852 train_r2=1.000000 test_r2=1.000000 complexity=31 evals=2000005
      Livermore-22 run=86 seed=14541 time=0.361s reward=1.000000 train_r2=1.000000 test_r2=1.000000 complexity=6 evals=61354
      Livermore-18 run=82 seed=27132 time=21.285s reward=0.985123 train_r2=0.999772 test_r2=0.999691 complexity=30 evals=2000008
       Livermore-1 run=86 seed=14541 time=4.209s reward=1.000000 train_r2=1.000000 test_r2=1.000000 complexity=7 evals=98718
      Livermore-14 run=86 seed=14541 time=2.472s reward=1.000000 train_r2=1.000000 test_r2=1.000000 complexity=14 evals=337363
       Livermore-9 run=83 seed=17159 time=18.144s reward=0.998222 train_r2=0.999997 test_r2=0.999583 complexity=26 evals=2000001
       Livermore-6 run=86 seed=14541 time=4.296s reward=1.000000 train_r2=1.000000 test_r2=1.000000 complexity=17 evals=465286
       Livermore-4 run=87 seed=3152  time=0.367s reward=1.000000 train_r2=1.000000 test_r2=1.000000 complexity=13 evals=60862
      Livermore-12 run=86 seed=14541 time=3.203s reward=1.000000 train_r2=1.000000 test_r2=1.000000 complexity=11 evals=386226
       Livermore-5 run=87 seed=3152  time=0.682s reward=1.000000 train_r2=1.000000 test_r2=1.000000 complexity=14 evals=110506
      Livermore-10 run=86 seed=14541 time=4.818s reward=1.000000 train_r2=1.000000 test_r2=1.000000 complexity=6 evals=560874
       Livermore-6 run=83 seed=17159 time=20.551s reward=0.988881 train_r2=0.999874 test_r2=0.998734 complexity=25 evals=2000002
       Livermore-2 run=87 seed=3152  time=3.002s reward=1.000000 train_r2=1.000000 test_r2=1.000000 complexity=9 evals=345236
       Livermore-1 run=87 seed=3152  time=3.641s reward=1.000000 train_r2=1.000000 test_r2=1.000000 complexity=7 evals=86191
      Livermore-12 run=87 seed=3152  time=0.225s reward=1.000000 train_r2=1.000000 test_r2=1.000000 complexity=7 evals=33155
      Livermore-13 run=87 seed=3152  time=0.196s reward=1.000000 train_r2=1.000000 test_r2=1.000000 complexity=3 evals=35147
      Livermore-10 run=83 seed=17159 time=20.479s reward=0.991261 train_r2=0.999922 test_r2=0.999904 complexity=34 evals=2000001
      Livermore-15 run=87 seed=3152  time=0.243s reward=1.000000 train_r2=1.000000 test_r2=1.000000 complexity=3 evals=40658
      Livermore-16 run=87 seed=3152  time=0.294s reward=1.000000 train_r2=1.000000 test_r2=1.000000 complexity=3 evals=47472
      Livermore-14 run=87 seed=3152  time=0.708s reward=1.000000 train_r2=1.000000 test_r2=1.000000 complexity=14 evals=99508
       Livermore-6 run=85 seed=8226  time=13.159s reward=1.000000 train_r2=1.000000 test_r2=1.000000 complexity=17 evals=1327986
      Livermore-20 run=87 seed=3152  time=0.005s reward=1.000000 train_r2=1.000000 test_r2=1.000000 complexity=6 evals=906
       Livermore-8 run=84 seed=12206 time=18.416s reward=0.999946 train_r2=1.000000 test_r2=1.000000 complexity=14 evals=2000001
      Livermore-19 run=87 seed=3152  time=0.860s reward=1.000000 train_r2=1.000000 test_r2=1.000000 complexity=10 evals=118536
      Livermore-18 run=83 seed=17159 time=19.713s reward=0.952002 train_r2=0.997458 test_r2=0.998907 complexity=25 evals=2000003
      Livermore-17 run=83 seed=17159 time=20.113s reward=0.999566 train_r2=1.000000 test_r2=1.000000 complexity=15 evals=2000007
      Livermore-22 run=87 seed=3152  time=0.425s reward=1.000000 train_r2=1.000000 test_r2=1.000000 complexity=6 evals=65126
       Livermore-3 run=88 seed=26531 time=0.452s reward=1.000000 train_r2=1.000000 test_r2=1.000000 complexity=11 evals=65211
       Livermore-4 run=88 seed=26531 time=0.301s reward=1.000000 train_r2=1.000000 test_r2=1.000000 complexity=11 evals=44583
       Livermore-3 run=87 seed=3152  time=5.591s reward=1.000000 train_r2=1.000000 test_r2=1.000000 complexity=11 evals=664801
       Livermore-7 run=84 seed=12206 time=19.274s reward=0.999861 train_r2=1.000000 test_r2=1.000000 complexity=42 evals=2000004
       Livermore-2 run=88 seed=26531 time=1.226s reward=1.000000 train_r2=1.000000 test_r2=1.000000 complexity=9 evals=171327
      Livermore-10 run=84 seed=12206 time=19.659s reward=0.995529 train_r2=0.999980 test_r2=0.999986 complexity=15 evals=2000004
       Livermore-6 run=84 seed=12206 time=19.928s reward=0.996572 train_r2=0.999988 test_r2=0.999979 complexity=27 evals=2000005
      Livermore-11 run=88 seed=26531 time=0.647s reward=1.000000 train_r2=1.000000 test_r2=1.000000 complexity=12 evals=86071
      Livermore-17 run=87 seed=3152  time=3.676s reward=1.000000 train_r2=1.000000 test_r2=1.000000 complexity=6 evals=451411
      Livermore-14 run=85 seed=8226  time=15.553s reward=1.000000 train_r2=1.000000 test_r2=1.000000 complexity=14 evals=1623141
       Livermore-8 run=85 seed=8226  time=17.032s reward=0.999947 train_r2=1.000000 test_r2=1.000000 complexity=14 evals=2000000
      Livermore-15 run=88 seed=26531 time=0.502s reward=1.000000 train_r2=1.000000 test_r2=1.000000 complexity=3 evals=80454
      Livermore-14 run=88 seed=26531 time=0.897s reward=1.000000 train_r2=1.000000 test_r2=1.000000 complexity=14 evals=122674
      Livermore-17 run=88 seed=26531 time=0.660s reward=1.000000 train_r2=1.000000 test_r2=1.000000 complexity=6 evals=95297
      Livermore-21 run=86 seed=14541 time=10.937s reward=1.000000 train_r2=1.000000 test_r2=1.000000 complexity=15 evals=1173395
       Livermore-7 run=85 seed=8226  time=18.707s reward=0.999944 train_r2=1.000000 test_r2=1.000000 complexity=19 evals=2000002
      Livermore-20 run=88 seed=26531 time=0.030s reward=1.000000 train_r2=1.000000 test_r2=1.000000 complexity=6 evals=5251
       Livermore-1 run=88 seed=26531 time=5.391s reward=1.000000 train_r2=1.000000 test_r2=1.000000 complexity=7 evals=124320
      Livermore-22 run=88 seed=26531 time=0.043s reward=1.000000 train_r2=1.000000 test_r2=1.000000 complexity=6 evals=8245
      Livermore-18 run=84 seed=12206 time=21.893s reward=0.972481 train_r2=0.999199 test_r2=0.999284 complexity=27 evals=2000003
      Livermore-19 run=88 seed=26531 time=0.481s reward=1.000000 train_r2=1.000000 test_r2=1.000000 complexity=12 evals=69724
       Livermore-9 run=85 seed=8226  time=19.216s reward=0.994350 train_r2=0.999968 test_r2=0.998816 complexity=28 evals=2000001
       Livermore-4 run=89 seed=1585  time=0.094s reward=1.000000 train_r2=1.000000 test_r2=1.000000 complexity=11 evals=16378
       Livermore-2 run=89 seed=1585  time=0.494s reward=1.000000 train_r2=1.000000 test_r2=1.000000 complexity=9 evals=65132
      Livermore-11 run=85 seed=8226  time=19.528s reward=0.999997 train_r2=1.000000 test_r2=1.000000 complexity=12 evals=2000000
       Livermore-3 run=89 seed=1585  time=0.669s reward=1.000000 train_r2=1.000000 test_r2=1.000000 complexity=11 evals=91189
      Livermore-10 run=85 seed=8226  time=19.640s reward=0.996763 train_r2=0.999989 test_r2=0.999990 complexity=14 evals=2000000
       Livermore-5 run=89 seed=1585  time=0.544s reward=1.000000 train_r2=1.000000 test_r2=1.000000 complexity=14 evals=88098
      Livermore-16 run=88 seed=26531 time=2.738s reward=1.000000 train_r2=1.000000 test_r2=1.000000 complexity=5 evals=373586
       Livermore-5 run=88 seed=26531 time=6.571s reward=1.000000 train_r2=1.000000 test_r2=1.000000 complexity=15 evals=735311
      Livermore-21 run=87 seed=3152  time=8.156s reward=1.000000 train_r2=1.000000 test_r2=1.000000 complexity=15 evals=862902
      Livermore-13 run=89 seed=1585  time=0.146s reward=1.000000 train_r2=1.000000 test_r2=1.000000 complexity=3 evals=23981
       Livermore-8 run=86 seed=14541 time=16.635s reward=0.999953 train_r2=1.000000 test_r2=1.000000 complexity=14 evals=2000002
      Livermore-12 run=89 seed=1585  time=1.418s reward=1.000000 train_r2=1.000000 test_r2=1.000000 complexity=7 evals=169374
       Livermore-1 run=89 seed=1585  time=3.336s reward=1.000000 train_r2=1.000000 test_r2=1.000000 complexity=7 evals=81665
      Livermore-15 run=89 seed=1585  time=0.346s reward=1.000000 train_r2=1.000000 test_r2=1.000000 complexity=3 evals=57176
      Livermore-21 run=85 seed=8226  time=20.136s reward=0.990358 train_r2=0.999905 test_r2=0.999908 complexity=21 evals=2000002
       Livermore-7 run=86 seed=14541 time=18.747s reward=0.999984 train_r2=1.000000 test_r2=1.000000 complexity=23 evals=2000001
      Livermore-20 run=89 seed=1585  time=0.016s reward=1.000000 train_r2=1.000000 test_r2=1.000000 complexity=6 evals=2998
      Livermore-19 run=89 seed=1585  time=0.697s reward=1.000000 train_r2=1.000000 test_r2=1.000000 complexity=11 evals=95215
      Livermore-18 run=85 seed=8226  time=22.084s reward=0.981693 train_r2=0.999652 test_r2=0.999743 complexity=38 evals=2000004
       Livermore-9 run=86 seed=14541 time=19.826s reward=0.993724 train_r2=0.999960 test_r2=0.999626 complexity=25 evals=2000000
      Livermore-22 run=89 seed=1585  time=1.404s reward=1.000000 train_r2=1.000000 test_r2=1.000000 complexity=6 evals=195556
       Livermore-2 run=90 seed=3943  time=1.015s reward=1.000000 train_r2=1.000000 test_r2=1.000000 complexity=9 evals=129804
       Livermore-3 run=90 seed=3943  time=0.440s reward=1.000000 train_r2=1.000000 test_r2=1.000000 complexity=11 evals=63764
      Livermore-17 run=86 seed=14541 time=19.643s reward=0.996639 train_r2=0.999989 test_r2=0.999984 complexity=13 evals=2000003
       Livermore-7 run=87 seed=3152  time=17.214s reward=0.999984 train_r2=1.000000 test_r2=1.000000 complexity=23 evals=2000003
       Livermore-4 run=90 seed=3943  time=0.462s reward=1.000000 train_r2=1.000000 test_r2=1.000000 complexity=12 evals=67362
       Livermore-8 run=87 seed=3152  time=17.833s reward=0.999946 train_r2=1.000000 test_r2=1.000000 complexity=14 evals=2000001
      Livermore-18 run=89 seed=1585  time=5.178s reward=0.999999 train_r2=1.000000 test_r2=1.000000 complexity=9 evals=589656
       Livermore-5 run=90 seed=3943  time=1.369s reward=1.000000 train_r2=1.000000 test_r2=1.000000 complexity=15 evals=184720
      Livermore-11 run=90 seed=3943  time=0.089s reward=0.999999 train_r2=1.000000 test_r2=1.000000 complexity=12 evals=14534
       Livermore-9 run=87 seed=3152  time=18.116s reward=0.995824 train_r2=0.999982 test_r2=0.999894 complexity=37 evals=2000001
      Livermore-12 run=90 seed=3943  time=0.323s reward=1.000000 train_r2=1.000000 test_r2=1.000000 complexity=7 evals=44404
      Livermore-13 run=90 seed=3943  time=0.399s reward=1.000000 train_r2=1.000000 test_r2=1.000000 complexity=3 evals=63860
      Livermore-18 run=86 seed=14541 time=21.474s reward=0.974316 train_r2=0.999305 test_r2=0.999308 complexity=35 evals=2000004
       Livermore-1 run=90 seed=3943  time=3.516s reward=1.000000 train_r2=1.000000 test_r2=1.000000 complexity=7 evals=82429
      Livermore-15 run=90 seed=3943  time=0.420s reward=1.000000 train_r2=1.000000 test_r2=1.000000 complexity=3 evals=67945
      Livermore-16 run=90 seed=3943  time=0.484s reward=1.000000 train_r2=1.000000 test_r2=1.000000 complexity=5 evals=77805
       Livermore-8 run=90 seed=3943  time=2.363s reward=1.000000 train_r2=1.000000 test_r2=1.000000 complexity=2 evals=284133
      Livermore-20 run=90 seed=3943  time=0.028s reward=1.000000 train_r2=1.000000 test_r2=1.000000 complexity=6 evals=5135
       Livermore-7 run=89 seed=1585  time=9.677s reward=1.000000 train_r2=1.000000 test_r2=1.000000 complexity=2 evals=1075524
      Livermore-19 run=90 seed=3943  time=0.485s reward=1.000000 train_r2=1.000000 test_r2=1.000000 complexity=10 evals=74657
      Livermore-22 run=90 seed=3943  time=0.603s reward=1.000000 train_r2=1.000000 test_r2=1.000000 complexity=6 evals=89896
       Livermore-6 run=87 seed=3152  time=20.868s reward=0.983679 train_r2=0.999724 test_r2=0.999883 complexity=26 evals=2000000
      Livermore-13 run=88 seed=26531 time=14.588s reward=1.000000 train_r2=1.000000 test_r2=1.000000 complexity=3 evals=1815953
       Livermore-4 run=91 seed=23939 time=0.242s reward=1.000000 train_r2=1.000000 test_r2=1.000000 complexity=13 evals=40197
      Livermore-11 run=87 seed=3152  time=20.248s reward=0.999997 train_r2=1.000000 test_r2=1.000000 complexity=12 evals=2000001
      Livermore-10 run=87 seed=3152  time=20.565s reward=0.989557 train_r2=0.999889 test_r2=0.999414 complexity=28 evals=2000004
      Livermore-18 run=90 seed=3943  time=2.318s reward=0.999999 train_r2=1.000000 test_r2=1.000000 complexity=9 evals=289498
       Livermore-5 run=91 seed=23939 time=0.643s reward=1.000000 train_r2=1.000000 test_r2=1.000000 complexity=14 evals=98014
       Livermore-3 run=91 seed=23939 time=1.134s reward=1.000000 train_r2=1.000000 test_r2=1.000000 complexity=11 evals=147745
       Livermore-7 run=88 seed=26531 time=17.438s reward=0.999884 train_r2=1.000000 test_r2=1.000000 complexity=30 evals=2000002
       Livermore-8 run=91 seed=23939 time=0.600s reward=1.000000 train_r2=1.000000 test_r2=1.000000 complexity=2 evals=95227
      Livermore-11 run=91 seed=23939 time=0.232s reward=1.000000 train_r2=1.000000 test_r2=1.000000 complexity=12 evals=39145
      Livermore-13 run=91 seed=23939 time=0.140s reward=1.000000 train_r2=1.000000 test_r2=1.000000 complexity=3 evals=25200
      Livermore-14 run=90 seed=3943  time=3.873s reward=1.000000 train_r2=1.000000 test_r2=1.000000 complexity=14 evals=458725
      Livermore-12 run=91 seed=23939 time=0.522s reward=1.000000 train_r2=1.000000 test_r2=1.000000 complexity=7 evals=75415
       Livermore-1 run=91 seed=23939 time=2.960s reward=1.000000 train_r2=1.000000 test_r2=1.000000 complexity=7 evals=70362
      Livermore-15 run=91 seed=23939 time=0.301s reward=1.000000 train_r2=1.000000 test_r2=1.000000 complexity=3 evals=48578
      Livermore-16 run=91 seed=23939 time=0.276s reward=1.000000 train_r2=1.000000 test_r2=1.000000 complexity=3 evals=49144
      Livermore-19 run=91 seed=23939 time=0.221s reward=1.000000 train_r2=1.000000 test_r2=1.000000 complexity=12 evals=38229
      Livermore-20 run=91 seed=23939 time=0.025s reward=1.000000 train_r2=1.000000 test_r2=1.000000 complexity=6 evals=4910
      Livermore-17 run=91 seed=23939 time=0.693s reward=1.000000 train_r2=1.000000 test_r2=1.000000 complexity=6 evals=104885
       Livermore-9 run=88 seed=26531 time=18.631s reward=0.989456 train_r2=0.999886 test_r2=0.999892 complexity=28 evals=2000004
       Livermore-8 run=88 seed=26531 time=19.252s reward=0.999926 train_r2=1.000000 test_r2=1.000000 complexity=14 evals=2000006
      Livermore-10 run=88 seed=26531 time=19.278s reward=0.996079 train_r2=0.999985 test_r2=0.999991 complexity=15 evals=2000002
      Livermore-14 run=91 seed=23939 time=1.795s reward=1.000000 train_r2=1.000000 test_r2=1.000000 complexity=14 evals=249172
       Livermore-4 run=92 seed=19457 time=0.141s reward=1.000000 train_r2=1.000000 test_r2=1.000000 complexity=11 evals=25317
      Livermore-18 run=87 seed=3152  time=21.812s reward=0.991965 train_r2=0.999934 test_r2=0.999938 complexity=29 evals=2000005
      Livermore-14 run=89 seed=1585  time=13.030s reward=1.000000 train_r2=1.000000 test_r2=1.000000 complexity=14 evals=1373425
       Livermore-1 run=92 seed=19457 time=0.874s reward=1.000000 train_r2=1.000000 test_r2=1.000000 complexity=7 evals=21194
      Livermore-22 run=91 seed=23939 time=1.121s reward=1.000000 train_r2=1.000000 test_r2=1.000000 complexity=6 evals=164586
       Livermore-6 run=88 seed=26531 time=20.939s reward=0.993112 train_r2=0.999952 test_r2=0.999987 complexity=24 evals=2000002
       Livermore-5 run=92 seed=19457 time=0.890s reward=1.000000 train_r2=1.000000 test_r2=1.000000 complexity=14 evals=131319
      Livermore-10 run=89 seed=1585  time=15.074s reward=1.000000 train_r2=1.000000 test_r2=1.000000 complexity=6 evals=1505544
      Livermore-21 run=91 seed=23939 time=2.392s reward=1.000000 train_r2=1.000000 test_r2=1.000000 complexity=19 evals=321041
      Livermore-12 run=92 seed=19457 time=0.438s reward=1.000000 train_r2=1.000000 test_r2=1.000000 complexity=7 evals=61172
      Livermore-13 run=92 seed=19457 time=0.250s reward=1.000000 train_r2=1.000000 test_r2=1.000000 complexity=3 evals=44526
      Livermore-18 run=91 seed=23939 time=3.148s reward=0.999999 train_r2=1.000000 test_r2=1.000000 complexity=9 evals=346387
       Livermore-3 run=92 seed=19457 time=1.753s reward=1.000000 train_r2=1.000000 test_r2=1.000000 complexity=11 evals=213262
      Livermore-15 run=92 seed=19457 time=0.359s reward=1.000000 train_r2=1.000000 test_r2=1.000000 complexity=3 evals=59886
      Livermore-18 run=88 seed=26531 time=17.716s reward=0.999999 train_r2=1.000000 test_r2=1.000000 complexity=9 evals=1658045
      Livermore-19 run=92 seed=19457 time=0.041s reward=1.000000 train_r2=1.000000 test_r2=1.000000 complexity=10 evals=7497
      Livermore-20 run=92 seed=19457 time=0.023s reward=1.000000 train_r2=1.000000 test_r2=1.000000 complexity=6 evals=4581
      Livermore-11 run=92 seed=19457 time=1.098s reward=1.000000 train_r2=1.000000 test_r2=1.000000 complexity=12 evals=155319
      Livermore-17 run=90 seed=3943  time=7.593s reward=1.000000 train_r2=1.000000 test_r2=1.000000 complexity=6 evals=834414
       Livermore-2 run=91 seed=23939 time=6.737s reward=1.000000 train_r2=1.000000 test_r2=1.000000 complexity=9 evals=708449
      Livermore-10 run=91 seed=23939 time=5.444s reward=1.000000 train_r2=1.000000 test_r2=1.000000 complexity=6 evals=603606
       Livermore-2 run=93 seed=1021  time=0.813s reward=1.000000 train_r2=1.000000 test_r2=1.000000 complexity=9 evals=108588
       Livermore-6 run=92 seed=19457 time=3.316s reward=1.000000 train_r2=1.000000 test_r2=1.000000 complexity=17 evals=370805
       Livermore-3 run=93 seed=1021  time=0.594s reward=1.000000 train_r2=1.000000 test_r2=1.000000 complexity=11 evals=82842
       Livermore-4 run=93 seed=1021  time=0.193s reward=1.000000 train_r2=1.000000 test_r2=1.000000 complexity=13 evals=31784
      Livermore-16 run=92 seed=19457 time=2.453s reward=1.000000 train_r2=1.000000 test_r2=1.000000 complexity=3 evals=322490
       Livermore-8 run=89 seed=1585  time=18.827s reward=0.999973 train_r2=1.000000 test_r2=1.000000 complexity=14 evals=2000005
      Livermore-21 run=88 seed=26531 time=19.780s reward=0.990553 train_r2=0.999909 test_r2=0.999849 complexity=26 evals=2000002
      Livermore-11 run=89 seed=1585  time=18.422s reward=0.999991 train_r2=1.000000 test_r2=1.000000 complexity=12 evals=2000004
      Livermore-10 run=92 seed=19457 time=3.590s reward=1.000000 train_r2=1.000000 test_r2=1.000000 complexity=6 evals=418423
      Livermore-11 run=93 seed=1021  time=0.087s reward=0.999999 train_r2=1.000000 test_r2=1.000000 complexity=12 evals=15963
       Livermore-1 run=93 seed=1021  time=2.451s reward=1.000000 train_r2=1.000000 test_r2=1.000000 complexity=7 evals=58560
      Livermore-13 run=93 seed=1021  time=0.128s reward=1.000000 train_r2=1.000000 test_r2=1.000000 complexity=3 evals=21863
      Livermore-12 run=88 seed=26531 time=22.833s reward=0.906113 train_r2=0.989264 test_r2=0.100716 complexity=58 evals=2000002
      Livermore-15 run=93 seed=1021  time=0.208s reward=1.000000 train_r2=1.000000 test_r2=1.000000 complexity=3 evals=36918
       Livermore-6 run=89 seed=1585  time=19.683s reward=0.994958 train_r2=0.999974 test_r2=0.966377 complexity=30 evals=2000007
      Livermore-12 run=93 seed=1021  time=0.765s reward=1.000000 train_r2=1.000000 test_r2=1.000000 complexity=7 evals=103724
       Livermore-9 run=89 seed=1585  time=19.691s reward=0.997964 train_r2=0.999996 test_r2=0.999934 complexity=26 evals=2000004
      Livermore-20 run=93 seed=1021  time=0.027s reward=1.000000 train_r2=1.000000 test_r2=1.000000 complexity=6 evals=5281
      Livermore-19 run=93 seed=1021  time=0.251s reward=1.000000 train_r2=1.000000 test_r2=1.000000 complexity=10 evals=39765
      Livermore-16 run=89 seed=1585  time=17.579s reward=0.994081 train_r2=0.999965 test_r2=nan complexity=19 evals=2000001
      Livermore-22 run=93 seed=1021  time=0.245s reward=1.000000 train_r2=1.000000 test_r2=1.000000 complexity=6 evals=41841
      Livermore-14 run=93 seed=1021  time=2.025s reward=1.000000 train_r2=1.000000 test_r2=1.000000 complexity=14 evals=254526
       Livermore-3 run=94 seed=11653 time=0.298s reward=1.000000 train_r2=1.000000 test_r2=1.000000 complexity=11 evals=45729
       Livermore-4 run=94 seed=11653 time=0.015s reward=1.000000 train_r2=1.000000 test_r2=1.000000 complexity=11 evals=2682
      Livermore-16 run=93 seed=1021  time=2.613s reward=1.000000 train_r2=1.000000 test_r2=1.000000 complexity=3 evals=336966
      Livermore-17 run=89 seed=1585  time=20.508s reward=0.996300 train_r2=0.999986 test_r2=0.999988 complexity=13 evals=2000006
       Livermore-5 run=93 seed=1021  time=5.482s reward=1.000000 train_r2=1.000000 test_r2=1.000000 complexity=14 evals=638346
       Livermore-6 run=94 seed=11653 time=1.980s reward=1.000000 train_r2=1.000000 test_r2=1.000000 complexity=18 evals=234026
      Livermore-21 run=93 seed=1021  time=3.774s reward=1.000000 train_r2=1.000000 test_r2=1.000000 complexity=16 evals=468076
      Livermore-21 run=89 seed=1585  time=19.628s reward=0.997660 train_r2=0.999994 test_r2=0.983707 complexity=19 evals=2000006
       Livermore-1 run=94 seed=11653 time=4.020s reward=1.000000 train_r2=1.000000 test_r2=1.000000 complexity=7 evals=94743
      Livermore-11 run=94 seed=11653 time=0.078s reward=1.000000 train_r2=1.000000 test_r2=1.000000 complexity=12 evals=12586
       Livermore-7 run=90 seed=3943  time=17.387s reward=0.999906 train_r2=1.000000 test_r2=1.000000 complexity=8 evals=2000002
      Livermore-12 run=94 seed=11653 time=0.515s reward=1.000000 train_r2=1.000000 test_r2=0.999999 complexity=13 evals=69066
      Livermore-10 run=90 seed=3943  time=17.020s reward=0.989389 train_r2=0.999885 test_r2=0.999877 complexity=16 evals=2000002
      Livermore-15 run=94 seed=11653 time=0.329s reward=1.000000 train_r2=1.000000 test_r2=1.000000 complexity=3 evals=49851
      Livermore-22 run=92 seed=19457 time=8.678s reward=1.000000 train_r2=1.000000 test_r2=1.000000 complexity=6 evals=1105089
      Livermore-16 run=94 seed=11653 time=1.321s reward=1.000000 train_r2=1.000000 test_r2=1.000000 complexity=3 evals=208591
       Livermore-6 run=90 seed=3943  time=19.353s reward=0.988895 train_r2=0.999874 test_r2=0.993716 complexity=23 evals=2000000
      Livermore-20 run=94 seed=11653 time=0.007s reward=1.000000 train_r2=1.000000 test_r2=1.000000 complexity=6 evals=1313
      Livermore-19 run=94 seed=11653 time=0.133s reward=1.000000 train_r2=1.000000 test_r2=1.000000 complexity=10 evals=23559
       Livermore-9 run=90 seed=3943  time=18.732s reward=0.992018 train_r2=0.999935 test_r2=0.998547 complexity=32 evals=2000000
       Livermore-2 run=94 seed=11653 time=6.400s reward=1.000000 train_r2=1.000000 test_r2=1.000000 complexity=9 evals=688423
      Livermore-22 run=94 seed=11653 time=0.621s reward=1.000000 train_r2=1.000000 test_r2=1.000000 complexity=6 evals=101441
       Livermore-3 run=95 seed=10805 time=0.623s reward=1.000000 train_r2=1.000000 test_r2=1.000000 complexity=11 evals=93411
       Livermore-4 run=95 seed=10805 time=0.182s reward=1.000000 train_r2=1.000000 test_r2=1.000000 complexity=11 evals=31694
       Livermore-2 run=92 seed=19457 time=13.925s reward=1.000000 train_r2=1.000000 test_r2=1.000000 complexity=9 evals=1359310
       Livermore-2 run=95 seed=10805 time=1.165s reward=1.000000 train_r2=1.000000 test_r2=1.000000 complexity=9 evals=145180
       Livermore-1 run=95 seed=10805 time=1.919s reward=1.000000 train_r2=1.000000 test_r2=1.000000 complexity=7 evals=47515
       Livermore-5 run=95 seed=10805 time=0.649s reward=1.000000 train_r2=1.000000 test_r2=1.000000 complexity=14 evals=103285
      Livermore-21 run=90 seed=3943  time=19.400s reward=0.994819 train_r2=0.999973 test_r2=0.997516 complexity=15 evals=2000003
       Livermore-9 run=91 seed=23939 time=18.069s reward=0.991833 train_r2=0.999932 test_r2=0.999872 complexity=26 evals=2000003
       Livermore-7 run=91 seed=23939 time=18.402s reward=0.999796 train_r2=1.000000 test_r2=1.000000 complexity=22 evals=2000001
      Livermore-11 run=95 seed=10805 time=0.263s reward=0.999999 train_r2=1.000000 test_r2=1.000000 complexity=12 evals=42402
       Livermore-8 run=92 seed=19457 time=16.320s reward=0.999956 train_r2=1.000000 test_r2=1.000000 complexity=14 evals=2000000
      Livermore-13 run=95 seed=10805 time=1.274s reward=1.000000 train_r2=1.000000 test_r2=1.000000 complexity=3 evals=189308
      Livermore-15 run=95 seed=10805 time=0.240s reward=1.000000 train_r2=1.000000 test_r2=1.000000 complexity=3 evals=41621
      Livermore-10 run=93 seed=1021  time=13.289s reward=1.000000 train_r2=1.000000 test_r2=1.000000 complexity=6 evals=1429727
      Livermore-14 run=95 seed=10805 time=1.280s reward=1.000000 train_r2=1.000000 test_r2=1.000000 complexity=14 evals=183293
      Livermore-14 run=92 seed=19457 time=16.502s reward=1.000000 train_r2=1.000000 test_r2=1.000000 complexity=14 evals=1864572
       Livermore-6 run=91 seed=23939 time=21.061s reward=0.992562 train_r2=0.999944 test_r2=0.999936 complexity=32 evals=2000002
      Livermore-16 run=95 seed=10805 time=0.995s reward=1.000000 train_r2=1.000000 test_r2=1.000000 complexity=3 evals=157107
      Livermore-19 run=95 seed=10805 time=0.186s reward=1.000000 train_r2=1.000000 test_r2=1.000000 complexity=12 evals=31869
      Livermore-20 run=95 seed=10805 time=0.054s reward=1.000000 train_r2=1.000000 test_r2=1.000000 complexity=6 evals=9691
      Livermore-22 run=95 seed=10805 time=0.295s reward=1.000000 train_r2=1.000000 test_r2=1.000000 complexity=6 evals=51023
       Livermore-7 run=92 seed=19457 time=18.714s reward=0.999864 train_r2=1.000000 test_r2=1.000000 complexity=8 evals=2000001
       Livermore-9 run=92 seed=19457 time=19.465s reward=0.989305 train_r2=0.999883 test_r2=0.999796 complexity=33 evals=2000002
       Livermore-3 run=96 seed=13417 time=1.002s reward=1.000000 train_r2=1.000000 test_r2=1.000000 complexity=11 evals=132191
       Livermore-4 run=96 seed=13417 time=0.199s reward=1.000000 train_r2=1.000000 test_r2=1.000000 complexity=11 evals=32260
      Livermore-13 run=94 seed=11653 time=10.612s reward=1.000000 train_r2=1.000000 test_r2=1.000000 complexity=3 evals=1164736
      Livermore-10 run=94 seed=11653 time=12.130s reward=1.000000 train_r2=1.000000 test_r2=1.000000 complexity=6 evals=1382678
      Livermore-18 run=92 seed=19457 time=19.839s reward=0.948478 train_r2=0.997049 test_r2=0.996464 complexity=17 evals=2000007
      Livermore-21 run=92 seed=19457 time=19.959s reward=0.994937 train_r2=0.999974 test_r2=0.998299 complexity=17 evals=2000003
      Livermore-17 run=92 seed=19457 time=20.477s reward=0.999803 train_r2=1.000000 test_r2=1.000000 complexity=19 evals=2000000
      Livermore-10 run=95 seed=10805 time=7.802s reward=1.000000 train_r2=1.000000 test_r2=1.000000 complexity=6 evals=863940
       Livermore-7 run=93 seed=1021  time=18.854s reward=0.999827 train_r2=1.000000 test_r2=1.000000 complexity=22 evals=2000003
       Livermore-5 run=96 seed=13417 time=2.725s reward=1.000000 train_r2=1.000000 test_r2=1.000000 complexity=14 evals=322507
      Livermore-11 run=96 seed=13417 time=0.406s reward=1.000000 train_r2=1.000000 test_r2=1.000000 complexity=12 evals=60026
      Livermore-12 run=96 seed=13417 time=0.334s reward=1.000000 train_r2=1.000000 test_r2=1.000000 complexity=7 evals=46681
       Livermore-1 run=96 seed=13417 time=4.540s reward=1.000000 train_r2=1.000000 test_r2=1.000000 complexity=7 evals=107991
      Livermore-13 run=96 seed=13417 time=0.228s reward=1.000000 train_r2=1.000000 test_r2=1.000000 complexity=3 evals=37714
      Livermore-15 run=96 seed=13417 time=0.367s reward=1.000000 train_r2=1.000000 test_r2=1.000000 complexity=3 evals=53901
       Livermore-8 run=93 seed=1021  time=19.037s reward=0.999942 train_r2=1.000000 test_r2=1.000000 complexity=14 evals=2000000
      Livermore-19 run=96 seed=13417 time=0.114s reward=1.000000 train_r2=1.000000 test_r2=1.000000 complexity=12 evals=19456
      Livermore-12 run=95 seed=10805 time=7.673s reward=1.000000 train_r2=1.000000 test_r2=1.000000 complexity=7 evals=793185
      Livermore-20 run=96 seed=13417 time=0.038s reward=1.000000 train_r2=1.000000 test_r2=1.000000 complexity=6 evals=6854
       Livermore-6 run=93 seed=1021  time=19.665s reward=0.997385 train_r2=0.999993 test_r2=0.999972 complexity=21 evals=2000002
       Livermore-5 run=94 seed=11653 time=16.283s reward=1.000000 train_r2=1.000000 test_r2=1.000000 complexity=14 evals=1751452
      Livermore-14 run=96 seed=13417 time=0.986s reward=1.000000 train_r2=1.000000 test_r2=1.000000 complexity=14 evals=131008
       Livermore-4 run=97 seed=20227 time=0.166s reward=1.000000 train_r2=1.000000 test_r2=1.000000 complexity=11 evals=26413
       Livermore-2 run=97 seed=20227 time=0.859s reward=1.000000 train_r2=1.000000 test_r2=1.000000 complexity=9 evals=110637
       Livermore-3 run=97 seed=20227 time=0.846s reward=1.000000 train_r2=1.000000 test_r2=1.000000 complexity=11 evals=116562
      Livermore-17 run=93 seed=1021  time=19.178s reward=0.993624 train_r2=0.999959 test_r2=0.999912 complexity=27 evals=2000002
       Livermore-9 run=93 seed=1021  time=19.993s reward=0.995949 train_r2=0.999983 test_r2=0.999972 complexity=28 evals=2000003
       Livermore-5 run=97 seed=20227 time=2.320s reward=1.000000 train_r2=1.000000 test_r2=1.000000 complexity=14 evals=309628
       Livermore-6 run=96 seed=13417 time=6.997s reward=1.000000 train_r2=1.000000 test_r2=1.000000 complexity=17 evals=750433
       Livermore-7 run=94 seed=11653 time=18.604s reward=0.999871 train_r2=1.000000 test_r2=1.000000 complexity=8 evals=2000000
       Livermore-8 run=94 seed=11653 time=18.404s reward=0.999950 train_r2=1.000000 test_r2=1.000000 complexity=14 evals=2000002
      Livermore-11 run=97 seed=20227 time=0.362s reward=1.000000 train_r2=1.000000 test_r2=1.000000 complexity=12 evals=53806
      Livermore-18 run=93 seed=1021  time=22.107s reward=0.925633 train_r2=0.993545 test_r2=0.994984 complexity=32 evals=2000004
      Livermore-15 run=97 seed=20227 time=0.165s reward=1.000000 train_r2=1.000000 test_r2=1.000000 complexity=3 evals=26952
      Livermore-14 run=94 seed=11653 time=17.709s reward=0.999918 train_r2=1.000000 test_r2=1.000000 complexity=22 evals=2000000
      Livermore-14 run=97 seed=20227 time=0.506s reward=1.000000 train_r2=1.000000 test_r2=1.000000 complexity=14 evals=74386
      Livermore-22 run=96 seed=13417 time=4.889s reward=1.000000 train_r2=1.000000 test_r2=1.000000 complexity=6 evals=589065
       Livermore-1 run=97 seed=20227 time=4.876s reward=1.000000 train_r2=1.000000 test_r2=1.000000 complexity=7 evals=113937
      Livermore-20 run=97 seed=20227 time=0.026s reward=1.000000 train_r2=1.000000 test_r2=1.000000 complexity=6 evals=4702
      Livermore-12 run=97 seed=20227 time=0.916s reward=1.000000 train_r2=1.000000 test_r2=1.000000 complexity=7 evals=119599
      Livermore-17 run=97 seed=20227 time=0.637s reward=1.000000 train_r2=1.000000 test_r2=1.000000 complexity=6 evals=100507
      Livermore-22 run=97 seed=20227 time=0.230s reward=1.000000 train_r2=1.000000 test_r2=1.000000 complexity=6 evals=35936
      Livermore-19 run=97 seed=20227 time=0.616s reward=1.000000 train_r2=1.000000 test_r2=1.000000 complexity=12 evals=85981
       Livermore-9 run=94 seed=11653 time=20.201s reward=0.993057 train_r2=0.999951 test_r2=0.999961 complexity=24 evals=2000001
       Livermore-4 run=98 seed=7989  time=0.206s reward=1.000000 train_r2=1.000000 test_r2=1.000000 complexity=11 evals=32089
      Livermore-17 run=94 seed=11653 time=19.819s reward=0.995508 train_r2=0.999980 test_r2=0.999977 complexity=13 evals=2000002
       Livermore-5 run=98 seed=7989  time=0.684s reward=1.000000 train_r2=1.000000 test_r2=1.000000 complexity=14 evals=95840
      Livermore-21 run=94 seed=11653 time=19.093s reward=0.992376 train_r2=0.999941 test_r2=0.999470 complexity=17 evals=2000000
       Livermore-2 run=96 seed=13417 time=12.584s reward=1.000000 train_r2=1.000000 test_r2=1.000000 complexity=9 evals=1370119
      Livermore-18 run=94 seed=11653 time=20.382s reward=0.925170 train_r2=0.993458 test_r2=0.994639 complexity=18 evals=2000004
       Livermore-1 run=98 seed=7989  time=3.096s reward=1.000000 train_r2=1.000000 test_r2=1.000000 complexity=7 evals=75366
       Livermore-8 run=95 seed=10805 time=17.606s reward=0.999946 train_r2=1.000000 test_r2=1.000000 complexity=14 evals=2000003
      Livermore-11 run=98 seed=7989  time=0.229s reward=0.999999 train_r2=1.000000 test_r2=1.000000 complexity=12 evals=38186
       Livermore-3 run=98 seed=7989  time=3.092s reward=1.000000 train_r2=1.000000 test_r2=1.000000 complexity=11 evals=338010
      Livermore-16 run=97 seed=20227 time=4.199s reward=1.000000 train_r2=1.000000 test_r2=1.000000 complexity=3 evals=545083
       Livermore-9 run=95 seed=10805 time=17.957s reward=0.995016 train_r2=0.999975 test_r2=0.987478 complexity=21 evals=2000001
      Livermore-15 run=98 seed=7989  time=0.315s reward=1.000000 train_r2=1.000000 test_r2=1.000000 complexity=3 evals=48861
      Livermore-21 run=97 seed=20227 time=4.131s reward=1.000000 train_r2=1.000000 test_r2=1.000000 complexity=17 evals=473446
      Livermore-16 run=98 seed=7989  time=0.362s reward=1.000000 train_r2=1.000000 test_r2=1.000000 complexity=3 evals=64474
       Livermore-7 run=95 seed=10805 time=18.898s reward=0.999750 train_r2=1.000000 test_r2=1.000000 complexity=31 evals=2000004
      Livermore-20 run=98 seed=7989  time=0.016s reward=1.000000 train_r2=1.000000 test_r2=1.000000 complexity=6 evals=3250
      Livermore-12 run=98 seed=7989  time=1.016s reward=1.000000 train_r2=1.000000 test_r2=1.000000 complexity=7 evals=137309
      Livermore-19 run=98 seed=7989  time=0.706s reward=1.000000 train_r2=1.000000 test_r2=1.000000 complexity=12 evals=109428
      Livermore-14 run=98 seed=7989  time=1.565s reward=1.000000 train_r2=1.000000 test_r2=1.000000 complexity=14 evals=192284
      Livermore-22 run=98 seed=7989  time=0.778s reward=1.000000 train_r2=1.000000 test_r2=1.000000 complexity=6 evals=118958
       Livermore-6 run=95 seed=10805 time=20.400s reward=0.995215 train_r2=0.999977 test_r2=0.995123 complexity=24 evals=2000000
      Livermore-13 run=97 seed=20227 time=6.608s reward=1.000000 train_r2=1.000000 test_r2=1.000000 complexity=3 evals=783544
       Livermore-3 run=99 seed=9692  time=0.735s reward=1.000000 train_r2=1.000000 test_r2=1.000000 complexity=11 evals=108741
wrote 100 rows to results_seed_bias/livermore/mt19937-srbench/livermore/livermore_003_livermore-3.csv
       Livermore-4 run=99 seed=9692  time=0.427s reward=1.000000 train_r2=1.000000 test_r2=1.000000 complexity=11 evals=63401
wrote 100 rows to results_seed_bias/livermore/mt19937-srbench/livermore/livermore_004_livermore-4.csv
      Livermore-21 run=96 seed=13417 time=11.227s reward=1.000000 train_r2=1.000000 test_r2=1.000000 complexity=16 evals=1159435
      Livermore-21 run=98 seed=7989  time=1.967s reward=1.000000 train_r2=1.000000 test_r2=1.000000 complexity=19 evals=237805
       Livermore-1 run=99 seed=9692  time=1.692s reward=1.000000 train_r2=1.000000 test_r2=1.000000 complexity=7 evals=41511
wrote 100 rows to results_seed_bias/livermore/mt19937-srbench/livermore/livermore_001_livermore-1.csv
       Livermore-5 run=99 seed=9692  time=1.203s reward=1.000000 train_r2=1.000000 test_r2=1.000000 complexity=14 evals=157421
wrote 100 rows to results_seed_bias/livermore/mt19937-srbench/livermore/livermore_005_livermore-5.csv
      Livermore-11 run=99 seed=9692  time=0.312s reward=1.000000 train_r2=1.000000 test_r2=1.000000 complexity=12 evals=46679
wrote 100 rows to results_seed_bias/livermore/mt19937-srbench/livermore/livermore_011_livermore-11.csv
      Livermore-17 run=98 seed=7989  time=3.352s reward=1.000000 train_r2=1.000000 test_r2=1.000000 complexity=6 evals=393800
      Livermore-13 run=99 seed=9692  time=0.085s reward=1.000000 train_r2=1.000000 test_r2=1.000000 complexity=3 evals=15144
      Livermore-13 run=98 seed=7989  time=4.351s reward=1.000000 train_r2=1.000000 test_r2=1.000000 complexity=3 evals=573270
wrote 100 rows to results_seed_bias/livermore/mt19937-srbench/livermore/livermore_013_livermore-13.csv
      Livermore-21 run=95 seed=10805 time=17.946s reward=0.995073 train_r2=0.999975 test_r2=0.967527 complexity=23 evals=2000001
      Livermore-15 run=99 seed=9692  time=0.372s reward=1.000000 train_r2=1.000000 test_r2=1.000000 complexity=3 evals=61086
wrote 100 rows to results_seed_bias/livermore/mt19937-srbench/livermore/livermore_015_livermore-15.csv
      Livermore-16 run=99 seed=9692  time=0.805s reward=1.000000 train_r2=1.000000 test_r2=1.000000 complexity=3 evals=128939
      Livermore-17 run=99 seed=9692  time=1.719s reward=1.000000 train_r2=1.000000 test_r2=1.000000 complexity=6 evals=223166
      Livermore-17 run=95 seed=10805 time=20.575s reward=0.999420 train_r2=1.000000 test_r2=1.000000 complexity=31 evals=2000002
      Livermore-20 run=99 seed=9692  time=0.101s reward=1.000000 train_r2=1.000000 test_r2=1.000000 complexity=6 evals=17829
wrote 100 rows to results_seed_bias/livermore/mt19937-srbench/livermore/livermore_020_livermore-20.csv
       Livermore-2 run=99 seed=9692  time=5.198s reward=1.000000 train_r2=1.000000 test_r2=1.000000 complexity=9 evals=585905
      Livermore-19 run=99 seed=9692  time=0.468s reward=1.000000 train_r2=1.000000 test_r2=1.000000 complexity=10 evals=72877
wrote 100 rows to results_seed_bias/livermore/mt19937-srbench/livermore/livermore_019_livermore-19.csv
      Livermore-18 run=95 seed=10805 time=20.865s reward=0.964334 train_r2=0.998632 test_r2=0.998632 complexity=43 evals=2000001
       Livermore-7 run=96 seed=13417 time=19.021s reward=0.999866 train_r2=1.000000 test_r2=1.000000 complexity=8 evals=2000006
       Livermore-8 run=96 seed=13417 time=18.007s reward=0.999957 train_r2=1.000000 test_r2=1.000000 complexity=14 evals=2000005
      Livermore-12 run=99 seed=9692  time=4.050s reward=1.000000 train_r2=1.000000 test_r2=1.000000 complexity=7 evals=414217
wrote 100 rows to results_seed_bias/livermore/mt19937-srbench/livermore/livermore_012_livermore-12.csv
      Livermore-21 run=99 seed=9692  time=1.360s reward=1.000000 train_r2=1.000000 test_r2=1.000000 complexity=17 evals=173546
wrote 100 rows to results_seed_bias/livermore/mt19937-srbench/livermore/livermore_021_livermore-21.csv
       Livermore-9 run=96 seed=13417 time=18.134s reward=0.990753 train_r2=0.999913 test_r2=0.999595 complexity=30 evals=2000000
      Livermore-16 run=96 seed=13417 time=17.707s reward=0.988067 train_r2=0.999854 test_r2=0.999867 complexity=18 evals=2000004
wrote 100 rows to results_seed_bias/livermore/mt19937-srbench/livermore/livermore_016_livermore-16.csv
      Livermore-14 run=99 seed=9692  time=5.505s reward=1.000000 train_r2=1.000000 test_r2=1.000000 complexity=14 evals=700228
wrote 100 rows to results_seed_bias/livermore/mt19937-srbench/livermore/livermore_014_livermore-14.csv
       Livermore-7 run=99 seed=9692  time=7.034s reward=1.000000 train_r2=1.000000 test_r2=1.000000 complexity=2 evals=795790
       Livermore-8 run=97 seed=20227 time=17.110s reward=0.999950 train_r2=1.000000 test_r2=1.000000 complexity=14 evals=2000002
      Livermore-10 run=96 seed=13417 time=19.986s reward=1.000000 train_r2=1.000000 test_r2=1.000000 complexity=6 evals=1903552
      Livermore-17 run=96 seed=13417 time=19.499s reward=0.997013 train_r2=0.999991 test_r2=0.999975 complexity=33 evals=2000003
wrote 100 rows to results_seed_bias/livermore/mt19937-srbench/livermore/livermore_017_livermore-17.csv
      Livermore-18 run=98 seed=7989  time=10.755s reward=0.999999 train_r2=1.000000 test_r2=1.000000 complexity=9 evals=1124409
       Livermore-7 run=97 seed=20227 time=18.956s reward=0.999816 train_r2=1.000000 test_r2=1.000000 complexity=23 evals=2000003
       Livermore-6 run=97 seed=20227 time=19.209s reward=0.995416 train_r2=0.999979 test_r2=0.999518 complexity=26 evals=2000005
      Livermore-22 run=99 seed=9692  time=4.845s reward=1.000000 train_r2=1.000000 test_r2=1.000000 complexity=6 evals=581472
wrote 100 rows to results_seed_bias/livermore/mt19937-srbench/livermore/livermore_022_livermore-22.csv
       Livermore-9 run=97 seed=20227 time=18.791s reward=0.994855 train_r2=0.999973 test_r2=0.999903 complexity=25 evals=2000001
      Livermore-18 run=96 seed=13417 time=21.448s reward=0.979641 train_r2=0.999568 test_r2=0.999834 complexity=17 evals=2000003
      Livermore-10 run=97 seed=20227 time=18.503s reward=0.988898 train_r2=0.999874 test_r2=0.999911 complexity=16 evals=2000002
      Livermore-10 run=98 seed=7989  time=14.694s reward=0.994063 train_r2=0.999964 test_r2=0.999581 complexity=15 evals=2000005
       Livermore-8 run=98 seed=7989  time=15.376s reward=0.999948 train_r2=1.000000 test_r2=1.000000 complexity=14 evals=2000005
      Livermore-18 run=97 seed=20227 time=18.157s reward=0.979612 train_r2=0.999567 test_r2=0.997486 complexity=60 evals=2000012
       Livermore-2 run=98 seed=7989  time=18.517s reward=0.989411 train_r2=0.999885 test_r2=0.999836 complexity=25 evals=2000004
wrote 100 rows to results_seed_bias/livermore/mt19937-srbench/livermore/livermore_002_livermore-2.csv
       Livermore-7 run=98 seed=7989  time=16.525s reward=0.999834 train_r2=1.000000 test_r2=1.000000 complexity=8 evals=2000002
wrote 100 rows to results_seed_bias/livermore/mt19937-srbench/livermore/livermore_007_livermore-7.csv
       Livermore-6 run=98 seed=7989  time=17.309s reward=0.995751 train_r2=0.999982 test_r2=0.999911 complexity=30 evals=2000000
       Livermore-9 run=98 seed=7989  time=16.785s reward=0.993103 train_r2=0.999952 test_r2=0.999853 complexity=42 evals=2000001
       Livermore-8 run=99 seed=9692  time=13.921s reward=0.999941 train_r2=1.000000 test_r2=1.000000 complexity=14 evals=2000009
wrote 100 rows to results_seed_bias/livermore/mt19937-srbench/livermore/livermore_008_livermore-8.csv
       Livermore-6 run=99 seed=9692  time=15.322s reward=0.996860 train_r2=0.999990 test_r2=0.999984 complexity=38 evals=2000000
wrote 100 rows to results_seed_bias/livermore/mt19937-srbench/livermore/livermore_006_livermore-6.csv
      Livermore-10 run=99 seed=9692  time=14.848s reward=0.993259 train_r2=0.999954 test_r2=0.999953 complexity=39 evals=2000000
wrote 100 rows to results_seed_bias/livermore/mt19937-srbench/livermore/livermore_010_livermore-10.csv
       Livermore-9 run=99 seed=9692  time=15.584s reward=0.990645 train_r2=0.999911 test_r2=0.999495 complexity=30 evals=2000006
wrote 100 rows to results_seed_bias/livermore/mt19937-srbench/livermore/livermore_009_livermore-9.csv
      Livermore-18 run=99 seed=9692  time=14.074s reward=0.951486 train_r2=0.997400 test_r2=0.997135 complexity=26 evals=2000000
wrote 100 rows to results_seed_bias/livermore/mt19937-srbench/livermore/livermore_018_livermore-18.csv
total wall time : 499.3s
