benchmark group : Livermore
cases           : Livermore-1, Livermore-2, Livermore-3, Livermore-4, Livermore-5, Livermore-6, Livermore-7, Livermore-8, Livermore-9, Livermore-10, Livermore-11, Livermore-12, Livermore-13, Livermore-14, Livermore-15, Livermore-16, Livermore-17, Livermore-18, Livermore-19, Livermore-20, Livermore-21, Livermore-22
runs per case   : 100
seed_source     : quantum
ops             : +,-,*,/,sin,cos,exp,log
c               : 6.0
gamma           : 0.5
gp_rate         : 0.5
mutation_rate   : 0.1
exploration_rate: 0.1
sample_multiplier: 2.0
test_ratio      : 0.5
workers         : 32
output          : results_seed_bias/livermore/mt19937-quantum/livermore
      Livermore-20 run=0  seed=723072574 time=0.053s reward=1.000000 train_r2=1.000000 test_r2=1.000000 complexity=6 evals=10016
       Livermore-4 run=0  seed=723072574 time=0.110s reward=1.000000 train_r2=1.000000 test_r2=1.000000 complexity=13 evals=20096
      Livermore-11 run=1  seed=971434279 time=0.166s reward=1.000000 train_r2=1.000000 test_r2=1.000000 complexity=12 evals=26543
      Livermore-13 run=0  seed=723072574 time=0.255s reward=1.000000 train_r2=1.000000 test_r2=1.000000 complexity=3 evals=42939
       Livermore-2 run=1  seed=971434279 time=0.280s reward=1.000000 train_r2=1.000000 test_r2=1.000000 complexity=9 evals=43955
       Livermore-4 run=1  seed=971434279 time=0.323s reward=1.000000 train_r2=1.000000 test_r2=1.000000 complexity=13 evals=48660
      Livermore-11 run=0  seed=723072574 time=0.371s reward=1.000000 train_r2=1.000000 test_r2=1.000000 complexity=12 evals=52489
      Livermore-12 run=0  seed=723072574 time=0.383s reward=1.000000 train_r2=1.000000 test_r2=0.999998 complexity=11 evals=55861
      Livermore-19 run=0  seed=723072574 time=0.405s reward=1.000000 train_r2=1.000000 test_r2=1.000000 complexity=12 evals=57957
      Livermore-13 run=1  seed=971434279 time=0.205s reward=1.000000 train_r2=1.000000 test_r2=1.000000 complexity=3 evals=37049
      Livermore-15 run=0  seed=723072574 time=0.470s reward=1.000000 train_r2=1.000000 test_r2=1.000000 complexity=3 evals=72686
      Livermore-20 run=1  seed=971434279 time=0.045s reward=1.000000 train_r2=1.000000 test_r2=1.000000 complexity=6 evals=8767
       Livermore-3 run=1  seed=971434279 time=0.591s reward=1.000000 train_r2=1.000000 test_r2=1.000000 complexity=11 evals=83181
       Livermore-3 run=0  seed=723072574 time=0.643s reward=1.000000 train_r2=1.000000 test_r2=1.000000 complexity=11 evals=89521
      Livermore-16 run=0  seed=723072574 time=0.729s reward=1.000000 train_r2=1.000000 test_r2=1.000000 complexity=3 evals=108858
      Livermore-19 run=1  seed=971434279 time=0.293s reward=1.000000 train_r2=1.000000 test_r2=1.000000 complexity=10 evals=45677
      Livermore-22 run=0  seed=723072574 time=0.775s reward=1.000000 train_r2=1.000000 test_r2=1.000000 complexity=6 evals=116687
      Livermore-14 run=0  seed=723072574 time=0.801s reward=1.000000 train_r2=1.000000 test_r2=1.000000 complexity=14 evals=114100
      Livermore-15 run=1  seed=971434279 time=0.526s reward=1.000000 train_r2=1.000000 test_r2=1.000000 complexity=3 evals=75547
       Livermore-5 run=1  seed=971434279 time=0.847s reward=1.000000 train_r2=1.000000 test_r2=1.000000 complexity=14 evals=118883
       Livermore-4 run=2  seed=3325160576 time=0.196s reward=1.000000 train_r2=1.000000 test_r2=1.000000 complexity=11 evals=30075
      Livermore-17 run=1  seed=971434279 time=0.771s reward=1.000000 train_r2=1.000000 test_r2=1.000000 complexity=6 evals=110630
      Livermore-10 run=0  seed=723072574 time=1.597s reward=1.000000 train_r2=1.000000 test_r2=1.000000 complexity=6 evals=201880
       Livermore-5 run=0  seed=723072574 time=1.644s reward=1.000000 train_r2=1.000000 test_r2=1.000000 complexity=15 evals=222309
       Livermore-3 run=2  seed=3325160576 time=0.918s reward=1.000000 train_r2=1.000000 test_r2=1.000000 complexity=11 evals=122155
      Livermore-13 run=2  seed=3325160576 time=0.175s reward=1.000000 train_r2=1.000000 test_r2=1.000000 complexity=3 evals=29994
      Livermore-12 run=2  seed=3325160576 time=0.297s reward=1.000000 train_r2=1.000000 test_r2=1.000000 complexity=7 evals=44297
      Livermore-15 run=2  seed=3325160576 time=0.174s reward=1.000000 train_r2=1.000000 test_r2=1.000000 complexity=3 evals=31004
       Livermore-2 run=2  seed=3325160576 time=1.520s reward=1.000000 train_r2=1.000000 test_r2=1.000000 complexity=9 evals=181875
      Livermore-14 run=2  seed=3325160576 time=0.373s reward=1.000000 train_r2=1.000000 test_r2=1.000000 complexity=14 evals=54873
      Livermore-16 run=2  seed=3325160576 time=0.256s reward=1.000000 train_r2=1.000000 test_r2=1.000000 complexity=3 evals=44764
      Livermore-19 run=2  seed=3325160576 time=0.103s reward=1.000000 train_r2=1.000000 test_r2=1.000000 complexity=12 evals=18996
      Livermore-20 run=2  seed=3325160576 time=0.066s reward=1.000000 train_r2=1.000000 test_r2=1.000000 complexity=6 evals=12293
       Livermore-1 run=1  seed=971434279 time=2.968s reward=1.000000 train_r2=1.000000 test_r2=1.000000 complexity=7 evals=72022
       Livermore-1 run=0  seed=723072574 time=3.108s reward=1.000000 train_r2=1.000000 test_r2=1.000000 complexity=7 evals=73386
      Livermore-22 run=2  seed=3325160576 time=0.480s reward=1.000000 train_r2=1.000000 test_r2=1.000000 complexity=6 evals=74968
       Livermore-8 run=1  seed=971434279 time=4.193s reward=1.000000 train_r2=1.000000 test_r2=1.000000 complexity=2 evals=488819
       Livermore-2 run=3  seed=3163586042 time=0.924s reward=1.000000 train_r2=1.000000 test_r2=1.000000 complexity=9 evals=116612
       Livermore-1 run=3  seed=3163586042 time=1.410s reward=1.000000 train_r2=1.000000 test_r2=1.000000 complexity=7 evals=34053
       Livermore-5 run=2  seed=3325160576 time=3.787s reward=1.000000 train_r2=1.000000 test_r2=1.000000 complexity=15 evals=464247
       Livermore-1 run=2  seed=3325160576 time=4.188s reward=1.000000 train_r2=1.000000 test_r2=1.000000 complexity=7 evals=97336
       Livermore-4 run=3  seed=3163586042 time=0.448s reward=1.000000 train_r2=1.000000 test_r2=1.000000 complexity=13 evals=65748
       Livermore-3 run=3  seed=3163586042 time=0.915s reward=1.000000 train_r2=1.000000 test_r2=1.000000 complexity=11 evals=119277
      Livermore-17 run=2  seed=3325160576 time=3.052s reward=1.000000 train_r2=1.000000 test_r2=1.000000 complexity=6 evals=353103
       Livermore-2 run=0  seed=723072574 time=5.457s reward=1.000000 train_r2=1.000000 test_r2=1.000000 complexity=9 evals=576798
      Livermore-21 run=1  seed=971434279 time=4.978s reward=1.000000 train_r2=1.000000 test_r2=1.000000 complexity=19 evals=555813
      Livermore-12 run=3  seed=3163586042 time=0.066s reward=1.000000 train_r2=1.000000 test_r2=1.000000 complexity=7 evals=10761
      Livermore-13 run=3  seed=3163586042 time=0.297s reward=1.000000 train_r2=1.000000 test_r2=1.000000 complexity=3 evals=48519
      Livermore-12 run=1  seed=971434279 time=5.831s reward=1.000000 train_r2=1.000000 test_r2=1.000000 complexity=7 evals=629463
      Livermore-22 run=1  seed=971434279 time=5.588s reward=1.000000 train_r2=1.000000 test_r2=1.000000 complexity=6 evals=697786
      Livermore-16 run=3  seed=3163586042 time=0.276s reward=1.000000 train_r2=1.000000 test_r2=1.000000 complexity=3 evals=46459
      Livermore-15 run=3  seed=3163586042 time=0.549s reward=1.000000 train_r2=1.000000 test_r2=1.000000 complexity=3 evals=89570
      Livermore-14 run=1  seed=971434279 time=6.268s reward=1.000000 train_r2=1.000000 test_r2=1.000000 complexity=14 evals=667788
      Livermore-19 run=3  seed=3163586042 time=0.094s reward=1.000000 train_r2=1.000000 test_r2=1.000000 complexity=10 evals=15933
      Livermore-21 run=2  seed=3325160576 time=4.049s reward=1.000000 train_r2=1.000000 test_r2=1.000000 complexity=17 evals=473944
      Livermore-20 run=3  seed=3163586042 time=0.069s reward=1.000000 train_r2=1.000000 test_r2=1.000000 complexity=6 evals=12326
      Livermore-17 run=3  seed=3163586042 time=0.577s reward=1.000000 train_r2=1.000000 test_r2=1.000000 complexity=6 evals=93555
      Livermore-22 run=3  seed=3163586042 time=0.753s reward=1.000000 train_r2=1.000000 test_r2=1.000000 complexity=6 evals=107243
      Livermore-14 run=3  seed=3163586042 time=2.234s reward=1.000000 train_r2=1.000000 test_r2=1.000000 complexity=14 evals=274697
       Livermore-2 run=4  seed=1227433701 time=1.122s reward=1.000000 train_r2=1.000000 test_r2=1.000000 complexity=9 evals=142124
       Livermore-4 run=4  seed=1227433701 time=0.265s reward=1.000000 train_r2=1.000000 test_r2=1.000000 complexity=13 evals=38937
       Livermore-3 run=4  seed=1227433701 time=1.094s reward=1.000000 train_r2=1.000000 test_r2=1.000000 complexity=11 evals=146894
       Livermore-1 run=4  seed=1227433701 time=2.690s reward=1.000000 train_r2=1.000000 test_r2=1.000000 complexity=7 evals=65855
      Livermore-16 run=1  seed=971434279 time=10.442s reward=1.000000 train_r2=1.000000 test_r2=1.000000 complexity=3 evals=1235718
       Livermore-8 run=0  seed=723072574 time=12.877s reward=1.000000 train_r2=1.000000 test_r2=1.000000 complexity=2 evals=1555032
       Livermore-5 run=4  seed=1227433701 time=6.164s reward=1.000000 train_r2=1.000000 test_r2=1.000000 complexity=15 evals=701709
      Livermore-17 run=0  seed=723072574 time=15.731s reward=1.000000 train_r2=1.000000 test_r2=1.000000 complexity=6 evals=1658064
      Livermore-11 run=4  seed=1227433701 time=0.181s reward=1.000000 train_r2=1.000000 test_r2=1.000000 complexity=12 evals=27882
       Livermore-5 run=3  seed=3163586042 time=11.429s reward=1.000000 train_r2=1.000000 test_r2=1.000000 complexity=14 evals=1244317
      Livermore-12 run=4  seed=1227433701 time=0.678s reward=1.000000 train_r2=1.000000 test_r2=1.000000 complexity=14 evals=84395
       Livermore-7 run=0  seed=723072574 time=17.977s reward=0.999871 train_r2=1.000000 test_r2=1.000000 complexity=8 evals=2000003
       Livermore-9 run=1  seed=971434279 time=17.891s reward=0.989672 train_r2=0.999891 test_r2=0.999749 complexity=35 evals=2000011
      Livermore-21 run=0  seed=723072574 time=18.471s reward=0.994175 train_r2=0.999966 test_r2=0.999960 complexity=23 evals=2000006
       Livermore-9 run=0  seed=723072574 time=18.986s reward=0.991933 train_r2=0.999934 test_r2=0.999876 complexity=25 evals=2000006
       Livermore-6 run=0  seed=723072574 time=19.000s reward=0.992251 train_r2=0.999939 test_r2=0.999922 complexity=27 evals=2000000
      Livermore-19 run=4  seed=1227433701 time=0.186s reward=1.000000 train_r2=1.000000 test_r2=1.000000 complexity=12 evals=32020
      Livermore-13 run=4  seed=1227433701 time=3.399s reward=1.000000 train_r2=1.000000 test_r2=1.000000 complexity=3 evals=371713
      Livermore-20 run=4  seed=1227433701 time=0.130s reward=1.000000 train_r2=1.000000 test_r2=1.000000 complexity=6 evals=21735
      Livermore-10 run=1  seed=971434279 time=19.404s reward=0.996913 train_r2=0.999990 test_r2=0.999987 complexity=25 evals=2000000
       Livermore-7 run=1  seed=971434279 time=19.280s reward=0.999838 train_r2=1.000000 test_r2=1.000000 complexity=47 evals=2000001
       Livermore-6 run=1  seed=971434279 time=19.656s reward=0.993058 train_r2=0.999951 test_r2=0.999918 complexity=25 evals=2000001
       Livermore-8 run=2  seed=3325160576 time=18.861s reward=0.999932 train_r2=1.000000 test_r2=1.000000 complexity=14 evals=2000001
      Livermore-15 run=4  seed=1227433701 time=1.855s reward=1.000000 train_r2=1.000000 test_r2=1.000000 complexity=3 evals=272368
       Livermore-7 run=2  seed=3325160576 time=18.860s reward=0.999865 train_r2=1.000000 test_r2=1.000000 complexity=30 evals=2000001
       Livermore-3 run=5  seed=2057259013 time=0.117s reward=1.000000 train_r2=1.000000 test_r2=1.000000 complexity=11 evals=19653
      Livermore-22 run=4  seed=1227433701 time=0.475s reward=1.000000 train_r2=1.000000 test_r2=1.000000 complexity=6 evals=75692
       Livermore-5 run=5  seed=2057259013 time=0.356s reward=1.000000 train_r2=1.000000 test_r2=1.000000 complexity=14 evals=60028
       Livermore-4 run=5  seed=2057259013 time=0.389s reward=1.000000 train_r2=1.000000 test_r2=1.000000 complexity=11 evals=56218
       Livermore-1 run=5  seed=2057259013 time=0.735s reward=1.000000 train_r2=1.000000 test_r2=1.000000 complexity=7 evals=18472
      Livermore-17 run=4  seed=1227433701 time=1.740s reward=1.000000 train_r2=1.000000 test_r2=1.000000 complexity=6 evals=240603
      Livermore-16 run=4  seed=1227433701 time=2.743s reward=1.000000 train_r2=1.000000 test_r2=1.000000 complexity=3 evals=396829
      Livermore-11 run=2  seed=3325160576 time=19.180s reward=0.999995 train_r2=1.000000 test_r2=1.000000 complexity=12 evals=2000005
      Livermore-13 run=5  seed=2057259013 time=0.215s reward=1.000000 train_r2=1.000000 test_r2=1.000000 complexity=3 evals=38900
       Livermore-9 run=2  seed=3325160576 time=19.867s reward=0.990737 train_r2=0.999913 test_r2=0.999892 complexity=35 evals=2000003
       Livermore-2 run=5  seed=2057259013 time=1.550s reward=1.000000 train_r2=1.000000 test_r2=1.000000 complexity=9 evals=188199
      Livermore-15 run=5  seed=2057259013 time=0.174s reward=1.000000 train_r2=1.000000 test_r2=1.000000 complexity=3 evals=31126
      Livermore-10 run=5  seed=2057259013 time=0.959s reward=1.000000 train_r2=1.000000 test_r2=1.000000 complexity=6 evals=126629
      Livermore-14 run=5  seed=2057259013 time=0.570s reward=1.000000 train_r2=1.000000 test_r2=1.000000 complexity=14 evals=80789
      Livermore-20 run=5  seed=2057259013 time=0.006s reward=1.000000 train_r2=1.000000 test_r2=1.000000 complexity=6 evals=1044
      Livermore-19 run=5  seed=2057259013 time=0.429s reward=1.000000 train_r2=1.000000 test_r2=1.000000 complexity=10 evals=63610
       Livermore-6 run=2  seed=3325160576 time=20.706s reward=0.992995 train_r2=0.999950 test_r2=0.999972 complexity=28 evals=2000007
      Livermore-18 run=0  seed=723072574 time=21.554s reward=0.946491 train_r2=0.996804 test_r2=0.996923 complexity=32 evals=2000021
      Livermore-22 run=5  seed=2057259013 time=0.282s reward=1.000000 train_r2=1.000000 test_r2=1.000000 complexity=6 evals=45552
      Livermore-18 run=1  seed=971434279 time=21.664s reward=0.999999 train_r2=1.000000 test_r2=1.000000 complexity=9 evals=2000003
      Livermore-17 run=5  seed=2057259013 time=0.988s reward=1.000000 train_r2=1.000000 test_r2=1.000000 complexity=6 evals=131947
      Livermore-12 run=5  seed=2057259013 time=1.931s reward=1.000000 train_r2=1.000000 test_r2=1.000000 complexity=7 evals=253259
       Livermore-3 run=6  seed=3814845113 time=0.288s reward=1.000000 train_r2=1.000000 test_r2=1.000000 complexity=11 evals=42574
       Livermore-2 run=6  seed=3814845113 time=0.827s reward=1.000000 train_r2=1.000000 test_r2=1.000000 complexity=9 evals=108636
       Livermore-4 run=6  seed=3814845113 time=0.541s reward=1.000000 train_r2=1.000000 test_r2=1.000000 complexity=12 evals=81624
      Livermore-10 run=2  seed=3325160576 time=21.431s reward=0.995454 train_r2=0.999979 test_r2=0.999995 complexity=32 evals=2000000
       Livermore-8 run=3  seed=3163586042 time=18.255s reward=0.999945 train_r2=1.000000 test_r2=1.000000 complexity=14 evals=2000001
      Livermore-11 run=6  seed=3814845113 time=0.183s reward=1.000000 train_r2=1.000000 test_r2=1.000000 complexity=12 evals=29011
       Livermore-7 run=3  seed=3163586042 time=18.866s reward=0.999694 train_r2=1.000000 test_r2=1.000000 complexity=19 evals=2000008
       Livermore-5 run=6  seed=3814845113 time=1.666s reward=1.000000 train_r2=1.000000 test_r2=1.000000 complexity=14 evals=208226
      Livermore-13 run=6  seed=3814845113 time=0.241s reward=1.000000 train_r2=1.000000 test_r2=1.000000 complexity=3 evals=40008
      Livermore-12 run=6  seed=3814845113 time=0.637s reward=1.000000 train_r2=1.000000 test_r2=0.999715 complexity=11 evals=86851
      Livermore-16 run=5  seed=2057259013 time=3.138s reward=1.000000 train_r2=1.000000 test_r2=1.000000 complexity=3 evals=393382
      Livermore-15 run=6  seed=3814845113 time=0.379s reward=1.000000 train_r2=1.000000 test_r2=1.000000 complexity=3 evals=58256
      Livermore-16 run=6  seed=3814845113 time=0.406s reward=1.000000 train_r2=1.000000 test_r2=1.000000 complexity=3 evals=63677
      Livermore-14 run=6  seed=3814845113 time=0.780s reward=1.000000 train_r2=1.000000 test_r2=1.000000 complexity=14 evals=105339
      Livermore-20 run=6  seed=3814845113 time=0.028s reward=1.000000 train_r2=1.000000 test_r2=1.000000 complexity=6 evals=5254
      Livermore-19 run=6  seed=3814845113 time=0.352s reward=1.000000 train_r2=1.000000 test_r2=1.000000 complexity=10 evals=53880
      Livermore-11 run=3  seed=3163586042 time=19.567s reward=0.999998 train_r2=1.000000 test_r2=1.000000 complexity=12 evals=2000005
       Livermore-1 run=6  seed=3814845113 time=3.555s reward=1.000000 train_r2=1.000000 test_r2=1.000000 complexity=7 evals=83834
      Livermore-22 run=6  seed=3814845113 time=0.484s reward=1.000000 train_r2=1.000000 test_r2=1.000000 complexity=6 evals=76582
      Livermore-18 run=3  seed=3163586042 time=18.738s reward=0.989243 train_r2=0.999882 test_r2=0.999307 complexity=27 evals=2000005
       Livermore-2 run=7  seed=2770303473 time=0.307s reward=1.000000 train_r2=1.000000 test_r2=1.000000 complexity=9 evals=45292
       Livermore-6 run=3  seed=3163586042 time=20.836s reward=0.990346 train_r2=0.999905 test_r2=0.999664 complexity=34 evals=2000001
      Livermore-21 run=3  seed=3163586042 time=18.949s reward=0.998209 train_r2=0.999997 test_r2=0.999671 complexity=29 evals=2000001
       Livermore-4 run=7  seed=2770303473 time=0.438s reward=1.000000 train_r2=1.000000 test_r2=1.000000 complexity=11 evals=72355
       Livermore-9 run=3  seed=3163586042 time=20.556s reward=0.998346 train_r2=0.999997 test_r2=0.999944 complexity=25 evals=2000004
       Livermore-5 run=7  seed=2770303473 time=0.411s reward=1.000000 train_r2=1.000000 test_r2=1.000000 complexity=14 evals=62819
      Livermore-10 run=6  seed=3814845113 time=3.529s reward=1.000000 train_r2=1.000000 test_r2=1.000000 complexity=6 evals=426593
       Livermore-8 run=4  seed=1227433701 time=15.432s reward=1.000000 train_r2=1.000000 test_r2=1.000000 complexity=2 evals=1649404
      Livermore-18 run=2  seed=3325160576 time=23.951s reward=0.986007 train_r2=0.999799 test_r2=0.999869 complexity=25 evals=2000005
      Livermore-11 run=7  seed=2770303473 time=0.153s reward=0.999999 train_r2=1.000000 test_r2=1.000000 complexity=12 evals=24610
       Livermore-3 run=7  seed=2770303473 time=1.128s reward=1.000000 train_r2=1.000000 test_r2=1.000000 complexity=11 evals=149973
      Livermore-13 run=7  seed=2770303473 time=0.296s reward=1.000000 train_r2=1.000000 test_r2=1.000000 complexity=3 evals=48020
      Livermore-10 run=3  seed=3163586042 time=21.129s reward=0.987124 train_r2=0.999830 test_r2=0.999336 complexity=32 evals=2000003
       Livermore-7 run=5  seed=2057259013 time=7.075s reward=1.000000 train_r2=1.000000 test_r2=1.000000 complexity=2 evals=850941
      Livermore-15 run=7  seed=2770303473 time=0.469s reward=1.000000 train_r2=1.000000 test_r2=1.000000 complexity=3 evals=72418
       Livermore-7 run=4  seed=1227433701 time=17.690s reward=0.999751 train_r2=1.000000 test_r2=1.000000 complexity=23 evals=2000002
      Livermore-17 run=7  seed=2770303473 time=0.834s reward=1.000000 train_r2=1.000000 test_r2=1.000000 complexity=6 evals=114522
      Livermore-20 run=7  seed=2770303473 time=0.016s reward=1.000000 train_r2=1.000000 test_r2=1.000000 complexity=6 evals=2948
      Livermore-22 run=7  seed=2770303473 time=0.247s reward=1.000000 train_r2=1.000000 test_r2=1.000000 complexity=6 evals=42910
      Livermore-16 run=7  seed=2770303473 time=1.261s reward=1.000000 train_r2=1.000000 test_r2=1.000000 complexity=5 evals=185950
      Livermore-19 run=7  seed=2770303473 time=0.893s reward=1.000000 train_r2=1.000000 test_r2=1.000000 complexity=10 evals=123626
       Livermore-1 run=7  seed=2770303473 time=3.050s reward=1.000000 train_r2=1.000000 test_r2=1.000000 complexity=7 evals=72154
      Livermore-12 run=7  seed=2770303473 time=1.885s reward=1.000000 train_r2=1.000000 test_r2=1.000000 complexity=7 evals=225174
       Livermore-4 run=8  seed=3183815639 time=0.096s reward=1.000000 train_r2=1.000000 test_r2=1.000000 complexity=11 evals=16614
       Livermore-3 run=8  seed=3183815639 time=0.466s reward=1.000000 train_r2=1.000000 test_r2=1.000000 complexity=11 evals=68270
       Livermore-5 run=8  seed=3183815639 time=0.476s reward=1.000000 train_r2=1.000000 test_r2=1.000000 complexity=14 evals=70922
       Livermore-2 run=8  seed=3183815639 time=1.314s reward=1.000000 train_r2=1.000000 test_r2=1.000000 complexity=9 evals=154065
       Livermore-6 run=4  seed=1227433701 time=20.678s reward=0.990709 train_r2=0.999912 test_r2=0.999902 complexity=35 evals=2000002
      Livermore-14 run=7  seed=2770303473 time=4.246s reward=1.000000 train_r2=1.000000 test_r2=1.000000 complexity=14 evals=492043
      Livermore-11 run=8  seed=3183815639 time=0.043s reward=1.000000 train_r2=1.000000 test_r2=1.000000 complexity=12 evals=7612
      Livermore-18 run=4  seed=1227433701 time=12.318s reward=0.999999 train_r2=1.000000 test_r2=1.000000 complexity=9 evals=1184177
      Livermore-13 run=8  seed=3183815639 time=0.112s reward=1.000000 train_r2=1.000000 test_r2=1.000000 complexity=3 evals=19635
       Livermore-9 run=4  seed=1227433701 time=18.406s reward=0.987626 train_r2=0.999843 test_r2=0.998433 complexity=47 evals=2000002
      Livermore-15 run=8  seed=3183815639 time=0.461s reward=1.000000 train_r2=1.000000 test_r2=1.000000 complexity=3 evals=74764
      Livermore-14 run=8  seed=3183815639 time=0.820s reward=1.000000 train_r2=1.000000 test_r2=1.000000 complexity=14 evals=112463
       Livermore-1 run=8  seed=3183815639 time=5.054s reward=1.000000 train_r2=1.000000 test_r2=1.000000 complexity=7 evals=114391
      Livermore-16 run=8  seed=3183815639 time=1.214s reward=1.000000 train_r2=1.000000 test_r2=1.000000 complexity=3 evals=186924
      Livermore-19 run=8  seed=3183815639 time=0.457s reward=1.000000 train_r2=1.000000 test_r2=1.000000 complexity=10 evals=71507
      Livermore-20 run=8  seed=3183815639 time=0.027s reward=1.000000 train_r2=1.000000 test_r2=1.000000 complexity=6 evals=5237
       Livermore-6 run=6  seed=3814845113 time=12.445s reward=1.000000 train_r2=1.000000 test_r2=1.000000 complexity=17 evals=1357288
      Livermore-22 run=8  seed=3183815639 time=0.200s reward=1.000000 train_r2=1.000000 test_r2=1.000000 complexity=6 evals=34700
      Livermore-14 run=4  seed=1227433701 time=18.446s reward=1.000000 train_r2=1.000000 test_r2=1.000000 complexity=14 evals=1844923
      Livermore-17 run=8  seed=3183815639 time=2.976s reward=1.000000 train_r2=1.000000 test_r2=1.000000 complexity=6 evals=364598
       Livermore-3 run=9  seed=3828183215 time=0.334s reward=1.000000 train_r2=1.000000 test_r2=1.000000 complexity=11 evals=49974
       Livermore-4 run=9  seed=3828183215 time=0.205s reward=1.000000 train_r2=1.000000 test_r2=1.000000 complexity=11 evals=32109
       Livermore-5 run=9  seed=3828183215 time=0.698s reward=1.000000 train_r2=1.000000 test_r2=1.000000 complexity=14 evals=101004
      Livermore-10 run=4  seed=1227433701 time=21.546s reward=0.991860 train_r2=0.999933 test_r2=0.999883 complexity=48 evals=2000001
       Livermore-8 run=5  seed=2057259013 time=17.197s reward=0.999951 train_r2=1.000000 test_r2=1.000000 complexity=14 evals=2000000
       Livermore-2 run=9  seed=3828183215 time=2.287s reward=1.000000 train_r2=1.000000 test_r2=1.000000 complexity=9 evals=284646
      Livermore-21 run=5  seed=2057259013 time=16.123s reward=1.000000 train_r2=1.000000 test_r2=1.000000 complexity=15 evals=1634661
       Livermore-1 run=9  seed=3828183215 time=3.103s reward=1.000000 train_r2=1.000000 test_r2=1.000000 complexity=7 evals=73940
       Livermore-9 run=5  seed=2057259013 time=18.406s reward=0.992793 train_r2=0.999947 test_r2=0.999986 complexity=25 evals=2000006
      Livermore-12 run=9  seed=3828183215 time=0.448s reward=1.000000 train_r2=1.000000 test_r2=0.999999 complexity=11 evals=67316
      Livermore-13 run=9  seed=3828183215 time=0.123s reward=1.000000 train_r2=1.000000 test_r2=1.000000 complexity=3 evals=22438
      Livermore-11 run=5  seed=2057259013 time=19.821s reward=0.999936 train_r2=1.000000 test_r2=1.000000 complexity=12 evals=2000004
      Livermore-21 run=4  seed=1227433701 time=20.937s reward=0.996867 train_r2=0.999990 test_r2=0.999981 complexity=21 evals=2000003
      Livermore-15 run=9  seed=3828183215 time=0.441s reward=1.000000 train_r2=1.000000 test_r2=1.000000 complexity=3 evals=66150
      Livermore-16 run=9  seed=3828183215 time=0.325s reward=1.000000 train_r2=1.000000 test_r2=1.000000 complexity=3 evals=51935
       Livermore-8 run=6  seed=3814845113 time=18.222s reward=0.999937 train_r2=1.000000 test_r2=1.000000 complexity=14 evals=2000007
       Livermore-9 run=6  seed=3814845113 time=18.108s reward=0.990800 train_r2=0.999914 test_r2=0.999352 complexity=29 evals=2000001
      Livermore-20 run=9  seed=3828183215 time=0.028s reward=1.000000 train_r2=1.000000 test_r2=1.000000 complexity=6 evals=5378
       Livermore-7 run=6  seed=3814845113 time=18.714s reward=0.999985 train_r2=1.000000 test_r2=1.000000 complexity=23 evals=2000003
      Livermore-22 run=9  seed=3828183215 time=0.175s reward=1.000000 train_r2=1.000000 test_r2=1.000000 complexity=6 evals=29238
       Livermore-6 run=5  seed=2057259013 time=21.281s reward=0.994610 train_r2=0.999971 test_r2=0.999979 complexity=23 evals=2000000
      Livermore-19 run=9  seed=3828183215 time=0.420s reward=1.000000 train_r2=1.000000 test_r2=1.000000 complexity=10 evals=62411
       Livermore-3 run=10 seed=2437489881 time=0.139s reward=1.000000 train_r2=1.000000 test_r2=1.000000 complexity=11 evals=22863
      Livermore-18 run=5  seed=2057259013 time=20.341s reward=0.934469 train_r2=0.995082 test_r2=0.996521 complexity=23 evals=2000004
       Livermore-2 run=10 seed=2437489881 time=0.315s reward=1.000000 train_r2=1.000000 test_r2=1.000000 complexity=9 evals=46464
      Livermore-14 run=9  seed=3828183215 time=2.415s reward=1.000000 train_r2=1.000000 test_r2=1.000000 complexity=14 evals=313834
       Livermore-4 run=10 seed=2437489881 time=0.255s reward=1.000000 train_r2=1.000000 test_r2=1.000000 complexity=13 evals=39755
       Livermore-5 run=10 seed=2437489881 time=0.392s reward=1.000000 train_r2=1.000000 test_r2=1.000000 complexity=14 evals=68342
       Livermore-8 run=7  seed=2770303473 time=16.122s reward=0.999942 train_r2=1.000000 test_r2=1.000000 complexity=14 evals=2000001
       Livermore-7 run=7  seed=2770303473 time=17.510s reward=0.999792 train_r2=1.000000 test_r2=0.999992 complexity=37 evals=2000008
      Livermore-17 run=6  seed=3814845113 time=19.345s reward=0.995519 train_r2=0.999980 test_r2=0.999963 complexity=13 evals=2000000
       Livermore-6 run=9  seed=3828183215 time=7.575s reward=1.000000 train_r2=1.000000 test_r2=1.000000 complexity=17 evals=821532
      Livermore-21 run=6  seed=3814845113 time=19.578s reward=0.993547 train_r2=0.999958 test_r2=0.999898 complexity=17 evals=2000001
      Livermore-13 run=10 seed=2437489881 time=0.134s reward=1.000000 train_r2=1.000000 test_r2=1.000000 complexity=3 evals=23919
      Livermore-15 run=10 seed=2437489881 time=0.284s reward=1.000000 train_r2=1.000000 test_r2=1.000000 complexity=3 evals=46652
       Livermore-1 run=10 seed=2437489881 time=3.687s reward=1.000000 train_r2=1.000000 test_r2=1.000000 complexity=7 evals=88875
      Livermore-10 run=7  seed=2770303473 time=19.045s reward=0.975282 train_r2=0.999358 test_r2=0.999306 complexity=24 evals=2000004
      Livermore-12 run=10 seed=2437489881 time=1.584s reward=1.000000 train_r2=1.000000 test_r2=1.000000 complexity=7 evals=191847
      Livermore-16 run=10 seed=2437489881 time=0.616s reward=1.000000 train_r2=1.000000 test_r2=1.000000 complexity=3 evals=97163
      Livermore-20 run=10 seed=2437489881 time=0.024s reward=1.000000 train_r2=1.000000 test_r2=1.000000 complexity=6 evals=4379
      Livermore-19 run=10 seed=2437489881 time=0.405s reward=1.000000 train_r2=1.000000 test_r2=1.000000 complexity=12 evals=60330
       Livermore-9 run=7  seed=2770303473 time=19.457s reward=0.995686 train_r2=0.999981 test_r2=0.952853 complexity=39 evals=2000006
      Livermore-22 run=10 seed=2437489881 time=0.086s reward=1.000000 train_r2=1.000000 test_r2=1.000000 complexity=6 evals=14932
      Livermore-17 run=10 seed=2437489881 time=0.748s reward=1.000000 train_r2=1.000000 test_r2=1.000000 complexity=6 evals=106512
      Livermore-14 run=10 seed=2437489881 time=1.566s reward=1.000000 train_r2=1.000000 test_r2=1.000000 complexity=14 evals=196673
      Livermore-18 run=6  seed=3814845113 time=21.495s reward=0.976736 train_r2=0.999433 test_r2=0.999552 complexity=22 evals=2000006
       Livermore-6 run=7  seed=2770303473 time=20.230s reward=0.992370 train_r2=0.999941 test_r2=0.999869 complexity=30 evals=2000002
       Livermore-4 run=11 seed=2218870180 time=0.314s reward=1.000000 train_r2=1.000000 test_r2=1.000000 complexity=11 evals=47588
       Livermore-3 run=11 seed=2218870180 time=0.756s reward=1.000000 train_r2=1.000000 test_r2=1.000000 complexity=11 evals=101530
      Livermore-18 run=7  seed=2770303473 time=19.374s reward=0.994282 train_r2=0.999967 test_r2=0.999950 complexity=36 evals=2000004
       Livermore-2 run=11 seed=2218870180 time=0.937s reward=1.000000 train_r2=1.000000 test_r2=1.000000 complexity=9 evals=119055
      Livermore-21 run=7  seed=2770303473 time=19.641s reward=0.997786 train_r2=0.999995 test_r2=0.999959 complexity=23 evals=2000003
       Livermore-7 run=8  seed=3183815639 time=19.080s reward=0.999983 train_r2=1.000000 test_r2=1.000000 complexity=23 evals=2000005
       Livermore-8 run=8  seed=3183815639 time=19.064s reward=0.999943 train_r2=1.000000 test_r2=1.000000 complexity=14 evals=2000009
       Livermore-5 run=11 seed=2218870180 time=2.494s reward=1.000000 train_r2=1.000000 test_r2=1.000000 complexity=14 evals=306087
       Livermore-6 run=8  seed=3183815639 time=20.368s reward=1.000000 train_r2=1.000000 test_r2=1.000000 complexity=19 evals=1967648
      Livermore-14 run=11 seed=2218870180 time=0.423s reward=1.000000 train_r2=1.000000 test_r2=1.000000 complexity=14 evals=63466
       Livermore-9 run=8  seed=3183815639 time=19.759s reward=0.988519 train_r2=0.999865 test_r2=0.999818 complexity=33 evals=2000005
      Livermore-15 run=11 seed=2218870180 time=0.787s reward=1.000000 train_r2=1.000000 test_r2=1.000000 complexity=3 evals=112220
      Livermore-10 run=8  seed=3183815639 time=19.359s reward=0.997024 train_r2=0.999991 test_r2=0.999988 complexity=22 evals=2000002
      Livermore-21 run=9  seed=3828183215 time=8.689s reward=1.000000 train_r2=1.000000 test_r2=1.000000 complexity=19 evals=984693
      Livermore-20 run=11 seed=2218870180 time=0.040s reward=1.000000 train_r2=1.000000 test_r2=1.000000 complexity=6 evals=7444
      Livermore-19 run=11 seed=2218870180 time=0.394s reward=1.000000 train_r2=1.000000 test_r2=1.000000 complexity=12 evals=58840
      Livermore-12 run=11 seed=2218870180 time=2.443s reward=1.000000 train_r2=1.000000 test_r2=1.000000 complexity=7 evals=273859
      Livermore-22 run=11 seed=2218870180 time=0.165s reward=1.000000 train_r2=1.000000 test_r2=1.000000 complexity=6 evals=27753
      Livermore-21 run=8  seed=3183815639 time=16.214s reward=1.000000 train_r2=1.000000 test_r2=1.000000 complexity=19 evals=1779571
      Livermore-10 run=10 seed=2437489881 time=8.508s reward=1.000000 train_r2=1.000000 test_r2=1.000000 complexity=6 evals=1033751
      Livermore-12 run=8  seed=3183815639 time=19.427s reward=0.989264 train_r2=0.999882 test_r2=-0.239973 complexity=48 evals=2000000
       Livermore-4 run=12 seed=1677402687 time=0.071s reward=1.000000 train_r2=1.000000 test_r2=1.000000 complexity=11 evals=12541
       Livermore-3 run=12 seed=1677402687 time=0.377s reward=1.000000 train_r2=1.000000 test_r2=1.000000 complexity=11 evals=57371
       Livermore-1 run=12 seed=1677402687 time=0.641s reward=1.000000 train_r2=1.000000 test_r2=1.000000 complexity=7 evals=15727
       Livermore-2 run=12 seed=1677402687 time=2.047s reward=1.000000 train_r2=1.000000 test_r2=1.000000 complexity=9 evals=242299
      Livermore-18 run=8  seed=3183815639 time=20.171s reward=0.992562 train_r2=0.999944 test_r2=0.999927 complexity=28 evals=2000000
       Livermore-1 run=11 seed=2218870180 time=7.527s reward=1.000000 train_r2=1.000000 test_r2=1.000000 complexity=7 evals=169434
      Livermore-11 run=12 seed=1677402687 time=0.480s reward=1.000000 train_r2=1.000000 test_r2=1.000000 complexity=12 evals=65172
      Livermore-12 run=12 seed=1677402687 time=0.067s reward=1.000000 train_r2=1.000000 test_r2=1.000000 complexity=7 evals=10699
      Livermore-13 run=12 seed=1677402687 time=0.395s reward=1.000000 train_r2=1.000000 test_r2=1.000000 complexity=3 evals=60326
       Livermore-8 run=9  seed=3828183215 time=17.675s reward=0.999952 train_r2=1.000000 test_r2=1.000000 complexity=14 evals=2000001
      Livermore-14 run=12 seed=1677402687 time=0.709s reward=1.000000 train_r2=1.000000 test_r2=1.000000 complexity=14 evals=97411
      Livermore-16 run=12 seed=1677402687 time=0.113s reward=1.000000 train_r2=1.000000 test_r2=1.000000 complexity=3 evals=19243
      Livermore-15 run=12 seed=1677402687 time=0.472s reward=1.000000 train_r2=1.000000 test_r2=1.000000 complexity=3 evals=76516
       Livermore-7 run=9  seed=3828183215 time=19.275s reward=0.999911 train_r2=1.000000 test_r2=1.000000 complexity=35 evals=2000004
      Livermore-17 run=12 seed=1677402687 time=1.471s reward=1.000000 train_r2=1.000000 test_r2=1.000000 complexity=6 evals=204527
      Livermore-20 run=12 seed=1677402687 time=0.049s reward=1.000000 train_r2=1.000000 test_r2=1.000000 complexity=6 evals=8339
       Livermore-6 run=12 seed=1677402687 time=6.083s reward=1.000000 train_r2=1.000000 test_r2=1.000000 complexity=17 evals=700704
      Livermore-19 run=12 seed=1677402687 time=0.353s reward=1.000000 train_r2=1.000000 test_r2=1.000000 complexity=10 evals=53423
      Livermore-11 run=9  seed=3828183215 time=18.873s reward=0.999998 train_r2=1.000000 test_r2=1.000000 complexity=12 evals=2000000
       Livermore-9 run=9  seed=3828183215 time=19.611s reward=0.993809 train_r2=0.999961 test_r2=0.999933 complexity=40 evals=2000002
      Livermore-22 run=12 seed=1677402687 time=0.795s reward=1.000000 train_r2=1.000000 test_r2=1.000000 complexity=6 evals=126110
       Livermore-4 run=13 seed=310923819 time=0.237s reward=1.000000 train_r2=1.000000 test_r2=1.000000 complexity=11 evals=40008
      Livermore-10 run=9  seed=3828183215 time=20.388s reward=0.977310 train_r2=0.999461 test_r2=0.999320 complexity=27 evals=2000006
       Livermore-1 run=13 seed=310923819 time=1.504s reward=1.000000 train_r2=1.000000 test_r2=1.000000 complexity=7 evals=36958
       Livermore-3 run=13 seed=310923819 time=1.190s reward=1.000000 train_r2=1.000000 test_r2=1.000000 complexity=11 evals=148143
       Livermore-9 run=10 seed=2437489881 time=17.372s reward=0.989171 train_r2=0.999880 test_r2=0.999983 complexity=18 evals=2000001
      Livermore-18 run=9  seed=3828183215 time=18.801s reward=0.999999 train_r2=1.000000 test_r2=1.000000 complexity=9 evals=1729274
       Livermore-7 run=10 seed=2437489881 time=18.003s reward=0.999864 train_r2=1.000000 test_r2=1.000000 complexity=8 evals=2000000
       Livermore-8 run=10 seed=2437489881 time=17.997s reward=0.999951 train_r2=1.000000 test_r2=1.000000 complexity=14 evals=2000000
      Livermore-11 run=13 seed=310923819 time=0.725s reward=1.000000 train_r2=1.000000 test_r2=1.000000 complexity=12 evals=106037
      Livermore-13 run=13 seed=310923819 time=0.213s reward=1.000000 train_r2=1.000000 test_r2=1.000000 complexity=3 evals=37652
      Livermore-17 run=9  seed=3828183215 time=20.274s reward=0.994275 train_r2=0.999967 test_r2=0.999674 complexity=26 evals=2000006
      Livermore-15 run=13 seed=310923819 time=0.304s reward=1.000000 train_r2=1.000000 test_r2=1.000000 complexity=3 evals=48309
       Livermore-5 run=13 seed=310923819 time=3.596s reward=1.000000 train_r2=1.000000 test_r2=1.000000 complexity=14 evals=481559
      Livermore-16 run=13 seed=310923819 time=0.682s reward=1.000000 train_r2=1.000000 test_r2=1.000000 complexity=3 evals=99699
       Livermore-2 run=13 seed=310923819 time=5.050s reward=1.000000 train_r2=1.000000 test_r2=1.000000 complexity=9 evals=596103
      Livermore-19 run=13 seed=310923819 time=0.055s reward=1.000000 train_r2=1.000000 test_r2=1.000000 complexity=10 evals=10025
      Livermore-20 run=13 seed=310923819 time=0.024s reward=1.000000 train_r2=1.000000 test_r2=1.000000 complexity=6 evals=4772
      Livermore-11 run=10 seed=2437489881 time=18.568s reward=0.999999 train_r2=1.000000 test_r2=1.000000 complexity=12 evals=2000001
      Livermore-17 run=11 seed=2218870180 time=13.022s reward=1.000000 train_r2=1.000000 test_r2=1.000000 complexity=6 evals=1412628
      Livermore-14 run=13 seed=310923819 time=1.583s reward=1.000000 train_r2=1.000000 test_r2=1.000000 complexity=14 evals=217313
       Livermore-6 run=10 seed=2437489881 time=21.443s reward=0.995039 train_r2=0.999975 test_r2=0.999995 complexity=27 evals=2000002
      Livermore-22 run=13 seed=310923819 time=1.164s reward=1.000000 train_r2=1.000000 test_r2=1.000000 complexity=6 evals=181415
       Livermore-4 run=14 seed=1777581980 time=0.405s reward=1.000000 train_r2=1.000000 test_r2=1.000000 complexity=13 evals=64810
       Livermore-3 run=14 seed=1777581980 time=0.829s reward=1.000000 train_r2=1.000000 test_r2=1.000000 complexity=11 evals=110067
      Livermore-18 run=11 seed=2218870180 time=15.191s reward=0.999999 train_r2=1.000000 test_r2=1.000000 complexity=9 evals=1441645
       Livermore-7 run=11 seed=2218870180 time=18.697s reward=0.999790 train_r2=1.000000 test_r2=1.000000 complexity=8 evals=2000006
       Livermore-8 run=11 seed=2218870180 time=18.509s reward=0.999945 train_r2=1.000000 test_r2=1.000000 complexity=14 evals=2000006
      Livermore-21 run=10 seed=2437489881 time=20.070s reward=0.988751 train_r2=0.999871 test_r2=0.999970 complexity=27 evals=2000000
       Livermore-9 run=11 seed=2218870180 time=19.166s reward=0.994324 train_r2=0.999967 test_r2=0.999833 complexity=26 evals=2000003
       Livermore-2 run=14 seed=1777581980 time=3.544s reward=1.000000 train_r2=1.000000 test_r2=1.000000 complexity=9 evals=427865
      Livermore-13 run=11 seed=2218870180 time=18.390s reward=0.968142 train_r2=0.998917 test_r2=0.998951 complexity=20 evals=2000001
      Livermore-11 run=11 seed=2218870180 time=19.177s reward=0.999999 train_r2=1.000000 test_r2=1.000000 complexity=12 evals=2000006
       Livermore-6 run=11 seed=2218870180 time=20.261s reward=0.991977 train_r2=0.999935 test_r2=0.997398 complexity=26 evals=2000004
      Livermore-18 run=10 seed=2437489881 time=21.186s reward=0.962760 train_r2=0.998504 test_r2=0.998804 complexity=32 evals=2000000
      Livermore-13 run=14 seed=1777581980 time=0.344s reward=1.000000 train_r2=1.000000 test_r2=1.000000 complexity=3 evals=56845
      Livermore-15 run=14 seed=1777581980 time=0.340s reward=1.000000 train_r2=1.000000 test_r2=1.000000 complexity=3 evals=50675
       Livermore-5 run=14 seed=1777581980 time=3.099s reward=1.000000 train_r2=1.000000 test_r2=1.000000 complexity=15 evals=422263
      Livermore-10 run=11 seed=2218870180 time=20.513s reward=0.994420 train_r2=0.999969 test_r2=0.999929 complexity=9 evals=2000002
      Livermore-20 run=14 seed=1777581980 time=0.003s reward=1.000000 train_r2=1.000000 test_r2=1.000000 complexity=6 evals=526
      Livermore-19 run=14 seed=1777581980 time=0.335s reward=1.000000 train_r2=1.000000 test_r2=1.000000 complexity=10 evals=54959
      Livermore-16 run=11 seed=2218870180 time=18.357s reward=0.992335 train_r2=0.999940 test_r2=0.999463 complexity=13 evals=2000000
      Livermore-12 run=14 seed=1777581980 time=1.834s reward=0.999999 train_r2=1.000000 test_r2=1.000000 complexity=11 evals=250113
      Livermore-17 run=14 seed=1777581980 time=1.146s reward=1.000000 train_r2=1.000000 test_r2=1.000000 complexity=6 evals=149840
      Livermore-22 run=14 seed=1777581980 time=0.725s reward=1.000000 train_r2=1.000000 test_r2=1.000000 complexity=6 evals=114094
       Livermore-2 run=15 seed=354449225 time=0.418s reward=1.000000 train_r2=1.000000 test_r2=1.000000 complexity=9 evals=61329
       Livermore-7 run=12 seed=1677402687 time=17.547s reward=0.999889 train_r2=1.000000 test_r2=1.000000 complexity=34 evals=2000005
       Livermore-3 run=15 seed=354449225 time=0.487s reward=1.000000 train_r2=1.000000 test_r2=1.000000 complexity=11 evals=68272
       Livermore-4 run=15 seed=354449225 time=0.451s reward=1.000000 train_r2=1.000000 test_r2=1.000000 complexity=11 evals=70588
      Livermore-21 run=11 seed=2218870180 time=18.665s reward=0.995112 train_r2=0.999976 test_r2=0.999591 complexity=16 evals=2000002
       Livermore-5 run=15 seed=354449225 time=0.482s reward=1.000000 train_r2=1.000000 test_r2=1.000000 complexity=14 evals=78076
       Livermore-1 run=14 seed=1777581980 time=6.574s reward=1.000000 train_r2=1.000000 test_r2=1.000000 complexity=7 evals=148500
      Livermore-11 run=15 seed=354449225 time=0.073s reward=0.999999 train_r2=1.000000 test_r2=1.000000 complexity=12 evals=12572
       Livermore-8 run=12 seed=1677402687 time=18.254s reward=0.999957 train_r2=1.000000 test_r2=1.000000 complexity=14 evals=2000003
      Livermore-14 run=14 seed=1777581980 time=2.724s reward=1.000000 train_r2=1.000000 test_r2=1.000000 complexity=14 evals=334867
      Livermore-13 run=15 seed=354449225 time=0.484s reward=1.000000 train_r2=1.000000 test_r2=1.000000 complexity=3 evals=77046
      Livermore-12 run=13 seed=310923819 time=9.813s reward=1.000000 train_r2=1.000000 test_r2=1.000000 complexity=7 evals=1023700
       Livermore-5 run=12 seed=1677402687 time=19.041s reward=0.992723 train_r2=0.999946 test_r2=0.998512 complexity=33 evals=2000000
      Livermore-15 run=15 seed=354449225 time=0.480s reward=1.000000 train_r2=1.000000 test_r2=1.000000 complexity=3 evals=73023
      Livermore-16 run=15 seed=354449225 time=0.827s reward=1.000000 train_r2=1.000000 test_r2=1.000000 complexity=5 evals=124859
      Livermore-17 run=13 seed=310923819 time=8.946s reward=1.000000 train_r2=1.000000 test_r2=1.000000 complexity=6 evals=1084731
      Livermore-20 run=15 seed=354449225 time=0.004s reward=1.000000 train_r2=1.000000 test_r2=1.000000 complexity=6 evals=803
      Livermore-19 run=15 seed=354449225 time=0.216s reward=1.000000 train_r2=1.000000 test_r2=1.000000 complexity=10 evals=34461
      Livermore-17 run=15 seed=354449225 time=1.005s reward=1.000000 train_r2=1.000000 test_r2=1.000000 complexity=6 evals=139998
       Livermore-1 run=15 seed=354449225 time=4.067s reward=1.000000 train_r2=1.000000 test_r2=1.000000 complexity=7 evals=92603
      Livermore-10 run=12 seed=1677402687 time=18.466s reward=0.990161 train_r2=0.999901 test_r2=0.999917 complexity=31 evals=2000005
      Livermore-22 run=15 seed=354449225 time=1.017s reward=1.000000 train_r2=1.000000 test_r2=1.000000 complexity=6 evals=142646
       Livermore-4 run=16 seed=1949615811 time=0.376s reward=1.000000 train_r2=1.000000 test_r2=1.000000 complexity=11 evals=57425
       Livermore-5 run=16 seed=1949615811 time=0.229s reward=1.000000 train_r2=1.000000 test_r2=1.000000 complexity=14 evals=36707
       Livermore-9 run=12 seed=1677402687 time=20.148s reward=0.993630 train_r2=0.999959 test_r2=0.999936 complexity=24 evals=2000002
       Livermore-3 run=16 seed=1949615811 time=0.931s reward=1.000000 train_r2=1.000000 test_r2=1.000000 complexity=11 evals=135510
       Livermore-1 run=16 seed=1949615811 time=1.982s reward=1.000000 train_r2=1.000000 test_r2=1.000000 complexity=7 evals=46610
      Livermore-18 run=12 seed=1677402687 time=19.900s reward=0.928809 train_r2=0.994125 test_r2=0.993752 complexity=28 evals=2000001
       Livermore-8 run=13 seed=310923819 time=17.411s reward=1.000000 train_r2=1.000000 test_r2=1.000000 complexity=2 evals=1864771
      Livermore-11 run=16 seed=1949615811 time=0.482s reward=0.999999 train_r2=1.000000 test_r2=1.000000 complexity=12 evals=70040
      Livermore-10 run=16 seed=1949615811 time=1.182s reward=1.000000 train_r2=1.000000 test_r2=1.000000 complexity=6 evals=168758
      Livermore-13 run=16 seed=1949615811 time=0.052s reward=1.000000 train_r2=1.000000 test_r2=1.000000 complexity=3 evals=9828
      Livermore-21 run=12 seed=1677402687 time=20.010s reward=0.997872 train_r2=0.999995 test_r2=0.999970 complexity=21 evals=2000001
      Livermore-15 run=16 seed=1949615811 time=0.460s reward=1.000000 train_r2=1.000000 test_r2=1.000000 complexity=3 evals=70072
       Livermore-9 run=13 seed=310923819 time=17.899s reward=0.985251 train_r2=0.999776 test_r2=0.999802 complexity=17 evals=2000003
       Livermore-7 run=13 seed=310923819 time=18.981s reward=0.999890 train_r2=1.000000 test_r2=1.000000 complexity=56 evals=2000002
      Livermore-14 run=16 seed=1949615811 time=1.570s reward=1.000000 train_r2=1.000000 test_r2=1.000000 complexity=14 evals=209943
      Livermore-19 run=16 seed=1949615811 time=0.271s reward=1.000000 train_r2=1.000000 test_r2=1.000000 complexity=10 evals=43507
      Livermore-20 run=16 seed=1949615811 time=0.021s reward=1.000000 train_r2=1.000000 test_r2=1.000000 complexity=6 evals=3593
       Livermore-6 run=13 seed=310923819 time=21.934s reward=0.990936 train_r2=0.999916 test_r2=0.999935 complexity=26 evals=2000001
      Livermore-10 run=13 seed=310923819 time=20.771s reward=0.990959 train_r2=0.999917 test_r2=0.999617 complexity=30 evals=2000000
      Livermore-21 run=13 seed=310923819 time=18.326s reward=0.996644 train_r2=0.999989 test_r2=0.999955 complexity=24 evals=2000002
      Livermore-22 run=16 seed=1949615811 time=1.310s reward=1.000000 train_r2=1.000000 test_r2=1.000000 complexity=6 evals=189645
       Livermore-2 run=16 seed=1949615811 time=10.101s reward=1.000000 train_r2=1.000000 test_r2=1.000000 complexity=9 evals=1038443
       Livermore-3 run=17 seed=2845477618 time=0.323s reward=1.000000 train_r2=1.000000 test_r2=1.000000 complexity=11 evals=49708
       Livermore-4 run=17 seed=2845477618 time=0.752s reward=1.000000 train_r2=1.000000 test_r2=1.000000 complexity=13 evals=106064
      Livermore-14 run=15 seed=354449225 time=13.619s reward=1.000000 train_r2=1.000000 test_r2=1.000000 complexity=14 evals=1413543
       Livermore-1 run=17 seed=2845477618 time=2.420s reward=1.000000 train_r2=1.000000 test_r2=1.000000 complexity=7 evals=57845
       Livermore-7 run=14 seed=1777581980 time=18.742s reward=0.999784 train_r2=1.000000 test_r2=1.000000 complexity=23 evals=2000000
       Livermore-2 run=17 seed=2845477618 time=3.108s reward=1.000000 train_r2=1.000000 test_r2=1.000000 complexity=9 evals=365454
       Livermore-8 run=14 seed=1777581980 time=18.611s reward=0.999955 train_r2=1.000000 test_r2=1.000000 complexity=14 evals=2000003
      Livermore-12 run=15 seed=354449225 time=15.005s reward=1.000000 train_r2=1.000000 test_r2=1.000000 complexity=7 evals=1344524
      Livermore-11 run=17 seed=2845477618 time=0.407s reward=1.000000 train_r2=1.000000 test_r2=1.000000 complexity=12 evals=55897
      Livermore-13 run=17 seed=2845477618 time=0.061s reward=1.000000 train_r2=1.000000 test_r2=1.000000 complexity=3 evals=11062
      Livermore-11 run=14 seed=1777581980 time=18.320s reward=0.999981 train_r2=1.000000 test_r2=1.000000 complexity=12 evals=2000001
      Livermore-15 run=17 seed=2845477618 time=0.195s reward=1.000000 train_r2=1.000000 test_r2=1.000000 complexity=3 evals=33872
      Livermore-12 run=17 seed=2845477618 time=0.586s reward=1.000000 train_r2=1.000000 test_r2=1.000000 complexity=7 evals=76912
      Livermore-16 run=14 seed=1777581980 time=17.870s reward=0.969236 train_r2=0.998993 test_r2=0.998639 complexity=20 evals=2000002
       Livermore-6 run=14 seed=1777581980 time=20.555s reward=0.992856 train_r2=0.999948 test_r2=0.999984 complexity=24 evals=2000004
      Livermore-10 run=17 seed=2845477618 time=1.382s reward=1.000000 train_r2=1.000000 test_r2=1.000000 complexity=6 evals=192905
      Livermore-20 run=17 seed=2845477618 time=0.014s reward=1.000000 train_r2=1.000000 test_r2=1.000000 complexity=6 evals=2872
      Livermore-10 run=14 seed=1777581980 time=19.249s reward=0.992722 train_r2=0.999946 test_r2=0.999905 complexity=35 evals=2000007
      Livermore-16 run=17 seed=2845477618 time=0.775s reward=1.000000 train_r2=1.000000 test_r2=1.000000 complexity=5 evals=120514
       Livermore-8 run=15 seed=354449225 time=16.845s reward=0.999380 train_r2=1.000000 test_r2=1.000000 complexity=30 evals=2000003
      Livermore-19 run=17 seed=2845477618 time=0.782s reward=1.000000 train_r2=1.000000 test_r2=1.000000 complexity=10 evals=105280
       Livermore-9 run=14 seed=1777581980 time=20.210s reward=0.989939 train_r2=0.999897 test_r2=0.999282 complexity=29 evals=2000007
      Livermore-18 run=13 seed=310923819 time=23.521s reward=0.970747 train_r2=0.999092 test_r2=0.998987 complexity=35 evals=2000003
      Livermore-17 run=17 seed=2845477618 time=1.285s reward=1.000000 train_r2=1.000000 test_r2=1.000000 complexity=6 evals=164554
       Livermore-4 run=18 seed=3334804072 time=0.496s reward=1.000000 train_r2=1.000000 test_r2=1.000000 complexity=12 evals=67674
       Livermore-3 run=18 seed=3334804072 time=0.806s reward=1.000000 train_r2=1.000000 test_r2=1.000000 complexity=11 evals=110050
       Livermore-6 run=15 seed=354449225 time=18.200s reward=0.989818 train_r2=0.999894 test_r2=0.998258 complexity=20 evals=2000005
       Livermore-2 run=18 seed=3334804072 time=1.206s reward=1.000000 train_r2=1.000000 test_r2=1.000000 complexity=9 evals=165861
       Livermore-9 run=15 seed=354449225 time=18.143s reward=0.994905 train_r2=0.999974 test_r2=0.999024 complexity=31 evals=2000004
      Livermore-21 run=14 seed=1777581980 time=19.469s reward=0.994264 train_r2=0.999967 test_r2=0.999509 complexity=35 evals=2000001
       Livermore-7 run=15 seed=354449225 time=18.513s reward=0.999788 train_r2=1.000000 test_r2=1.000000 complexity=22 evals=2000000
      Livermore-11 run=18 seed=3334804072 time=0.169s reward=0.999999 train_r2=1.000000 test_r2=1.000000 complexity=12 evals=26722
      Livermore-14 run=17 seed=2845477618 time=2.888s reward=1.000000 train_r2=1.000000 test_r2=1.000000 complexity=14 evals=347146
      Livermore-15 run=18 seed=3334804072 time=0.206s reward=1.000000 train_r2=1.000000 test_r2=1.000000 complexity=3 evals=32759
       Livermore-1 run=18 seed=3334804072 time=2.202s reward=1.000000 train_r2=1.000000 test_r2=1.000000 complexity=7 evals=53031
      Livermore-21 run=17 seed=2845477618 time=2.593s reward=1.000000 train_r2=1.000000 test_r2=1.000000 complexity=15 evals=329729
      Livermore-10 run=15 seed=354449225 time=19.025s reward=0.998327 train_r2=0.999997 test_r2=0.999995 complexity=27 evals=2000001
      Livermore-17 run=18 seed=3334804072 time=0.432s reward=1.000000 train_r2=1.000000 test_r2=1.000000 complexity=6 evals=69333
      Livermore-16 run=18 seed=3334804072 time=0.614s reward=1.000000 train_r2=1.000000 test_r2=1.000000 complexity=3 evals=93162
      Livermore-20 run=18 seed=3334804072 time=0.063s reward=1.000000 train_r2=1.000000 test_r2=1.000000 complexity=6 evals=11408
      Livermore-19 run=18 seed=3334804072 time=0.222s reward=1.000000 train_r2=1.000000 test_r2=1.000000 complexity=10 evals=38062
      Livermore-22 run=18 seed=3334804072 time=0.183s reward=1.000000 train_r2=1.000000 test_r2=1.000000 complexity=6 evals=32832
      Livermore-16 run=16 seed=1949615811 time=11.177s reward=1.000000 train_r2=1.000000 test_r2=1.000000 complexity=3 evals=1230202
      Livermore-21 run=15 seed=354449225 time=17.716s reward=0.995271 train_r2=0.999977 test_r2=0.998000 complexity=15 evals=2000000
       Livermore-4 run=19 seed=3003924095 time=0.193s reward=1.000000 train_r2=1.000000 test_r2=1.000000 complexity=11 evals=32431
      Livermore-10 run=18 seed=3334804072 time=1.981s reward=1.000000 train_r2=1.000000 test_r2=1.000000 complexity=6 evals=259570
       Livermore-3 run=19 seed=3003924095 time=0.754s reward=1.000000 train_r2=1.000000 test_r2=1.000000 complexity=11 evals=98765
      Livermore-18 run=14 seed=1777581980 time=22.406s reward=0.981087 train_r2=0.999628 test_r2=0.998685 complexity=24 evals=2000009
       Livermore-2 run=19 seed=3003924095 time=1.184s reward=1.000000 train_r2=1.000000 test_r2=1.000000 complexity=9 evals=161407
       Livermore-8 run=16 seed=1949615811 time=17.082s reward=0.999960 train_r2=1.000000 test_r2=1.000000 complexity=14 evals=2000001
       Livermore-5 run=18 seed=3334804072 time=4.004s reward=1.000000 train_r2=1.000000 test_r2=1.000000 complexity=14 evals=476969
      Livermore-14 run=18 seed=3334804072 time=3.090s reward=1.000000 train_r2=1.000000 test_r2=1.000000 complexity=14 evals=385893
      Livermore-12 run=16 seed=1949615811 time=13.798s reward=1.000000 train_r2=1.000000 test_r2=1.000000 complexity=7 evals=1316410
      Livermore-11 run=19 seed=3003924095 time=0.556s reward=1.000000 train_r2=1.000000 test_r2=1.000000 complexity=12 evals=74335
      Livermore-21 run=18 seed=3334804072 time=2.494s reward=1.000000 train_r2=1.000000 test_r2=1.000000 complexity=16 evals=306372
      Livermore-13 run=19 seed=3003924095 time=0.382s reward=1.000000 train_r2=1.000000 test_r2=1.000000 complexity=3 evals=61040
      Livermore-12 run=19 seed=3003924095 time=0.671s reward=1.000000 train_r2=1.000000 test_r2=1.000000 complexity=7 evals=88708
      Livermore-16 run=19 seed=3003924095 time=0.247s reward=1.000000 train_r2=1.000000 test_r2=1.000000 complexity=3 evals=40239
      Livermore-18 run=15 seed=354449225 time=20.976s reward=0.977046 train_r2=0.999448 test_r2=0.999663 complexity=17 evals=2000007
       Livermore-7 run=16 seed=1949615811 time=18.496s reward=0.999777 train_r2=1.000000 test_r2=1.000000 complexity=22 evals=2000002
      Livermore-20 run=19 seed=3003924095 time=0.034s reward=1.000000 train_r2=1.000000 test_r2=1.000000 complexity=6 evals=6129
      Livermore-19 run=19 seed=3003924095 time=0.271s reward=1.000000 train_r2=1.000000 test_r2=1.000000 complexity=10 evals=42175
      Livermore-22 run=19 seed=3003924095 time=0.099s reward=1.000000 train_r2=1.000000 test_r2=1.000000 complexity=6 evals=17846
       Livermore-1 run=19 seed=3003924095 time=3.814s reward=1.000000 train_r2=1.000000 test_r2=1.000000 complexity=7 evals=91114
      Livermore-15 run=19 seed=3003924095 time=1.477s reward=1.000000 train_r2=1.000000 test_r2=1.000000 complexity=3 evals=203174
       Livermore-7 run=17 seed=2845477618 time=9.326s reward=1.000000 train_r2=1.000000 test_r2=1.000000 complexity=2 evals=1055914
      Livermore-14 run=19 seed=3003924095 time=1.784s reward=1.000000 train_r2=1.000000 test_r2=1.000000 complexity=14 evals=218920
       Livermore-1 run=20 seed=938757074 time=0.842s reward=1.000000 train_r2=1.000000 test_r2=1.000000 complexity=7 evals=21831
       Livermore-6 run=16 seed=1949615811 time=19.866s reward=1.000000 train_r2=1.000000 test_r2=1.000000 complexity=17 evals=1934313
       Livermore-3 run=20 seed=938757074 time=0.359s reward=1.000000 train_r2=1.000000 test_r2=1.000000 complexity=11 evals=52535
       Livermore-2 run=20 seed=938757074 time=0.536s reward=1.000000 train_r2=1.000000 test_r2=1.000000 complexity=9 evals=76131
       Livermore-4 run=20 seed=938757074 time=0.260s reward=1.000000 train_r2=1.000000 test_r2=1.000000 complexity=11 evals=38803
      Livermore-13 run=18 seed=3334804072 time=5.664s reward=1.000000 train_r2=1.000000 test_r2=1.000000 complexity=3 evals=671955
       Livermore-9 run=16 seed=1949615811 time=19.738s reward=0.996253 train_r2=0.999986 test_r2=0.999693 complexity=19 evals=2000000
      Livermore-11 run=20 seed=938757074 time=0.181s reward=0.999999 train_r2=1.000000 test_r2=1.000000 complexity=12 evals=26639
      Livermore-13 run=20 seed=938757074 time=0.266s reward=1.000000 train_r2=1.000000 test_r2=1.000000 complexity=3 evals=42497
       Livermore-6 run=19 seed=3003924095 time=4.393s reward=1.000000 train_r2=1.000000 test_r2=1.000000 complexity=17 evals=504249
      Livermore-15 run=20 seed=938757074 time=0.521s reward=1.000000 train_r2=1.000000 test_r2=1.000000 complexity=3 evals=84727
      Livermore-14 run=20 seed=938757074 time=0.706s reward=1.000000 train_r2=1.000000 test_r2=1.000000 complexity=14 evals=101154
      Livermore-10 run=20 seed=938757074 time=1.556s reward=1.000000 train_r2=1.000000 test_r2=1.000000 complexity=6 evals=195720
       Livermore-5 run=20 seed=938757074 time=1.983s reward=1.000000 train_r2=1.000000 test_r2=1.000000 complexity=14 evals=257438
      Livermore-16 run=20 seed=938757074 time=0.573s reward=1.000000 train_r2=1.000000 test_r2=1.000000 complexity=3 evals=92152
      Livermore-20 run=20 seed=938757074 time=0.004s reward=1.000000 train_r2=1.000000 test_r2=1.000000 complexity=6 evals=760
       Livermore-5 run=19 seed=3003924095 time=5.721s reward=1.000000 train_r2=1.000000 test_r2=1.000000 complexity=14 evals=756418
      Livermore-19 run=20 seed=938757074 time=0.382s reward=1.000000 train_r2=1.000000 test_r2=1.000000 complexity=10 evals=55658
      Livermore-22 run=17 seed=2845477618 time=9.615s reward=1.000000 train_r2=1.000000 test_r2=1.000000 complexity=6 evals=1063198
      Livermore-17 run=16 seed=1949615811 time=18.203s reward=0.995330 train_r2=0.999978 test_r2=0.999949 complexity=25 evals=2000003
      Livermore-17 run=20 seed=938757074 time=2.004s reward=1.000000 train_r2=1.000000 test_r2=1.000000 complexity=6 evals=251501
       Livermore-4 run=21 seed=3434952867 time=0.099s reward=1.000000 train_r2=1.000000 test_r2=1.000000 complexity=11 evals=16709
      Livermore-21 run=16 seed=1949615811 time=18.324s reward=0.998400 train_r2=0.999997 test_r2=0.999972 complexity=27 evals=2000008
       Livermore-1 run=21 seed=3434952867 time=2.978s reward=1.000000 train_r2=1.000000 test_r2=1.000000 complexity=7 evals=71197
       Livermore-5 run=17 seed=2845477618 time=16.701s reward=1.000000 train_r2=1.000000 test_r2=1.000000 complexity=15 evals=1794913
       Livermore-3 run=21 seed=3434952867 time=3.666s reward=1.000000 train_r2=1.000000 test_r2=1.000000 complexity=11 evals=446674
      Livermore-18 run=16 seed=1949615811 time=21.933s reward=0.947963 train_r2=0.996987 test_r2=0.991770 complexity=34 evals=2000004
       Livermore-5 run=21 seed=3434952867 time=3.858s reward=1.000000 train_r2=1.000000 test_r2=1.000000 complexity=14 evals=460919
      Livermore-11 run=21 seed=3434952867 time=0.317s reward=0.999999 train_r2=1.000000 test_r2=1.000000 complexity=12 evals=46651
       Livermore-6 run=18 seed=3334804072 time=14.420s reward=1.000000 train_r2=1.000000 test_r2=1.000000 complexity=17 evals=1509652
      Livermore-22 run=20 seed=938757074 time=6.060s reward=1.000000 train_r2=1.000000 test_r2=1.000000 complexity=6 evals=797129
      Livermore-13 run=21 seed=3434952867 time=1.080s reward=1.000000 train_r2=1.000000 test_r2=1.000000 complexity=3 evals=155943
      Livermore-12 run=21 seed=3434952867 time=1.288s reward=1.000000 train_r2=1.000000 test_r2=1.000000 complexity=7 evals=162882
      Livermore-14 run=21 seed=3434952867 time=1.091s reward=1.000000 train_r2=1.000000 test_r2=1.000000 complexity=14 evals=164407
      Livermore-10 run=21 seed=3434952867 time=1.743s reward=1.000000 train_r2=1.000000 test_r2=1.000000 complexity=6 evals=214965
       Livermore-8 run=17 seed=2845477618 time=18.780s reward=0.999942 train_r2=1.000000 test_r2=1.000000 complexity=14 evals=2000006
      Livermore-15 run=21 seed=3434952867 time=0.324s reward=1.000000 train_r2=1.000000 test_r2=1.000000 complexity=3 evals=48710
      Livermore-20 run=21 seed=3434952867 time=0.039s reward=1.000000 train_r2=1.000000 test_r2=1.000000 complexity=6 evals=7047
      Livermore-19 run=21 seed=3434952867 time=0.458s reward=1.000000 train_r2=1.000000 test_r2=1.000000 complexity=10 evals=65865
       Livermore-2 run=21 seed=3434952867 time=7.429s reward=1.000000 train_r2=1.000000 test_r2=1.000000 complexity=9 evals=766697
      Livermore-12 run=20 seed=938757074 time=10.047s reward=1.000000 train_r2=1.000000 test_r2=1.000000 complexity=7 evals=1093629
      Livermore-22 run=21 seed=3434952867 time=0.580s reward=1.000000 train_r2=1.000000 test_r2=1.000000 complexity=6 evals=87635
       Livermore-6 run=17 seed=2845477618 time=20.339s reward=0.993915 train_r2=0.999963 test_r2=0.999978 complexity=42 evals=2000000
       Livermore-4 run=22 seed=2073228580 time=0.385s reward=1.000000 train_r2=1.000000 test_r2=1.000000 complexity=13 evals=57437
       Livermore-9 run=17 seed=2845477618 time=19.995s reward=0.993614 train_r2=0.999959 test_r2=0.999983 complexity=30 evals=2000004
      Livermore-16 run=21 seed=3434952867 time=2.413s reward=1.000000 train_r2=1.000000 test_r2=1.000000 complexity=5 evals=331576
       Livermore-3 run=22 seed=2073228580 time=1.462s reward=1.000000 train_r2=1.000000 test_r2=1.000000 complexity=11 evals=174246
       Livermore-8 run=18 seed=3334804072 time=17.953s reward=0.999939 train_r2=1.000000 test_r2=1.000000 complexity=14 evals=2000002
      Livermore-17 run=19 seed=3003924095 time=14.205s reward=1.000000 train_r2=1.000000 test_r2=1.000000 complexity=6 evals=1496559
       Livermore-7 run=18 seed=3334804072 time=19.242s reward=0.999827 train_r2=1.000000 test_r2=1.000000 complexity=8 evals=2000001
      Livermore-18 run=18 seed=3334804072 time=17.683s reward=0.999999 train_r2=1.000000 test_r2=1.000000 complexity=9 evals=1742266
       Livermore-1 run=22 seed=2073228580 time=3.313s reward=1.000000 train_r2=1.000000 test_r2=1.000000 complexity=7 evals=76982
       Livermore-9 run=18 seed=3334804072 time=18.844s reward=0.991576 train_r2=0.999928 test_r2=0.999846 complexity=22 evals=2000004
      Livermore-11 run=22 seed=2073228580 time=0.216s reward=0.999999 train_r2=1.000000 test_r2=1.000000 complexity=12 evals=33618
      Livermore-13 run=22 seed=2073228580 time=0.325s reward=1.000000 train_r2=1.000000 test_r2=1.000000 complexity=3 evals=54930
      Livermore-16 run=22 seed=2073228580 time=0.328s reward=1.000000 train_r2=1.000000 test_r2=1.000000 complexity=5 evals=54098
      Livermore-18 run=17 seed=2845477618 time=21.836s reward=0.979813 train_r2=0.999576 test_r2=0.999552 complexity=26 evals=2000000
       Livermore-5 run=22 seed=2073228580 time=3.181s reward=1.000000 train_r2=1.000000 test_r2=1.000000 complexity=14 evals=392254
      Livermore-15 run=22 seed=2073228580 time=1.141s reward=1.000000 train_r2=1.000000 test_r2=1.000000 complexity=3 evals=162070
      Livermore-20 run=22 seed=2073228580 time=0.011s reward=1.000000 train_r2=1.000000 test_r2=1.000000 complexity=6 evals=2173
      Livermore-10 run=22 seed=2073228580 time=1.975s reward=1.000000 train_r2=1.000000 test_r2=1.000000 complexity=6 evals=273306
      Livermore-19 run=22 seed=2073228580 time=0.569s reward=1.000000 train_r2=1.000000 test_r2=1.000000 complexity=10 evals=83303
       Livermore-8 run=19 seed=3003924095 time=18.147s reward=0.999941 train_r2=1.000000 test_r2=1.000000 complexity=14 evals=2000001
      Livermore-12 run=18 seed=3334804072 time=21.071s reward=0.982920 train_r2=0.999698 test_r2=0.962585 complexity=20 evals=2000007
       Livermore-7 run=19 seed=3003924095 time=18.753s reward=0.999822 train_r2=1.000000 test_r2=1.000000 complexity=26 evals=2000003
       Livermore-3 run=23 seed=1668493585 time=0.192s reward=1.000000 train_r2=1.000000 test_r2=1.000000 complexity=11 evals=30553
       Livermore-4 run=23 seed=1668493585 time=0.294s reward=1.000000 train_r2=1.000000 test_r2=1.000000 complexity=11 evals=45046
       Livermore-2 run=23 seed=1668493585 time=0.882s reward=1.000000 train_r2=1.000000 test_r2=1.000000 complexity=9 evals=119733
      Livermore-14 run=22 seed=2073228580 time=2.964s reward=1.000000 train_r2=1.000000 test_r2=1.000000 complexity=14 evals=388994
      Livermore-22 run=22 seed=2073228580 time=1.633s reward=1.000000 train_r2=1.000000 test_r2=1.000000 complexity=6 evals=226532
       Livermore-9 run=19 seed=3003924095 time=19.481s reward=0.990878 train_r2=0.999915 test_r2=0.997386 complexity=17 evals=2000002
       Livermore-5 run=23 seed=1668493585 time=0.684s reward=1.000000 train_r2=1.000000 test_r2=1.000000 complexity=14 evals=93645
      Livermore-10 run=19 seed=3003924095 time=19.329s reward=0.993469 train_r2=0.999957 test_r2=0.999984 complexity=9 evals=2000002
       Livermore-6 run=21 seed=3434952867 time=12.180s reward=1.000000 train_r2=1.000000 test_r2=1.000000 complexity=17 evals=1322689
       Livermore-2 run=22 seed=2073228580 time=7.797s reward=1.000000 train_r2=1.000000 test_r2=1.000000 complexity=9 evals=820699
       Livermore-8 run=20 seed=938757074 time=18.158s reward=0.999947 train_r2=1.000000 test_r2=1.000000 complexity=14 evals=2000002
       Livermore-7 run=20 seed=938757074 time=18.397s reward=0.999844 train_r2=1.000000 test_r2=1.000000 complexity=8 evals=2000000
      Livermore-21 run=19 seed=3003924095 time=19.665s reward=0.998350 train_r2=0.999997 test_r2=0.999841 complexity=19 evals=2000001
      Livermore-15 run=23 seed=1668493585 time=0.276s reward=1.000000 train_r2=1.000000 test_r2=1.000000 complexity=3 evals=43163
      Livermore-12 run=23 seed=1668493585 time=1.924s reward=0.999999 train_r2=1.000000 test_r2=0.999933 complexity=33 evals=240701
      Livermore-14 run=23 seed=1668493585 time=0.622s reward=1.000000 train_r2=1.000000 test_r2=1.000000 complexity=14 evals=88993
      Livermore-20 run=23 seed=1668493585 time=0.010s reward=1.000000 train_r2=1.000000 test_r2=1.000000 complexity=6 evals=2100
      Livermore-19 run=23 seed=1668493585 time=0.023s reward=1.000000 train_r2=1.000000 test_r2=1.000000 complexity=10 evals=4599
      Livermore-22 run=23 seed=1668493585 time=0.116s reward=1.000000 train_r2=1.000000 test_r2=1.000000 complexity=6 evals=22855
       Livermore-1 run=23 seed=1668493585 time=4.278s reward=1.000000 train_r2=1.000000 test_r2=1.000000 complexity=7 evals=102318
       Livermore-9 run=20 seed=938757074 time=19.022s reward=0.990949 train_r2=0.999917 test_r2=0.999908 complexity=25 evals=2000002
      Livermore-16 run=23 seed=1668493585 time=1.118s reward=1.000000 train_r2=1.000000 test_r2=1.000000 complexity=3 evals=160333
      Livermore-17 run=22 seed=2073228580 time=5.634s reward=1.000000 train_r2=1.000000 test_r2=1.000000 complexity=6 evals=650924
       Livermore-4 run=24 seed=3850872759 time=0.224s reward=1.000000 train_r2=1.000000 test_r2=1.000000 complexity=13 evals=34572
      Livermore-21 run=23 seed=1668493585 time=1.536s reward=1.000000 train_r2=1.000000 test_r2=1.000000 complexity=15 evals=190181
      Livermore-18 run=21 seed=3434952867 time=11.434s reward=0.999999 train_r2=1.000000 test_r2=1.000000 complexity=9 evals=1110467
       Livermore-6 run=20 seed=938757074 time=20.704s reward=0.990010 train_r2=0.999898 test_r2=0.999812 complexity=35 evals=2000002
      Livermore-13 run=23 seed=1668493585 time=3.921s reward=1.000000 train_r2=1.000000 test_r2=1.000000 complexity=3 evals=494616
      Livermore-21 run=20 seed=938757074 time=19.263s reward=0.999140 train_r2=0.999999 test_r2=0.999998 complexity=26 evals=2000002
       Livermore-2 run=24 seed=3850872759 time=2.110s reward=1.000000 train_r2=1.000000 test_r2=1.000000 complexity=9 evals=245119
      Livermore-12 run=24 seed=3850872759 time=0.248s reward=1.000000 train_r2=1.000000 test_r2=1.000000 complexity=7 evals=36424
      Livermore-10 run=24 seed=3850872759 time=1.039s reward=1.000000 train_r2=1.000000 test_r2=1.000000 complexity=6 evals=146214
      Livermore-18 run=19 seed=3003924095 time=22.790s reward=0.968722 train_r2=0.998957 test_r2=0.999339 complexity=58 evals=2000006
       Livermore-1 run=24 seed=3850872759 time=2.869s reward=1.000000 train_r2=1.000000 test_r2=1.000000 complexity=7 evals=69520
      Livermore-15 run=24 seed=3850872759 time=0.337s reward=1.000000 train_r2=1.000000 test_r2=1.000000 complexity=3 evals=51093
      Livermore-17 run=21 seed=3434952867 time=13.695s reward=1.000000 train_r2=1.000000 test_r2=1.000000 complexity=6 evals=1407230
      Livermore-17 run=24 seed=3850872759 time=0.901s reward=1.000000 train_r2=1.000000 test_r2=1.000000 complexity=6 evals=120444
      Livermore-14 run=24 seed=3850872759 time=1.273s reward=1.000000 train_r2=1.000000 test_r2=1.000000 complexity=14 evals=173057
      Livermore-20 run=24 seed=3850872759 time=0.015s reward=1.000000 train_r2=1.000000 test_r2=1.000000 complexity=6 evals=3118
      Livermore-19 run=24 seed=3850872759 time=0.386s reward=1.000000 train_r2=1.000000 test_r2=1.000000 complexity=10 evals=56856
      Livermore-22 run=24 seed=3850872759 time=0.165s reward=1.000000 train_r2=1.000000 test_r2=1.000000 complexity=6 evals=26683
       Livermore-7 run=21 seed=3434952867 time=18.570s reward=0.999889 train_r2=1.000000 test_r2=1.000000 complexity=19 evals=2000003
      Livermore-18 run=20 seed=938757074 time=22.144s reward=0.976648 train_r2=0.999428 test_r2=0.999275 complexity=23 evals=2000005
       Livermore-2 run=25 seed=2537996840 time=0.291s reward=1.000000 train_r2=1.000000 test_r2=1.000000 complexity=9 evals=43497
       Livermore-8 run=21 seed=3434952867 time=18.161s reward=0.999965 train_r2=1.000000 test_r2=1.000000 complexity=14 evals=2000002
       Livermore-9 run=21 seed=3434952867 time=17.223s reward=1.000000 train_r2=1.000000 test_r2=1.000000 complexity=24 evals=1920001
       Livermore-4 run=25 seed=2537996840 time=0.326s reward=1.000000 train_r2=1.000000 test_r2=1.000000 complexity=13 evals=50868
      Livermore-12 run=22 seed=2073228580 time=11.719s reward=1.000000 train_r2=1.000000 test_r2=1.000000 complexity=7 evals=1303415
      Livermore-18 run=23 seed=1668493585 time=6.989s reward=0.999999 train_r2=1.000000 test_r2=1.000000 complexity=9 evals=677908
       Livermore-1 run=25 seed=2537996840 time=2.025s reward=1.000000 train_r2=1.000000 test_r2=1.000000 complexity=7 evals=46819
      Livermore-21 run=22 seed=2073228580 time=11.369s reward=1.000000 train_r2=1.000000 test_r2=1.000000 complexity=19 evals=1209191
      Livermore-11 run=25 seed=2537996840 time=0.127s reward=1.000000 train_r2=1.000000 test_r2=1.000000 complexity=12 evals=20309
       Livermore-3 run=25 seed=2537996840 time=2.250s reward=1.000000 train_r2=1.000000 test_r2=1.000000 complexity=11 evals=256144
       Livermore-7 run=24 seed=3850872759 time=5.634s reward=1.000000 train_r2=1.000000 test_r2=1.000000 complexity=2 evals=677070
       Livermore-3 run=24 seed=3850872759 time=7.004s reward=1.000000 train_r2=1.000000 test_r2=1.000000 complexity=11 evals=799037
      Livermore-13 run=25 seed=2537996840 time=0.169s reward=1.000000 train_r2=1.000000 test_r2=1.000000 complexity=3 evals=28206
       Livermore-5 run=25 seed=2537996840 time=2.206s reward=1.000000 train_r2=1.000000 test_r2=1.000000 complexity=15 evals=276211
      Livermore-10 run=25 seed=2537996840 time=0.946s reward=1.000000 train_r2=1.000000 test_r2=1.000000 complexity=6 evals=129925
      Livermore-15 run=25 seed=2537996840 time=0.792s reward=1.000000 train_r2=1.000000 test_r2=1.000000 complexity=3 evals=121613
      Livermore-16 run=25 seed=2537996840 time=0.790s reward=1.000000 train_r2=1.000000 test_r2=1.000000 complexity=5 evals=114357
      Livermore-20 run=25 seed=2537996840 time=0.026s reward=1.000000 train_r2=1.000000 test_r2=1.000000 complexity=6 evals=5013
      Livermore-19 run=25 seed=2537996840 time=0.305s reward=1.000000 train_r2=1.000000 test_r2=1.000000 complexity=10 evals=50528
      Livermore-12 run=25 seed=2537996840 time=1.457s reward=1.000000 train_r2=1.000000 test_r2=1.000000 complexity=7 evals=176619
      Livermore-22 run=25 seed=2537996840 time=0.176s reward=1.000000 train_r2=1.000000 test_r2=1.000000 complexity=6 evals=30956
      Livermore-14 run=25 seed=2537996840 time=1.435s reward=1.000000 train_r2=1.000000 test_r2=1.000000 complexity=14 evals=188270
       Livermore-2 run=26 seed=3995401709 time=0.190s reward=1.000000 train_r2=1.000000 test_r2=1.000000 complexity=9 evals=30669
       Livermore-4 run=26 seed=3995401709 time=0.100s reward=1.000000 train_r2=1.000000 test_r2=1.000000 complexity=11 evals=17633
      Livermore-17 run=25 seed=2537996840 time=1.439s reward=1.000000 train_r2=1.000000 test_r2=1.000000 complexity=6 evals=191314
      Livermore-16 run=24 seed=3850872759 time=6.468s reward=1.000000 train_r2=1.000000 test_r2=1.000000 complexity=3 evals=872742
       Livermore-3 run=26 seed=3995401709 time=0.773s reward=1.000000 train_r2=1.000000 test_r2=1.000000 complexity=11 evals=104202
       Livermore-5 run=26 seed=3995401709 time=1.068s reward=1.000000 train_r2=1.000000 test_r2=1.000000 complexity=14 evals=159060
      Livermore-21 run=21 seed=3434952867 time=20.116s reward=0.997581 train_r2=0.999994 test_r2=0.999924 complexity=17 evals=2000004
       Livermore-7 run=22 seed=2073228580 time=18.935s reward=0.999713 train_r2=1.000000 test_r2=1.000000 complexity=19 evals=2000005
       Livermore-8 run=22 seed=2073228580 time=18.756s reward=0.999940 train_r2=1.000000 test_r2=1.000000 complexity=14 evals=2000001
      Livermore-11 run=26 seed=3995401709 time=0.456s reward=0.999999 train_r2=1.000000 test_r2=1.000000 complexity=12 evals=67914
       Livermore-6 run=22 seed=2073228580 time=19.825s reward=0.982668 train_r2=0.999689 test_r2=0.999538 complexity=27 evals=2000000
      Livermore-13 run=26 seed=3995401709 time=0.528s reward=1.000000 train_r2=1.000000 test_r2=1.000000 complexity=3 evals=85527
      Livermore-15 run=26 seed=3995401709 time=0.478s reward=1.000000 train_r2=1.000000 test_r2=1.000000 complexity=3 evals=71377
       Livermore-9 run=22 seed=2073228580 time=20.294s reward=0.992353 train_r2=0.999941 test_r2=0.999718 complexity=41 evals=2000007
      Livermore-14 run=26 seed=3995401709 time=1.491s reward=1.000000 train_r2=1.000000 test_r2=1.000000 complexity=14 evals=188545
       Livermore-8 run=23 seed=1668493585 time=16.594s reward=0.999945 train_r2=1.000000 test_r2=1.000000 complexity=14 evals=2000004
      Livermore-19 run=26 seed=3995401709 time=0.462s reward=1.000000 train_r2=1.000000 test_r2=1.000000 complexity=10 evals=74403
      Livermore-20 run=26 seed=3995401709 time=0.027s reward=1.000000 train_r2=1.000000 test_r2=1.000000 complexity=6 evals=5147
      Livermore-12 run=26 seed=3995401709 time=3.021s reward=1.000000 train_r2=1.000000 test_r2=0.999819 complexity=16 evals=366117
      Livermore-22 run=26 seed=3995401709 time=0.099s reward=1.000000 train_r2=1.000000 test_r2=1.000000 complexity=6 evals=18327
      Livermore-11 run=24 seed=3850872759 time=12.781s reward=1.000000 train_r2=1.000000 test_r2=1.000000 complexity=12 evals=1337348
       Livermore-2 run=27 seed=3994838759 time=0.741s reward=1.000000 train_r2=1.000000 test_r2=1.000000 complexity=9 evals=107137
       Livermore-1 run=26 seed=3995401709 time=7.415s reward=1.000000 train_r2=1.000000 test_r2=1.000000 complexity=7 evals=165641
       Livermore-7 run=23 seed=1668493585 time=18.675s reward=0.999802 train_r2=1.000000 test_r2=1.000000 complexity=38 evals=2000000
       Livermore-4 run=27 seed=3994838759 time=0.361s reward=1.000000 train_r2=1.000000 test_r2=1.000000 complexity=11 evals=55053
       Livermore-9 run=23 seed=1668493585 time=18.937s reward=0.993624 train_r2=0.999959 test_r2=0.999788 complexity=32 evals=2000003
       Livermore-3 run=27 seed=3994838759 time=0.838s reward=1.000000 train_r2=1.000000 test_r2=1.000000 complexity=11 evals=120486
       Livermore-5 run=27 seed=3994838759 time=0.735s reward=1.000000 train_r2=1.000000 test_r2=1.000000 complexity=14 evals=103437
      Livermore-17 run=26 seed=3995401709 time=3.563s reward=1.000000 train_r2=1.000000 test_r2=1.000000 complexity=6 evals=387297
      Livermore-18 run=22 seed=2073228580 time=21.828s reward=0.982120 train_r2=0.999669 test_r2=0.999752 complexity=41 evals=2000001
      Livermore-10 run=23 seed=1668493585 time=19.469s reward=0.994729 train_r2=0.999972 test_r2=0.999877 complexity=48 evals=2000001
      Livermore-11 run=23 seed=1668493585 time=19.894s reward=0.999923 train_r2=1.000000 test_r2=1.000000 complexity=12 evals=2000007
       Livermore-6 run=23 seed=1668493585 time=20.575s reward=0.994513 train_r2=0.999970 test_r2=0.999953 complexity=23 evals=2000006
      Livermore-12 run=27 seed=3994838759 time=0.445s reward=1.000000 train_r2=1.000000 test_r2=1.000000 complexity=7 evals=65161
      Livermore-13 run=27 seed=3994838759 time=0.165s reward=1.000000 train_r2=1.000000 test_r2=1.000000 complexity=3 evals=28071
      Livermore-16 run=27 seed=3994838759 time=0.506s reward=1.000000 train_r2=1.000000 test_r2=1.000000 complexity=3 evals=76955
       Livermore-1 run=27 seed=3994838759 time=3.440s reward=1.000000 train_r2=1.000000 test_r2=1.000000 complexity=7 evals=82386
      Livermore-15 run=27 seed=3994838759 time=0.534s reward=1.000000 train_r2=1.000000 test_r2=1.000000 complexity=3 evals=86514
      Livermore-19 run=27 seed=3994838759 time=0.220s reward=1.000000 train_r2=1.000000 test_r2=1.000000 complexity=10 evals=38157
      Livermore-20 run=27 seed=3994838759 time=0.017s reward=1.000000 train_r2=1.000000 test_r2=1.000000 complexity=6 evals=3301
      Livermore-14 run=27 seed=3994838759 time=1.260s reward=1.000000 train_r2=1.000000 test_r2=1.000000 complexity=14 evals=164096
       Livermore-5 run=24 seed=3850872759 time=18.958s reward=0.990493 train_r2=0.999908 test_r2=0.999842 complexity=24 evals=2000004
      Livermore-17 run=23 seed=1668493585 time=20.237s reward=0.996008 train_r2=0.999984 test_r2=0.999972 complexity=13 evals=2000003
      Livermore-22 run=27 seed=3994838759 time=0.763s reward=1.000000 train_r2=1.000000 test_r2=1.000000 complexity=6 evals=107143
      Livermore-21 run=27 seed=3994838759 time=1.359s reward=1.000000 train_r2=1.000000 test_r2=1.000000 complexity=16 evals=188195
       Livermore-4 run=28 seed=861316294 time=0.383s reward=1.000000 train_r2=1.000000 test_r2=1.000000 complexity=13 evals=62540
      Livermore-13 run=24 seed=3850872759 time=17.769s reward=0.972208 train_r2=0.999183 test_r2=0.997230 complexity=22 evals=2000005
      Livermore-21 run=25 seed=2537996840 time=12.174s reward=1.000000 train_r2=1.000000 test_r2=1.000000 complexity=16 evals=1244717
       Livermore-8 run=24 seed=3850872759 time=18.643s reward=0.999640 train_r2=1.000000 test_r2=0.999999 complexity=23 evals=2000005
       Livermore-2 run=28 seed=861316294 time=0.785s reward=1.000000 train_r2=1.000000 test_r2=1.000000 complexity=9 evals=101911
       Livermore-6 run=24 seed=3850872759 time=20.007s reward=0.990913 train_r2=0.999916 test_r2=0.999141 complexity=32 evals=2000006
       Livermore-9 run=24 seed=3850872759 time=19.120s reward=0.988802 train_r2=0.999872 test_r2=0.990352 complexity=22 evals=2000000
       Livermore-5 run=28 seed=861316294 time=0.580s reward=1.000000 train_r2=1.000000 test_r2=1.000000 complexity=15 evals=90862
      Livermore-12 run=28 seed=861316294 time=0.098s reward=1.000000 train_r2=1.000000 test_r2=1.000000 complexity=7 evals=14708
       Livermore-3 run=28 seed=861316294 time=1.873s reward=1.000000 train_r2=1.000000 test_r2=1.000000 complexity=11 evals=219872
       Livermore-1 run=28 seed=861316294 time=2.457s reward=1.000000 train_r2=1.000000 test_r2=1.000000 complexity=7 evals=57399
       Livermore-8 run=25 seed=2537996840 time=16.539s reward=0.999944 train_r2=1.000000 test_r2=1.000000 complexity=14 evals=2000004
      Livermore-15 run=28 seed=861316294 time=0.203s reward=1.000000 train_r2=1.000000 test_r2=1.000000 complexity=3 evals=33207
      Livermore-21 run=24 seed=3850872759 time=18.726s reward=0.995989 train_r2=0.999984 test_r2=0.999025 complexity=20 evals=2000001
      Livermore-10 run=28 seed=861316294 time=2.136s reward=1.000000 train_r2=1.000000 test_r2=1.000000 complexity=6 evals=270417
      Livermore-16 run=28 seed=861316294 time=0.622s reward=1.000000 train_r2=1.000000 test_r2=1.000000 complexity=3 evals=98354
      Livermore-20 run=28 seed=861316294 time=0.024s reward=1.000000 train_r2=1.000000 test_r2=1.000000 complexity=6 evals=4697
       Livermore-6 run=25 seed=2537996840 time=17.855s reward=0.991335 train_r2=0.999924 test_r2=0.999764 complexity=23 evals=2000003
      Livermore-18 run=24 seed=3850872759 time=19.358s reward=0.999999 train_r2=1.000000 test_r2=1.000000 complexity=9 evals=2000004
      Livermore-22 run=28 seed=861316294 time=0.276s reward=1.000000 train_r2=1.000000 test_r2=1.000000 complexity=6 evals=49294
      Livermore-19 run=28 seed=861316294 time=0.544s reward=1.000000 train_r2=1.000000 test_r2=1.000000 complexity=12 evals=78813
      Livermore-14 run=28 seed=861316294 time=2.061s reward=1.000000 train_r2=1.000000 test_r2=1.000000 complexity=14 evals=244693
       Livermore-4 run=29 seed=2169555080 time=0.229s reward=1.000000 train_r2=1.000000 test_r2=1.000000 complexity=11 evals=35530
       Livermore-6 run=27 seed=3994838759 time=7.859s reward=1.000000 train_r2=1.000000 test_r2=1.000000 complexity=17 evals=861462
       Livermore-7 run=25 seed=2537996840 time=18.709s reward=0.999836 train_r2=1.000000 test_r2=1.000000 complexity=27 evals=2000000
       Livermore-3 run=29 seed=2169555080 time=1.215s reward=1.000000 train_r2=1.000000 test_r2=1.000000 complexity=11 evals=158843
      Livermore-18 run=27 seed=3994838759 time=6.591s reward=0.999999 train_r2=1.000000 test_r2=1.000000 complexity=9 evals=652618
       Livermore-5 run=29 seed=2169555080 time=0.850s reward=1.000000 train_r2=1.000000 test_r2=1.000000 complexity=14 evals=122445
       Livermore-1 run=29 seed=2169555080 time=2.199s reward=1.000000 train_r2=1.000000 test_r2=1.000000 complexity=7 evals=51629
      Livermore-11 run=29 seed=2169555080 time=0.293s reward=1.000000 train_r2=1.000000 test_r2=1.000000 complexity=12 evals=46367
      Livermore-12 run=29 seed=2169555080 time=0.211s reward=1.000000 train_r2=1.000000 test_r2=1.000000 complexity=7 evals=35132
      Livermore-13 run=29 seed=2169555080 time=0.167s reward=1.000000 train_r2=1.000000 test_r2=1.000000 complexity=3 evals=30732
       Livermore-9 run=25 seed=2537996840 time=19.712s reward=0.992711 train_r2=0.999946 test_r2=0.999460 complexity=27 evals=2000005
       Livermore-7 run=26 seed=3995401709 time=17.486s reward=0.999798 train_r2=1.000000 test_r2=1.000000 complexity=8 evals=2000002
       Livermore-8 run=26 seed=3995401709 time=17.866s reward=0.999933 train_r2=1.000000 test_r2=1.000000 complexity=14 evals=2000005
      Livermore-16 run=29 seed=2169555080 time=0.757s reward=1.000000 train_r2=1.000000 test_r2=1.000000 complexity=5 evals=120959
      Livermore-10 run=29 seed=2169555080 time=2.960s reward=1.000000 train_r2=1.000000 test_r2=1.000000 complexity=6 evals=355667
      Livermore-10 run=27 seed=3994838759 time=11.267s reward=1.000000 train_r2=1.000000 test_r2=1.000000 complexity=6 evals=1113218
      Livermore-20 run=29 seed=2169555080 time=0.026s reward=1.000000 train_r2=1.000000 test_r2=1.000000 complexity=6 evals=4792
      Livermore-18 run=25 seed=2537996840 time=20.924s reward=0.999999 train_r2=1.000000 test_r2=1.000000 complexity=9 evals=1958110
      Livermore-19 run=29 seed=2169555080 time=0.581s reward=1.000000 train_r2=1.000000 test_r2=1.000000 complexity=10 evals=81098
      Livermore-22 run=29 seed=2169555080 time=0.123s reward=1.000000 train_r2=1.000000 test_r2=1.000000 complexity=6 evals=20887
       Livermore-9 run=26 seed=3995401709 time=18.647s reward=0.995039 train_r2=0.999975 test_r2=0.997928 complexity=27 evals=2000000
       Livermore-6 run=26 seed=3995401709 time=20.020s reward=0.992800 train_r2=0.999947 test_r2=0.998701 complexity=21 evals=2000000
       Livermore-3 run=30 seed=758553822 time=0.410s reward=1.000000 train_r2=1.000000 test_r2=1.000000 complexity=11 evals=64137
      Livermore-15 run=29 seed=2169555080 time=3.137s reward=1.000000 train_r2=1.000000 test_r2=1.000000 complexity=3 evals=367312
       Livermore-1 run=30 seed=758553822 time=1.124s reward=1.000000 train_r2=1.000000 test_r2=1.000000 complexity=7 evals=26625
       Livermore-2 run=29 seed=2169555080 time=6.334s reward=1.000000 train_r2=1.000000 test_r2=1.000000 complexity=9 evals=740357
       Livermore-4 run=30 seed=758553822 time=1.050s reward=1.000000 train_r2=1.000000 test_r2=1.000000 complexity=11 evals=141321
       Livermore-2 run=30 seed=758553822 time=1.368s reward=1.000000 train_r2=1.000000 test_r2=1.000000 complexity=9 evals=166366
      Livermore-16 run=26 seed=3995401709 time=17.481s reward=0.988663 train_r2=0.999869 test_r2=0.982960 complexity=14 evals=2000002
      Livermore-11 run=30 seed=758553822 time=0.064s reward=0.999999 train_r2=1.000000 test_r2=1.000000 complexity=12 evals=11176
      Livermore-10 run=26 seed=3995401709 time=20.222s reward=0.995971 train_r2=0.999984 test_r2=0.999995 complexity=15 evals=2000002
      Livermore-13 run=30 seed=758553822 time=0.109s reward=1.000000 train_r2=1.000000 test_r2=1.000000 complexity=3 evals=18701
      Livermore-21 run=29 seed=2169555080 time=3.065s reward=1.000000 train_r2=1.000000 test_r2=1.000000 complexity=19 evals=348035
      Livermore-14 run=30 seed=758553822 time=0.949s reward=1.000000 train_r2=1.000000 test_r2=1.000000 complexity=14 evals=124861
      Livermore-10 run=30 seed=758553822 time=2.240s reward=1.000000 train_r2=1.000000 test_r2=1.000000 complexity=6 evals=277990
      Livermore-21 run=26 seed=3995401709 time=18.241s reward=0.995845 train_r2=0.999983 test_r2=0.999001 complexity=21 evals=2000002
      Livermore-17 run=28 seed=861316294 time=10.472s reward=1.000000 train_r2=1.000000 test_r2=1.000000 complexity=6 evals=1194071
       Livermore-5 run=30 seed=758553822 time=3.628s reward=1.000000 train_r2=1.000000 test_r2=1.000000 complexity=15 evals=459118
      Livermore-20 run=30 seed=758553822 time=0.032s reward=1.000000 train_r2=1.000000 test_r2=1.000000 complexity=6 evals=6382
      Livermore-19 run=30 seed=758553822 time=0.271s reward=1.000000 train_r2=1.000000 test_r2=1.000000 complexity=10 evals=42609
      Livermore-17 run=30 seed=758553822 time=0.852s reward=1.000000 train_r2=1.000000 test_r2=1.000000 complexity=6 evals=119568
       Livermore-7 run=27 seed=3994838759 time=17.653s reward=0.999846 train_r2=1.000000 test_r2=1.000000 complexity=8 evals=2000001
       Livermore-8 run=27 seed=3994838759 time=17.458s reward=0.999944 train_r2=1.000000 test_r2=1.000000 complexity=14 evals=2000002
      Livermore-21 run=30 seed=758553822 time=1.389s reward=1.000000 train_r2=1.000000 test_r2=1.000000 complexity=17 evals=197133
       Livermore-1 run=31 seed=1393567789 time=1.055s reward=1.000000 train_r2=1.000000 test_r2=1.000000 complexity=7 evals=26131
       Livermore-3 run=31 seed=1393567789 time=0.450s reward=1.000000 train_r2=1.000000 test_r2=1.000000 complexity=11 evals=70162
       Livermore-4 run=31 seed=1393567789 time=0.294s reward=1.000000 train_r2=1.000000 test_r2=1.000000 complexity=11 evals=48285
       Livermore-6 run=30 seed=758553822 time=5.232s reward=1.000000 train_r2=1.000000 test_r2=1.000000 complexity=17 evals=579573
      Livermore-16 run=30 seed=758553822 time=2.913s reward=1.000000 train_r2=1.000000 test_r2=1.000000 complexity=3 evals=370350
      Livermore-15 run=30 seed=758553822 time=3.441s reward=1.000000 train_r2=1.000000 test_r2=1.000000 complexity=3 evals=413030
       Livermore-5 run=31 seed=1393567789 time=0.689s reward=1.000000 train_r2=1.000000 test_r2=1.000000 complexity=14 evals=99749
      Livermore-13 run=28 seed=861316294 time=13.999s reward=1.000000 train_r2=1.000000 test_r2=1.000000 complexity=3 evals=1670028
      Livermore-11 run=31 seed=1393567789 time=0.194s reward=1.000000 train_r2=1.000000 test_r2=1.000000 complexity=12 evals=30302
      Livermore-13 run=31 seed=1393567789 time=0.426s reward=1.000000 train_r2=1.000000 test_r2=1.000000 complexity=3 evals=68158
      Livermore-22 run=30 seed=758553822 time=2.949s reward=1.000000 train_r2=1.000000 test_r2=1.000000 complexity=6 evals=377853
      Livermore-12 run=31 seed=1393567789 time=1.121s reward=1.000000 train_r2=1.000000 test_r2=1.000000 complexity=7 evals=143996
      Livermore-11 run=27 seed=3994838759 time=19.277s reward=0.999984 train_r2=1.000000 test_r2=1.000000 complexity=12 evals=2000004
       Livermore-2 run=31 seed=1393567789 time=2.709s reward=1.000000 train_r2=1.000000 test_r2=1.000000 complexity=9 evals=332535
      Livermore-18 run=26 seed=3995401709 time=22.823s reward=0.962267 train_r2=0.998462 test_r2=0.998876 complexity=38 evals=2000001
       Livermore-9 run=27 seed=3994838759 time=20.064s reward=0.991311 train_r2=0.999923 test_r2=0.999940 complexity=22 evals=2000003
      Livermore-16 run=31 seed=1393567789 time=0.633s reward=1.000000 train_r2=1.000000 test_r2=1.000000 complexity=5 evals=104925
      Livermore-20 run=31 seed=1393567789 time=0.059s reward=1.000000 train_r2=1.000000 test_r2=1.000000 complexity=6 evals=10565
      Livermore-19 run=31 seed=1393567789 time=0.295s reward=1.000000 train_r2=1.000000 test_r2=1.000000 complexity=10 evals=46325
      Livermore-18 run=30 seed=758553822 time=4.656s reward=0.999999 train_r2=1.000000 test_r2=1.000000 complexity=9 evals=530538
       Livermore-1 run=32 seed=540967856 time=1.189s reward=1.000000 train_r2=1.000000 test_r2=1.000000 complexity=7 evals=29548
      Livermore-22 run=31 seed=1393567789 time=1.622s reward=1.000000 train_r2=1.000000 test_r2=1.000000 complexity=6 evals=225826
       Livermore-3 run=32 seed=540967856 time=0.352s reward=1.000000 train_r2=1.000000 test_r2=1.000000 complexity=11 evals=53910
      Livermore-17 run=27 seed=3994838759 time=19.913s reward=0.992566 train_r2=0.999944 test_r2=0.999897 complexity=60 evals=2000004
       Livermore-4 run=32 seed=540967856 time=0.330s reward=1.000000 train_r2=1.000000 test_r2=1.000000 complexity=11 evals=49649
       Livermore-2 run=32 seed=540967856 time=1.889s reward=1.000000 train_r2=1.000000 test_r2=1.000000 complexity=9 evals=254176
       Livermore-5 run=32 seed=540967856 time=0.529s reward=1.000000 train_r2=1.000000 test_r2=1.000000 complexity=14 evals=78666
      Livermore-14 run=29 seed=2169555080 time=13.079s reward=1.000000 train_r2=1.000000 test_r2=1.000000 complexity=14 evals=1559491
       Livermore-8 run=28 seed=861316294 time=18.755s reward=0.999953 train_r2=1.000000 test_r2=1.000000 complexity=14 evals=2000001
       Livermore-7 run=28 seed=861316294 time=18.763s reward=0.999806 train_r2=1.000000 test_r2=1.000000 complexity=23 evals=2000008
      Livermore-11 run=32 seed=540967856 time=0.180s reward=1.000000 train_r2=1.000000 test_r2=1.000000 complexity=12 evals=28572
      Livermore-13 run=32 seed=540967856 time=0.290s reward=1.000000 train_r2=1.000000 test_r2=1.000000 complexity=3 evals=47089
      Livermore-12 run=32 seed=540967856 time=0.566s reward=1.000000 train_r2=1.000000 test_r2=1.000000 complexity=7 evals=71167
       Livermore-6 run=28 seed=861316294 time=19.457s reward=0.993051 train_r2=0.999951 test_r2=0.999535 complexity=21 evals=2000000
      Livermore-11 run=28 seed=861316294 time=18.928s reward=0.999963 train_r2=1.000000 test_r2=0.999984 complexity=26 evals=2000006
       Livermore-9 run=28 seed=861316294 time=19.692s reward=0.996994 train_r2=0.999991 test_r2=0.999902 complexity=20 evals=2000007
      Livermore-16 run=32 seed=540967856 time=0.629s reward=1.000000 train_r2=1.000000 test_r2=1.000000 complexity=3 evals=94115
      Livermore-15 run=32 seed=540967856 time=0.725s reward=1.000000 train_r2=1.000000 test_r2=1.000000 complexity=3 evals=103783
      Livermore-20 run=32 seed=540967856 time=0.013s reward=1.000000 train_r2=1.000000 test_r2=1.000000 complexity=6 evals=2570
      Livermore-19 run=32 seed=540967856 time=0.343s reward=1.000000 train_r2=1.000000 test_r2=1.000000 complexity=10 evals=51418
      Livermore-21 run=28 seed=861316294 time=18.493s reward=0.996643 train_r2=0.999989 test_r2=0.999468 complexity=36 evals=2000002
      Livermore-22 run=32 seed=540967856 time=0.919s reward=1.000000 train_r2=1.000000 test_r2=1.000000 complexity=6 evals=137006
      Livermore-15 run=31 seed=1393567789 time=6.066s reward=1.000000 train_r2=1.000000 test_r2=1.000000 complexity=3 evals=718702
      Livermore-17 run=32 seed=540967856 time=2.077s reward=1.000000 train_r2=1.000000 test_r2=1.000000 complexity=6 evals=263025
      Livermore-14 run=31 seed=1393567789 time=6.475s reward=1.000000 train_r2=1.000000 test_r2=1.000000 complexity=14 evals=715742
       Livermore-3 run=33 seed=902677639 time=0.212s reward=1.000000 train_r2=1.000000 test_r2=1.000000 complexity=11 evals=33439
      Livermore-14 run=32 seed=540967856 time=2.616s reward=1.000000 train_r2=1.000000 test_r2=1.000000 complexity=14 evals=324835
      Livermore-12 run=30 seed=758553822 time=11.934s reward=1.000000 train_r2=1.000000 test_r2=1.000000 complexity=7 evals=1144683
       Livermore-4 run=33 seed=902677639 time=0.392s reward=1.000000 train_r2=1.000000 test_r2=1.000000 complexity=13 evals=59328
       Livermore-5 run=33 seed=902677639 time=0.433s reward=1.000000 train_r2=1.000000 test_r2=1.000000 complexity=14 evals=63688
       Livermore-2 run=33 seed=902677639 time=0.907s reward=1.000000 train_r2=1.000000 test_r2=1.000000 complexity=9 evals=132617
      Livermore-11 run=33 seed=902677639 time=0.283s reward=1.000000 train_r2=1.000000 test_r2=1.000000 complexity=12 evals=38808
       Livermore-7 run=29 seed=2169555080 time=18.352s reward=0.999670 train_r2=1.000000 test_r2=1.000000 complexity=22 evals=2000001
       Livermore-8 run=29 seed=2169555080 time=18.603s reward=0.999938 train_r2=1.000000 test_r2=1.000000 complexity=14 evals=2000004
       Livermore-8 run=31 seed=1393567789 time=8.810s reward=1.000000 train_r2=1.000000 test_r2=1.000000 complexity=2 evals=976986
      Livermore-12 run=33 seed=902677639 time=0.656s reward=1.000000 train_r2=1.000000 test_r2=1.000000 complexity=7 evals=85014
       Livermore-6 run=29 seed=2169555080 time=20.238s reward=0.988163 train_r2=0.999857 test_r2=0.996588 complexity=26 evals=2000007
      Livermore-15 run=33 seed=902677639 time=0.847s reward=1.000000 train_r2=1.000000 test_r2=1.000000 complexity=3 evals=121238
      Livermore-14 run=33 seed=902677639 time=1.022s reward=1.000000 train_r2=1.000000 test_r2=1.000000 complexity=14 evals=140767
      Livermore-19 run=33 seed=902677639 time=0.314s reward=1.000000 train_r2=1.000000 test_r2=1.000000 complexity=12 evals=48779
      Livermore-16 run=33 seed=902677639 time=0.978s reward=1.000000 train_r2=1.000000 test_r2=1.000000 complexity=5 evals=144603
      Livermore-20 run=33 seed=902677639 time=0.019s reward=1.000000 train_r2=1.000000 test_r2=1.000000 complexity=6 evals=3553
       Livermore-9 run=29 seed=2169555080 time=19.821s reward=0.984725 train_r2=0.999759 test_r2=0.970685 complexity=27 evals=2000002
      Livermore-18 run=28 seed=861316294 time=22.051s reward=0.999999 train_r2=1.000000 test_r2=1.000000 complexity=9 evals=2000004
      Livermore-22 run=33 seed=902677639 time=0.436s reward=1.000000 train_r2=1.000000 test_r2=1.000000 complexity=6 evals=69455
      Livermore-10 run=32 seed=540967856 time=6.451s reward=1.000000 train_r2=1.000000 test_r2=1.000000 complexity=6 evals=742995
      Livermore-17 run=33 seed=902677639 time=1.517s reward=1.000000 train_r2=1.000000 test_r2=1.000000 complexity=6 evals=195186
       Livermore-4 run=34 seed=2191321948 time=0.346s reward=1.000000 train_r2=1.000000 test_r2=1.000000 complexity=13 evals=57480
       Livermore-8 run=30 seed=758553822 time=16.587s reward=0.999936 train_r2=1.000000 test_r2=1.000000 complexity=14 evals=2000003
       Livermore-1 run=34 seed=2191321948 time=1.576s reward=1.000000 train_r2=1.000000 test_r2=1.000000 complexity=7 evals=38171
       Livermore-5 run=34 seed=2191321948 time=0.970s reward=1.000000 train_r2=1.000000 test_r2=1.000000 complexity=15 evals=129947
       Livermore-3 run=34 seed=2191321948 time=1.699s reward=1.000000 train_r2=1.000000 test_r2=1.000000 complexity=11 evals=197698
      Livermore-18 run=29 seed=2169555080 time=19.269s reward=0.953963 train_r2=0.997671 test_r2=0.997503 complexity=41 evals=2000006
      Livermore-17 run=29 seed=2169555080 time=20.436s reward=0.996679 train_r2=0.999989 test_r2=0.999756 complexity=27 evals=2000002
       Livermore-7 run=30 seed=758553822 time=18.509s reward=0.999819 train_r2=1.000000 test_r2=1.000000 complexity=26 evals=2000000
      Livermore-18 run=33 seed=902677639 time=4.162s reward=0.999999 train_r2=1.000000 test_r2=1.000000 complexity=9 evals=438372
      Livermore-13 run=34 seed=2191321948 time=0.204s reward=1.000000 train_r2=1.000000 test_r2=1.000000 complexity=3 evals=34559
       Livermore-9 run=31 seed=1393567789 time=13.880s reward=1.000000 train_r2=1.000000 test_r2=1.000000 complexity=23 evals=1392617
      Livermore-15 run=34 seed=2191321948 time=0.353s reward=1.000000 train_r2=1.000000 test_r2=1.000000 complexity=3 evals=54029
       Livermore-9 run=30 seed=758553822 time=19.637s reward=0.990020 train_r2=0.999898 test_r2=0.999782 complexity=17 evals=2000001
      Livermore-14 run=34 seed=2191321948 time=1.353s reward=1.000000 train_r2=1.000000 test_r2=1.000000 complexity=14 evals=171397
      Livermore-19 run=34 seed=2191321948 time=0.039s reward=1.000000 train_r2=1.000000 test_r2=1.000000 complexity=10 evals=7199
      Livermore-16 run=34 seed=2191321948 time=1.299s reward=1.000000 train_r2=1.000000 test_r2=1.000000 complexity=3 evals=178764
      Livermore-20 run=34 seed=2191321948 time=0.043s reward=1.000000 train_r2=1.000000 test_r2=1.000000 complexity=6 evals=7967
      Livermore-13 run=33 seed=902677639 time=7.135s reward=1.000000 train_r2=1.000000 test_r2=1.000000 complexity=3 evals=820073
      Livermore-22 run=34 seed=2191321948 time=0.269s reward=1.000000 train_r2=1.000000 test_r2=1.000000 complexity=6 evals=43161
       Livermore-2 run=35 seed=1851676975 time=1.063s reward=1.000000 train_r2=1.000000 test_r2=1.000000 complexity=9 evals=135926
       Livermore-7 run=31 seed=1393567789 time=17.301s reward=0.999876 train_r2=1.000000 test_r2=1.000000 complexity=30 evals=2000001
       Livermore-3 run=35 seed=1851676975 time=0.648s reward=1.000000 train_r2=1.000000 test_r2=1.000000 complexity=11 evals=84148
       Livermore-4 run=35 seed=1851676975 time=0.081s reward=1.000000 train_r2=1.000000 test_r2=1.000000 complexity=11 evals=14492
      Livermore-12 run=34 seed=2191321948 time=4.977s reward=1.000000 train_r2=1.000000 test_r2=0.999931 complexity=24 evals=531806
       Livermore-6 run=31 seed=1393567789 time=18.689s reward=0.989668 train_r2=0.999891 test_r2=0.999931 complexity=26 evals=2000009
       Livermore-7 run=33 seed=902677639 time=10.662s reward=1.000000 train_r2=1.000000 test_r2=1.000000 complexity=2 evals=1210550
       Livermore-1 run=35 seed=1851676975 time=4.040s reward=1.000000 train_r2=1.000000 test_r2=1.000000 complexity=7 evals=94986
       Livermore-8 run=35 seed=1851676975 time=2.254s reward=1.000000 train_r2=1.000000 test_r2=1.000000 complexity=2 evals=320244
      Livermore-11 run=35 seed=1851676975 time=0.029s reward=0.999999 train_r2=1.000000 test_r2=1.000000 complexity=12 evals=5336
       Livermore-6 run=34 seed=2191321948 time=9.730s reward=1.000000 train_r2=1.000000 test_r2=1.000000 complexity=17 evals=1150717
       Livermore-8 run=32 seed=540967856 time=16.653s reward=0.999947 train_r2=1.000000 test_r2=1.000000 complexity=14 evals=2000004
      Livermore-17 run=31 seed=1393567789 time=19.665s reward=0.992274 train_r2=0.999939 test_r2=0.999476 complexity=27 evals=2000008
      Livermore-21 run=31 seed=1393567789 time=19.585s reward=0.995087 train_r2=0.999976 test_r2=0.999942 complexity=22 evals=2000003
      Livermore-14 run=35 seed=1851676975 time=0.646s reward=1.000000 train_r2=1.000000 test_r2=1.000000 complexity=14 evals=101012
      Livermore-15 run=35 seed=1851676975 time=0.303s reward=1.000000 train_r2=1.000000 test_r2=1.000000 complexity=3 evals=50306
      Livermore-12 run=35 seed=1851676975 time=0.957s reward=1.000000 train_r2=1.000000 test_r2=1.000000 complexity=7 evals=130108
      Livermore-10 run=31 seed=1393567789 time=21.961s reward=0.991774 train_r2=0.999931 test_r2=0.999887 complexity=28 evals=2000002
      Livermore-18 run=31 seed=1393567789 time=20.091s reward=0.960970 train_r2=0.998350 test_r2=0.998005 complexity=32 evals=2000001
      Livermore-20 run=35 seed=1851676975 time=0.034s reward=1.000000 train_r2=1.000000 test_r2=1.000000 complexity=6 evals=6420
       Livermore-5 run=35 seed=1851676975 time=4.937s reward=1.000000 train_r2=1.000000 test_r2=1.000000 complexity=14 evals=551269
      Livermore-19 run=35 seed=1851676975 time=0.513s reward=1.000000 train_r2=1.000000 test_r2=1.000000 complexity=10 evals=80945
      Livermore-22 run=35 seed=1851676975 time=0.354s reward=1.000000 train_r2=1.000000 test_r2=1.000000 complexity=6 evals=55885
       Livermore-7 run=32 seed=540967856 time=18.506s reward=0.999825 train_r2=1.000000 test_r2=1.000000 complexity=22 evals=2000006
      Livermore-16 run=35 seed=1851676975 time=1.170s reward=1.000000 train_r2=1.000000 test_r2=1.000000 complexity=5 evals=180975
       Livermore-3 run=36 seed=1139067352 time=0.590s reward=1.000000 train_r2=1.000000 test_r2=1.000000 complexity=11 evals=81502
       Livermore-4 run=36 seed=1139067352 time=0.871s reward=1.000000 train_r2=1.000000 test_r2=1.000000 complexity=13 evals=113251
       Livermore-8 run=33 seed=902677639 time=15.854s reward=1.000000 train_r2=1.000000 test_r2=1.000000 complexity=2 evals=1732073
      Livermore-21 run=35 seed=1851676975 time=1.497s reward=1.000000 train_r2=1.000000 test_r2=1.000000 complexity=17 evals=207024
       Livermore-2 run=36 seed=1139067352 time=1.398s reward=1.000000 train_r2=1.000000 test_r2=1.000000 complexity=9 evals=187903
       Livermore-9 run=32 seed=540967856 time=19.304s reward=0.992962 train_r2=0.999950 test_r2=0.999833 complexity=27 evals=2000000
      Livermore-11 run=36 seed=1139067352 time=0.628s reward=0.999999 train_r2=1.000000 test_r2=1.000000 complexity=12 evals=86903
       Livermore-1 run=36 seed=1139067352 time=2.150s reward=1.000000 train_r2=1.000000 test_r2=1.000000 complexity=7 evals=51531
      Livermore-12 run=36 seed=1139067352 time=0.135s reward=1.000000 train_r2=1.000000 test_r2=1.000000 complexity=7 evals=19986
      Livermore-13 run=36 seed=1139067352 time=0.148s reward=1.000000 train_r2=1.000000 test_r2=1.000000 complexity=3 evals=25143
      Livermore-15 run=36 seed=1139067352 time=0.203s reward=1.000000 train_r2=1.000000 test_r2=1.000000 complexity=3 evals=32459
       Livermore-6 run=32 seed=540967856 time=21.420s reward=0.992874 train_r2=0.999948 test_r2=0.999824 complexity=28 evals=2000000
      Livermore-21 run=32 seed=540967856 time=20.543s reward=0.993181 train_r2=0.999953 test_r2=0.999900 complexity=35 evals=2000002
       Livermore-5 run=36 seed=1139067352 time=3.617s reward=1.000000 train_r2=1.000000 test_r2=1.000000 complexity=14 evals=448815
      Livermore-19 run=36 seed=1139067352 time=0.349s reward=1.000000 train_r2=1.000000 test_r2=1.000000 complexity=12 evals=57284
      Livermore-20 run=36 seed=1139067352 time=0.043s reward=1.000000 train_r2=1.000000 test_r2=1.000000 complexity=6 evals=8397
       Livermore-8 run=34 seed=2191321948 time=15.697s reward=1.000000 train_r2=1.000000 test_r2=1.000000 complexity=2 evals=1681219
      Livermore-22 run=36 seed=1139067352 time=0.125s reward=1.000000 train_r2=1.000000 test_r2=1.000000 complexity=6 evals=21394
      Livermore-18 run=32 seed=540967856 time=22.091s reward=0.991735 train_r2=0.999931 test_r2=0.999849 complexity=21 evals=2000009
       Livermore-9 run=33 seed=902677639 time=20.048s reward=0.994527 train_r2=0.999970 test_r2=0.999941 complexity=33 evals=2000003
       Livermore-6 run=33 seed=902677639 time=20.490s reward=0.993650 train_r2=0.999959 test_r2=0.999930 complexity=21 evals=2000000
      Livermore-14 run=36 seed=1139067352 time=3.592s reward=1.000000 train_r2=1.000000 test_r2=1.000000 complexity=14 evals=411763
       Livermore-4 run=37 seed=1305444561 time=0.167s reward=1.000000 train_r2=1.000000 test_r2=1.000000 complexity=13 evals=26645
      Livermore-10 run=35 seed=1851676975 time=8.899s reward=1.000000 train_r2=1.000000 test_r2=1.000000 complexity=6 evals=894006
      Livermore-13 run=35 seed=1851676975 time=7.534s reward=1.000000 train_r2=1.000000 test_r2=1.000000 complexity=3 evals=860666
       Livermore-7 run=34 seed=2191321948 time=16.949s reward=0.999860 train_r2=1.000000 test_r2=1.000000 complexity=8 evals=2000003
      Livermore-10 run=33 seed=902677639 time=20.775s reward=0.980408 train_r2=0.999601 test_r2=0.999781 complexity=24 evals=2000007
       Livermore-2 run=34 seed=2191321948 time=18.672s reward=0.994725 train_r2=0.999972 test_r2=0.999946 complexity=29 evals=2000002
      Livermore-11 run=37 seed=1305444561 time=0.245s reward=1.000000 train_r2=1.000000 test_r2=1.000000 complexity=12 evals=38840
       Livermore-3 run=37 seed=1305444561 time=1.159s reward=1.000000 train_r2=1.000000 test_r2=1.000000 complexity=11 evals=150497
      Livermore-13 run=37 seed=1305444561 time=0.149s reward=1.000000 train_r2=1.000000 test_r2=1.000000 complexity=3 evals=25912
      Livermore-12 run=37 seed=1305444561 time=0.416s reward=1.000000 train_r2=1.000000 test_r2=1.000000 complexity=7 evals=58549
      Livermore-21 run=33 seed=902677639 time=19.826s reward=0.994746 train_r2=0.999972 test_r2=0.999983 complexity=26 evals=2000003
      Livermore-17 run=34 seed=2191321948 time=15.753s reward=1.000000 train_r2=1.000000 test_r2=1.000000 complexity=6 evals=1657647
      Livermore-21 run=36 seed=1139067352 time=3.008s reward=1.000000 train_r2=1.000000 test_r2=1.000000 complexity=15 evals=369406
      Livermore-15 run=37 seed=1305444561 time=0.353s reward=1.000000 train_r2=1.000000 test_r2=1.000000 complexity=3 evals=59872
       Livermore-2 run=37 seed=1305444561 time=2.665s reward=1.000000 train_r2=1.000000 test_r2=1.000000 complexity=9 evals=293503
      Livermore-20 run=37 seed=1305444561 time=0.015s reward=1.000000 train_r2=1.000000 test_r2=1.000000 complexity=6 evals=2744
      Livermore-19 run=37 seed=1305444561 time=0.565s reward=1.000000 train_r2=1.000000 test_r2=1.000000 complexity=10 evals=86973
       Livermore-1 run=37 seed=1305444561 time=3.101s reward=1.000000 train_r2=1.000000 test_r2=1.000000 complexity=7 evals=74681
      Livermore-11 run=34 seed=2191321948 time=18.490s reward=0.999999 train_r2=1.000000 test_r2=1.000000 complexity=12 evals=2000001
      Livermore-22 run=37 seed=1305444561 time=0.224s reward=1.000000 train_r2=1.000000 test_r2=1.000000 complexity=6 evals=38914
      Livermore-16 run=37 seed=1305444561 time=1.075s reward=1.000000 train_r2=1.000000 test_r2=1.000000 complexity=3 evals=147768
       Livermore-4 run=38 seed=1869174399 time=0.173s reward=1.000000 train_r2=1.000000 test_r2=1.000000 complexity=11 evals=28355
       Livermore-5 run=38 seed=1869174399 time=0.301s reward=1.000000 train_r2=1.000000 test_r2=1.000000 complexity=14 evals=49102
      Livermore-21 run=37 seed=1305444561 time=1.369s reward=1.000000 train_r2=1.000000 test_r2=1.000000 complexity=19 evals=173309
       Livermore-3 run=38 seed=1869174399 time=0.912s reward=1.000000 train_r2=1.000000 test_r2=1.000000 complexity=11 evals=128562
      Livermore-16 run=36 seed=1139067352 time=7.130s reward=1.000000 train_r2=1.000000 test_r2=1.000000 complexity=3 evals=878534
       Livermore-9 run=34 seed=2191321948 time=19.785s reward=0.994479 train_r2=0.999969 test_r2=0.999911 complexity=19 evals=2000008
       Livermore-6 run=37 seed=1305444561 time=3.872s reward=1.000000 train_r2=1.000000 test_r2=1.000000 complexity=17 evals=447759
      Livermore-10 run=34 seed=2191321948 time=20.044s reward=0.993436 train_r2=0.999956 test_r2=0.999932 complexity=18 evals=2000005
      Livermore-11 run=38 seed=1869174399 time=0.252s reward=1.000000 train_r2=1.000000 test_r2=1.000000 complexity=12 evals=38435
      Livermore-13 run=38 seed=1869174399 time=0.098s reward=1.000000 train_r2=1.000000 test_r2=1.000000 complexity=3 evals=17782
      Livermore-12 run=38 seed=1869174399 time=0.622s reward=1.000000 train_r2=1.000000 test_r2=1.000000 complexity=7 evals=79317
      Livermore-15 run=38 seed=1869174399 time=0.249s reward=1.000000 train_r2=1.000000 test_r2=1.000000 complexity=3 evals=40159
      Livermore-18 run=35 seed=1851676975 time=12.089s reward=0.999999 train_r2=1.000000 test_r2=1.000000 complexity=9 evals=1160775
       Livermore-1 run=38 seed=1869174399 time=3.227s reward=1.000000 train_r2=1.000000 test_r2=1.000000 complexity=7 evals=76349
      Livermore-16 run=38 seed=1869174399 time=0.849s reward=1.000000 train_r2=1.000000 test_r2=1.000000 complexity=3 evals=124417
       Livermore-5 run=37 seed=1305444561 time=5.989s reward=1.000000 train_r2=1.000000 test_r2=1.000000 complexity=14 evals=677609
      Livermore-20 run=38 seed=1869174399 time=0.037s reward=1.000000 train_r2=1.000000 test_r2=1.000000 complexity=6 evals=6704
      Livermore-19 run=38 seed=1869174399 time=0.510s reward=1.000000 train_r2=1.000000 test_r2=1.000000 complexity=12 evals=75695
      Livermore-14 run=38 seed=1869174399 time=2.171s reward=1.000000 train_r2=1.000000 test_r2=1.000000 complexity=14 evals=277341
      Livermore-22 run=38 seed=1869174399 time=0.311s reward=1.000000 train_r2=1.000000 test_r2=1.000000 complexity=6 evals=49831
      Livermore-17 run=38 seed=1869174399 time=1.452s reward=1.000000 train_r2=1.000000 test_r2=1.000000 complexity=6 evals=182908
      Livermore-21 run=34 seed=2191321948 time=20.665s reward=0.993556 train_r2=0.999958 test_r2=0.997625 complexity=19 evals=2000001
       Livermore-3 run=39 seed=2928440539 time=0.711s reward=1.000000 train_r2=1.000000 test_r2=1.000000 complexity=11 evals=97457
       Livermore-4 run=39 seed=2928440539 time=0.269s reward=1.000000 train_r2=1.000000 test_r2=1.000000 complexity=11 evals=40154
       Livermore-5 run=39 seed=2928440539 time=0.303s reward=1.000000 train_r2=1.000000 test_r2=1.000000 complexity=14 evals=48413
       Livermore-7 run=35 seed=1851676975 time=18.253s reward=0.999762 train_r2=1.000000 test_r2=1.000000 complexity=22 evals=2000000
       Livermore-2 run=39 seed=2928440539 time=1.714s reward=1.000000 train_r2=1.000000 test_r2=1.000000 complexity=9 evals=210834
       Livermore-6 run=35 seed=1851676975 time=19.122s reward=0.994631 train_r2=0.999971 test_r2=0.999983 complexity=28 evals=2000001
      Livermore-18 run=34 seed=2191321948 time=21.653s reward=0.926726 train_r2=0.993747 test_r2=0.994741 complexity=30 evals=2000001
       Livermore-6 run=38 seed=1869174399 time=6.487s reward=1.000000 train_r2=1.000000 test_r2=1.000000 complexity=17 evals=712566
       Livermore-1 run=39 seed=2928440539 time=3.469s reward=1.000000 train_r2=1.000000 test_r2=1.000000 complexity=7 evals=84039
      Livermore-13 run=39 seed=2928440539 time=0.113s reward=1.000000 train_r2=1.000000 test_r2=1.000000 complexity=3 evals=20085
      Livermore-14 run=39 seed=2928440539 time=0.329s reward=1.000000 train_r2=1.000000 test_r2=1.000000 complexity=14 evals=51490
      Livermore-15 run=39 seed=2928440539 time=0.309s reward=1.000000 train_r2=1.000000 test_r2=1.000000 complexity=3 evals=50375
      Livermore-16 run=39 seed=2928440539 time=0.196s reward=1.000000 train_r2=1.000000 test_r2=1.000000 complexity=3 evals=33239
      Livermore-12 run=39 seed=2928440539 time=1.380s reward=1.000000 train_r2=1.000000 test_r2=1.000000 complexity=7 evals=174503
       Livermore-9 run=35 seed=1851676975 time=20.887s reward=0.993975 train_r2=0.999963 test_r2=0.999998 complexity=43 evals=2000002
      Livermore-19 run=39 seed=2928440539 time=0.172s reward=1.000000 train_r2=1.000000 test_r2=1.000000 complexity=10 evals=27073
      Livermore-20 run=39 seed=2928440539 time=0.010s reward=1.000000 train_r2=1.000000 test_r2=1.000000 complexity=6 evals=1744
      Livermore-17 run=35 seed=1851676975 time=18.727s reward=0.991378 train_r2=0.999924 test_r2=0.999929 complexity=31 evals=2000006
       Livermore-2 run=38 seed=1869174399 time=9.770s reward=1.000000 train_r2=1.000000 test_r2=1.000000 complexity=9 evals=1097108
      Livermore-21 run=39 seed=2928440539 time=1.208s reward=1.000000 train_r2=1.000000 test_r2=1.000000 complexity=16 evals=155620
      Livermore-10 run=36 seed=1139067352 time=17.803s reward=0.991128 train_r2=0.999920 test_r2=0.999266 complexity=16 evals=2000002
       Livermore-3 run=40 seed=4027297405 time=0.421s reward=1.000000 train_r2=1.000000 test_r2=1.000000 complexity=11 evals=66708
       Livermore-8 run=36 seed=1139067352 time=18.511s reward=0.999931 train_r2=1.000000 test_r2=1.000000 complexity=14 evals=2000007
       Livermore-4 run=40 seed=4027297405 time=0.224s reward=1.000000 train_r2=1.000000 test_r2=1.000000 complexity=11 evals=37505
       Livermore-7 run=36 seed=1139067352 time=18.621s reward=0.999857 train_r2=1.000000 test_r2=1.000000 complexity=36 evals=2000002
       Livermore-9 run=36 seed=1139067352 time=18.758s reward=0.996421 train_r2=0.999987 test_r2=0.999854 complexity=23 evals=2000000
       Livermore-6 run=39 seed=2928440539 time=6.241s reward=1.000000 train_r2=1.000000 test_r2=1.000000 complexity=17 evals=644741
       Livermore-5 run=40 seed=4027297405 time=0.646s reward=1.000000 train_r2=1.000000 test_r2=1.000000 complexity=14 evals=94996
       Livermore-6 run=36 seed=1139067352 time=20.164s reward=0.993165 train_r2=0.999953 test_r2=0.999765 complexity=27 evals=2000002
      Livermore-11 run=40 seed=4027297405 time=0.186s reward=1.000000 train_r2=1.000000 test_r2=1.000000 complexity=12 evals=28849
       Livermore-1 run=40 seed=4027297405 time=3.437s reward=1.000000 train_r2=1.000000 test_r2=1.000000 complexity=7 evals=81943
       Livermore-8 run=38 seed=1869174399 time=12.365s reward=1.000000 train_r2=1.000000 test_r2=1.000000 complexity=2 evals=1444264
       Livermore-1 run=33 seed=902677639 time=37.947s reward=1.000000 train_r2=1.000000 test_r2=1.000000 complexity=7 evals=759624
       Livermore-8 run=37 seed=1305444561 time=16.516s reward=0.999929 train_r2=1.000000 test_r2=1.000000 complexity=14 evals=2000000
      Livermore-17 run=36 seed=1139067352 time=19.830s reward=0.993601 train_r2=0.999959 test_r2=0.999871 complexity=20 evals=2000004
      Livermore-16 run=40 seed=4027297405 time=0.203s reward=1.000000 train_r2=1.000000 test_r2=1.000000 complexity=3 evals=35101
      Livermore-10 run=40 seed=4027297405 time=2.451s reward=1.000000 train_r2=1.000000 test_r2=1.000000 complexity=6 evals=297201
      Livermore-15 run=40 seed=4027297405 time=0.605s reward=1.000000 train_r2=1.000000 test_r2=1.000000 complexity=3 evals=96560
      Livermore-20 run=40 seed=4027297405 time=0.049s reward=1.000000 train_r2=1.000000 test_r2=1.000000 complexity=6 evals=9156
      Livermore-21 run=38 seed=1869174399 time=11.409s reward=1.000000 train_r2=1.000000 test_r2=1.000000 complexity=17 evals=1180666
      Livermore-12 run=40 seed=4027297405 time=1.943s reward=1.000000 train_r2=1.000000 test_r2=0.999997 complexity=11 evals=230882
      Livermore-19 run=40 seed=4027297405 time=0.524s reward=1.000000 train_r2=1.000000 test_r2=1.000000 complexity=10 evals=74216
      Livermore-22 run=39 seed=2928440539 time=5.308s reward=1.000000 train_r2=1.000000 test_r2=1.000000 complexity=6 evals=678927
      Livermore-10 run=39 seed=2928440539 time=9.298s reward=1.000000 train_r2=1.000000 test_r2=1.000000 complexity=6 evals=1127779
       Livermore-9 run=37 seed=1305444561 time=17.360s reward=0.990389 train_r2=0.999906 test_r2=0.999805 complexity=27 evals=2000008
       Livermore-2 run=41 seed=3926696696 time=0.425s reward=1.000000 train_r2=1.000000 test_r2=1.000000 complexity=9 evals=60044
       Livermore-4 run=41 seed=3926696696 time=0.411s reward=1.000000 train_r2=1.000000 test_r2=1.000000 complexity=12 evals=66187
       Livermore-3 run=41 seed=3926696696 time=0.689s reward=1.000000 train_r2=1.000000 test_r2=1.000000 complexity=11 evals=103307
       Livermore-2 run=40 seed=4027297405 time=5.781s reward=1.000000 train_r2=1.000000 test_r2=1.000000 complexity=9 evals=628987
       Livermore-1 run=41 seed=3926696696 time=1.605s reward=1.000000 train_r2=1.000000 test_r2=1.000000 complexity=7 evals=38241
       Livermore-8 run=41 seed=3926696696 time=0.891s reward=1.000000 train_r2=1.000000 test_r2=1.000000 complexity=2 evals=136760
       Livermore-7 run=37 seed=1305444561 time=19.301s reward=0.999699 train_r2=1.000000 test_r2=1.000000 complexity=25 evals=2000002
      Livermore-12 run=41 seed=3926696696 time=0.308s reward=1.000000 train_r2=1.000000 test_r2=1.000000 complexity=7 evals=43699
      Livermore-14 run=37 seed=1305444561 time=18.715s reward=0.999885 train_r2=1.000000 test_r2=1.000000 complexity=22 evals=2000000
      Livermore-10 run=41 seed=3926696696 time=0.954s reward=1.000000 train_r2=1.000000 test_r2=1.000000 complexity=6 evals=126847
      Livermore-15 run=41 seed=3926696696 time=0.401s reward=1.000000 train_r2=1.000000 test_r2=1.000000 complexity=3 evals=60692
      Livermore-13 run=40 seed=4027297405 time=4.823s reward=1.000000 train_r2=1.000000 test_r2=1.000000 complexity=3 evals=637194
      Livermore-14 run=41 seed=3926696696 time=0.785s reward=1.000000 train_r2=1.000000 test_r2=1.000000 complexity=14 evals=111108
       Livermore-5 run=41 seed=3926696696 time=3.039s reward=1.000000 train_r2=1.000000 test_r2=1.000000 complexity=15 evals=408923
      Livermore-19 run=41 seed=3926696696 time=0.636s reward=1.000000 train_r2=1.000000 test_r2=1.000000 complexity=10 evals=101778
      Livermore-20 run=41 seed=3926696696 time=0.024s reward=1.000000 train_r2=1.000000 test_r2=1.000000 complexity=6 evals=4860
      Livermore-10 run=37 seed=1305444561 time=20.905s reward=0.985193 train_r2=0.999774 test_r2=0.999134 complexity=31 evals=2000003
      Livermore-17 run=37 seed=1305444561 time=20.200s reward=0.997302 train_r2=0.999993 test_r2=0.999945 complexity=13 evals=2000008
       Livermore-7 run=38 seed=1869174399 time=18.610s reward=0.999749 train_r2=1.000000 test_r2=1.000000 complexity=15 evals=2000001
      Livermore-18 run=36 seed=1139067352 time=23.703s reward=0.975052 train_r2=0.999345 test_r2=0.998871 complexity=30 evals=2000006
       Livermore-3 run=42 seed=3747793057 time=0.307s reward=1.000000 train_r2=1.000000 test_r2=1.000000 complexity=11 evals=45475
      Livermore-18 run=37 seed=1305444561 time=20.436s reward=0.963050 train_r2=0.998528 test_r2=0.998852 complexity=42 evals=2000004
      Livermore-13 run=41 seed=3926696696 time=2.713s reward=1.000000 train_r2=1.000000 test_r2=1.000000 complexity=3 evals=336139
       Livermore-4 run=42 seed=3747793057 time=0.331s reward=1.000000 train_r2=1.000000 test_r2=1.000000 complexity=13 evals=49912
       Livermore-5 run=42 seed=3747793057 time=0.370s reward=1.000000 train_r2=1.000000 test_r2=1.000000 complexity=14 evals=61022
      Livermore-21 run=41 seed=3926696696 time=1.642s reward=1.000000 train_r2=1.000000 test_r2=1.000000 complexity=19 evals=228235
      Livermore-16 run=41 seed=3926696696 time=3.067s reward=1.000000 train_r2=1.000000 test_r2=1.000000 complexity=3 evals=394601
      Livermore-17 run=39 seed=2928440539 time=12.562s reward=1.000000 train_r2=1.000000 test_r2=1.000000 complexity=6 evals=1336439
       Livermore-9 run=38 seed=1869174399 time=19.847s reward=0.996399 train_r2=0.999987 test_r2=0.999934 complexity=19 evals=2000002
      Livermore-12 run=42 seed=3747793057 time=0.429s reward=1.000000 train_r2=1.000000 test_r2=1.000000 complexity=7 evals=57095
      Livermore-13 run=42 seed=3747793057 time=0.131s reward=1.000000 train_r2=1.000000 test_r2=1.000000 complexity=3 evals=22720
      Livermore-10 run=38 seed=1869174399 time=20.309s reward=0.993403 train_r2=0.999956 test_r2=0.999725 complexity=37 evals=2000004
      Livermore-15 run=42 seed=3747793057 time=0.196s reward=1.000000 train_r2=1.000000 test_r2=1.000000 complexity=3 evals=32089
      Livermore-18 run=41 seed=3926696696 time=3.889s reward=0.999999 train_r2=1.000000 test_r2=1.000000 complexity=9 evals=426459
      Livermore-14 run=40 seed=4027297405 time=8.994s reward=1.000000 train_r2=1.000000 test_r2=1.000000 complexity=14 evals=1008962
       Livermore-1 run=42 seed=3747793057 time=3.069s reward=1.000000 train_r2=1.000000 test_r2=1.000000 complexity=7 evals=74873
      Livermore-14 run=42 seed=3747793057 time=0.724s reward=1.000000 train_r2=1.000000 test_r2=1.000000 complexity=14 evals=100630
      Livermore-20 run=42 seed=3747793057 time=0.029s reward=1.000000 train_r2=1.000000 test_r2=1.000000 complexity=6 evals=5699
      Livermore-19 run=42 seed=3747793057 time=0.402s reward=1.000000 train_r2=1.000000 test_r2=1.000000 complexity=10 evals=59559
      Livermore-16 run=42 seed=3747793057 time=0.969s reward=1.000000 train_r2=1.000000 test_r2=1.000000 complexity=5 evals=139431
       Livermore-2 run=42 seed=3747793057 time=4.034s reward=1.000000 train_r2=1.000000 test_r2=1.000000 complexity=9 evals=462264
       Livermore-7 run=39 seed=2928440539 time=18.456s reward=0.999928 train_r2=1.000000 test_r2=1.000000 complexity=25 evals=2000002
       Livermore-2 run=43 seed=837591013 time=0.480s reward=1.000000 train_r2=1.000000 test_r2=1.000000 complexity=9 evals=66116
       Livermore-8 run=39 seed=2928440539 time=18.595s reward=0.999932 train_r2=1.000000 test_r2=1.000000 complexity=14 evals=2000001
      Livermore-17 run=40 seed=4027297405 time=9.877s reward=1.000000 train_r2=1.000000 test_r2=1.000000 complexity=6 evals=1022093
       Livermore-4 run=43 seed=837591013 time=0.261s reward=1.000000 train_r2=1.000000 test_r2=1.000000 complexity=11 evals=40092
       Livermore-3 run=43 seed=837591013 time=0.672s reward=1.000000 train_r2=1.000000 test_r2=1.000000 complexity=11 evals=91353
      Livermore-11 run=39 seed=2928440539 time=18.780s reward=0.999998 train_r2=1.000000 test_r2=1.000000 complexity=12 evals=2000003
       Livermore-9 run=39 seed=2928440539 time=18.943s reward=0.991093 train_r2=0.999919 test_r2=0.999958 complexity=27 evals=2000007
       Livermore-5 run=43 seed=837591013 time=0.591s reward=1.000000 train_r2=1.000000 test_r2=1.000000 complexity=14 evals=86230
      Livermore-22 run=42 seed=3747793057 time=2.548s reward=1.000000 train_r2=1.000000 test_r2=1.000000 complexity=6 evals=325174
      Livermore-18 run=38 seed=1869174399 time=22.234s reward=0.987102 train_r2=0.999829 test_r2=0.999855 complexity=30 evals=2000007
      Livermore-17 run=42 seed=3747793057 time=3.439s reward=1.000000 train_r2=1.000000 test_r2=1.000000 complexity=6 evals=415942
      Livermore-13 run=43 seed=837591013 time=0.361s reward=1.000000 train_r2=1.000000 test_r2=1.000000 complexity=3 evals=58354
      Livermore-11 run=43 seed=837591013 time=1.131s reward=0.999999 train_r2=1.000000 test_r2=1.000000 complexity=12 evals=146258
      Livermore-12 run=43 seed=837591013 time=0.859s reward=1.000000 train_r2=1.000000 test_r2=1.000000 complexity=7 evals=105785
       Livermore-1 run=43 seed=837591013 time=3.487s reward=1.000000 train_r2=1.000000 test_r2=1.000000 complexity=7 evals=81568
      Livermore-14 run=43 seed=837591013 time=1.046s reward=1.000000 train_r2=1.000000 test_r2=1.000000 complexity=14 evals=140105
      Livermore-17 run=41 seed=3926696696 time=8.499s reward=1.000000 train_r2=1.000000 test_r2=1.000000 complexity=6 evals=976548
      Livermore-20 run=43 seed=837591013 time=0.022s reward=1.000000 train_r2=1.000000 test_r2=1.000000 complexity=6 evals=4389
      Livermore-19 run=43 seed=837591013 time=0.389s reward=1.000000 train_r2=1.000000 test_r2=1.000000 complexity=10 evals=60331
      Livermore-15 run=43 seed=837591013 time=1.424s reward=1.000000 train_r2=1.000000 test_r2=1.000000 complexity=3 evals=180182
      Livermore-16 run=43 seed=837591013 time=1.581s reward=1.000000 train_r2=1.000000 test_r2=1.000000 complexity=3 evals=218798
      Livermore-22 run=43 seed=837591013 time=1.460s reward=1.000000 train_r2=1.000000 test_r2=1.000000 complexity=6 evals=202981
       Livermore-2 run=44 seed=2366855942 time=1.172s reward=1.000000 train_r2=1.000000 test_r2=1.000000 complexity=9 evals=155794
       Livermore-3 run=44 seed=2366855942 time=0.453s reward=1.000000 train_r2=1.000000 test_r2=1.000000 complexity=11 evals=65025
       Livermore-8 run=40 seed=4027297405 time=17.394s reward=0.999933 train_r2=1.000000 test_r2=1.000000 complexity=14 evals=2000004
       Livermore-4 run=44 seed=2366855942 time=0.397s reward=1.000000 train_r2=1.000000 test_r2=1.000000 complexity=11 evals=58431
      Livermore-22 run=40 seed=4027297405 time=14.600s reward=1.000000 train_r2=1.000000 test_r2=1.000000 complexity=6 evals=1535504
      Livermore-18 run=39 seed=2928440539 time=21.310s reward=0.930492 train_r2=0.994420 test_r2=0.994359 complexity=28 evals=2000001
       Livermore-7 run=40 seed=4027297405 time=18.485s reward=0.999805 train_r2=1.000000 test_r2=1.000000 complexity=22 evals=2000001
       Livermore-6 run=40 seed=4027297405 time=18.577s reward=0.991470 train_r2=0.999926 test_r2=0.999943 complexity=31 evals=2000004
      Livermore-11 run=44 seed=2366855942 time=0.769s reward=1.000000 train_r2=1.000000 test_r2=1.000000 complexity=12 evals=111260
      Livermore-12 run=44 seed=2366855942 time=0.125s reward=1.000000 train_r2=1.000000 test_r2=1.000000 complexity=7 evals=21080
      Livermore-10 run=43 seed=837591013 time=6.557s reward=1.000000 train_r2=1.000000 test_r2=1.000000 complexity=6 evals=766527
       Livermore-1 run=44 seed=2366855942 time=4.251s reward=1.000000 train_r2=1.000000 test_r2=1.000000 complexity=7 evals=97542
      Livermore-15 run=44 seed=2366855942 time=0.300s reward=1.000000 train_r2=1.000000 test_r2=1.000000 complexity=3 evals=45693
      Livermore-22 run=41 seed=3926696696 time=12.862s reward=1.000000 train_r2=1.000000 test_r2=1.000000 complexity=6 evals=1355322
       Livermore-9 run=40 seed=4027297405 time=20.270s reward=0.992484 train_r2=0.999943 test_r2=0.999922 complexity=25 evals=2000002
       Livermore-5 run=44 seed=2366855942 time=3.728s reward=1.000000 train_r2=1.000000 test_r2=1.000000 complexity=15 evals=456403
      Livermore-21 run=40 seed=4027297405 time=18.243s reward=0.998223 train_r2=0.999997 test_r2=0.999986 complexity=27 evals=2000000
      Livermore-10 run=42 seed=3747793057 time=11.961s reward=1.000000 train_r2=1.000000 test_r2=1.000000 complexity=6 evals=1220470
      Livermore-20 run=44 seed=2366855942 time=0.013s reward=1.000000 train_r2=1.000000 test_r2=1.000000 complexity=6 evals=2526
      Livermore-19 run=44 seed=2366855942 time=0.246s reward=1.000000 train_r2=1.000000 test_r2=1.000000 complexity=12 evals=38372
       Livermore-8 run=43 seed=837591013 time=8.326s reward=1.000000 train_r2=1.000000 test_r2=1.000000 complexity=2 evals=940172
      Livermore-14 run=44 seed=2366855942 time=1.880s reward=1.000000 train_r2=1.000000 test_r2=1.000000 complexity=14 evals=233682
       Livermore-7 run=41 seed=3926696696 time=17.586s reward=0.999887 train_r2=1.000000 test_r2=1.000000 complexity=42 evals=2000003
      Livermore-13 run=44 seed=2366855942 time=2.454s reward=1.000000 train_r2=1.000000 test_r2=1.000000 complexity=3 evals=338432
       Livermore-4 run=45 seed=3465266528 time=0.179s reward=1.000000 train_r2=1.000000 test_r2=1.000000 complexity=11 evals=31397
       Livermore-2 run=45 seed=3465266528 time=0.486s reward=1.000000 train_r2=1.000000 test_r2=1.000000 complexity=9 evals=70982
      Livermore-22 run=44 seed=2366855942 time=0.865s reward=1.000000 train_r2=1.000000 test_r2=1.000000 complexity=6 evals=137491
       Livermore-3 run=45 seed=3465266528 time=0.597s reward=1.000000 train_r2=1.000000 test_r2=1.000000 complexity=11 evals=86670
       Livermore-1 run=45 seed=3465266528 time=1.597s reward=1.000000 train_r2=1.000000 test_r2=1.000000 complexity=7 evals=38631
      Livermore-18 run=40 seed=4027297405 time=20.012s reward=0.936912 train_r2=0.995466 test_r2=0.994991 complexity=28 evals=2000000
      Livermore-11 run=41 seed=3926696696 time=18.080s reward=0.999999 train_r2=1.000000 test_r2=1.000000 complexity=12 evals=2000008
      Livermore-11 run=45 seed=3465266528 time=0.133s reward=0.999999 train_r2=1.000000 test_r2=1.000000 complexity=12 evals=22581
      Livermore-13 run=45 seed=3465266528 time=0.150s reward=1.000000 train_r2=1.000000 test_r2=1.000000 complexity=3 evals=28133
      Livermore-12 run=45 seed=3465266528 time=0.418s reward=1.000000 train_r2=1.000000 test_r2=1.000000 complexity=7 evals=60063
       Livermore-5 run=45 seed=3465266528 time=2.015s reward=1.000000 train_r2=1.000000 test_r2=1.000000 complexity=16 evals=284715
      Livermore-10 run=45 seed=3465266528 time=0.933s reward=1.000000 train_r2=1.000000 test_r2=1.000000 complexity=6 evals=130720
       Livermore-9 run=41 seed=3926696696 time=19.618s reward=0.992541 train_r2=0.999944 test_r2=0.996834 complexity=17 evals=2000006
      Livermore-15 run=45 seed=3465266528 time=0.733s reward=1.000000 train_r2=1.000000 test_r2=1.000000 complexity=3 evals=121055
       Livermore-6 run=41 seed=3926696696 time=20.324s reward=0.996332 train_r2=0.999986 test_r2=0.999700 complexity=40 evals=2000004
      Livermore-20 run=45 seed=3465266528 time=0.004s reward=1.000000 train_r2=1.000000 test_r2=1.000000 complexity=6 evals=695
      Livermore-19 run=45 seed=3465266528 time=0.236s reward=1.000000 train_r2=1.000000 test_r2=1.000000 complexity=10 evals=40136
      Livermore-22 run=45 seed=3465266528 time=0.146s reward=1.000000 train_r2=1.000000 test_r2=1.000000 complexity=6 evals=26120
      Livermore-14 run=45 seed=3465266528 time=1.479s reward=1.000000 train_r2=1.000000 test_r2=1.000000 complexity=14 evals=213212
      Livermore-17 run=44 seed=2366855942 time=4.760s reward=1.000000 train_r2=1.000000 test_r2=1.000000 complexity=6 evals=558923
      Livermore-16 run=45 seed=3465266528 time=1.224s reward=1.000000 train_r2=1.000000 test_r2=1.000000 complexity=5 evals=188941
       Livermore-2 run=46 seed=323105323 time=0.365s reward=1.000000 train_r2=1.000000 test_r2=1.000000 complexity=9 evals=57351
       Livermore-4 run=46 seed=323105323 time=0.135s reward=1.000000 train_r2=1.000000 test_r2=1.000000 complexity=11 evals=23753
      Livermore-16 run=44 seed=2366855942 time=6.105s reward=1.000000 train_r2=1.000000 test_r2=1.000000 complexity=3 evals=724420
       Livermore-8 run=42 seed=3747793057 time=17.836s reward=0.999958 train_r2=1.000000 test_r2=1.000000 complexity=14 evals=2000008
       Livermore-3 run=46 seed=323105323 time=1.465s reward=1.000000 train_r2=1.000000 test_r2=1.000000 complexity=11 evals=177759
       Livermore-9 run=42 seed=3747793057 time=17.943s reward=0.996321 train_r2=0.999986 test_r2=0.998275 complexity=25 evals=2000003
       Livermore-7 run=42 seed=3747793057 time=18.714s reward=0.999895 train_r2=1.000000 test_r2=1.000000 complexity=8 evals=2000006
       Livermore-6 run=42 seed=3747793057 time=19.794s reward=0.982606 train_r2=0.999687 test_r2=0.999460 complexity=23 evals=2000000
      Livermore-12 run=46 seed=323105323 time=0.815s reward=1.000000 train_r2=1.000000 test_r2=1.000000 complexity=7 evals=105360
      Livermore-13 run=46 seed=323105323 time=0.188s reward=1.000000 train_r2=1.000000 test_r2=1.000000 complexity=3 evals=29408
       Livermore-5 run=46 seed=323105323 time=4.033s reward=1.000000 train_r2=1.000000 test_r2=1.000000 complexity=14 evals=557169
       Livermore-1 run=46 seed=323105323 time=4.781s reward=1.000000 train_r2=1.000000 test_r2=1.000000 complexity=7 evals=112556
      Livermore-11 run=42 seed=3747793057 time=20.083s reward=0.999998 train_r2=1.000000 test_r2=1.000000 complexity=12 evals=2000003
      Livermore-15 run=46 seed=323105323 time=0.270s reward=1.000000 train_r2=1.000000 test_r2=1.000000 complexity=3 evals=46459
      Livermore-21 run=42 seed=3747793057 time=19.086s reward=0.993439 train_r2=0.999956 test_r2=0.999978 complexity=15 evals=2000004
      Livermore-10 run=46 seed=323105323 time=3.389s reward=1.000000 train_r2=1.000000 test_r2=1.000000 complexity=6 evals=457405
      Livermore-20 run=46 seed=323105323 time=0.035s reward=1.000000 train_r2=1.000000 test_r2=1.000000 complexity=6 evals=6867
      Livermore-17 run=46 seed=323105323 time=1.004s reward=1.000000 train_r2=1.000000 test_r2=1.000000 complexity=6 evals=138504
      Livermore-14 run=46 seed=323105323 time=1.268s reward=1.000000 train_r2=1.000000 test_r2=1.000000 complexity=14 evals=157231
      Livermore-22 run=46 seed=323105323 time=0.163s reward=1.000000 train_r2=1.000000 test_r2=1.000000 complexity=6 evals=28260
      Livermore-19 run=46 seed=323105323 time=1.026s reward=1.000000 train_r2=1.000000 test_r2=1.000000 complexity=10 evals=132306
       Livermore-7 run=43 seed=837591013 time=18.614s reward=0.999783 train_r2=1.000000 test_r2=0.999998 complexity=25 evals=2000004
      Livermore-18 run=42 seed=3747793057 time=20.784s reward=0.977923 train_r2=0.999490 test_r2=0.999703 complexity=17 evals=2000007
       Livermore-3 run=47 seed=3059174495 time=0.632s reward=1.000000 train_r2=1.000000 test_r2=1.000000 complexity=11 evals=87380
       Livermore-1 run=47 seed=3059174495 time=1.155s reward=1.000000 train_r2=1.000000 test_r2=1.000000 complexity=7 evals=27301
       Livermore-4 run=47 seed=3059174495 time=0.325s reward=1.000000 train_r2=1.000000 test_r2=1.000000 complexity=11 evals=49727
      Livermore-16 run=46 seed=323105323 time=2.599s reward=1.000000 train_r2=1.000000 test_r2=1.000000 complexity=3 evals=382913
       Livermore-9 run=43 seed=837591013 time=19.108s reward=0.993112 train_r2=0.999952 test_r2=0.377236 complexity=40 evals=2000001
      Livermore-21 run=43 seed=837591013 time=17.605s reward=0.995133 train_r2=0.999976 test_r2=0.988074 complexity=15 evals=2000005
       Livermore-2 run=47 seed=3059174495 time=2.147s reward=1.000000 train_r2=1.000000 test_r2=1.000000 complexity=9 evals=266145
       Livermore-6 run=43 seed=837591013 time=20.273s reward=0.987975 train_r2=0.999852 test_r2=0.999255 complexity=20 evals=2000003
      Livermore-11 run=47 seed=3059174495 time=0.355s reward=1.000000 train_r2=1.000000 test_r2=1.000000 complexity=12 evals=55193
      Livermore-13 run=47 seed=3059174495 time=0.228s reward=1.000000 train_r2=1.000000 test_r2=1.000000 complexity=3 evals=38368
      Livermore-15 run=47 seed=3059174495 time=0.501s reward=1.000000 train_r2=1.000000 test_r2=1.000000 complexity=3 evals=74213
      Livermore-16 run=47 seed=3059174495 time=0.375s reward=1.000000 train_r2=1.000000 test_r2=1.000000 complexity=5 evals=59660
      Livermore-14 run=47 seed=3059174495 time=1.157s reward=1.000000 train_r2=1.000000 test_r2=1.000000 complexity=14 evals=166701
      Livermore-17 run=43 seed=837591013 time=19.901s reward=0.995200 train_r2=0.999977 test_r2=0.999974 complexity=13 evals=2000002
      Livermore-19 run=47 seed=3059174495 time=0.260s reward=1.000000 train_r2=1.000000 test_r2=1.000000 complexity=10 evals=40641
      Livermore-20 run=47 seed=3059174495 time=0.018s reward=1.000000 train_r2=1.000000 test_r2=1.000000 complexity=6 evals=3496
       Livermore-7 run=44 seed=2366855942 time=18.831s reward=0.999844 train_r2=1.000000 test_r2=1.000000 complexity=8 evals=2000004
       Livermore-8 run=44 seed=2366855942 time=18.927s reward=0.999943 train_r2=1.000000 test_r2=1.000000 complexity=14 evals=2000006
      Livermore-22 run=47 seed=3059174495 time=0.373s reward=1.000000 train_r2=1.000000 test_r2=1.000000 complexity=6 evals=60327
       Livermore-6 run=44 seed=2366855942 time=19.522s reward=0.992976 train_r2=0.999950 test_r2=0.999817 complexity=28 evals=2000004
       Livermore-2 run=48 seed=1796736039 time=0.745s reward=1.000000 train_r2=1.000000 test_r2=1.000000 complexity=9 evals=99880
      Livermore-18 run=43 seed=837591013 time=22.709s reward=0.995635 train_r2=0.999981 test_r2=0.999130 complexity=34 evals=2000001
      Livermore-17 run=47 seed=3059174495 time=3.700s reward=1.000000 train_r2=1.000000 test_r2=1.000000 complexity=6 evals=418920
       Livermore-4 run=48 seed=1796736039 time=0.381s reward=1.000000 train_r2=1.000000 test_r2=1.000000 complexity=13 evals=57156
       Livermore-5 run=48 seed=1796736039 time=0.839s reward=1.000000 train_r2=1.000000 test_r2=1.000000 complexity=14 evals=115762
       Livermore-3 run=48 seed=1796736039 time=1.495s reward=1.000000 train_r2=1.000000 test_r2=1.000000 complexity=11 evals=208052
       Livermore-9 run=44 seed=2366855942 time=20.279s reward=0.992293 train_r2=0.999940 test_r2=0.999730 complexity=33 evals=2000011
      Livermore-21 run=45 seed=3465266528 time=14.437s reward=1.000000 train_r2=1.000000 test_r2=1.000000 complexity=20 evals=1497327
      Livermore-10 run=44 seed=2366855942 time=20.685s reward=0.997343 train_r2=0.999993 test_r2=0.999990 complexity=14 evals=2000008
       Livermore-8 run=45 seed=3465266528 time=17.714s reward=0.999936 train_r2=1.000000 test_r2=1.000000 complexity=14 evals=2000000
       Livermore-6 run=45 seed=3465266528 time=18.011s reward=0.988470 train_r2=0.999864 test_r2=0.999286 complexity=28 evals=2000003
      Livermore-10 run=48 seed=1796736039 time=1.456s reward=1.000000 train_r2=1.000000 test_r2=1.000000 complexity=6 evals=188911
      Livermore-13 run=48 seed=1796736039 time=0.631s reward=1.000000 train_r2=1.000000 test_r2=1.000000 complexity=3 evals=106540
       Livermore-7 run=45 seed=3465266528 time=18.563s reward=0.999808 train_r2=1.000000 test_r2=1.000000 complexity=8 evals=2000004
      Livermore-14 run=48 seed=1796736039 time=0.834s reward=1.000000 train_r2=1.000000 test_r2=1.000000 complexity=14 evals=122972
      Livermore-21 run=44 seed=2366855942 time=20.306s reward=0.991675 train_r2=0.999930 test_r2=0.999918 complexity=20 evals=2000001
      Livermore-15 run=48 seed=1796736039 time=1.642s reward=1.000000 train_r2=1.000000 test_r2=1.000000 complexity=3 evals=221781
      Livermore-20 run=48 seed=1796736039 time=0.018s reward=1.000000 train_r2=1.000000 test_r2=1.000000 complexity=6 evals=3446
      Livermore-17 run=48 seed=1796736039 time=1.482s reward=1.000000 train_r2=1.000000 test_r2=1.000000 complexity=6 evals=198797
       Livermore-1 run=48 seed=1796736039 time=5.298s reward=1.000000 train_r2=1.000000 test_r2=1.000000 complexity=7 evals=124473
      Livermore-19 run=48 seed=1796736039 time=0.546s reward=1.000000 train_r2=1.000000 test_r2=1.000000 complexity=10 evals=77702
       Livermore-9 run=45 seed=3465266528 time=19.786s reward=0.989309 train_r2=0.999883 test_r2=0.998409 complexity=26 evals=2000006
       Livermore-5 run=47 seed=3059174495 time=10.793s reward=1.000000 train_r2=1.000000 test_r2=1.000000 complexity=14 evals=1210183
       Livermore-4 run=49 seed=4080976823 time=0.127s reward=1.000000 train_r2=1.000000 test_r2=1.000000 complexity=11 evals=20764
      Livermore-18 run=44 seed=2366855942 time=22.045s reward=0.978615 train_r2=0.999522 test_r2=0.999689 complexity=17 evals=2000006
       Livermore-3 run=49 seed=4080976823 time=0.358s reward=1.000000 train_r2=1.000000 test_r2=1.000000 complexity=11 evals=53719
      Livermore-22 run=48 seed=1796736039 time=0.883s reward=1.000000 train_r2=1.000000 test_r2=1.000000 complexity=6 evals=116477
       Livermore-6 run=46 seed=323105323 time=18.443s reward=0.979727 train_r2=0.999572 test_r2=0.999897 complexity=23 evals=2000003
       Livermore-2 run=49 seed=4080976823 time=1.684s reward=1.000000 train_r2=1.000000 test_r2=1.000000 complexity=9 evals=202281
       Livermore-8 run=46 seed=323105323 time=17.734s reward=0.999955 train_r2=1.000000 test_r2=1.000000 complexity=14 evals=2000000
      Livermore-17 run=45 seed=3465266528 time=20.305s reward=0.997363 train_r2=0.999993 test_r2=0.999961 complexity=37 evals=2000006
      Livermore-12 run=49 seed=4080976823 time=0.083s reward=1.000000 train_r2=1.000000 test_r2=1.000000 complexity=7 evals=12831
      Livermore-11 run=49 seed=4080976823 time=0.313s reward=1.000000 train_r2=1.000000 test_r2=1.000000 complexity=12 evals=50416
      Livermore-13 run=49 seed=4080976823 time=0.334s reward=1.000000 train_r2=1.000000 test_r2=1.000000 complexity=3 evals=55423
      Livermore-15 run=49 seed=4080976823 time=0.281s reward=1.000000 train_r2=1.000000 test_r2=1.000000 complexity=3 evals=44434
       Livermore-7 run=46 seed=323105323 time=18.967s reward=0.999878 train_r2=1.000000 test_r2=1.000000 complexity=8 evals=2000000
      Livermore-17 run=49 seed=4080976823 time=0.487s reward=1.000000 train_r2=1.000000 test_r2=1.000000 complexity=6 evals=72717
      Livermore-14 run=49 seed=4080976823 time=2.043s reward=1.000000 train_r2=1.000000 test_r2=1.000000 complexity=14 evals=259822
      Livermore-18 run=45 seed=3465266528 time=22.810s reward=0.989605 train_r2=0.999890 test_r2=0.999914 complexity=18 evals=2000000
      Livermore-19 run=49 seed=4080976823 time=0.268s reward=1.000000 train_r2=1.000000 test_r2=1.000000 complexity=10 evals=43245
      Livermore-20 run=49 seed=4080976823 time=0.011s reward=1.000000 train_r2=1.000000 test_r2=1.000000 complexity=6 evals=2208
      Livermore-22 run=49 seed=4080976823 time=0.049s reward=1.000000 train_r2=1.000000 test_r2=1.000000 complexity=6 evals=9114
       Livermore-9 run=46 seed=323105323 time=20.623s reward=0.993543 train_r2=0.999958 test_r2=0.999980 complexity=25 evals=2000000
       Livermore-2 run=50 seed=1129862598 time=0.188s reward=1.000000 train_r2=1.000000 test_r2=1.000000 complexity=9 evals=28514
       Livermore-1 run=49 seed=4080976823 time=5.474s reward=1.000000 train_r2=1.000000 test_r2=1.000000 complexity=7 evals=123832
      Livermore-11 run=46 seed=323105323 time=20.349s reward=0.999998 train_r2=1.000000 test_r2=1.000000 complexity=12 evals=2000001
       Livermore-4 run=50 seed=1129862598 time=0.207s reward=1.000000 train_r2=1.000000 test_r2=1.000000 complexity=11 evals=34245
       Livermore-3 run=50 seed=1129862598 time=0.294s reward=1.000000 train_r2=1.000000 test_r2=1.000000 complexity=11 evals=44290
      Livermore-21 run=46 seed=323105323 time=18.235s reward=0.997099 train_r2=0.999992 test_r2=0.999977 complexity=21 evals=2000000
       Livermore-9 run=48 seed=1796736039 time=10.641s reward=1.000000 train_r2=1.000000 test_r2=1.000000 complexity=24 evals=1147081
       Livermore-1 run=50 seed=1129862598 time=2.386s reward=1.000000 train_r2=1.000000 test_r2=1.000000 complexity=7 evals=56709
       Livermore-5 run=50 seed=1129862598 time=2.123s reward=1.000000 train_r2=1.000000 test_r2=1.000000 complexity=15 evals=274613
      Livermore-18 run=46 seed=323105323 time=20.323s reward=0.999999 train_r2=1.000000 test_r2=1.000000 complexity=9 evals=2000007
       Livermore-8 run=47 seed=3059174495 time=18.158s reward=0.999950 train_r2=1.000000 test_r2=1.000000 complexity=14 evals=2000007
      Livermore-18 run=48 seed=1796736039 time=9.191s reward=0.999999 train_r2=1.000000 test_r2=1.000000 complexity=9 evals=948771
      Livermore-13 run=50 seed=1129862598 time=0.155s reward=1.000000 train_r2=1.000000 test_r2=1.000000 complexity=3 evals=26400
      Livermore-15 run=50 seed=1129862598 time=0.438s reward=1.000000 train_r2=1.000000 test_r2=1.000000 complexity=3 evals=66519
       Livermore-9 run=47 seed=3059174495 time=18.593s reward=0.993306 train_r2=0.999955 test_r2=0.997678 complexity=17 evals=2000006
       Livermore-7 run=47 seed=3059174495 time=18.797s reward=0.999793 train_r2=1.000000 test_r2=1.000000 complexity=23 evals=2000006
      Livermore-16 run=49 seed=4080976823 time=5.735s reward=1.000000 train_r2=1.000000 test_r2=1.000000 complexity=3 evals=730630
      Livermore-14 run=50 seed=1129862598 time=0.736s reward=1.000000 train_r2=1.000000 test_r2=1.000000 complexity=14 evals=108689
      Livermore-20 run=50 seed=1129862598 time=0.013s reward=1.000000 train_r2=1.000000 test_r2=1.000000 complexity=6 evals=2483
      Livermore-12 run=50 seed=1129862598 time=0.948s reward=1.000000 train_r2=1.000000 test_r2=1.000000 complexity=7 evals=142578
      Livermore-22 run=50 seed=1129862598 time=0.315s reward=1.000000 train_r2=1.000000 test_r2=1.000000 complexity=6 evals=56037
      Livermore-19 run=50 seed=1129862598 time=0.386s reward=1.000000 train_r2=1.000000 test_r2=1.000000 complexity=12 evals=58052
      Livermore-18 run=50 seed=1129862598 time=0.568s reward=0.999999 train_r2=1.000000 test_r2=1.000000 complexity=9 evals=75758
      Livermore-12 run=48 seed=1796736039 time=12.509s reward=1.000000 train_r2=1.000000 test_r2=1.000000 complexity=7 evals=1258408
       Livermore-4 run=51 seed=2501308237 time=0.189s reward=1.000000 train_r2=1.000000 test_r2=1.000000 complexity=11 evals=29784
       Livermore-5 run=51 seed=2501308237 time=0.316s reward=1.000000 train_r2=1.000000 test_r2=1.000000 complexity=15 evals=47244
       Livermore-6 run=47 seed=3059174495 time=20.799s reward=0.990216 train_r2=0.999902 test_r2=0.999284 complexity=42 evals=2000004
      Livermore-10 run=47 seed=3059174495 time=20.173s reward=0.994335 train_r2=0.999968 test_r2=0.999961 complexity=35 evals=2000000
      Livermore-17 run=50 seed=1129862598 time=3.749s reward=1.000000 train_r2=1.000000 test_r2=1.000000 complexity=6 evals=468002
       Livermore-1 run=51 seed=2501308237 time=3.490s reward=1.000000 train_r2=1.000000 test_r2=1.000000 complexity=7 evals=83729
      Livermore-18 run=47 seed=3059174495 time=20.332s reward=0.970874 train_r2=0.999100 test_r2=0.999348 complexity=9 evals=2000005
      Livermore-21 run=47 seed=3059174495 time=20.291s reward=0.995966 train_r2=0.999984 test_r2=0.999908 complexity=21 evals=2000004
      Livermore-12 run=51 seed=2501308237 time=0.295s reward=1.000000 train_r2=1.000000 test_r2=1.000000 complexity=7 evals=41957
      Livermore-10 run=49 seed=4080976823 time=12.142s reward=1.000000 train_r2=1.000000 test_r2=1.000000 complexity=6 evals=1257722
       Livermore-2 run=51 seed=2501308237 time=4.971s reward=1.000000 train_r2=1.000000 test_r2=1.000000 complexity=9 evals=522336
       Livermore-8 run=48 seed=1796736039 time=17.957s reward=0.999942 train_r2=1.000000 test_r2=1.000000 complexity=14 evals=2000002
      Livermore-15 run=51 seed=2501308237 time=0.493s reward=1.000000 train_r2=1.000000 test_r2=1.000000 complexity=3 evals=72755
       Livermore-7 run=48 seed=1796736039 time=18.567s reward=0.999767 train_r2=1.000000 test_r2=1.000000 complexity=36 evals=2000003
      Livermore-11 run=48 seed=1796736039 time=18.226s reward=0.999579 train_r2=1.000000 test_r2=1.000000 complexity=12 evals=2000001
      Livermore-12 run=47 seed=3059174495 time=24.398s reward=0.913642 train_r2=0.991066 test_r2=-420.064039 complexity=61 evals=2000000
      Livermore-20 run=51 seed=2501308237 time=0.057s reward=1.000000 train_r2=1.000000 test_r2=1.000000 complexity=6 evals=10408
      Livermore-19 run=51 seed=2501308237 time=0.564s reward=1.000000 train_r2=1.000000 test_r2=1.000000 complexity=12 evals=79686
       Livermore-5 run=49 seed=4080976823 time=16.233s reward=1.000000 train_r2=1.000000 test_r2=1.000000 complexity=15 evals=1792484
       Livermore-6 run=48 seed=1796736039 time=20.561s reward=0.996355 train_r2=0.999987 test_r2=0.999979 complexity=50 evals=2000002
      Livermore-17 run=51 seed=2501308237 time=2.361s reward=1.000000 train_r2=1.000000 test_r2=1.000000 complexity=6 evals=280035
      Livermore-10 run=51 seed=2501308237 time=4.414s reward=1.000000 train_r2=1.000000 test_r2=1.000000 complexity=6 evals=561899
       Livermore-4 run=52 seed=2872581883 time=0.106s reward=1.000000 train_r2=1.000000 test_r2=1.000000 complexity=11 evals=19193
       Livermore-3 run=51 seed=2501308237 time=8.442s reward=1.000000 train_r2=1.000000 test_r2=1.000000 complexity=11 evals=910854
      Livermore-16 run=48 seed=1796736039 time=19.211s reward=0.979637 train_r2=0.999568 test_r2=0.998679 complexity=31 evals=2000003
       Livermore-3 run=52 seed=2872581883 time=1.018s reward=1.000000 train_r2=1.000000 test_r2=1.000000 complexity=11 evals=132645
       Livermore-2 run=52 seed=2872581883 time=1.435s reward=1.000000 train_r2=1.000000 test_r2=1.000000 complexity=9 evals=166378
      Livermore-21 run=50 seed=1129862598 time=9.823s reward=1.000000 train_r2=1.000000 test_r2=1.000000 complexity=20 evals=1131107
       Livermore-7 run=49 seed=4080976823 time=18.315s reward=0.999842 train_r2=1.000000 test_r2=1.000000 complexity=8 evals=2000004
      Livermore-21 run=51 seed=2501308237 time=3.755s reward=1.000000 train_r2=1.000000 test_r2=1.000000 complexity=17 evals=441959
       Livermore-8 run=49 seed=4080976823 time=18.584s reward=0.999944 train_r2=1.000000 test_r2=1.000000 complexity=14 evals=2000004
      Livermore-12 run=52 seed=2872581883 time=0.136s reward=1.000000 train_r2=1.000000 test_r2=1.000000 complexity=7 evals=21505
      Livermore-13 run=52 seed=2872581883 time=0.086s reward=1.000000 train_r2=1.000000 test_r2=1.000000 complexity=3 evals=15355
      Livermore-14 run=51 seed=2501308237 time=5.707s reward=1.000000 train_r2=1.000000 test_r2=1.000000 complexity=14 evals=638547
       Livermore-1 run=52 seed=2872581883 time=3.082s reward=1.000000 train_r2=1.000000 test_r2=1.000000 complexity=7 evals=73711
      Livermore-21 run=48 seed=1796736039 time=19.706s reward=0.991304 train_r2=0.999923 test_r2=0.999893 complexity=26 evals=2000003
      Livermore-15 run=52 seed=2872581883 time=0.209s reward=1.000000 train_r2=1.000000 test_r2=1.000000 complexity=3 evals=35906
      Livermore-19 run=52 seed=2872581883 time=0.545s reward=1.000000 train_r2=1.000000 test_r2=1.000000 complexity=12 evals=83131
      Livermore-20 run=52 seed=2872581883 time=0.133s reward=1.000000 train_r2=1.000000 test_r2=1.000000 complexity=6 evals=24288
       Livermore-6 run=51 seed=2501308237 time=10.421s reward=1.000000 train_r2=1.000000 test_r2=1.000000 complexity=17 evals=1092734
       Livermore-9 run=49 seed=4080976823 time=18.949s reward=0.993980 train_r2=0.999963 test_r2=0.999845 complexity=36 evals=2000001
       Livermore-6 run=49 seed=4080976823 time=20.409s reward=0.992123 train_r2=0.999937 test_r2=0.999868 complexity=19 evals=2000004
      Livermore-22 run=52 seed=2872581883 time=0.446s reward=1.000000 train_r2=1.000000 test_r2=1.000000 complexity=6 evals=67564
      Livermore-21 run=52 seed=2872581883 time=0.881s reward=1.000000 train_r2=1.000000 test_r2=1.000000 complexity=17 evals=122891
       Livermore-4 run=53 seed=2157573201 time=0.358s reward=1.000000 train_r2=1.000000 test_r2=1.000000 complexity=11 evals=52926
       Livermore-3 run=53 seed=2157573201 time=0.796s reward=1.000000 train_r2=1.000000 test_r2=1.000000 complexity=11 evals=106661
       Livermore-5 run=53 seed=2157573201 time=0.435s reward=1.000000 train_r2=1.000000 test_r2=1.000000 complexity=14 evals=66176
      Livermore-13 run=51 seed=2501308237 time=9.324s reward=1.000000 train_r2=1.000000 test_r2=1.000000 complexity=3 evals=1032352
       Livermore-8 run=50 seed=1129862598 time=16.070s reward=0.999947 train_r2=1.000000 test_r2=1.000000 complexity=14 evals=2000004
      Livermore-17 run=52 seed=2872581883 time=4.091s reward=1.000000 train_r2=1.000000 test_r2=1.000000 complexity=6 evals=488984
      Livermore-21 run=49 seed=4080976823 time=19.494s reward=0.994071 train_r2=0.999964 test_r2=0.999947 complexity=26 evals=2000007
      Livermore-11 run=53 seed=2157573201 time=0.244s reward=0.999999 train_r2=1.000000 test_r2=1.000000 complexity=12 evals=41903
      Livermore-10 run=53 seed=2157573201 time=1.337s reward=1.000000 train_r2=1.000000 test_r2=1.000000 complexity=6 evals=197207
       Livermore-7 run=50 seed=1129862598 time=19.276s reward=0.999889 train_r2=1.000000 test_r2=1.000000 complexity=30 evals=2000001
      Livermore-13 run=53 seed=2157573201 time=0.098s reward=1.000000 train_r2=1.000000 test_r2=1.000000 complexity=3 evals=17822
      Livermore-14 run=53 seed=2157573201 time=0.140s reward=1.000000 train_r2=1.000000 test_r2=1.000000 complexity=14 evals=22813
      Livermore-14 run=52 seed=2872581883 time=5.833s reward=1.000000 train_r2=1.000000 test_r2=1.000000 complexity=14 evals=664666
      Livermore-16 run=53 seed=2157573201 time=0.159s reward=1.000000 train_r2=1.000000 test_r2=1.000000 complexity=5 evals=25529
      Livermore-15 run=53 seed=2157573201 time=0.510s reward=1.000000 train_r2=1.000000 test_r2=1.000000 complexity=3 evals=80396
       Livermore-1 run=53 seed=2157573201 time=5.096s reward=1.000000 train_r2=1.000000 test_r2=1.000000 complexity=7 evals=117396
      Livermore-20 run=53 seed=2157573201 time=0.016s reward=1.000000 train_r2=1.000000 test_r2=1.000000 complexity=6 evals=3251
      Livermore-19 run=53 seed=2157573201 time=0.373s reward=1.000000 train_r2=1.000000 test_r2=1.000000 complexity=10 evals=58549
      Livermore-17 run=53 seed=2157573201 time=0.806s reward=1.000000 train_r2=1.000000 test_r2=1.000000 complexity=6 evals=114574
       Livermore-6 run=50 seed=1129862598 time=20.511s reward=0.996742 train_r2=0.999989 test_r2=0.999777 complexity=26 evals=2000005
      Livermore-22 run=51 seed=2501308237 time=10.455s reward=1.000000 train_r2=1.000000 test_r2=1.000000 complexity=6 evals=1147282
      Livermore-18 run=49 seed=4080976823 time=22.924s reward=0.918458 train_r2=0.992118 test_r2=0.991300 complexity=16 evals=2000004
       Livermore-9 run=50 seed=1129862598 time=19.521s reward=0.994957 train_r2=0.999974 test_r2=0.998977 complexity=26 evals=2000005
       Livermore-4 run=54 seed=1287263512 time=0.182s reward=1.000000 train_r2=1.000000 test_r2=1.000000 complexity=11 evals=28386
       Livermore-1 run=54 seed=1287263512 time=0.591s reward=1.000000 train_r2=1.000000 test_r2=1.000000 complexity=7 evals=15090
      Livermore-16 run=50 seed=1129862598 time=18.397s reward=0.991611 train_r2=0.999928 test_r2=0.999943 complexity=24 evals=2000000
       Livermore-2 run=54 seed=1287263512 time=0.850s reward=1.000000 train_r2=1.000000 test_r2=1.000000 complexity=9 evals=111558
       Livermore-5 run=54 seed=1287263512 time=0.495s reward=1.000000 train_r2=1.000000 test_r2=1.000000 complexity=14 evals=82122
      Livermore-11 run=50 seed=1129862598 time=19.750s reward=0.999999 train_r2=1.000000 test_r2=1.000000 complexity=12 evals=2000002
       Livermore-3 run=54 seed=1287263512 time=1.103s reward=1.000000 train_r2=1.000000 test_r2=1.000000 complexity=11 evals=139501
      Livermore-22 run=53 seed=2157573201 time=2.183s reward=1.000000 train_r2=1.000000 test_r2=1.000000 complexity=6 evals=304393
      Livermore-10 run=50 seed=1129862598 time=20.873s reward=0.987040 train_r2=0.999828 test_r2=0.998833 complexity=30 evals=2000004
      Livermore-13 run=54 seed=1287263512 time=0.131s reward=1.000000 train_r2=1.000000 test_r2=1.000000 complexity=3 evals=23188
      Livermore-15 run=54 seed=1287263512 time=0.235s reward=1.000000 train_r2=1.000000 test_r2=1.000000 complexity=3 evals=40057
      Livermore-14 run=54 seed=1287263512 time=0.685s reward=1.000000 train_r2=1.000000 test_r2=1.000000 complexity=14 evals=93488
       Livermore-8 run=51 seed=2501308237 time=18.667s reward=0.999927 train_r2=1.000000 test_r2=1.000000 complexity=14 evals=2000000
       Livermore-5 run=52 seed=2872581883 time=12.788s reward=1.000000 train_r2=1.000000 test_r2=1.000000 complexity=14 evals=1582030
       Livermore-7 run=51 seed=2501308237 time=19.207s reward=0.999779 train_r2=1.000000 test_r2=1.000000 complexity=36 evals=2000005
      Livermore-20 run=54 seed=1287263512 time=0.006s reward=1.000000 train_r2=1.000000 test_r2=1.000000 complexity=6 evals=1160
      Livermore-19 run=54 seed=1287263512 time=0.187s reward=1.000000 train_r2=1.000000 test_r2=1.000000 complexity=10 evals=32936
      Livermore-18 run=53 seed=2157573201 time=4.654s reward=0.999999 train_r2=1.000000 test_r2=1.000000 complexity=9 evals=497888
      Livermore-11 run=51 seed=2501308237 time=17.623s reward=0.999986 train_r2=1.000000 test_r2=1.000000 complexity=12 evals=2000001
      Livermore-10 run=54 seed=1287263512 time=3.083s reward=1.000000 train_r2=1.000000 test_r2=1.000000 complexity=6 evals=383196
       Livermore-3 run=55 seed=1830868652 time=0.335s reward=1.000000 train_r2=1.000000 test_r2=1.000000 complexity=11 evals=54541
       Livermore-9 run=51 seed=2501308237 time=18.343s reward=0.992312 train_r2=0.999940 test_r2=0.999900 complexity=26 evals=2000003
       Livermore-4 run=55 seed=1830868652 time=0.209s reward=1.000000 train_r2=1.000000 test_r2=1.000000 complexity=12 evals=36089
      Livermore-17 run=54 seed=1287263512 time=1.876s reward=1.000000 train_r2=1.000000 test_r2=1.000000 complexity=6 evals=240091
       Livermore-2 run=53 seed=2157573201 time=10.739s reward=1.000000 train_r2=1.000000 test_r2=1.000000 complexity=9 evals=1111626
      Livermore-16 run=51 seed=2501308237 time=17.750s reward=0.986262 train_r2=0.999806 test_r2=0.999824 complexity=19 evals=2000007
      Livermore-22 run=54 seed=1287263512 time=2.300s reward=1.000000 train_r2=1.000000 test_r2=1.000000 complexity=6 evals=324763
       Livermore-1 run=55 seed=1830868652 time=3.089s reward=1.000000 train_r2=1.000000 test_r2=1.000000 complexity=7 evals=73910
       Livermore-5 run=55 seed=1830868652 time=2.584s reward=1.000000 train_r2=1.000000 test_r2=1.000000 complexity=14 evals=349632
      Livermore-21 run=54 seed=1287263512 time=3.963s reward=1.000000 train_r2=1.000000 test_r2=1.000000 complexity=17 evals=459083
      Livermore-13 run=55 seed=1830868652 time=0.150s reward=1.000000 train_r2=1.000000 test_r2=1.000000 complexity=3 evals=24503
      Livermore-12 run=55 seed=1830868652 time=0.795s reward=1.000000 train_r2=1.000000 test_r2=1.000000 complexity=7 evals=106450
      Livermore-15 run=55 seed=1830868652 time=0.164s reward=1.000000 train_r2=1.000000 test_r2=1.000000 complexity=3 evals=29283
      Livermore-14 run=55 seed=1830868652 time=0.275s reward=1.000000 train_r2=1.000000 test_r2=1.000000 complexity=14 evals=40913
      Livermore-16 run=52 seed=2872581883 time=15.312s reward=1.000000 train_r2=1.000000 test_r2=1.000000 complexity=3 evals=1658112
       Livermore-7 run=52 seed=2872581883 time=17.559s reward=0.999859 train_r2=1.000000 test_r2=1.000000 complexity=8 evals=2000000
      Livermore-19 run=55 seed=1830868652 time=0.527s reward=1.000000 train_r2=1.000000 test_r2=1.000000 complexity=12 evals=85858
      Livermore-20 run=55 seed=1830868652 time=0.023s reward=1.000000 train_r2=1.000000 test_r2=1.000000 complexity=6 evals=4382
      Livermore-17 run=55 seed=1830868652 time=1.510s reward=1.000000 train_r2=1.000000 test_r2=1.000000 complexity=6 evals=195668
       Livermore-6 run=53 seed=2157573201 time=14.203s reward=1.000000 train_r2=1.000000 test_r2=1.000000 complexity=17 evals=1431751
      Livermore-22 run=55 seed=1830868652 time=0.107s reward=1.000000 train_r2=1.000000 test_r2=1.000000 complexity=6 evals=17774
       Livermore-8 run=52 seed=2872581883 time=18.260s reward=0.999942 train_r2=1.000000 test_r2=1.000000 complexity=14 evals=2000004
      Livermore-21 run=53 seed=2157573201 time=10.977s reward=1.000000 train_r2=1.000000 test_r2=1.000000 complexity=17 evals=1254479
       Livermore-2 run=56 seed=3383119910 time=0.932s reward=1.000000 train_r2=1.000000 test_r2=1.000000 complexity=9 evals=117841
       Livermore-4 run=56 seed=3383119910 time=0.149s reward=1.000000 train_r2=1.000000 test_r2=1.000000 complexity=11 evals=25470
       Livermore-3 run=56 seed=3383119910 time=0.764s reward=1.000000 train_r2=1.000000 test_r2=1.000000 complexity=11 evals=103867
      Livermore-10 run=52 seed=2872581883 time=18.892s reward=0.995116 train_r2=0.999976 test_r2=0.999980 complexity=9 evals=2000004
      Livermore-18 run=51 seed=2501308237 time=23.132s reward=0.982205 train_r2=0.999672 test_r2=0.999445 complexity=30 evals=2000011
       Livermore-9 run=52 seed=2872581883 time=20.061s reward=0.992779 train_r2=0.999947 test_r2=0.999788 complexity=25 evals=2000001
       Livermore-5 run=56 seed=3383119910 time=1.174s reward=1.000000 train_r2=1.000000 test_r2=1.000000 complexity=14 evals=159195
       Livermore-6 run=52 seed=2872581883 time=20.527s reward=0.995795 train_r2=0.999982 test_r2=0.999919 complexity=25 evals=2000005
      Livermore-12 run=56 seed=3383119910 time=0.148s reward=1.000000 train_r2=1.000000 test_r2=1.000000 complexity=7 evals=23296
      Livermore-16 run=55 seed=1830868652 time=4.340s reward=1.000000 train_r2=1.000000 test_r2=1.000000 complexity=3 evals=589203
      Livermore-11 run=52 seed=2872581883 time=20.095s reward=0.999997 train_r2=1.000000 test_r2=1.000000 complexity=12 evals=2000003
      Livermore-13 run=56 seed=3383119910 time=0.724s reward=1.000000 train_r2=1.000000 test_r2=1.000000 complexity=3 evals=110316
      Livermore-15 run=56 seed=3383119910 time=0.424s reward=1.000000 train_r2=1.000000 test_r2=1.000000 complexity=3 evals=66182
       Livermore-1 run=56 seed=3383119910 time=3.857s reward=1.000000 train_r2=1.000000 test_r2=1.000000 complexity=7 evals=91137
      Livermore-14 run=56 seed=3383119910 time=1.593s reward=1.000000 train_r2=1.000000 test_r2=1.000000 complexity=14 evals=220954
       Livermore-9 run=53 seed=2157573201 time=17.755s reward=0.991137 train_r2=0.999920 test_r2=0.994719 complexity=16 evals=2000002
      Livermore-20 run=56 seed=3383119910 time=0.031s reward=1.000000 train_r2=1.000000 test_r2=1.000000 complexity=6 evals=6108
       Livermore-7 run=53 seed=2157573201 time=18.423s reward=0.999818 train_r2=1.000000 test_r2=1.000000 complexity=8 evals=2000005
      Livermore-19 run=56 seed=3383119910 time=0.498s reward=1.000000 train_r2=1.000000 test_r2=1.000000 complexity=10 evals=77608
       Livermore-8 run=53 seed=2157573201 time=18.297s reward=0.999945 train_r2=1.000000 test_r2=1.000000 complexity=14 evals=2000002
      Livermore-12 run=54 seed=1287263512 time=13.793s reward=1.000000 train_r2=1.000000 test_r2=1.000000 complexity=7 evals=1269348
       Livermore-2 run=57 seed=646788872 time=0.257s reward=1.000000 train_r2=1.000000 test_r2=1.000000 complexity=9 evals=37935
       Livermore-2 run=55 seed=1830868652 time=11.097s reward=1.000000 train_r2=1.000000 test_r2=1.000000 complexity=9 evals=1174916
       Livermore-4 run=57 seed=646788872 time=0.269s reward=1.000000 train_r2=1.000000 test_r2=1.000000 complexity=13 evals=40487
      Livermore-18 run=52 seed=2872581883 time=22.072s reward=0.940170 train_r2=0.995950 test_r2=0.993517 complexity=12 evals=2000007
      Livermore-22 run=56 seed=3383119910 time=1.306s reward=1.000000 train_r2=1.000000 test_r2=1.000000 complexity=6 evals=181672
       Livermore-5 run=57 seed=646788872 time=1.658s reward=1.000000 train_r2=1.000000 test_r2=1.000000 complexity=14 evals=231631
       Livermore-3 run=57 seed=646788872 time=1.727s reward=1.000000 train_r2=1.000000 test_r2=1.000000 complexity=11 evals=215930
      Livermore-18 run=56 seed=3383119910 time=4.838s reward=0.999999 train_r2=1.000000 test_r2=1.000000 complexity=9 evals=513744
      Livermore-11 run=57 seed=646788872 time=0.226s reward=0.999999 train_r2=1.000000 test_r2=1.000000 complexity=12 evals=33515
      Livermore-10 run=57 seed=646788872 time=2.029s reward=1.000000 train_r2=1.000000 test_r2=1.000000 complexity=6 evals=248206
       Livermore-7 run=54 seed=1287263512 time=18.290s reward=0.999833 train_r2=1.000000 test_r2=1.000000 complexity=8 evals=2000005
      Livermore-16 run=54 seed=1287263512 time=16.346s reward=0.988111 train_r2=0.999855 test_r2=0.995085 complexity=17 evals=2000004
      Livermore-13 run=57 seed=646788872 time=0.168s reward=1.000000 train_r2=1.000000 test_r2=1.000000 complexity=3 evals=29323
       Livermore-8 run=54 seed=1287263512 time=18.482s reward=0.999943 train_r2=1.000000 test_r2=1.000000 complexity=14 evals=2000006
      Livermore-15 run=57 seed=646788872 time=0.317s reward=1.000000 train_r2=1.000000 test_r2=1.000000 complexity=3 evals=52379
      Livermore-18 run=55 seed=1830868652 time=10.751s reward=0.999999 train_r2=1.000000 test_r2=1.000000 complexity=9 evals=1045039
      Livermore-12 run=57 seed=646788872 time=0.920s reward=1.000000 train_r2=1.000000 test_r2=1.000000 complexity=12 evals=122934
      Livermore-20 run=57 seed=646788872 time=0.007s reward=1.000000 train_r2=1.000000 test_r2=1.000000 complexity=6 evals=1330
      Livermore-17 run=57 seed=646788872 time=0.679s reward=1.000000 train_r2=1.000000 test_r2=1.000000 complexity=6 evals=94781
      Livermore-14 run=57 seed=646788872 time=1.064s reward=1.000000 train_r2=1.000000 test_r2=1.000000 complexity=14 evals=143168
      Livermore-19 run=57 seed=646788872 time=0.570s reward=1.000000 train_r2=1.000000 test_r2=1.000000 complexity=12 evals=79557
      Livermore-12 run=53 seed=2157573201 time=21.694s reward=0.941780 train_r2=0.996178 test_r2=-0.019112 complexity=35 evals=2000001
       Livermore-1 run=57 seed=646788872 time=6.138s reward=1.000000 train_r2=1.000000 test_r2=1.000000 complexity=7 evals=141090
      Livermore-11 run=54 seed=1287263512 time=19.495s reward=0.999998 train_r2=1.000000 test_r2=1.000000 complexity=12 evals=2000001
      Livermore-22 run=57 seed=646788872 time=0.838s reward=1.000000 train_r2=1.000000 test_r2=1.000000 complexity=6 evals=117765
       Livermore-3 run=58 seed=3169893663 time=0.607s reward=1.000000 train_r2=1.000000 test_r2=1.000000 complexity=11 evals=88566
       Livermore-5 run=58 seed=3169893663 time=0.283s reward=1.000000 train_r2=1.000000 test_r2=1.000000 complexity=14 evals=43940
       Livermore-9 run=54 seed=1287263512 time=20.197s reward=0.995151 train_r2=0.999976 test_r2=0.999510 complexity=26 evals=2000002
       Livermore-6 run=54 seed=1287263512 time=20.623s reward=0.996149 train_r2=0.999985 test_r2=0.999144 complexity=25 evals=2000001
      Livermore-10 run=56 seed=3383119910 time=9.643s reward=1.000000 train_r2=1.000000 test_r2=1.000000 complexity=6 evals=1018601
      Livermore-21 run=57 seed=646788872 time=1.959s reward=1.000000 train_r2=1.000000 test_r2=1.000000 complexity=16 evals=232355
       Livermore-4 run=58 seed=3169893663 time=1.035s reward=1.000000 train_r2=1.000000 test_r2=1.000000 complexity=11 evals=142534
      Livermore-11 run=58 seed=3169893663 time=0.172s reward=1.000000 train_r2=1.000000 test_r2=1.000000 complexity=12 evals=27042
      Livermore-13 run=58 seed=3169893663 time=0.089s reward=1.000000 train_r2=1.000000 test_r2=1.000000 complexity=3 evals=16730
      Livermore-15 run=58 seed=3169893663 time=0.219s reward=1.000000 train_r2=1.000000 test_r2=1.000000 complexity=3 evals=38359
      Livermore-14 run=58 seed=3169893663 time=0.246s reward=1.000000 train_r2=1.000000 test_r2=1.000000 complexity=14 evals=37856
      Livermore-12 run=58 seed=3169893663 time=0.416s reward=1.000000 train_r2=1.000000 test_r2=1.000000 complexity=7 evals=59860
       Livermore-1 run=58 seed=3169893663 time=2.249s reward=1.000000 train_r2=1.000000 test_r2=1.000000 complexity=7 evals=54308
      Livermore-19 run=58 seed=3169893663 time=0.499s reward=1.000000 train_r2=1.000000 test_r2=1.000000 complexity=10 evals=75630
      Livermore-20 run=58 seed=3169893663 time=0.034s reward=1.000000 train_r2=1.000000 test_r2=1.000000 complexity=6 evals=6146
      Livermore-16 run=58 seed=3169893663 time=1.428s reward=1.000000 train_r2=1.000000 test_r2=1.000000 complexity=3 evals=214313
       Livermore-6 run=55 seed=1830868652 time=18.794s reward=0.995232 train_r2=0.999977 test_r2=0.998038 complexity=25 evals=2000004
       Livermore-8 run=55 seed=1830868652 time=18.391s reward=0.999977 train_r2=1.000000 test_r2=1.000000 complexity=14 evals=2000001
       Livermore-7 run=55 seed=1830868652 time=18.978s reward=0.999952 train_r2=1.000000 test_r2=1.000000 complexity=27 evals=2000007
      Livermore-17 run=58 seed=3169893663 time=2.229s reward=1.000000 train_r2=1.000000 test_r2=1.000000 complexity=6 evals=276185
       Livermore-4 run=59 seed=314500441 time=0.315s reward=1.000000 train_r2=1.000000 test_r2=1.000000 complexity=13 evals=47347
       Livermore-3 run=59 seed=314500441 time=0.790s reward=1.000000 train_r2=1.000000 test_r2=1.000000 complexity=11 evals=106856
      Livermore-18 run=54 seed=1287263512 time=21.626s reward=0.920904 train_r2=0.992623 test_r2=0.994167 complexity=27 evals=2000005
      Livermore-10 run=55 seed=1830868652 time=18.916s reward=0.990844 train_r2=0.999915 test_r2=0.999684 complexity=45 evals=2000005
       Livermore-9 run=55 seed=1830868652 time=20.134s reward=0.995877 train_r2=0.999983 test_r2=0.999862 complexity=44 evals=2000000
      Livermore-11 run=55 seed=1830868652 time=19.477s reward=0.999998 train_r2=1.000000 test_r2=1.000000 complexity=12 evals=2000002
       Livermore-2 run=59 seed=314500441 time=2.793s reward=1.000000 train_r2=1.000000 test_r2=1.000000 complexity=9 evals=308195
      Livermore-22 run=58 seed=3169893663 time=3.983s reward=1.000000 train_r2=1.000000 test_r2=1.000000 complexity=6 evals=533253
      Livermore-21 run=55 seed=1830868652 time=17.934s reward=0.993812 train_r2=0.999961 test_r2=0.994973 complexity=19 evals=2000006
       Livermore-1 run=59 seed=314500441 time=4.071s reward=1.000000 train_r2=1.000000 test_r2=1.000000 complexity=7 evals=96181
      Livermore-13 run=59 seed=314500441 time=0.296s reward=1.000000 train_r2=1.000000 test_r2=1.000000 complexity=3 evals=53458
      Livermore-15 run=59 seed=314500441 time=0.304s reward=1.000000 train_r2=1.000000 test_r2=1.000000 complexity=3 evals=49823
       Livermore-8 run=56 seed=3383119910 time=17.386s reward=0.999961 train_r2=1.000000 test_r2=1.000000 complexity=14 evals=2000004
       Livermore-7 run=56 seed=3383119910 time=18.716s reward=0.999803 train_r2=1.000000 test_r2=0.999999 complexity=25 evals=2000008
       Livermore-6 run=56 seed=3383119910 time=18.915s reward=0.994023 train_r2=0.999964 test_r2=0.999829 complexity=26 evals=2000007
      Livermore-17 run=59 seed=314500441 time=1.157s reward=1.000000 train_r2=1.000000 test_r2=1.000000 complexity=6 evals=176964
      Livermore-20 run=59 seed=314500441 time=0.040s reward=1.000000 train_r2=1.000000 test_r2=1.000000 complexity=6 evals=7695
      Livermore-19 run=59 seed=314500441 time=0.149s reward=1.000000 train_r2=1.000000 test_r2=1.000000 complexity=10 evals=27087
       Livermore-8 run=57 seed=646788872 time=14.481s reward=1.000000 train_r2=1.000000 test_r2=1.000000 complexity=2 evals=1630571
      Livermore-22 run=59 seed=314500441 time=0.289s reward=1.000000 train_r2=1.000000 test_r2=1.000000 complexity=6 evals=49509
      Livermore-16 run=56 seed=3383119910 time=17.255s reward=0.986837 train_r2=0.999822 test_r2=0.997868 complexity=19 evals=2000002
       Livermore-2 run=60 seed=1881455519 time=0.358s reward=1.000000 train_r2=1.000000 test_r2=1.000000 complexity=9 evals=55486
       Livermore-3 run=60 seed=1881455519 time=0.687s reward=1.000000 train_r2=1.000000 test_r2=1.000000 complexity=11 evals=91566
       Livermore-4 run=60 seed=1881455519 time=0.401s reward=1.000000 train_r2=1.000000 test_r2=1.000000 complexity=13 evals=65828
      Livermore-12 run=59 seed=314500441 time=3.618s reward=1.000000 train_r2=1.000000 test_r2=1.000000 complexity=7 evals=428777
       Livermore-9 run=56 seed=3383119910 time=19.363s reward=0.996253 train_r2=0.999986 test_r2=0.999711 complexity=25 evals=2000000
       Livermore-5 run=60 seed=1881455519 time=0.393s reward=1.000000 train_r2=1.000000 test_r2=1.000000 complexity=14 evals=59158
      Livermore-11 run=56 seed=3383119910 time=19.251s reward=0.999998 train_r2=1.000000 test_r2=1.000000 complexity=12 evals=2000002
       Livermore-2 run=58 seed=3169893663 time=12.441s reward=1.000000 train_r2=1.000000 test_r2=1.000000 complexity=9 evals=1259815
      Livermore-21 run=56 seed=3383119910 time=17.962s reward=0.996403 train_r2=0.999987 test_r2=0.999932 complexity=38 evals=2000004
      Livermore-11 run=60 seed=1881455519 time=0.539s reward=1.000000 train_r2=1.000000 test_r2=1.000000 complexity=12 evals=70514
      Livermore-12 run=60 seed=1881455519 time=0.628s reward=1.000000 train_r2=1.000000 test_r2=1.000000 complexity=7 evals=88330
      Livermore-13 run=60 seed=1881455519 time=0.300s reward=1.000000 train_r2=1.000000 test_r2=1.000000 complexity=3 evals=47895
       Livermore-6 run=58 seed=3169893663 time=12.620s reward=1.000000 train_r2=1.000000 test_r2=1.000000 complexity=19 evals=1273903
      Livermore-15 run=60 seed=1881455519 time=0.290s reward=1.000000 train_r2=1.000000 test_r2=1.000000 complexity=3 evals=45326
      Livermore-17 run=56 seed=3383119910 time=20.634s reward=0.996457 train_r2=0.999987 test_r2=0.999984 complexity=27 evals=2000001
       Livermore-7 run=59 seed=314500441 time=8.830s reward=1.000000 train_r2=1.000000 test_r2=1.000000 complexity=2 evals=975419
       Livermore-1 run=60 seed=1881455519 time=4.019s reward=1.000000 train_r2=1.000000 test_r2=1.000000 complexity=7 evals=93211
      Livermore-20 run=60 seed=1881455519 time=0.018s reward=1.000000 train_r2=1.000000 test_r2=1.000000 complexity=6 evals=3197
      Livermore-17 run=60 seed=1881455519 time=0.662s reward=1.000000 train_r2=1.000000 test_r2=1.000000 complexity=6 evals=94638
       Livermore-7 run=57 seed=646788872 time=18.798s reward=0.999809 train_r2=1.000000 test_r2=1.000000 complexity=8 evals=2000001
      Livermore-19 run=60 seed=1881455519 time=0.674s reward=1.000000 train_r2=1.000000 test_r2=1.000000 complexity=12 evals=95633
      Livermore-14 run=60 seed=1881455519 time=1.674s reward=1.000000 train_r2=1.000000 test_r2=1.000000 complexity=14 evals=232962
      Livermore-22 run=60 seed=1881455519 time=0.712s reward=1.000000 train_r2=1.000000 test_r2=1.000000 complexity=7 evals=104172
       Livermore-9 run=57 seed=646788872 time=18.443s reward=0.993236 train_r2=0.999954 test_r2=0.999907 complexity=20 evals=2000000
       Livermore-4 run=61 seed=2621623777 time=0.215s reward=1.000000 train_r2=1.000000 test_r2=1.000000 complexity=11 evals=32728
       Livermore-3 run=61 seed=2621623777 time=0.430s reward=1.000000 train_r2=1.000000 test_r2=1.000000 complexity=11 evals=64141
       Livermore-5 run=61 seed=2621623777 time=0.260s reward=1.000000 train_r2=1.000000 test_r2=1.000000 complexity=14 evals=44153
       Livermore-1 run=61 seed=2621623777 time=1.654s reward=1.000000 train_r2=1.000000 test_r2=1.000000 complexity=7 evals=40422
       Livermore-6 run=57 seed=646788872 time=20.613s reward=0.996589 train_r2=0.999988 test_r2=0.999984 complexity=21 evals=2000011
       Livermore-8 run=60 seed=1881455519 time=5.016s reward=1.000000 train_r2=1.000000 test_r2=1.000000 complexity=2 evals=600907
      Livermore-16 run=57 seed=646788872 time=17.396s reward=0.978361 train_r2=0.999511 test_r2=0.999418 complexity=16 evals=2000007
      Livermore-11 run=61 seed=2621623777 time=0.168s reward=1.000000 train_r2=1.000000 test_r2=1.000000 complexity=12 evals=27219
      Livermore-13 run=61 seed=2621623777 time=0.097s reward=1.000000 train_r2=1.000000 test_r2=1.000000 complexity=3 evals=17302
      Livermore-14 run=59 seed=314500441 time=9.018s reward=1.000000 train_r2=1.000000 test_r2=1.000000 complexity=14 evals=1027805
      Livermore-12 run=61 seed=2621623777 time=0.967s reward=1.000000 train_r2=1.000000 test_r2=1.000000 complexity=7 evals=128884
      Livermore-14 run=61 seed=2621623777 time=0.950s reward=1.000000 train_r2=1.000000 test_r2=1.000000 complexity=14 evals=124799
       Livermore-5 run=59 seed=314500441 time=13.224s reward=1.000000 train_r2=1.000000 test_r2=1.000000 complexity=14 evals=1437522
      Livermore-16 run=61 seed=2621623777 time=0.638s reward=1.000000 train_r2=1.000000 test_r2=1.000000 complexity=5 evals=94688
      Livermore-19 run=61 seed=2621623777 time=0.254s reward=1.000000 train_r2=1.000000 test_r2=1.000000 complexity=12 evals=39101
      Livermore-20 run=61 seed=2621623777 time=0.042s reward=1.000000 train_r2=1.000000 test_r2=1.000000 complexity=6 evals=7593
       Livermore-7 run=58 seed=3169893663 time=17.780s reward=0.999889 train_r2=1.000000 test_r2=1.000000 complexity=42 evals=2000003
      Livermore-22 run=61 seed=2621623777 time=0.098s reward=1.000000 train_r2=1.000000 test_r2=1.000000 complexity=6 evals=17382
       Livermore-8 run=58 seed=3169893663 time=18.251s reward=0.999959 train_r2=1.000000 test_r2=1.000000 complexity=14 evals=2000000
       Livermore-6 run=61 seed=2621623777 time=3.998s reward=1.000000 train_r2=1.000000 test_r2=1.000000 complexity=17 evals=422523
      Livermore-21 run=58 seed=3169893663 time=17.000s reward=1.000000 train_r2=1.000000 test_r2=1.000000 complexity=20 evals=1774242
       Livermore-4 run=62 seed=4135381994 time=0.151s reward=1.000000 train_r2=1.000000 test_r2=1.000000 complexity=11 evals=24814
       Livermore-3 run=62 seed=4135381994 time=0.676s reward=1.000000 train_r2=1.000000 test_r2=1.000000 complexity=11 evals=92847
       Livermore-1 run=62 seed=4135381994 time=0.942s reward=1.000000 train_r2=1.000000 test_r2=1.000000 complexity=7 evals=23543
      Livermore-10 run=61 seed=2621623777 time=4.089s reward=1.000000 train_r2=1.000000 test_r2=1.000000 complexity=6 evals=475644
       Livermore-2 run=62 seed=4135381994 time=1.003s reward=1.000000 train_r2=1.000000 test_r2=1.000000 complexity=9 evals=125932
      Livermore-18 run=57 seed=646788872 time=21.195s reward=0.991180 train_r2=0.999921 test_r2=0.999852 complexity=29 evals=2000001
      Livermore-18 run=61 seed=2621623777 time=2.834s reward=0.999999 train_r2=1.000000 test_r2=1.000000 complexity=9 evals=322755
       Livermore-9 run=58 seed=3169893663 time=19.881s reward=0.992108 train_r2=0.999937 test_r2=0.999792 complexity=22 evals=2000000
      Livermore-12 run=62 seed=4135381994 time=0.208s reward=1.000000 train_r2=1.000000 test_r2=1.000000 complexity=7 evals=27868
      Livermore-18 run=58 seed=3169893663 time=19.437s reward=0.999999 train_r2=1.000000 test_r2=1.000000 complexity=9 evals=1763131
      Livermore-10 run=58 seed=3169893663 time=20.723s reward=0.998580 train_r2=0.999998 test_r2=0.999998 complexity=24 evals=2000005
       Livermore-8 run=59 seed=314500441 time=16.616s reward=0.999943 train_r2=1.000000 test_r2=1.000000 complexity=14 evals=2000003
      Livermore-15 run=62 seed=4135381994 time=0.260s reward=1.000000 train_r2=1.000000 test_r2=1.000000 complexity=3 evals=40773
      Livermore-15 run=61 seed=2621623777 time=5.726s reward=1.000000 train_r2=1.000000 test_r2=1.000000 complexity=3 evals=756963
       Livermore-2 run=61 seed=2621623777 time=8.391s reward=1.000000 train_r2=1.000000 test_r2=1.000000 complexity=9 evals=845408
      Livermore-19 run=62 seed=4135381994 time=0.288s reward=1.000000 train_r2=1.000000 test_r2=1.000000 complexity=10 evals=44887
      Livermore-20 run=62 seed=4135381994 time=0.014s reward=1.000000 train_r2=1.000000 test_r2=1.000000 complexity=6 evals=2757
      Livermore-16 run=59 seed=314500441 time=15.884s reward=0.987105 train_r2=0.999829 test_r2=0.999867 complexity=17 evals=2000003
      Livermore-22 run=62 seed=4135381994 time=0.209s reward=1.000000 train_r2=1.000000 test_r2=1.000000 complexity=6 evals=37734
      Livermore-17 run=62 seed=4135381994 time=2.410s reward=1.000000 train_r2=1.000000 test_r2=1.000000 complexity=6 evals=301201
      Livermore-16 run=62 seed=4135381994 time=2.540s reward=1.000000 train_r2=1.000000 test_r2=1.000000 complexity=3 evals=386750
      Livermore-14 run=62 seed=4135381994 time=3.426s reward=1.000000 train_r2=1.000000 test_r2=1.000000 complexity=14 evals=406300
       Livermore-4 run=63 seed=2643969318 time=0.088s reward=1.000000 train_r2=1.000000 test_r2=1.000000 complexity=11 evals=14908
       Livermore-3 run=63 seed=2643969318 time=0.257s reward=1.000000 train_r2=1.000000 test_r2=1.000000 complexity=11 evals=41941
       Livermore-6 run=59 seed=314500441 time=21.106s reward=0.997944 train_r2=0.999996 test_r2=0.999996 complexity=24 evals=2000000
       Livermore-9 run=59 seed=314500441 time=19.604s reward=0.989676 train_r2=0.999891 test_r2=0.999872 complexity=17 evals=2000000
      Livermore-10 run=59 seed=314500441 time=19.880s reward=0.985916 train_r2=0.999796 test_r2=0.999857 complexity=44 evals=2000006
      Livermore-11 run=59 seed=314500441 time=20.197s reward=0.999990 train_r2=1.000000 test_r2=1.000000 complexity=12 evals=2000002
      Livermore-17 run=61 seed=2621623777 time=9.535s reward=1.000000 train_r2=1.000000 test_r2=1.000000 complexity=6 evals=1027172
       Livermore-2 run=63 seed=2643969318 time=2.719s reward=1.000000 train_r2=1.000000 test_r2=1.000000 complexity=9 evals=300281
      Livermore-11 run=63 seed=2643969318 time=0.712s reward=1.000000 train_r2=1.000000 test_r2=1.000000 complexity=12 evals=95510
      Livermore-13 run=63 seed=2643969318 time=0.116s reward=1.000000 train_r2=1.000000 test_r2=1.000000 complexity=3 evals=20113
      Livermore-12 run=63 seed=2643969318 time=0.463s reward=1.000000 train_r2=1.000000 test_r2=1.000000 complexity=7 evals=60559
       Livermore-1 run=63 seed=2643969318 time=3.931s reward=1.000000 train_r2=1.000000 test_r2=1.000000 complexity=7 evals=96108
       Livermore-7 run=60 seed=1881455519 time=17.352s reward=0.999801 train_r2=1.000000 test_r2=1.000000 complexity=22 evals=2000002
      Livermore-21 run=59 seed=314500441 time=18.308s reward=0.993206 train_r2=0.999953 test_r2=0.999252 complexity=39 evals=2000004
      Livermore-16 run=63 seed=2643969318 time=0.681s reward=1.000000 train_r2=1.000000 test_r2=1.000000 complexity=3 evals=108454
      Livermore-17 run=63 seed=2643969318 time=0.487s reward=1.000000 train_r2=1.000000 test_r2=1.000000 complexity=6 evals=81402
       Livermore-5 run=62 seed=4135381994 time=9.099s reward=1.000000 train_r2=1.000000 test_r2=1.000000 complexity=14 evals=1031678
      Livermore-20 run=63 seed=2643969318 time=0.023s reward=1.000000 train_r2=1.000000 test_r2=1.000000 complexity=6 evals=4623
      Livermore-15 run=63 seed=2643969318 time=1.315s reward=1.000000 train_r2=1.000000 test_r2=1.000000 complexity=3 evals=169713
      Livermore-22 run=63 seed=2643969318 time=0.323s reward=1.000000 train_r2=1.000000 test_r2=1.000000 complexity=6 evals=56399
      Livermore-19 run=63 seed=2643969318 time=0.384s reward=1.000000 train_r2=1.000000 test_r2=1.000000 complexity=12 evals=61991
      Livermore-14 run=63 seed=2643969318 time=1.647s reward=1.000000 train_r2=1.000000 test_r2=1.000000 complexity=14 evals=212959
       Livermore-4 run=64 seed=2172690349 time=0.308s reward=1.000000 train_r2=1.000000 test_r2=1.000000 complexity=12 evals=47290
       Livermore-6 run=60 seed=1881455519 time=19.380s reward=0.990284 train_r2=0.999904 test_r2=0.999862 complexity=26 evals=2000000
      Livermore-16 run=60 seed=1881455519 time=17.878s reward=0.965429 train_r2=0.998718 test_r2=0.997732 complexity=18 evals=2000009
       Livermore-1 run=64 seed=2172690349 time=2.508s reward=1.000000 train_r2=1.000000 test_r2=1.000000 complexity=7 evals=58470
       Livermore-9 run=60 seed=1881455519 time=20.534s reward=0.991187 train_r2=0.999921 test_r2=0.999858 complexity=28 evals=2000003
       Livermore-3 run=64 seed=2172690349 time=2.800s reward=1.000000 train_r2=1.000000 test_r2=1.000000 complexity=11 evals=340674
      Livermore-13 run=62 seed=4135381994 time=10.910s reward=1.000000 train_r2=1.000000 test_r2=1.000000 complexity=3 evals=1216244
       Livermore-8 run=61 seed=2621623777 time=16.693s reward=0.999929 train_r2=1.000000 test_r2=1.000000 complexity=14 evals=2000002
       Livermore-7 run=61 seed=2621623777 time=16.945s reward=0.999772 train_r2=1.000000 test_r2=1.000000 complexity=8 evals=2000004
      Livermore-11 run=64 seed=2172690349 time=0.309s reward=1.000000 train_r2=1.000000 test_r2=1.000000 complexity=12 evals=44066
      Livermore-10 run=60 seed=1881455519 time=20.614s reward=0.981589 train_r2=0.999648 test_r2=0.997721 complexity=37 evals=2000007
      Livermore-18 run=62 seed=4135381994 time=10.212s reward=0.999999 train_r2=1.000000 test_r2=1.000000 complexity=9 evals=1100142
      Livermore-18 run=59 seed=314500441 time=22.950s reward=0.955172 train_r2=0.997797 test_r2=0.997791 complexity=41 evals=2000006
      Livermore-15 run=64 seed=2172690349 time=0.151s reward=1.000000 train_r2=1.000000 test_r2=1.000000 complexity=3 evals=24891
      Livermore-16 run=64 seed=2172690349 time=0.759s reward=1.000000 train_r2=1.000000 test_r2=1.000000 complexity=3 evals=116584
       Livermore-5 run=64 seed=2172690349 time=3.603s reward=1.000000 train_r2=1.000000 test_r2=1.000000 complexity=15 evals=455026
      Livermore-20 run=64 seed=2172690349 time=0.043s reward=1.000000 train_r2=1.000000 test_r2=1.000000 complexity=6 evals=7740
      Livermore-19 run=64 seed=2172690349 time=0.304s reward=1.000000 train_r2=1.000000 test_r2=1.000000 complexity=10 evals=49136
      Livermore-21 run=60 seed=1881455519 time=19.696s reward=0.995812 train_r2=0.999982 test_r2=0.999996 complexity=21 evals=2000002
      Livermore-22 run=64 seed=2172690349 time=0.287s reward=1.000000 train_r2=1.000000 test_r2=1.000000 complexity=6 evals=50237
      Livermore-18 run=60 seed=1881455519 time=20.731s reward=0.919526 train_r2=0.992341 test_r2=0.992098 complexity=16 evals=2000003
      Livermore-12 run=64 seed=2172690349 time=2.368s reward=1.000000 train_r2=1.000000 test_r2=1.000000 complexity=7 evals=297747
       Livermore-4 run=65 seed=534831994 time=0.126s reward=1.000000 train_r2=1.000000 test_r2=1.000000 complexity=11 evals=21804
       Livermore-2 run=65 seed=534831994 time=1.047s reward=1.000000 train_r2=1.000000 test_r2=1.000000 complexity=9 evals=145785
       Livermore-1 run=65 seed=534831994 time=1.247s reward=1.000000 train_r2=1.000000 test_r2=1.000000 complexity=7 evals=30686
      Livermore-21 run=63 seed=2643969318 time=6.760s reward=1.000000 train_r2=1.000000 test_r2=1.000000 complexity=19 evals=760004
       Livermore-3 run=65 seed=534831994 time=1.260s reward=1.000000 train_r2=1.000000 test_r2=1.000000 complexity=11 evals=161907
       Livermore-9 run=61 seed=2621623777 time=20.039s reward=0.993671 train_r2=0.999959 test_r2=0.999695 complexity=30 evals=2000002
      Livermore-14 run=64 seed=2172690349 time=3.645s reward=1.000000 train_r2=1.000000 test_r2=1.000000 complexity=14 evals=445600
      Livermore-17 run=64 seed=2172690349 time=4.930s reward=1.000000 train_r2=1.000000 test_r2=1.000000 complexity=6 evals=532706
      Livermore-21 run=61 seed=2621623777 time=19.432s reward=0.994615 train_r2=0.999971 test_r2=0.999923 complexity=40 evals=2000003
      Livermore-13 run=65 seed=534831994 time=0.322s reward=1.000000 train_r2=1.000000 test_r2=1.000000 complexity=3 evals=52694
       Livermore-7 run=62 seed=4135381994 time=18.768s reward=0.999902 train_r2=1.000000 test_r2=1.000000 complexity=30 evals=2000004
       Livermore-8 run=62 seed=4135381994 time=18.983s reward=0.999935 train_r2=1.000000 test_r2=1.000000 complexity=14 evals=2000001
      Livermore-15 run=65 seed=534831994 time=0.255s reward=1.000000 train_r2=1.000000 test_r2=1.000000 complexity=3 evals=43439
      Livermore-14 run=65 seed=534831994 time=1.374s reward=1.000000 train_r2=1.000000 test_r2=1.000000 complexity=14 evals=175489
       Livermore-9 run=64 seed=2172690349 time=7.760s reward=1.000000 train_r2=1.000000 test_r2=1.000000 complexity=24 evals=838357
      Livermore-11 run=62 seed=4135381994 time=19.357s reward=0.999998 train_r2=1.000000 test_r2=1.000000 complexity=12 evals=2000003
      Livermore-19 run=65 seed=534831994 time=0.192s reward=1.000000 train_r2=1.000000 test_r2=1.000000 complexity=10 evals=31142
      Livermore-20 run=65 seed=534831994 time=0.078s reward=1.000000 train_r2=1.000000 test_r2=1.000000 complexity=6 evals=14260
      Livermore-22 run=65 seed=534831994 time=0.295s reward=1.000000 train_r2=1.000000 test_r2=1.000000 complexity=6 evals=48082
       Livermore-5 run=65 seed=534831994 time=5.721s reward=1.000000 train_r2=1.000000 test_r2=1.000000 complexity=15 evals=721548
      Livermore-10 run=62 seed=4135381994 time=19.944s reward=0.980967 train_r2=0.999624 test_r2=0.999610 complexity=22 evals=2000004
       Livermore-9 run=62 seed=4135381994 time=20.249s reward=0.992462 train_r2=0.999942 test_r2=0.999856 complexity=27 evals=2000001
       Livermore-2 run=66 seed=2701542408 time=0.281s reward=1.000000 train_r2=1.000000 test_r2=1.000000 complexity=9 evals=41654
       Livermore-6 run=62 seed=4135381994 time=20.904s reward=0.995070 train_r2=0.999975 test_r2=0.999952 complexity=28 evals=2000004
      Livermore-13 run=64 seed=2172690349 time=8.902s reward=1.000000 train_r2=1.000000 test_r2=1.000000 complexity=3 evals=1071897
       Livermore-4 run=66 seed=2701542408 time=0.475s reward=1.000000 train_r2=1.000000 test_r2=1.000000 complexity=13 evals=69489
       Livermore-2 run=64 seed=2172690349 time=12.285s reward=1.000000 train_r2=1.000000 test_r2=1.000000 complexity=9 evals=1319904
       Livermore-5 run=66 seed=2701542408 time=0.883s reward=1.000000 train_r2=1.000000 test_r2=1.000000 complexity=15 evals=131237
       Livermore-3 run=66 seed=2701542408 time=1.444s reward=1.000000 train_r2=1.000000 test_r2=1.000000 complexity=11 evals=186906
      Livermore-10 run=66 seed=2701542408 time=0.928s reward=1.000000 train_r2=1.000000 test_r2=1.000000 complexity=6 evals=138612
      Livermore-12 run=66 seed=2701542408 time=0.240s reward=1.000000 train_r2=1.000000 test_r2=1.000000 complexity=7 evals=38308
       Livermore-6 run=63 seed=2643969318 time=17.765s reward=0.992343 train_r2=0.999940 test_r2=0.999651 complexity=26 evals=2000002
      Livermore-13 run=66 seed=2701542408 time=0.268s reward=1.000000 train_r2=1.000000 test_r2=1.000000 complexity=3 evals=46083
      Livermore-15 run=66 seed=2701542408 time=0.267s reward=1.000000 train_r2=1.000000 test_r2=1.000000 complexity=3 evals=46464
      Livermore-21 run=62 seed=4135381994 time=20.282s reward=0.994101 train_r2=0.999965 test_r2=0.999891 complexity=20 evals=2000002
      Livermore-16 run=66 seed=2701542408 time=0.650s reward=1.000000 train_r2=1.000000 test_r2=1.000000 complexity=3 evals=106706
      Livermore-14 run=66 seed=2701542408 time=1.299s reward=1.000000 train_r2=1.000000 test_r2=1.000000 complexity=14 evals=187500
      Livermore-19 run=66 seed=2701542408 time=0.215s reward=1.000000 train_r2=1.000000 test_r2=1.000000 complexity=10 evals=37280
       Livermore-5 run=63 seed=2643969318 time=19.492s reward=0.997824 train_r2=0.999995 test_r2=0.999999 complexity=22 evals=2000001
      Livermore-20 run=66 seed=2701542408 time=0.026s reward=1.000000 train_r2=1.000000 test_r2=1.000000 complexity=6 evals=5173
       Livermore-8 run=63 seed=2643969318 time=18.675s reward=0.999958 train_r2=1.000000 test_r2=1.000000 complexity=14 evals=2000002
       Livermore-7 run=63 seed=2643969318 time=18.874s reward=0.999840 train_r2=1.000000 test_r2=1.000000 complexity=43 evals=2000000
      Livermore-22 run=66 seed=2701542408 time=0.413s reward=1.000000 train_r2=1.000000 test_r2=1.000000 complexity=6 evals=71842
       Livermore-1 run=66 seed=2701542408 time=4.991s reward=1.000000 train_r2=1.000000 test_r2=1.000000 complexity=7 evals=118025
       Livermore-4 run=67 seed=3905278380 time=0.066s reward=1.000000 train_r2=1.000000 test_r2=1.000000 complexity=13 evals=11682
      Livermore-21 run=65 seed=534831994 time=5.839s reward=1.000000 train_r2=1.000000 test_r2=1.000000 complexity=20 evals=628853
      Livermore-21 run=66 seed=2701542408 time=1.400s reward=1.000000 train_r2=1.000000 test_r2=1.000000 complexity=15 evals=179137
       Livermore-5 run=67 seed=3905278380 time=0.526s reward=1.000000 train_r2=1.000000 test_r2=1.000000 complexity=14 evals=77418
      Livermore-17 run=65 seed=534831994 time=6.828s reward=1.000000 train_r2=1.000000 test_r2=1.000000 complexity=6 evals=881691
       Livermore-3 run=67 seed=3905278380 time=1.392s reward=1.000000 train_r2=1.000000 test_r2=1.000000 complexity=11 evals=193939
       Livermore-9 run=63 seed=2643969318 time=20.425s reward=0.995497 train_r2=0.999980 test_r2=0.999673 complexity=13 evals=2000003
       Livermore-2 run=67 seed=3905278380 time=2.404s reward=1.000000 train_r2=1.000000 test_r2=1.000000 complexity=9 evals=278025
      Livermore-11 run=67 seed=3905278380 time=0.324s reward=1.000000 train_r2=1.000000 test_r2=1.000000 complexity=12 evals=49190
      Livermore-13 run=67 seed=3905278380 time=0.256s reward=1.000000 train_r2=1.000000 test_r2=1.000000 complexity=3 evals=41556
      Livermore-18 run=66 seed=2701542408 time=3.653s reward=0.999999 train_r2=1.000000 test_r2=1.000000 complexity=9 evals=411679
      Livermore-10 run=63 seed=2643969318 time=20.905s reward=0.986891 train_r2=0.999824 test_r2=0.996508 complexity=34 evals=2000001
      Livermore-15 run=67 seed=3905278380 time=0.435s reward=1.000000 train_r2=1.000000 test_r2=1.000000 complexity=3 evals=69365
      Livermore-17 run=66 seed=2701542408 time=4.635s reward=1.000000 train_r2=1.000000 test_r2=1.000000 complexity=6 evals=526522
      Livermore-10 run=64 seed=2172690349 time=16.174s reward=1.000000 train_r2=1.000000 test_r2=1.000000 complexity=6 evals=1769057
      Livermore-16 run=67 seed=3905278380 time=0.692s reward=1.000000 train_r2=1.000000 test_r2=1.000000 complexity=5 evals=101141
      Livermore-19 run=67 seed=3905278380 time=0.392s reward=1.000000 train_r2=1.000000 test_r2=1.000000 complexity=10 evals=61725
      Livermore-20 run=67 seed=3905278380 time=0.068s reward=1.000000 train_r2=1.000000 test_r2=1.000000 complexity=6 evals=12322
      Livermore-22 run=67 seed=3905278380 time=0.104s reward=1.000000 train_r2=1.000000 test_r2=1.000000 complexity=6 evals=18542
      Livermore-18 run=63 seed=2643969318 time=20.474s reward=0.962603 train_r2=0.998491 test_r2=0.999439 complexity=10 evals=2000002
      Livermore-14 run=67 seed=3905278380 time=1.299s reward=1.000000 train_r2=1.000000 test_r2=1.000000 complexity=14 evals=165886
      Livermore-12 run=67 seed=3905278380 time=1.950s reward=1.000000 train_r2=1.000000 test_r2=1.000000 complexity=7 evals=231920
       Livermore-4 run=68 seed=2580222673 time=0.066s reward=1.000000 train_r2=1.000000 test_r2=1.000000 complexity=11 evals=11208
       Livermore-1 run=67 seed=3905278380 time=4.675s reward=1.000000 train_r2=1.000000 test_r2=1.000000 complexity=7 evals=107629
       Livermore-6 run=64 seed=2172690349 time=19.053s reward=0.993345 train_r2=0.999955 test_r2=0.999991 complexity=34 evals=2000000
       Livermore-7 run=64 seed=2172690349 time=18.622s reward=0.999838 train_r2=1.000000 test_r2=1.000000 complexity=8 evals=2000001
       Livermore-8 run=64 seed=2172690349 time=18.684s reward=0.999938 train_r2=1.000000 test_r2=1.000000 complexity=14 evals=2000003
       Livermore-3 run=68 seed=2580222673 time=1.666s reward=1.000000 train_r2=1.000000 test_r2=1.000000 complexity=11 evals=197056
      Livermore-10 run=67 seed=3905278380 time=4.862s reward=1.000000 train_r2=1.000000 test_r2=1.000000 complexity=6 evals=612562
      Livermore-11 run=68 seed=2580222673 time=0.253s reward=1.000000 train_r2=1.000000 test_r2=1.000000 complexity=12 evals=41148
      Livermore-12 run=65 seed=534831994 time=14.110s reward=1.000000 train_r2=1.000000 test_r2=1.000000 complexity=7 evals=1475696
      Livermore-13 run=68 seed=2580222673 time=0.224s reward=1.000000 train_r2=1.000000 test_r2=1.000000 complexity=3 evals=37687
       Livermore-1 run=68 seed=2580222673 time=3.520s reward=1.000000 train_r2=1.000000 test_r2=1.000000 complexity=7 evals=82230
      Livermore-15 run=68 seed=2580222673 time=0.386s reward=1.000000 train_r2=1.000000 test_r2=1.000000 complexity=3 evals=59939
      Livermore-12 run=68 seed=2580222673 time=1.839s reward=1.000000 train_r2=1.000000 test_r2=1.000000 complexity=7 evals=235630
      Livermore-14 run=68 seed=2580222673 time=1.205s reward=1.000000 train_r2=1.000000 test_r2=1.000000 complexity=14 evals=155773
      Livermore-16 run=68 seed=2580222673 time=0.722s reward=1.000000 train_r2=1.000000 test_r2=1.000000 complexity=5 evals=106525
      Livermore-19 run=68 seed=2580222673 time=0.052s reward=1.000000 train_r2=1.000000 test_r2=1.000000 complexity=12 evals=9342
       Livermore-8 run=65 seed=534831994 time=17.908s reward=0.999940 train_r2=1.000000 test_r2=1.000000 complexity=14 evals=2000003
      Livermore-20 run=68 seed=2580222673 time=0.018s reward=1.000000 train_r2=1.000000 test_r2=1.000000 complexity=6 evals=3279
       Livermore-7 run=65 seed=534831994 time=18.447s reward=0.999738 train_r2=1.000000 test_r2=1.000000 complexity=32 evals=2000001
      Livermore-21 run=64 seed=2172690349 time=20.374s reward=0.996778 train_r2=0.999990 test_r2=0.999993 complexity=26 evals=2000006
       Livermore-2 run=68 seed=2580222673 time=5.527s reward=1.000000 train_r2=1.000000 test_r2=1.000000 complexity=9 evals=623810
      Livermore-21 run=68 seed=2580222673 time=0.940s reward=1.000000 train_r2=1.000000 test_r2=1.000000 complexity=15 evals=126335
       Livermore-2 run=69 seed=864589219 time=0.479s reward=1.000000 train_r2=1.000000 test_r2=1.000000 complexity=9 evals=68021
       Livermore-4 run=69 seed=864589219 time=0.108s reward=1.000000 train_r2=1.000000 test_r2=1.000000 complexity=11 evals=18305
      Livermore-18 run=64 seed=2172690349 time=21.664s reward=0.930160 train_r2=0.994362 test_r2=0.995906 complexity=45 evals=2000010
      Livermore-11 run=65 seed=534831994 time=18.674s reward=0.999999 train_r2=1.000000 test_r2=1.000000 complexity=12 evals=2000001
      Livermore-10 run=65 seed=534831994 time=18.825s reward=0.999158 train_r2=0.999999 test_r2=0.999998 complexity=27 evals=2000001
       Livermore-6 run=67 seed=3905278380 time=9.525s reward=1.000000 train_r2=1.000000 test_r2=1.000000 complexity=17 evals=991967
       Livermore-6 run=65 seed=534831994 time=20.327s reward=0.987252 train_r2=0.999833 test_r2=0.999883 complexity=27 evals=2000000
       Livermore-9 run=65 seed=534831994 time=20.037s reward=0.989342 train_r2=0.999884 test_r2=0.999821 complexity=17 evals=2000002
      Livermore-17 run=68 seed=2580222673 time=2.806s reward=1.000000 train_r2=1.000000 test_r2=1.000000 complexity=6 evals=373277
       Livermore-5 run=69 seed=864589219 time=1.793s reward=1.000000 train_r2=1.000000 test_r2=1.000000 complexity=15 evals=232711
      Livermore-13 run=69 seed=864589219 time=0.208s reward=1.000000 train_r2=1.000000 test_r2=1.000000 complexity=3 evals=38048
      Livermore-15 run=69 seed=864589219 time=0.270s reward=1.000000 train_r2=1.000000 test_r2=1.000000 complexity=3 evals=47017
       Livermore-3 run=69 seed=864589219 time=2.344s reward=1.000000 train_r2=1.000000 test_r2=1.000000 complexity=11 evals=292634
      Livermore-14 run=69 seed=864589219 time=0.540s reward=1.000000 train_r2=1.000000 test_r2=1.000000 complexity=14 evals=78320
       Livermore-1 run=69 seed=864589219 time=3.461s reward=1.000000 train_r2=1.000000 test_r2=1.000000 complexity=7 evals=81143
      Livermore-19 run=69 seed=864589219 time=0.730s reward=1.000000 train_r2=1.000000 test_r2=1.000000 complexity=12 evals=102739
      Livermore-20 run=69 seed=864589219 time=0.035s reward=1.000000 train_r2=1.000000 test_r2=1.000000 complexity=6 evals=6397
       Livermore-7 run=66 seed=2701542408 time=16.753s reward=0.999820 train_r2=1.000000 test_r2=1.000000 complexity=26 evals=2000006
      Livermore-22 run=69 seed=864589219 time=0.100s reward=1.000000 train_r2=1.000000 test_r2=1.000000 complexity=6 evals=18309
      Livermore-16 run=69 seed=864589219 time=1.373s reward=1.000000 train_r2=1.000000 test_r2=1.000000 complexity=5 evals=216424
      Livermore-21 run=67 seed=3905278380 time=10.658s reward=1.000000 train_r2=1.000000 test_r2=1.000000 complexity=15 evals=1265547
       Livermore-9 run=66 seed=2701542408 time=17.852s reward=1.000000 train_r2=1.000000 test_r2=1.000000 complexity=23 evals=1971608
       Livermore-4 run=70 seed=2499012356 time=0.036s reward=1.000000 train_r2=1.000000 test_r2=1.000000 complexity=11 evals=6579
      Livermore-22 run=68 seed=2580222673 time=5.980s reward=1.000000 train_r2=1.000000 test_r2=1.000000 complexity=6 evals=695959
       Livermore-3 run=70 seed=2499012356 time=0.329s reward=1.000000 train_r2=1.000000 test_r2=1.000000 complexity=11 evals=52398
       Livermore-1 run=70 seed=2499012356 time=1.606s reward=1.000000 train_r2=1.000000 test_r2=1.000000 complexity=7 evals=39022
       Livermore-5 run=70 seed=2499012356 time=0.535s reward=1.000000 train_r2=1.000000 test_r2=1.000000 complexity=14 evals=85974
      Livermore-16 run=65 seed=534831994 time=20.919s reward=0.987032 train_r2=0.999827 test_r2=0.999319 complexity=43 evals=2000003
       Livermore-8 run=66 seed=2701542408 time=19.133s reward=0.999945 train_r2=1.000000 test_r2=1.000000 complexity=14 evals=2000007
       Livermore-8 run=69 seed=864589219 time=5.675s reward=1.000000 train_r2=1.000000 test_r2=1.000000 complexity=2 evals=659897
      Livermore-11 run=70 seed=2499012356 time=0.412s reward=0.999999 train_r2=1.000000 test_r2=1.000000 complexity=12 evals=56174
      Livermore-13 run=70 seed=2499012356 time=0.351s reward=1.000000 train_r2=1.000000 test_r2=1.000000 complexity=3 evals=55871
       Livermore-5 run=68 seed=2580222673 time=11.905s reward=1.000000 train_r2=1.000000 test_r2=1.000000 complexity=15 evals=1278616
      Livermore-12 run=70 seed=2499012356 time=0.600s reward=1.000000 train_r2=1.000000 test_r2=1.000000 complexity=7 evals=76633
      Livermore-15 run=70 seed=2499012356 time=0.135s reward=1.000000 train_r2=1.000000 test_r2=1.000000 complexity=3 evals=22119
      Livermore-16 run=70 seed=2499012356 time=0.216s reward=1.000000 train_r2=1.000000 test_r2=1.000000 complexity=3 evals=35338
       Livermore-6 run=66 seed=2701542408 time=20.576s reward=0.994633 train_r2=0.999971 test_r2=0.999977 complexity=33 evals=2000006
      Livermore-11 run=66 seed=2701542408 time=20.214s reward=0.999998 train_r2=1.000000 test_r2=1.000000 complexity=12 evals=2000000
      Livermore-20 run=70 seed=2499012356 time=0.031s reward=1.000000 train_r2=1.000000 test_r2=1.000000 complexity=6 evals=6254
      Livermore-19 run=70 seed=2499012356 time=0.552s reward=1.000000 train_r2=1.000000 test_r2=1.000000 complexity=10 evals=77085
      Livermore-14 run=70 seed=2499012356 time=1.448s reward=1.000000 train_r2=1.000000 test_r2=1.000000 complexity=14 evals=191897
      Livermore-22 run=70 seed=2499012356 time=0.519s reward=1.000000 train_r2=1.000000 test_r2=1.000000 complexity=6 evals=78938
       Livermore-2 run=71 seed=1980462661 time=0.210s reward=1.000000 train_r2=1.000000 test_r2=1.000000 complexity=9 evals=31686
      Livermore-18 run=65 seed=534831994 time=23.297s reward=0.988793 train_r2=0.999872 test_r2=0.999899 complexity=30 evals=2000006
       Livermore-4 run=71 seed=1980462661 time=0.192s reward=1.000000 train_r2=1.000000 test_r2=1.000000 complexity=13 evals=30447
      Livermore-17 run=70 seed=2499012356 time=1.907s reward=1.000000 train_r2=1.000000 test_r2=1.000000 complexity=6 evals=244566
       Livermore-8 run=67 seed=3905278380 time=17.715s reward=0.999937 train_r2=1.000000 test_r2=1.000000 complexity=14 evals=2000003
       Livermore-3 run=71 seed=1980462661 time=0.881s reward=1.000000 train_r2=1.000000 test_r2=1.000000 complexity=11 evals=117221
       Livermore-5 run=71 seed=1980462661 time=0.978s reward=1.000000 train_r2=1.000000 test_r2=1.000000 complexity=15 evals=136130
       Livermore-7 run=67 seed=3905278380 time=19.037s reward=0.999824 train_r2=1.000000 test_r2=1.000000 complexity=8 evals=2000002
       Livermore-9 run=67 seed=3905278380 time=18.972s reward=0.993997 train_r2=0.999964 test_r2=0.999542 complexity=33 evals=2000005
      Livermore-11 run=71 seed=1980462661 time=0.170s reward=0.999999 train_r2=1.000000 test_r2=1.000000 complexity=12 evals=27600
      Livermore-10 run=70 seed=2499012356 time=5.616s reward=1.000000 train_r2=1.000000 test_r2=1.000000 complexity=6 evals=611003
      Livermore-13 run=71 seed=1980462661 time=0.143s reward=1.000000 train_r2=1.000000 test_r2=1.000000 complexity=3 evals=24282
       Livermore-1 run=71 seed=1980462661 time=3.548s reward=1.000000 train_r2=1.000000 test_r2=1.000000 complexity=7 evals=84999
       Livermore-8 run=70 seed=2499012356 time=6.670s reward=1.000000 train_r2=1.000000 test_r2=1.000000 complexity=2 evals=881781
      Livermore-15 run=71 seed=1980462661 time=0.302s reward=1.000000 train_r2=1.000000 test_r2=1.000000 complexity=3 evals=45927
      Livermore-17 run=67 seed=3905278380 time=18.851s reward=0.995200 train_r2=0.999977 test_r2=0.999964 complexity=13 evals=2000004
      Livermore-14 run=71 seed=1980462661 time=1.142s reward=1.000000 train_r2=1.000000 test_r2=1.000000 complexity=14 evals=153388
      Livermore-19 run=71 seed=1980462661 time=0.300s reward=1.000000 train_r2=1.000000 test_r2=1.000000 complexity=10 evals=45028
      Livermore-20 run=71 seed=1980462661 time=0.051s reward=1.000000 train_r2=1.000000 test_r2=1.000000 complexity=6 evals=9532
       Livermore-7 run=68 seed=2580222673 time=17.822s reward=0.999812 train_r2=1.000000 test_r2=1.000000 complexity=22 evals=2000002
      Livermore-22 run=71 seed=1980462661 time=0.334s reward=1.000000 train_r2=1.000000 test_r2=1.000000 complexity=6 evals=56493
       Livermore-8 run=68 seed=2580222673 time=18.630s reward=0.999955 train_r2=1.000000 test_r2=1.000000 complexity=14 evals=2000002
      Livermore-12 run=71 seed=1980462661 time=3.427s reward=1.000000 train_r2=1.000000 test_r2=1.000000 complexity=7 evals=412007
       Livermore-6 run=68 seed=2580222673 time=19.887s reward=0.992310 train_r2=0.999940 test_r2=0.999933 complexity=19 evals=2000001
       Livermore-4 run=72 seed=2452680695 time=0.143s reward=1.000000 train_r2=1.000000 test_r2=1.000000 complexity=13 evals=23233
      Livermore-10 run=68 seed=2580222673 time=18.977s reward=0.987013 train_r2=0.999827 test_r2=0.999851 complexity=16 evals=2000001
       Livermore-5 run=72 seed=2452680695 time=0.495s reward=1.000000 train_r2=1.000000 test_r2=1.000000 complexity=14 evals=75006
       Livermore-9 run=68 seed=2580222673 time=19.916s reward=1.000000 train_r2=1.000000 test_r2=1.000000 complexity=24 evals=1959188
      Livermore-17 run=71 seed=1980462661 time=4.149s reward=1.000000 train_r2=1.000000 test_r2=1.000000 complexity=6 evals=470511
       Livermore-2 run=72 seed=2452680695 time=2.346s reward=1.000000 train_r2=1.000000 test_r2=1.000000 complexity=9 evals=279323
       Livermore-3 run=72 seed=2452680695 time=2.138s reward=1.000000 train_r2=1.000000 test_r2=1.000000 complexity=11 evals=272892
      Livermore-11 run=72 seed=2452680695 time=0.167s reward=1.000000 train_r2=1.000000 test_r2=1.000000 complexity=12 evals=27676
      Livermore-21 run=71 seed=1980462661 time=3.697s reward=1.000000 train_r2=1.000000 test_r2=1.000000 complexity=19 evals=410512
       Livermore-1 run=72 seed=2452680695 time=3.382s reward=1.000000 train_r2=1.000000 test_r2=1.000000 complexity=7 evals=81181
      Livermore-18 run=67 seed=3905278380 time=23.470s reward=0.969537 train_r2=0.999013 test_r2=0.999391 complexity=23 evals=2000001
      Livermore-15 run=72 seed=2452680695 time=0.269s reward=1.000000 train_r2=1.000000 test_r2=1.000000 complexity=3 evals=43782
      Livermore-16 run=72 seed=2452680695 time=0.178s reward=1.000000 train_r2=1.000000 test_r2=1.000000 complexity=3 evals=30722
      Livermore-12 run=72 seed=2452680695 time=1.633s reward=1.000000 train_r2=1.000000 test_r2=1.000000 complexity=7 evals=207588
      Livermore-11 run=69 seed=864589219 time=17.272s reward=0.999999 train_r2=1.000000 test_r2=1.000000 complexity=12 evals=2000000
      Livermore-17 run=72 seed=2452680695 time=0.727s reward=1.000000 train_r2=1.000000 test_r2=1.000000 complexity=6 evals=103067
      Livermore-19 run=72 seed=2452680695 time=0.232s reward=1.000000 train_r2=1.000000 test_r2=1.000000 complexity=10 evals=38425
      Livermore-20 run=72 seed=2452680695 time=0.036s reward=1.000000 train_r2=1.000000 test_r2=1.000000 complexity=6 evals=6855
      Livermore-22 run=72 seed=2452680695 time=0.271s reward=1.000000 train_r2=1.000000 test_r2=1.000000 complexity=6 evals=44021
      Livermore-12 run=69 seed=864589219 time=17.590s reward=1.000000 train_r2=1.000000 test_r2=1.000000 complexity=21 evals=1489681
       Livermore-2 run=70 seed=2499012356 time=15.225s reward=0.982702 train_r2=0.999690 test_r2=0.999685 complexity=16 evals=2000001
       Livermore-3 run=73 seed=3630032764 time=0.170s reward=1.000000 train_r2=1.000000 test_r2=1.000000 complexity=11 evals=27926
       Livermore-4 run=73 seed=3630032764 time=0.073s reward=1.000000 train_r2=1.000000 test_r2=1.000000 complexity=11 evals=12887
      Livermore-14 run=72 seed=2452680695 time=2.391s reward=1.000000 train_r2=1.000000 test_r2=1.000000 complexity=14 evals=316767
       Livermore-2 run=73 seed=3630032764 time=0.342s reward=1.000000 train_r2=1.000000 test_r2=1.000000 complexity=9 evals=49515
       Livermore-7 run=69 seed=864589219 time=19.270s reward=0.999833 train_r2=1.000000 test_r2=1.000000 complexity=8 evals=2000004
       Livermore-6 run=69 seed=864589219 time=20.119s reward=0.994581 train_r2=0.999970 test_r2=0.999865 complexity=31 evals=2000001
       Livermore-9 run=69 seed=864589219 time=20.125s reward=0.990700 train_r2=0.999912 test_r2=0.998353 complexity=20 evals=2000004
      Livermore-18 run=68 seed=2580222673 time=21.842s reward=0.945034 train_r2=0.996617 test_r2=0.993117 complexity=20 evals=2000001
      Livermore-17 run=69 seed=864589219 time=18.620s reward=0.994698 train_r2=0.999972 test_r2=0.999936 complexity=25 evals=2000008
      Livermore-10 run=69 seed=864589219 time=20.049s reward=0.982142 train_r2=0.999669 test_r2=0.996632 complexity=39 evals=2000012
      Livermore-10 run=73 seed=3630032764 time=0.692s reward=1.000000 train_r2=1.000000 test_r2=1.000000 complexity=6 evals=90830
       Livermore-1 run=73 seed=3630032764 time=3.160s reward=1.000000 train_r2=1.000000 test_r2=1.000000 complexity=7 evals=73537
       Livermore-7 run=70 seed=2499012356 time=17.369s reward=0.999934 train_r2=1.000000 test_r2=1.000000 complexity=19 evals=2000000
      Livermore-14 run=73 seed=3630032764 time=1.348s reward=1.000000 train_r2=1.000000 test_r2=1.000000 complexity=14 evals=177805
       Livermore-5 run=73 seed=3630032764 time=4.109s reward=1.000000 train_r2=1.000000 test_r2=1.000000 complexity=15 evals=538811
      Livermore-21 run=69 seed=864589219 time=20.089s reward=0.995887 train_r2=0.999983 test_r2=0.999839 complexity=24 evals=2000004
      Livermore-19 run=73 seed=3630032764 time=0.364s reward=1.000000 train_r2=1.000000 test_r2=1.000000 complexity=10 evals=54687
      Livermore-20 run=73 seed=3630032764 time=0.023s reward=1.000000 train_r2=1.000000 test_r2=1.000000 complexity=6 evals=4242
       Livermore-9 run=70 seed=2499012356 time=18.572s reward=0.993385 train_r2=0.999956 test_r2=0.999116 complexity=29 evals=2000005
      Livermore-18 run=69 seed=864589219 time=22.177s reward=0.992072 train_r2=0.999936 test_r2=0.999889 complexity=21 evals=2000002
      Livermore-16 run=73 seed=3630032764 time=2.141s reward=1.000000 train_r2=1.000000 test_r2=1.000000 complexity=3 evals=315745
      Livermore-21 run=73 seed=3630032764 time=0.816s reward=1.000000 train_r2=1.000000 test_r2=1.000000 complexity=17 evals=109877
      Livermore-13 run=73 seed=3630032764 time=4.072s reward=1.000000 train_r2=1.000000 test_r2=1.000000 complexity=3 evals=494272
      Livermore-22 run=73 seed=3630032764 time=1.503s reward=1.000000 train_r2=1.000000 test_r2=1.000000 complexity=6 evals=217868
       Livermore-4 run=74 seed=4174106357 time=0.535s reward=1.000000 train_r2=1.000000 test_r2=1.000000 complexity=11 evals=75100
       Livermore-3 run=74 seed=4174106357 time=0.974s reward=1.000000 train_r2=1.000000 test_r2=1.000000 complexity=11 evals=130882
       Livermore-6 run=71 seed=1980462661 time=17.666s reward=1.000000 train_r2=1.000000 test_r2=1.000000 complexity=17 evals=1729237
       Livermore-6 run=70 seed=2499012356 time=21.269s reward=0.994777 train_r2=0.999972 test_r2=0.999889 complexity=28 evals=2000001
       Livermore-1 run=74 seed=4174106357 time=1.751s reward=1.000000 train_r2=1.000000 test_r2=1.000000 complexity=7 evals=41415
       Livermore-2 run=74 seed=4174106357 time=1.820s reward=1.000000 train_r2=1.000000 test_r2=1.000000 complexity=9 evals=231563
      Livermore-13 run=72 seed=2452680695 time=9.925s reward=1.000000 train_r2=1.000000 test_r2=1.000000 complexity=3 evals=1110531
      Livermore-21 run=70 seed=2499012356 time=18.916s reward=0.998837 train_r2=0.999999 test_r2=0.999971 complexity=21 evals=2000002
      Livermore-13 run=74 seed=4174106357 time=0.166s reward=1.000000 train_r2=1.000000 test_r2=1.000000 complexity=3 evals=29516
      Livermore-12 run=74 seed=4174106357 time=0.439s reward=1.000000 train_r2=1.000000 test_r2=1.000000 complexity=7 evals=60057
      Livermore-11 run=74 seed=4174106357 time=0.612s reward=0.999999 train_r2=1.000000 test_r2=1.000000 complexity=12 evals=86809
       Livermore-8 run=71 seed=1980462661 time=17.899s reward=0.999947 train_r2=1.000000 test_r2=1.000000 complexity=14 evals=2000001
      Livermore-15 run=74 seed=4174106357 time=0.355s reward=1.000000 train_r2=1.000000 test_r2=1.000000 complexity=3 evals=55225
      Livermore-14 run=74 seed=4174106357 time=0.858s reward=1.000000 train_r2=1.000000 test_r2=1.000000 complexity=14 evals=122160
       Livermore-7 run=71 seed=1980462661 time=18.956s reward=0.999848 train_r2=1.000000 test_r2=1.000000 complexity=8 evals=2000000
      Livermore-20 run=74 seed=4174106357 time=0.012s reward=1.000000 train_r2=1.000000 test_r2=1.000000 complexity=6 evals=2294
      Livermore-19 run=74 seed=4174106357 time=0.587s reward=1.000000 train_r2=1.000000 test_r2=1.000000 complexity=10 evals=91011
      Livermore-10 run=72 seed=2452680695 time=12.442s reward=1.000000 train_r2=1.000000 test_r2=1.000000 complexity=6 evals=1268480
      Livermore-16 run=71 seed=1980462661 time=17.308s reward=0.991994 train_r2=0.999935 test_r2=0.997018 complexity=37 evals=2000009
      Livermore-18 run=70 seed=2499012356 time=22.214s reward=0.984004 train_r2=0.999736 test_r2=0.999693 complexity=35 evals=2000000
       Livermore-7 run=72 seed=2452680695 time=14.186s reward=1.000000 train_r2=1.000000 test_r2=1.000000 complexity=2 evals=1535701
       Livermore-3 run=75 seed=867240961 time=0.356s reward=1.000000 train_r2=1.000000 test_r2=1.000000 complexity=11 evals=53869
       Livermore-2 run=75 seed=867240961 time=0.492s reward=1.000000 train_r2=1.000000 test_r2=1.000000 complexity=9 evals=74386
       Livermore-4 run=75 seed=867240961 time=0.101s reward=1.000000 train_r2=1.000000 test_r2=1.000000 complexity=11 evals=16921
       Livermore-9 run=71 seed=1980462661 time=20.179s reward=0.988150 train_r2=0.999856 test_r2=0.999867 complexity=17 evals=2000000
      Livermore-22 run=74 seed=4174106357 time=1.787s reward=1.000000 train_r2=1.000000 test_r2=1.000000 complexity=6 evals=271821
       Livermore-5 run=74 seed=4174106357 time=4.922s reward=1.000000 train_r2=1.000000 test_r2=1.000000 complexity=14 evals=640448
       Livermore-1 run=75 seed=867240961 time=2.808s reward=1.000000 train_r2=1.000000 test_r2=1.000000 complexity=7 evals=67800
      Livermore-10 run=71 seed=1980462661 time=21.243s reward=0.994219 train_r2=0.999966 test_r2=0.999994 complexity=19 evals=2000000
      Livermore-11 run=75 seed=867240961 time=0.230s reward=1.000000 train_r2=1.000000 test_r2=1.000000 complexity=12 evals=34332
      Livermore-13 run=75 seed=867240961 time=0.050s reward=1.000000 train_r2=1.000000 test_r2=1.000000 complexity=3 evals=8971
       Livermore-6 run=75 seed=867240961 time=2.526s reward=1.000000 train_r2=1.000000 test_r2=1.000000 complexity=17 evals=324089
      Livermore-15 run=75 seed=867240961 time=0.124s reward=1.000000 train_r2=1.000000 test_r2=1.000000 complexity=3 evals=22151
      Livermore-15 run=73 seed=3630032764 time=10.878s reward=1.000000 train_r2=1.000000 test_r2=1.000000 complexity=3 evals=1131425
      Livermore-14 run=75 seed=867240961 time=1.084s reward=1.000000 train_r2=1.000000 test_r2=1.000000 complexity=14 evals=144528
      Livermore-16 run=75 seed=867240961 time=0.573s reward=1.000000 train_r2=1.000000 test_r2=1.000000 complexity=3 evals=97035
      Livermore-18 run=71 seed=1980462661 time=20.548s reward=0.991026 train_r2=0.999918 test_r2=0.999868 complexity=18 evals=2000000
      Livermore-20 run=75 seed=867240961 time=0.092s reward=1.000000 train_r2=1.000000 test_r2=1.000000 complexity=6 evals=16420
      Livermore-19 run=75 seed=867240961 time=0.167s reward=1.000000 train_r2=1.000000 test_r2=1.000000 complexity=10 evals=29483
      Livermore-22 run=75 seed=867240961 time=0.717s reward=1.000000 train_r2=1.000000 test_r2=1.000000 complexity=6 evals=112038
      Livermore-17 run=75 seed=867240961 time=1.054s reward=1.000000 train_r2=1.000000 test_r2=1.000000 complexity=6 evals=135710
       Livermore-8 run=72 seed=2452680695 time=18.729s reward=0.999953 train_r2=1.000000 test_r2=1.000000 complexity=14 evals=2000000
      Livermore-21 run=74 seed=4174106357 time=6.627s reward=1.000000 train_r2=1.000000 test_r2=1.000000 complexity=20 evals=705524
       Livermore-4 run=76 seed=1596437698 time=0.023s reward=1.000000 train_r2=1.000000 test_r2=1.000000 complexity=11 evals=4137
      Livermore-17 run=74 seed=4174106357 time=7.666s reward=1.000000 train_r2=1.000000 test_r2=1.000000 complexity=6 evals=827776
       Livermore-3 run=76 seed=1596437698 time=0.355s reward=1.000000 train_r2=1.000000 test_r2=1.000000 complexity=11 evals=51907
       Livermore-8 run=74 seed=4174106357 time=9.333s reward=1.000000 train_r2=1.000000 test_r2=1.000000 complexity=2 evals=1071965
       Livermore-6 run=72 seed=2452680695 time=20.495s reward=0.995009 train_r2=0.999975 test_r2=0.999867 complexity=27 evals=2000004
       Livermore-9 run=72 seed=2452680695 time=19.819s reward=0.988019 train_r2=0.999853 test_r2=0.999724 complexity=27 evals=2000006
      Livermore-12 run=75 seed=867240961 time=4.319s reward=1.000000 train_r2=1.000000 test_r2=1.000000 complexity=7 evals=436206
       Livermore-2 run=76 seed=1596437698 time=2.224s reward=1.000000 train_r2=1.000000 test_r2=1.000000 complexity=9 evals=251916
      Livermore-12 run=76 seed=1596437698 time=0.030s reward=1.000000 train_r2=1.000000 test_r2=1.000000 complexity=7 evals=5286
      Livermore-11 run=76 seed=1596437698 time=0.411s reward=1.000000 train_r2=1.000000 test_r2=1.000000 complexity=12 evals=60217
      Livermore-13 run=76 seed=1596437698 time=0.416s reward=1.000000 train_r2=1.000000 test_r2=1.000000 complexity=3 evals=67481
       Livermore-5 run=75 seed=867240961 time=7.271s reward=1.000000 train_r2=1.000000 test_r2=1.000000 complexity=15 evals=855114
      Livermore-21 run=72 seed=2452680695 time=18.356s reward=0.996523 train_r2=0.999988 test_r2=0.999978 complexity=22 evals=2000000
      Livermore-15 run=76 seed=1596437698 time=0.319s reward=1.000000 train_r2=1.000000 test_r2=1.000000 complexity=3 evals=51991
      Livermore-16 run=74 seed=4174106357 time=10.419s reward=1.000000 train_r2=1.000000 test_r2=1.000000 complexity=5 evals=1320846
       Livermore-5 run=76 seed=1596437698 time=2.899s reward=1.000000 train_r2=1.000000 test_r2=1.000000 complexity=16 evals=368338
      Livermore-20 run=76 seed=1596437698 time=0.022s reward=1.000000 train_r2=1.000000 test_r2=1.000000 complexity=6 evals=4171
      Livermore-19 run=76 seed=1596437698 time=0.439s reward=1.000000 train_r2=1.000000 test_r2=1.000000 complexity=10 evals=68026
      Livermore-21 run=75 seed=867240961 time=4.875s reward=1.000000 train_r2=1.000000 test_r2=1.000000 complexity=16 evals=578223
      Livermore-17 run=76 seed=1596437698 time=1.112s reward=1.000000 train_r2=1.000000 test_r2=1.000000 complexity=6 evals=156071
       Livermore-7 run=73 seed=3630032764 time=18.894s reward=0.999805 train_r2=1.000000 test_r2=1.000000 complexity=22 evals=2000002
      Livermore-14 run=76 seed=1596437698 time=1.771s reward=1.000000 train_r2=1.000000 test_r2=1.000000 complexity=14 evals=225324
      Livermore-22 run=76 seed=1596437698 time=0.454s reward=1.000000 train_r2=1.000000 test_r2=1.000000 complexity=6 evals=77062
       Livermore-3 run=77 seed=3765576040 time=0.263s reward=1.000000 train_r2=1.000000 test_r2=1.000000 complexity=11 evals=39438
       Livermore-8 run=73 seed=3630032764 time=19.248s reward=0.999967 train_r2=1.000000 test_r2=1.000000 complexity=14 evals=2000004
       Livermore-4 run=77 seed=3765576040 time=0.425s reward=1.000000 train_r2=1.000000 test_r2=1.000000 complexity=13 evals=61879
       Livermore-6 run=73 seed=3630032764 time=19.426s reward=0.998510 train_r2=0.999998 test_r2=0.999983 complexity=31 evals=2000001
       Livermore-1 run=76 seed=1596437698 time=5.118s reward=1.000000 train_r2=1.000000 test_r2=1.000000 complexity=7 evals=117492
       Livermore-5 run=77 seed=3765576040 time=1.323s reward=1.000000 train_r2=1.000000 test_r2=1.000000 complexity=14 evals=204575
      Livermore-18 run=72 seed=2452680695 time=21.516s reward=0.995102 train_r2=0.999976 test_r2=0.999942 complexity=29 evals=2000002
      Livermore-11 run=77 seed=3765576040 time=0.314s reward=1.000000 train_r2=1.000000 test_r2=1.000000 complexity=12 evals=49165
      Livermore-11 run=73 seed=3630032764 time=19.471s reward=0.999999 train_r2=1.000000 test_r2=1.000000 complexity=12 evals=2000000
       Livermore-9 run=73 seed=3630032764 time=19.859s reward=0.997622 train_r2=0.999994 test_r2=0.999761 complexity=29 evals=2000004
      Livermore-15 run=77 seed=3765576040 time=0.235s reward=1.000000 train_r2=1.000000 test_r2=1.000000 complexity=3 evals=38579
      Livermore-13 run=77 seed=3765576040 time=0.465s reward=1.000000 train_r2=1.000000 test_r2=1.000000 complexity=3 evals=78338
      Livermore-12 run=77 seed=3765576040 time=1.725s reward=1.000000 train_r2=1.000000 test_r2=1.000000 complexity=7 evals=223308
       Livermore-1 run=77 seed=3765576040 time=3.781s reward=1.000000 train_r2=1.000000 test_r2=1.000000 complexity=7 evals=88907
      Livermore-19 run=77 seed=3765576040 time=0.174s reward=1.000000 train_r2=1.000000 test_r2=1.000000 complexity=10 evals=29727
      Livermore-17 run=77 seed=3765576040 time=1.437s reward=1.000000 train_r2=1.000000 test_r2=1.000000 complexity=6 evals=208701
      Livermore-20 run=77 seed=3765576040 time=0.052s reward=1.000000 train_r2=1.000000 test_r2=1.000000 complexity=6 evals=9674
      Livermore-22 run=77 seed=3765576040 time=0.470s reward=1.000000 train_r2=1.000000 test_r2=1.000000 complexity=6 evals=78713
      Livermore-18 run=73 seed=3630032764 time=19.739s reward=0.999999 train_r2=1.000000 test_r2=1.000000 complexity=9 evals=2000004
      Livermore-17 run=73 seed=3630032764 time=20.209s reward=0.999459 train_r2=1.000000 test_r2=1.000000 complexity=15 evals=2000004
       Livermore-2 run=77 seed=3765576040 time=5.080s reward=1.000000 train_r2=1.000000 test_r2=1.000000 complexity=9 evals=594150
       Livermore-4 run=78 seed=1820974996 time=0.300s reward=1.000000 train_r2=1.000000 test_r2=1.000000 complexity=13 evals=49950
       Livermore-3 run=78 seed=1820974996 time=0.478s reward=1.000000 train_r2=1.000000 test_r2=1.000000 complexity=11 evals=67185
      Livermore-14 run=77 seed=3765576040 time=3.434s reward=1.000000 train_r2=1.000000 test_r2=1.000000 complexity=14 evals=399143
      Livermore-12 run=73 seed=3630032764 time=22.910s reward=0.906363 train_r2=0.989327 test_r2=-0.007380 complexity=59 evals=2000006
       Livermore-1 run=78 seed=1820974996 time=2.103s reward=1.000000 train_r2=1.000000 test_r2=1.000000 complexity=7 evals=52095
       Livermore-5 run=78 seed=1820974996 time=1.336s reward=1.000000 train_r2=1.000000 test_r2=1.000000 complexity=14 evals=197795
       Livermore-7 run=74 seed=4174106357 time=19.042s reward=0.999815 train_r2=1.000000 test_r2=1.000000 complexity=23 evals=2000002
      Livermore-11 run=78 seed=1820974996 time=0.167s reward=1.000000 train_r2=1.000000 test_r2=1.000000 complexity=12 evals=26430
       Livermore-9 run=74 seed=4174106357 time=19.987s reward=0.990441 train_r2=0.999907 test_r2=0.999480 complexity=22 evals=2000002
      Livermore-16 run=76 seed=1596437698 time=9.723s reward=1.000000 train_r2=1.000000 test_r2=1.000000 complexity=3 evals=1142735
      Livermore-10 run=74 seed=4174106357 time=20.267s reward=0.994606 train_r2=0.999971 test_r2=0.999978 complexity=9 evals=2000003
       Livermore-6 run=74 seed=4174106357 time=20.885s reward=0.995558 train_r2=0.999980 test_r2=0.999977 complexity=31 evals=2000000
      Livermore-13 run=78 seed=1820974996 time=0.536s reward=1.000000 train_r2=1.000000 test_r2=1.000000 complexity=3 evals=80044
      Livermore-14 run=78 seed=1820974996 time=1.316s reward=1.000000 train_r2=1.000000 test_r2=1.000000 complexity=14 evals=172120
       Livermore-8 run=75 seed=867240961 time=18.321s reward=0.999935 train_r2=1.000000 test_r2=1.000000 complexity=14 evals=2000003
      Livermore-19 run=78 seed=1820974996 time=0.384s reward=1.000000 train_r2=1.000000 test_r2=1.000000 complexity=12 evals=57975
      Livermore-20 run=78 seed=1820974996 time=0.098s reward=1.000000 train_r2=1.000000 test_r2=1.000000 complexity=6 evals=17785
       Livermore-7 run=75 seed=867240961 time=18.849s reward=0.999898 train_r2=1.000000 test_r2=1.000000 complexity=35 evals=2000001
       Livermore-9 run=75 seed=867240961 time=18.759s reward=0.989028 train_r2=0.999877 test_r2=0.999926 complexity=27 evals=2000000
      Livermore-22 run=78 seed=1820974996 time=0.395s reward=1.000000 train_r2=1.000000 test_r2=1.000000 complexity=6 evals=59426
      Livermore-10 run=75 seed=867240961 time=19.113s reward=0.995583 train_r2=0.999980 test_r2=0.999916 complexity=22 evals=2000003
      Livermore-18 run=74 seed=4174106357 time=22.833s reward=0.978809 train_r2=0.999531 test_r2=0.999245 complexity=9 evals=2000004
       Livermore-3 run=79 seed=23958531 time=0.497s reward=1.000000 train_r2=1.000000 test_r2=1.000000 complexity=11 evals=77042
       Livermore-4 run=79 seed=23958531 time=0.351s reward=1.000000 train_r2=1.000000 test_r2=1.000000 complexity=11 evals=51464
      Livermore-17 run=78 seed=1820974996 time=3.524s reward=1.000000 train_r2=1.000000 test_r2=1.000000 complexity=6 evals=413602
       Livermore-1 run=79 seed=23958531 time=1.800s reward=1.000000 train_r2=1.000000 test_r2=1.000000 complexity=7 evals=44050
       Livermore-2 run=79 seed=23958531 time=2.276s reward=1.000000 train_r2=1.000000 test_r2=1.000000 complexity=9 evals=266426
       Livermore-2 run=78 seed=1820974996 time=8.543s reward=1.000000 train_r2=1.000000 test_r2=1.000000 complexity=9 evals=970398
      Livermore-16 run=77 seed=3765576040 time=11.129s reward=1.000000 train_r2=1.000000 test_r2=1.000000 complexity=5 evals=1332566
      Livermore-11 run=79 seed=23958531 time=0.159s reward=1.000000 train_r2=1.000000 test_r2=1.000000 complexity=12 evals=25338
       Livermore-5 run=79 seed=23958531 time=2.129s reward=1.000000 train_r2=1.000000 test_r2=1.000000 complexity=14 evals=300475
       Livermore-7 run=76 seed=1596437698 time=18.786s reward=0.999866 train_r2=1.000000 test_r2=1.000000 complexity=8 evals=2000000
       Livermore-8 run=76 seed=1596437698 time=18.585s reward=0.999944 train_r2=1.000000 test_r2=1.000000 complexity=14 evals=2000000
      Livermore-15 run=79 seed=23958531 time=0.359s reward=1.000000 train_r2=1.000000 test_r2=1.000000 complexity=3 evals=55523
      Livermore-18 run=75 seed=867240961 time=21.745s reward=0.979226 train_r2=0.999550 test_r2=0.999184 complexity=34 evals=2000000
       Livermore-6 run=76 seed=1596437698 time=20.227s reward=0.994926 train_r2=0.999974 test_r2=0.999966 complexity=25 evals=2000010
      Livermore-13 run=79 seed=23958531 time=2.919s reward=1.000000 train_r2=1.000000 test_r2=1.000000 complexity=3 evals=405243
      Livermore-12 run=78 seed=1820974996 time=10.157s reward=1.000000 train_r2=1.000000 test_r2=1.000000 complexity=7 evals=1070895
      Livermore-12 run=79 seed=23958531 time=3.411s reward=1.000000 train_r2=1.000000 test_r2=1.000000 complexity=7 evals=386402
      Livermore-20 run=79 seed=23958531 time=0.047s reward=1.000000 train_r2=1.000000 test_r2=1.000000 complexity=6 evals=8713
      Livermore-14 run=79 seed=23958531 time=1.677s reward=1.000000 train_r2=1.000000 test_r2=1.000000 complexity=14 evals=207783
      Livermore-17 run=79 seed=23958531 time=0.699s reward=1.000000 train_r2=1.000000 test_r2=1.000000 complexity=6 evals=100971
      Livermore-19 run=79 seed=23958531 time=0.370s reward=1.000000 train_r2=1.000000 test_r2=1.000000 complexity=12 evals=59750
      Livermore-16 run=79 seed=23958531 time=1.129s reward=1.000000 train_r2=1.000000 test_r2=1.000000 complexity=3 evals=158776
      Livermore-22 run=79 seed=23958531 time=0.459s reward=1.000000 train_r2=1.000000 test_r2=1.000000 complexity=6 evals=72167
       Livermore-9 run=76 seed=1596437698 time=20.139s reward=0.989882 train_r2=0.999896 test_r2=0.999854 complexity=27 evals=2000001
       Livermore-4 run=80 seed=3823501306 time=0.211s reward=1.000000 train_r2=1.000000 test_r2=1.000000 complexity=11 evals=31827
       Livermore-5 run=80 seed=3823501306 time=0.499s reward=1.000000 train_r2=1.000000 test_r2=1.000000 complexity=14 evals=75878
       Livermore-3 run=80 seed=3823501306 time=0.839s reward=1.000000 train_r2=1.000000 test_r2=1.000000 complexity=11 evals=120631
       Livermore-2 run=80 seed=3823501306 time=1.394s reward=1.000000 train_r2=1.000000 test_r2=1.000000 complexity=9 evals=167720
      Livermore-10 run=77 seed=3765576040 time=18.019s reward=0.993033 train_r2=0.999951 test_r2=0.999938 complexity=9 evals=2000000
      Livermore-18 run=79 seed=23958531 time=1.895s reward=0.999999 train_r2=1.000000 test_r2=1.000000 complexity=9 evals=222683
      Livermore-11 run=80 seed=3823501306 time=0.155s reward=1.000000 train_r2=1.000000 test_r2=1.000000 complexity=12 evals=26772
      Livermore-10 run=76 seed=1596437698 time=21.124s reward=0.986975 train_r2=0.999826 test_r2=0.999778 complexity=31 evals=2000004
      Livermore-13 run=80 seed=3823501306 time=0.142s reward=1.000000 train_r2=1.000000 test_r2=1.000000 complexity=3 evals=25362
       Livermore-8 run=77 seed=3765576040 time=18.762s reward=0.999953 train_r2=1.000000 test_r2=1.000000 complexity=14 evals=2000000
      Livermore-21 run=76 seed=1596437698 time=19.729s reward=0.991233 train_r2=0.999922 test_r2=0.999892 complexity=23 evals=2000001
      Livermore-21 run=78 seed=1820974996 time=8.914s reward=1.000000 train_r2=1.000000 test_r2=1.000000 complexity=19 evals=954245
       Livermore-7 run=77 seed=3765576040 time=19.011s reward=0.999988 train_r2=1.000000 test_r2=1.000000 complexity=23 evals=2000000
      Livermore-15 run=80 seed=3823501306 time=0.425s reward=1.000000 train_r2=1.000000 test_r2=1.000000 complexity=3 evals=69558
      Livermore-20 run=80 seed=3823501306 time=0.006s reward=1.000000 train_r2=1.000000 test_r2=1.000000 complexity=6 evals=698
       Livermore-9 run=77 seed=3765576040 time=18.941s reward=0.995037 train_r2=0.999975 test_r2=0.997513 complexity=20 evals=2000000
       Livermore-1 run=80 seed=3823501306 time=2.756s reward=1.000000 train_r2=1.000000 test_r2=1.000000 complexity=7 evals=65307
      Livermore-14 run=80 seed=3823501306 time=0.891s reward=1.000000 train_r2=1.000000 test_r2=1.000000 complexity=14 evals=121184
      Livermore-19 run=80 seed=3823501306 time=0.627s reward=1.000000 train_r2=1.000000 test_r2=1.000000 complexity=12 evals=88033
       Livermore-6 run=77 seed=3765576040 time=20.075s reward=0.998131 train_r2=0.999996 test_r2=0.999773 complexity=30 evals=2000003
      Livermore-22 run=80 seed=3823501306 time=0.858s reward=1.000000 train_r2=1.000000 test_r2=1.000000 complexity=6 evals=128466
      Livermore-18 run=76 seed=1596437698 time=21.831s reward=0.985182 train_r2=0.999774 test_r2=0.999907 complexity=19 evals=2000003
       Livermore-4 run=81 seed=2654901646 time=0.078s reward=1.000000 train_r2=1.000000 test_r2=1.000000 complexity=11 evals=13713
      Livermore-12 run=80 seed=3823501306 time=1.739s reward=1.000000 train_r2=1.000000 test_r2=1.000000 complexity=13 evals=218760
      Livermore-17 run=80 seed=3823501306 time=1.234s reward=1.000000 train_r2=1.000000 test_r2=1.000000 complexity=6 evals=163417
       Livermore-5 run=81 seed=2654901646 time=0.205s reward=1.000000 train_r2=1.000000 test_r2=1.000000 complexity=14 evals=35899
       Livermore-2 run=81 seed=2654901646 time=0.887s reward=1.000000 train_r2=1.000000 test_r2=1.000000 complexity=9 evals=120026
       Livermore-3 run=81 seed=2654901646 time=1.037s reward=1.000000 train_r2=1.000000 test_r2=1.000000 complexity=11 evals=136170
       Livermore-7 run=78 seed=1820974996 time=15.993s reward=1.000000 train_r2=1.000000 test_r2=1.000000 complexity=2 evals=1727761
      Livermore-13 run=81 seed=2654901646 time=0.110s reward=1.000000 train_r2=1.000000 test_r2=1.000000 complexity=3 evals=19055
       Livermore-8 run=81 seed=2654901646 time=1.195s reward=1.000000 train_r2=1.000000 test_r2=1.000000 complexity=2 evals=159612
      Livermore-12 run=81 seed=2654901646 time=1.329s reward=1.000000 train_r2=1.000000 test_r2=1.000000 complexity=7 evals=157879
      Livermore-21 run=77 seed=3765576040 time=18.588s reward=0.997323 train_r2=0.999993 test_r2=0.999850 complexity=38 evals=2000006
      Livermore-15 run=81 seed=2654901646 time=1.131s reward=1.000000 train_r2=1.000000 test_r2=1.000000 complexity=3 evals=161126
       Livermore-8 run=78 seed=1820974996 time=17.301s reward=0.999964 train_r2=1.000000 test_r2=1.000000 complexity=14 evals=2000005
      Livermore-17 run=81 seed=2654901646 time=1.173s reward=1.000000 train_r2=1.000000 test_r2=1.000000 complexity=6 evals=168395
      Livermore-20 run=81 seed=2654901646 time=0.008s reward=1.000000 train_r2=1.000000 test_r2=1.000000 complexity=6 evals=1558
      Livermore-18 run=77 seed=3765576040 time=20.686s reward=0.975231 train_r2=0.999355 test_r2=0.998686 complexity=10 evals=2000004
      Livermore-19 run=81 seed=2654901646 time=0.460s reward=1.000000 train_r2=1.000000 test_r2=1.000000 complexity=12 evals=74319
       Livermore-1 run=81 seed=2654901646 time=4.147s reward=1.000000 train_r2=1.000000 test_r2=1.000000 complexity=7 evals=96548
      Livermore-14 run=81 seed=2654901646 time=3.021s reward=1.000000 train_r2=1.000000 test_r2=1.000000 complexity=14 evals=363452
       Livermore-9 run=78 seed=1820974996 time=18.290s reward=0.994192 train_r2=0.999966 test_r2=0.999873 complexity=18 evals=2000003
       Livermore-2 run=82 seed=3259510512 time=0.844s reward=1.000000 train_r2=1.000000 test_r2=1.000000 complexity=9 evals=112558
       Livermore-4 run=82 seed=3259510512 time=0.257s reward=1.000000 train_r2=1.000000 test_r2=1.000000 complexity=13 evals=43692
       Livermore-6 run=78 seed=1820974996 time=19.802s reward=0.997242 train_r2=0.999992 test_r2=0.997533 complexity=37 evals=2000002
      Livermore-15 run=78 seed=1820974996 time=16.832s reward=1.000000 train_r2=1.000000 test_r2=1.000000 complexity=3 evals=1953057
       Livermore-3 run=82 seed=3259510512 time=0.578s reward=1.000000 train_r2=1.000000 test_r2=1.000000 complexity=11 evals=83481
      Livermore-22 run=81 seed=2654901646 time=2.175s reward=1.000000 train_r2=1.000000 test_r2=1.000000 complexity=6 evals=288730
      Livermore-16 run=78 seed=1820974996 time=17.594s reward=0.988646 train_r2=0.999868 test_r2=0.986273 complexity=17 evals=2000001
      Livermore-11 run=82 seed=3259510512 time=0.464s reward=1.000000 train_r2=1.000000 test_r2=1.000000 complexity=12 evals=62093
      Livermore-10 run=78 seed=1820974996 time=20.272s reward=0.996928 train_r2=0.999991 test_r2=0.999987 complexity=15 evals=2000002
      Livermore-12 run=82 seed=3259510512 time=0.221s reward=1.000000 train_r2=1.000000 test_r2=1.000000 complexity=7 evals=32952
       Livermore-5 run=82 seed=3259510512 time=2.007s reward=1.000000 train_r2=1.000000 test_r2=1.000000 complexity=14 evals=271343
      Livermore-16 run=81 seed=2654901646 time=4.505s reward=1.000000 train_r2=1.000000 test_r2=1.000000 complexity=3 evals=560955
      Livermore-14 run=82 seed=3259510512 time=0.181s reward=1.000000 train_r2=1.000000 test_r2=1.000000 complexity=14 evals=29258
      Livermore-15 run=82 seed=3259510512 time=0.440s reward=1.000000 train_r2=1.000000 test_r2=1.000000 complexity=3 evals=67091
      Livermore-17 run=82 seed=3259510512 time=1.529s reward=1.000000 train_r2=1.000000 test_r2=1.000000 complexity=6 evals=198105
      Livermore-10 run=82 seed=3259510512 time=2.540s reward=1.000000 train_r2=1.000000 test_r2=1.000000 complexity=6 evals=312068
      Livermore-20 run=82 seed=3259510512 time=0.013s reward=1.000000 train_r2=1.000000 test_r2=1.000000 complexity=6 evals=2647
      Livermore-19 run=82 seed=3259510512 time=0.133s reward=1.000000 train_r2=1.000000 test_r2=1.000000 complexity=10 evals=22066
      Livermore-22 run=82 seed=3259510512 time=0.136s reward=1.000000 train_r2=1.000000 test_r2=1.000000 complexity=6 evals=23787
       Livermore-1 run=82 seed=3259510512 time=4.985s reward=1.000000 train_r2=1.000000 test_r2=1.000000 complexity=7 evals=122565
      Livermore-21 run=81 seed=2654901646 time=5.517s reward=1.000000 train_r2=1.000000 test_r2=1.000000 complexity=22 evals=673457
      Livermore-10 run=80 seed=3823501306 time=10.624s reward=1.000000 train_r2=1.000000 test_r2=1.000000 complexity=6 evals=1124438
       Livermore-2 run=83 seed=950346302 time=0.290s reward=1.000000 train_r2=1.000000 test_r2=1.000000 complexity=9 evals=44520
       Livermore-4 run=83 seed=950346302 time=0.282s reward=1.000000 train_r2=1.000000 test_r2=1.000000 complexity=11 evals=43602
       Livermore-8 run=79 seed=23958531 time=17.437s reward=0.999955 train_r2=1.000000 test_r2=1.000000 complexity=14 evals=2000006
       Livermore-3 run=83 seed=950346302 time=0.814s reward=1.000000 train_r2=1.000000 test_r2=1.000000 complexity=11 evals=115459
       Livermore-7 run=79 seed=23958531 time=19.298s reward=0.999981 train_r2=1.000000 test_r2=1.000000 complexity=24 evals=2000003
       Livermore-1 run=83 seed=950346302 time=2.807s reward=1.000000 train_r2=1.000000 test_r2=1.000000 complexity=7 evals=65542
      Livermore-10 run=79 seed=23958531 time=18.711s reward=0.996850 train_r2=0.999990 test_r2=0.999990 complexity=15 evals=2000001
       Livermore-5 run=83 seed=950346302 time=3.268s reward=1.000000 train_r2=1.000000 test_r2=1.000000 complexity=14 evals=440060
      Livermore-18 run=78 seed=1820974996 time=22.820s reward=0.986861 train_r2=0.999823 test_r2=0.999788 complexity=24 evals=2000000
       Livermore-8 run=83 seed=950346302 time=2.484s reward=1.000000 train_r2=1.000000 test_r2=1.000000 complexity=2 evals=342269
       Livermore-9 run=79 seed=23958531 time=19.479s reward=0.993579 train_r2=0.999958 test_r2=0.999967 complexity=27 evals=2000000
      Livermore-14 run=83 seed=950346302 time=0.321s reward=1.000000 train_r2=1.000000 test_r2=1.000000 complexity=14 evals=53627
       Livermore-6 run=79 seed=23958531 time=20.614s reward=0.995498 train_r2=0.999980 test_r2=0.999990 complexity=27 evals=2000009
      Livermore-15 run=83 seed=950346302 time=0.549s reward=1.000000 train_r2=1.000000 test_r2=1.000000 complexity=3 evals=79893
      Livermore-10 run=81 seed=2654901646 time=13.783s reward=1.000000 train_r2=1.000000 test_r2=1.000000 complexity=6 evals=1445386
      Livermore-19 run=83 seed=950346302 time=0.558s reward=1.000000 train_r2=1.000000 test_r2=1.000000 complexity=10 evals=86330
      Livermore-20 run=83 seed=950346302 time=0.039s reward=1.000000 train_r2=1.000000 test_r2=1.000000 complexity=6 evals=7306
      Livermore-12 run=83 seed=950346302 time=3.472s reward=1.000000 train_r2=1.000000 test_r2=1.000000 complexity=13 evals=451422
      Livermore-13 run=83 seed=950346302 time=3.554s reward=1.000000 train_r2=1.000000 test_r2=1.000000 complexity=3 evals=449328
      Livermore-17 run=83 seed=950346302 time=3.173s reward=1.000000 train_r2=1.000000 test_r2=1.000000 complexity=6 evals=378181
       Livermore-7 run=80 seed=3823501306 time=18.579s reward=0.999780 train_r2=1.000000 test_r2=1.000000 complexity=22 evals=2000002
      Livermore-21 run=79 seed=23958531 time=19.215s reward=0.994598 train_r2=0.999970 test_r2=0.999987 complexity=24 evals=2000000
       Livermore-8 run=80 seed=3823501306 time=18.371s reward=0.999947 train_r2=1.000000 test_r2=1.000000 complexity=14 evals=2000005
      Livermore-22 run=83 seed=950346302 time=0.421s reward=1.000000 train_r2=1.000000 test_r2=1.000000 complexity=6 evals=70992
       Livermore-2 run=84 seed=1436364170 time=0.349s reward=1.000000 train_r2=1.000000 test_r2=1.000000 complexity=9 evals=48919
       Livermore-4 run=84 seed=1436364170 time=0.251s reward=1.000000 train_r2=1.000000 test_r2=1.000000 complexity=11 evals=39998
       Livermore-3 run=84 seed=1436364170 time=0.438s reward=1.000000 train_r2=1.000000 test_r2=1.000000 complexity=11 evals=64497
       Livermore-9 run=80 seed=3823501306 time=18.707s reward=0.993446 train_r2=0.999956 test_r2=0.996294 complexity=31 evals=2000003
      Livermore-16 run=80 seed=3823501306 time=17.939s reward=0.988210 train_r2=0.999858 test_r2=0.998363 complexity=17 evals=2000001
       Livermore-6 run=80 seed=3823501306 time=19.845s reward=0.992197 train_r2=0.999938 test_r2=0.998206 complexity=32 evals=2000003
      Livermore-21 run=80 seed=3823501306 time=18.286s reward=0.992437 train_r2=0.999942 test_r2=0.995219 complexity=30 evals=2000004
      Livermore-12 run=84 seed=1436364170 time=0.308s reward=1.000000 train_r2=1.000000 test_r2=1.000000 complexity=7 evals=43923
      Livermore-13 run=84 seed=1436364170 time=0.110s reward=1.000000 train_r2=1.000000 test_r2=1.000000 complexity=3 evals=19770
      Livermore-15 run=84 seed=1436364170 time=0.281s reward=1.000000 train_r2=1.000000 test_r2=1.000000 complexity=3 evals=48246
      Livermore-14 run=84 seed=1436364170 time=0.769s reward=1.000000 train_r2=1.000000 test_r2=1.000000 complexity=14 evals=103877
      Livermore-16 run=84 seed=1436364170 time=0.641s reward=1.000000 train_r2=1.000000 test_r2=1.000000 complexity=3 evals=104829
       Livermore-7 run=81 seed=2654901646 time=18.499s reward=0.999784 train_r2=1.000000 test_r2=1.000000 complexity=22 evals=2000002
       Livermore-5 run=84 seed=1436364170 time=2.646s reward=1.000000 train_r2=1.000000 test_r2=1.000000 complexity=15 evals=319589
      Livermore-20 run=84 seed=1436364170 time=0.020s reward=1.000000 train_r2=1.000000 test_r2=1.000000 complexity=6 evals=3700
      Livermore-19 run=84 seed=1436364170 time=0.178s reward=1.000000 train_r2=1.000000 test_r2=1.000000 complexity=10 evals=29555
      Livermore-10 run=84 seed=1436364170 time=2.204s reward=1.000000 train_r2=1.000000 test_r2=1.000000 complexity=6 evals=298193
       Livermore-1 run=84 seed=1436364170 time=3.224s reward=1.000000 train_r2=1.000000 test_r2=1.000000 complexity=7 evals=75879
      Livermore-22 run=84 seed=1436364170 time=0.153s reward=1.000000 train_r2=1.000000 test_r2=1.000000 complexity=6 evals=26711
       Livermore-2 run=85 seed=1570424568 time=0.572s reward=1.000000 train_r2=1.000000 test_r2=1.000000 complexity=9 evals=79347
      Livermore-17 run=84 seed=1436364170 time=1.252s reward=1.000000 train_r2=1.000000 test_r2=1.000000 complexity=6 evals=169771
      Livermore-11 run=81 seed=2654901646 time=19.269s reward=0.999998 train_r2=1.000000 test_r2=1.000000 complexity=12 evals=2000006
       Livermore-4 run=85 seed=1570424568 time=0.228s reward=1.000000 train_r2=1.000000 test_r2=1.000000 complexity=11 evals=35780
       Livermore-3 run=85 seed=1570424568 time=0.844s reward=1.000000 train_r2=1.000000 test_r2=1.000000 complexity=11 evals=114756
      Livermore-18 run=80 seed=3823501306 time=21.351s reward=0.944119 train_r2=0.996497 test_r2=0.989714 complexity=28 evals=2000004
       Livermore-6 run=81 seed=2654901646 time=20.460s reward=0.991812 train_r2=0.999932 test_r2=0.999902 complexity=29 evals=2000002
       Livermore-1 run=85 seed=1570424568 time=1.955s reward=1.000000 train_r2=1.000000 test_r2=1.000000 complexity=7 evals=48950
       Livermore-9 run=81 seed=2654901646 time=20.555s reward=0.991287 train_r2=0.999923 test_r2=0.999922 complexity=29 evals=2000009
      Livermore-18 run=81 seed=2654901646 time=18.717s reward=0.999999 train_r2=1.000000 test_r2=1.000000 complexity=9 evals=1688446
      Livermore-13 run=85 seed=1570424568 time=0.077s reward=1.000000 train_r2=1.000000 test_r2=1.000000 complexity=3 evals=13225
      Livermore-14 run=85 seed=1570424568 time=0.918s reward=1.000000 train_r2=1.000000 test_r2=1.000000 complexity=14 evals=119707
      Livermore-10 run=85 seed=1570424568 time=1.626s reward=1.000000 train_r2=1.000000 test_r2=1.000000 complexity=6 evals=211130
       Livermore-8 run=82 seed=3259510512 time=17.687s reward=0.999938 train_r2=1.000000 test_r2=1.000000 complexity=14 evals=2000001
       Livermore-6 run=85 seed=1570424568 time=2.787s reward=1.000000 train_r2=1.000000 test_r2=1.000000 complexity=18 evals=324874
      Livermore-16 run=85 seed=1570424568 time=0.780s reward=1.000000 train_r2=1.000000 test_r2=1.000000 complexity=3 evals=115924
       Livermore-7 run=82 seed=3259510512 time=18.453s reward=0.999825 train_r2=1.000000 test_r2=1.000000 complexity=8 evals=2000003
      Livermore-20 run=85 seed=1570424568 time=0.008s reward=1.000000 train_r2=1.000000 test_r2=1.000000 complexity=6 evals=1574
      Livermore-19 run=85 seed=1570424568 time=0.327s reward=1.000000 train_r2=1.000000 test_r2=1.000000 complexity=10 evals=50716
      Livermore-12 run=85 seed=1570424568 time=2.634s reward=1.000000 train_r2=1.000000 test_r2=1.000000 complexity=7 evals=289548
      Livermore-15 run=85 seed=1570424568 time=1.357s reward=1.000000 train_r2=1.000000 test_r2=1.000000 complexity=3 evals=180445
      Livermore-17 run=85 seed=1570424568 time=1.212s reward=1.000000 train_r2=1.000000 test_r2=1.000000 complexity=6 evals=159730
       Livermore-6 run=82 seed=3259510512 time=19.236s reward=0.995872 train_r2=0.999983 test_r2=0.999973 complexity=28 evals=2000005
       Livermore-4 run=86 seed=4035782163 time=0.086s reward=1.000000 train_r2=1.000000 test_r2=1.000000 complexity=13 evals=15766
      Livermore-13 run=82 seed=3259510512 time=17.652s reward=0.981234 train_r2=0.999634 test_r2=0.999349 complexity=27 evals=2000001
       Livermore-3 run=86 seed=4035782163 time=0.591s reward=1.000000 train_r2=1.000000 test_r2=1.000000 complexity=11 evals=84252
       Livermore-5 run=86 seed=4035782163 time=0.560s reward=1.000000 train_r2=1.000000 test_r2=1.000000 complexity=14 evals=90464
       Livermore-9 run=82 seed=3259510512 time=19.878s reward=0.990290 train_r2=0.999904 test_r2=0.999895 complexity=17 evals=2000004
      Livermore-16 run=82 seed=3259510512 time=18.222s reward=0.967910 train_r2=0.998901 test_r2=0.998433 complexity=20 evals=2000003
      Livermore-21 run=85 seed=1570424568 time=1.891s reward=1.000000 train_r2=1.000000 test_r2=1.000000 complexity=15 evals=230779
      Livermore-10 run=83 seed=950346302 time=14.392s reward=1.000000 train_r2=1.000000 test_r2=1.000000 complexity=6 evals=1439465
      Livermore-21 run=82 seed=3259510512 time=18.721s reward=0.995295 train_r2=0.999978 test_r2=0.999942 complexity=25 evals=2000000
      Livermore-13 run=86 seed=4035782163 time=0.110s reward=1.000000 train_r2=1.000000 test_r2=1.000000 complexity=3 evals=20230
       Livermore-7 run=83 seed=950346302 time=17.883s reward=0.999727 train_r2=1.000000 test_r2=1.000000 complexity=19 evals=2000002
       Livermore-5 run=85 seed=1570424568 time=8.291s reward=1.000000 train_r2=1.000000 test_r2=1.000000 complexity=14 evals=915344
      Livermore-16 run=83 seed=950346302 time=15.629s reward=0.987523 train_r2=0.999840 test_r2=0.998801 complexity=14 evals=2000006
      Livermore-14 run=86 seed=4035782163 time=1.053s reward=1.000000 train_r2=1.000000 test_r2=1.000000 complexity=14 evals=147696
       Livermore-1 run=86 seed=4035782163 time=4.813s reward=1.000000 train_r2=1.000000 test_r2=1.000000 complexity=7 evals=112471
      Livermore-19 run=86 seed=4035782163 time=0.279s reward=1.000000 train_r2=1.000000 test_r2=1.000000 complexity=12 evals=43132
      Livermore-20 run=86 seed=4035782163 time=0.002s reward=1.000000 train_r2=1.000000 test_r2=1.000000 complexity=6 evals=341
      Livermore-18 run=82 seed=3259510512 time=22.001s reward=0.974339 train_r2=0.999306 test_r2=0.999041 complexity=10 evals=2000000
       Livermore-6 run=83 seed=950346302 time=19.803s reward=0.995869 train_r2=0.999983 test_r2=0.999697 complexity=31 evals=2000002
      Livermore-22 run=86 seed=4035782163 time=0.276s reward=1.000000 train_r2=1.000000 test_r2=1.000000 complexity=6 evals=44676
      Livermore-18 run=86 seed=4035782163 time=0.996s reward=0.999999 train_r2=1.000000 test_r2=1.000000 complexity=9 evals=134199
       Livermore-2 run=87 seed=2538244260 time=0.642s reward=1.000000 train_r2=1.000000 test_r2=1.000000 complexity=9 evals=85951
       Livermore-4 run=87 seed=2538244260 time=0.085s reward=1.000000 train_r2=1.000000 test_r2=1.000000 complexity=11 evals=14666
       Livermore-3 run=87 seed=2538244260 time=0.962s reward=1.000000 train_r2=1.000000 test_r2=1.000000 complexity=11 evals=134852
       Livermore-9 run=85 seed=1570424568 time=10.024s reward=1.000000 train_r2=1.000000 test_r2=1.000000 complexity=24 evals=1094596
       Livermore-5 run=87 seed=2538244260 time=0.653s reward=1.000000 train_r2=1.000000 test_r2=1.000000 complexity=14 evals=96053
      Livermore-11 run=83 seed=950346302 time=19.855s reward=0.999998 train_r2=1.000000 test_r2=1.000000 complexity=12 evals=2000000
       Livermore-1 run=87 seed=2538244260 time=2.223s reward=1.000000 train_r2=1.000000 test_r2=1.000000 complexity=7 evals=53648
       Livermore-9 run=83 seed=950346302 time=20.341s reward=0.996778 train_r2=0.999990 test_r2=0.999405 complexity=26 evals=2000001
      Livermore-11 run=87 seed=2538244260 time=0.452s reward=1.000000 train_r2=1.000000 test_r2=1.000000 complexity=12 evals=62983
      Livermore-12 run=87 seed=2538244260 time=0.133s reward=1.000000 train_r2=1.000000 test_r2=1.000000 complexity=7 evals=18182
      Livermore-13 run=87 seed=2538244260 time=0.212s reward=1.000000 train_r2=1.000000 test_r2=1.000000 complexity=3 evals=34649
      Livermore-21 run=83 seed=950346302 time=18.887s reward=0.997883 train_r2=0.999996 test_r2=0.999873 complexity=22 evals=2000003
      Livermore-15 run=87 seed=2538244260 time=0.690s reward=1.000000 train_r2=1.000000 test_r2=1.000000 complexity=3 evals=110325
      Livermore-16 run=86 seed=4035782163 time=6.244s reward=1.000000 train_r2=1.000000 test_r2=1.000000 complexity=3 evals=765209
       Livermore-8 run=84 seed=1436364170 time=18.543s reward=0.999973 train_r2=1.000000 test_r2=1.000000 complexity=14 evals=2000002
      Livermore-16 run=87 seed=2538244260 time=0.456s reward=1.000000 train_r2=1.000000 test_r2=1.000000 complexity=3 evals=77381
      Livermore-18 run=84 seed=1436364170 time=16.420s reward=0.999999 train_r2=1.000000 test_r2=1.000000 complexity=9 evals=1793328
      Livermore-20 run=87 seed=2538244260 time=0.017s reward=1.000000 train_r2=1.000000 test_r2=1.000000 complexity=6 evals=2976
       Livermore-6 run=84 seed=1436364170 time=18.833s reward=0.991693 train_r2=0.999930 test_r2=0.999757 complexity=28 evals=2000002
      Livermore-19 run=87 seed=2538244260 time=0.608s reward=1.000000 train_r2=1.000000 test_r2=1.000000 complexity=10 evals=92043
      Livermore-22 run=87 seed=2538244260 time=0.415s reward=1.000000 train_r2=1.000000 test_r2=1.000000 complexity=6 evals=69751
      Livermore-14 run=87 seed=2538244260 time=3.089s reward=1.000000 train_r2=1.000000 test_r2=1.000000 complexity=14 evals=367678
       Livermore-7 run=84 seed=1436364170 time=19.480s reward=0.999811 train_r2=1.000000 test_r2=1.000000 complexity=23 evals=2000002
       Livermore-4 run=88 seed=741423123 time=0.173s reward=1.000000 train_r2=1.000000 test_r2=1.000000 complexity=11 evals=26944
      Livermore-11 run=84 seed=1436364170 time=19.473s reward=0.999999 train_r2=1.000000 test_r2=1.000000 complexity=12 evals=2000004
      Livermore-18 run=83 seed=950346302 time=23.170s reward=0.981909 train_r2=0.999661 test_r2=0.999377 complexity=30 evals=2000004
       Livermore-3 run=88 seed=741423123 time=1.419s reward=1.000000 train_r2=1.000000 test_r2=1.000000 complexity=11 evals=170384
      Livermore-10 run=87 seed=2538244260 time=6.015s reward=1.000000 train_r2=1.000000 test_r2=1.000000 complexity=6 evals=652490
      Livermore-12 run=86 seed=4035782163 time=11.821s reward=1.000000 train_r2=1.000000 test_r2=1.000000 complexity=7 evals=1264276
       Livermore-9 run=84 seed=1436364170 time=20.901s reward=0.996998 train_r2=0.999991 test_r2=0.999910 complexity=41 evals=2000000
       Livermore-2 run=88 seed=741423123 time=2.244s reward=1.000000 train_r2=1.000000 test_r2=1.000000 complexity=9 evals=279665
       Livermore-5 run=88 seed=741423123 time=1.909s reward=1.000000 train_r2=1.000000 test_r2=1.000000 complexity=14 evals=234568
      Livermore-13 run=88 seed=741423123 time=0.162s reward=1.000000 train_r2=1.000000 test_r2=1.000000 complexity=3 evals=26943
      Livermore-21 run=87 seed=2538244260 time=3.189s reward=1.000000 train_r2=1.000000 test_r2=1.000000 complexity=16 evals=414855
      Livermore-21 run=84 seed=1436364170 time=19.443s reward=0.995692 train_r2=0.999981 test_r2=0.999907 complexity=27 evals=2000001
       Livermore-8 run=85 seed=1570424568 time=18.467s reward=0.999918 train_r2=1.000000 test_r2=1.000000 complexity=14 evals=2000001
      Livermore-15 run=88 seed=741423123 time=0.280s reward=1.000000 train_r2=1.000000 test_r2=1.000000 complexity=3 evals=48704
       Livermore-7 run=85 seed=1570424568 time=18.782s reward=0.999903 train_r2=1.000000 test_r2=1.000000 complexity=19 evals=2000003
      Livermore-11 run=85 seed=1570424568 time=17.291s reward=0.999998 train_r2=1.000000 test_r2=1.000000 complexity=12 evals=2000003
      Livermore-20 run=88 seed=741423123 time=0.010s reward=1.000000 train_r2=1.000000 test_r2=1.000000 complexity=6 evals=1867
      Livermore-19 run=88 seed=741423123 time=0.243s reward=1.000000 train_r2=1.000000 test_r2=1.000000 complexity=10 evals=39798
      Livermore-22 run=85 seed=1570424568 time=16.477s reward=1.000000 train_r2=1.000000 test_r2=1.000000 complexity=6 evals=1831813
      Livermore-22 run=88 seed=741423123 time=2.072s reward=1.000000 train_r2=1.000000 test_r2=1.000000 complexity=6 evals=264378
      Livermore-17 run=87 seed=2538244260 time=6.772s reward=1.000000 train_r2=1.000000 test_r2=1.000000 complexity=6 evals=726775
       Livermore-1 run=88 seed=741423123 time=6.226s reward=1.000000 train_r2=1.000000 test_r2=1.000000 complexity=7 evals=146610
       Livermore-8 run=86 seed=4035782163 time=17.176s reward=0.999977 train_r2=1.000000 test_r2=1.000000 complexity=14 evals=2000004
      Livermore-15 run=86 seed=4035782163 time=14.530s reward=1.000000 train_r2=1.000000 test_r2=1.000000 complexity=3 evals=1470660
       Livermore-4 run=89 seed=4203616987 time=0.251s reward=1.000000 train_r2=1.000000 test_r2=1.000000 complexity=11 evals=41409
       Livermore-3 run=89 seed=4203616987 time=0.871s reward=1.000000 train_r2=1.000000 test_r2=1.000000 complexity=11 evals=111613
      Livermore-12 run=88 seed=741423123 time=4.359s reward=1.000000 train_r2=1.000000 test_r2=1.000000 complexity=7 evals=509534
      Livermore-14 run=88 seed=741423123 time=4.202s reward=1.000000 train_r2=1.000000 test_r2=1.000000 complexity=14 evals=471158
       Livermore-2 run=89 seed=4203616987 time=1.244s reward=1.000000 train_r2=1.000000 test_r2=1.000000 complexity=9 evals=152094
       Livermore-5 run=89 seed=4203616987 time=0.801s reward=1.000000 train_r2=1.000000 test_r2=1.000000 complexity=16 evals=125165
       Livermore-6 run=86 seed=4035782163 time=18.686s reward=0.992631 train_r2=0.999945 test_r2=0.999819 complexity=27 evals=2000001
       Livermore-7 run=86 seed=4035782163 time=18.572s reward=0.999969 train_r2=1.000000 test_r2=1.000000 complexity=27 evals=2000002
      Livermore-13 run=89 seed=4203616987 time=0.178s reward=1.000000 train_r2=1.000000 test_r2=1.000000 complexity=3 evals=31847
       Livermore-1 run=89 seed=4203616987 time=3.193s reward=1.000000 train_r2=1.000000 test_r2=1.000000 complexity=7 evals=77718
      Livermore-15 run=89 seed=4203616987 time=0.255s reward=1.000000 train_r2=1.000000 test_r2=1.000000 complexity=3 evals=44347
      Livermore-16 run=89 seed=4203616987 time=0.520s reward=1.000000 train_r2=1.000000 test_r2=1.000000 complexity=3 evals=80530
      Livermore-14 run=89 seed=4203616987 time=0.782s reward=1.000000 train_r2=1.000000 test_r2=1.000000 complexity=14 evals=108429
      Livermore-17 run=89 seed=4203616987 time=0.447s reward=1.000000 train_r2=1.000000 test_r2=1.000000 complexity=6 evals=71032
      Livermore-20 run=89 seed=4203616987 time=0.032s reward=1.000000 train_r2=1.000000 test_r2=1.000000 complexity=6 evals=6437
      Livermore-16 run=88 seed=741423123 time=5.661s reward=1.000000 train_r2=1.000000 test_r2=1.000000 complexity=3 evals=710868
      Livermore-10 run=88 seed=741423123 time=6.451s reward=1.000000 train_r2=1.000000 test_r2=1.000000 complexity=6 evals=730498
       Livermore-2 run=86 seed=4035782163 time=20.586s reward=0.996739 train_r2=0.999989 test_r2=0.999279 complexity=23 evals=2000000
      Livermore-19 run=89 seed=4203616987 time=0.583s reward=1.000000 train_r2=1.000000 test_r2=1.000000 complexity=10 evals=83998
       Livermore-9 run=86 seed=4035782163 time=19.594s reward=0.991032 train_r2=0.999918 test_r2=0.997360 complexity=24 evals=2000000
       Livermore-1 run=90 seed=1451685539 time=0.839s reward=1.000000 train_r2=1.000000 test_r2=1.000000 complexity=7 evals=20077
       Livermore-4 run=90 seed=1451685539 time=0.555s reward=1.000000 train_r2=1.000000 test_r2=1.000000 complexity=12 evals=81419
       Livermore-2 run=90 seed=1451685539 time=0.770s reward=1.000000 train_r2=1.000000 test_r2=1.000000 complexity=9 evals=102928
      Livermore-11 run=86 seed=4035782163 time=19.976s reward=0.999997 train_r2=1.000000 test_r2=1.000000 complexity=12 evals=2000002
       Livermore-3 run=90 seed=1451685539 time=0.787s reward=1.000000 train_r2=1.000000 test_r2=1.000000 complexity=11 evals=107816
      Livermore-18 run=85 seed=1570424568 time=22.459s reward=0.992639 train_r2=0.999945 test_r2=0.999922 complexity=32 evals=2000010
      Livermore-10 run=86 seed=4035782163 time=21.185s reward=0.996018 train_r2=0.999984 test_r2=0.999931 complexity=33 evals=2000006
      Livermore-17 run=88 seed=741423123 time=8.093s reward=1.000000 train_r2=1.000000 test_r2=1.000000 complexity=6 evals=861810
       Livermore-5 run=90 seed=1451685539 time=1.654s reward=1.000000 train_r2=1.000000 test_r2=1.000000 complexity=15 evals=215361
      Livermore-13 run=90 seed=1451685539 time=0.079s reward=1.000000 train_r2=1.000000 test_r2=1.000000 complexity=3 evals=14087
      Livermore-12 run=90 seed=1451685539 time=0.193s reward=1.000000 train_r2=1.000000 test_r2=1.000000 complexity=7 evals=28177
      Livermore-12 run=89 seed=4203616987 time=4.083s reward=1.000000 train_r2=1.000000 test_r2=1.000000 complexity=7 evals=443528
      Livermore-11 run=90 seed=1451685539 time=0.495s reward=1.000000 train_r2=1.000000 test_r2=1.000000 complexity=12 evals=67608
      Livermore-15 run=90 seed=1451685539 time=0.169s reward=1.000000 train_r2=1.000000 test_r2=1.000000 complexity=3 evals=28106
      Livermore-18 run=87 seed=2538244260 time=12.462s reward=0.999999 train_r2=1.000000 test_r2=1.000000 complexity=9 evals=1190435
      Livermore-21 run=88 seed=741423123 time=8.600s reward=1.000000 train_r2=1.000000 test_r2=1.000000 complexity=19 evals=1003449
      Livermore-20 run=90 seed=1451685539 time=0.028s reward=1.000000 train_r2=1.000000 test_r2=1.000000 complexity=6 evals=5502
      Livermore-19 run=90 seed=1451685539 time=0.306s reward=1.000000 train_r2=1.000000 test_r2=1.000000 complexity=10 evals=46828
      Livermore-17 run=86 seed=4035782163 time=19.285s reward=0.996135 train_r2=0.999985 test_r2=0.999944 complexity=36 evals=2000002
      Livermore-17 run=90 seed=1451685539 time=0.985s reward=1.000000 train_r2=1.000000 test_r2=1.000000 complexity=6 evals=131450
      Livermore-22 run=90 seed=1451685539 time=0.468s reward=1.000000 train_r2=1.000000 test_r2=1.000000 complexity=6 evals=74698
      Livermore-22 run=89 seed=4203616987 time=4.445s reward=1.000000 train_r2=1.000000 test_r2=1.000000 complexity=6 evals=548252
      Livermore-14 run=90 seed=1451685539 time=1.711s reward=1.000000 train_r2=1.000000 test_r2=1.000000 complexity=14 evals=212666
       Livermore-2 run=91 seed=3089837783 time=0.794s reward=1.000000 train_r2=1.000000 test_r2=1.000000 complexity=9 evals=98221
      Livermore-21 run=86 seed=4035782163 time=19.905s reward=0.993526 train_r2=0.999958 test_r2=0.999714 complexity=17 evals=2000003
       Livermore-5 run=91 seed=3089837783 time=0.386s reward=1.000000 train_r2=1.000000 test_r2=1.000000 complexity=14 evals=58708
       Livermore-3 run=91 seed=3089837783 time=1.002s reward=1.000000 train_r2=1.000000 test_r2=1.000000 complexity=11 evals=135901
       Livermore-4 run=91 seed=3089837783 time=0.733s reward=1.000000 train_r2=1.000000 test_r2=1.000000 complexity=13 evals=100294
       Livermore-7 run=87 seed=2538244260 time=18.523s reward=0.999815 train_r2=1.000000 test_r2=1.000000 complexity=22 evals=2000004
       Livermore-8 run=87 seed=2538244260 time=18.640s reward=0.999925 train_r2=1.000000 test_r2=1.000000 complexity=14 evals=2000003
       Livermore-9 run=87 seed=2538244260 time=18.197s reward=0.988851 train_r2=0.999873 test_r2=0.999855 complexity=27 evals=2000000
      Livermore-13 run=91 seed=3089837783 time=0.254s reward=1.000000 train_r2=1.000000 test_r2=1.000000 complexity=3 evals=44907
       Livermore-6 run=87 seed=2538244260 time=19.897s reward=0.991395 train_r2=0.999925 test_r2=0.999869 complexity=28 evals=2000004
      Livermore-16 run=90 seed=1451685539 time=3.779s reward=1.000000 train_r2=1.000000 test_r2=1.000000 complexity=3 evals=550870
      Livermore-16 run=91 seed=3089837783 time=0.325s reward=1.000000 train_r2=1.000000 test_r2=1.000000 complexity=3 evals=56791
      Livermore-15 run=91 seed=3089837783 time=0.396s reward=1.000000 train_r2=1.000000 test_r2=1.000000 complexity=3 evals=65430
      Livermore-14 run=91 seed=3089837783 time=1.044s reward=1.000000 train_r2=1.000000 test_r2=1.000000 complexity=14 evals=152628
      Livermore-10 run=91 seed=3089837783 time=2.026s reward=1.000000 train_r2=1.000000 test_r2=1.000000 complexity=6 evals=256307
      Livermore-20 run=91 seed=3089837783 time=0.016s reward=1.000000 train_r2=1.000000 test_r2=1.000000 complexity=6 evals=3178
      Livermore-12 run=91 seed=3089837783 time=1.862s reward=1.000000 train_r2=1.000000 test_r2=1.000000 complexity=7 evals=220352
      Livermore-19 run=91 seed=3089837783 time=0.330s reward=1.000000 train_r2=1.000000 test_r2=1.000000 complexity=10 evals=53837
       Livermore-1 run=91 seed=3089837783 time=4.034s reward=1.000000 train_r2=1.000000 test_r2=1.000000 complexity=7 evals=95367
      Livermore-17 run=91 seed=3089837783 time=0.999s reward=1.000000 train_r2=1.000000 test_r2=1.000000 complexity=6 evals=144971
      Livermore-22 run=91 seed=3089837783 time=0.811s reward=1.000000 train_r2=1.000000 test_r2=1.000000 complexity=6 evals=117496
       Livermore-6 run=88 seed=741423123 time=15.892s reward=1.000000 train_r2=1.000000 test_r2=1.000000 complexity=17 evals=1590307
       Livermore-3 run=92 seed=2706151228 time=0.375s reward=1.000000 train_r2=1.000000 test_r2=1.000000 complexity=11 evals=57822
       Livermore-4 run=92 seed=2706151228 time=0.307s reward=1.000000 train_r2=1.000000 test_r2=1.000000 complexity=13 evals=46908
       Livermore-1 run=92 seed=2706151228 time=1.620s reward=1.000000 train_r2=1.000000 test_r2=1.000000 complexity=7 evals=39983
       Livermore-8 run=91 seed=3089837783 time=5.513s reward=1.000000 train_r2=1.000000 test_r2=1.000000 complexity=2 evals=630970
       Livermore-7 run=88 seed=741423123 time=18.637s reward=0.999887 train_r2=1.000000 test_r2=1.000000 complexity=8 evals=2000000
       Livermore-8 run=88 seed=741423123 time=17.908s reward=0.999958 train_r2=1.000000 test_r2=1.000000 complexity=14 evals=2000002
       Livermore-5 run=92 seed=2706151228 time=3.529s reward=1.000000 train_r2=1.000000 test_r2=1.000000 complexity=16 evals=427916
      Livermore-12 run=92 seed=2706151228 time=0.774s reward=1.000000 train_r2=1.000000 test_r2=1.000000 complexity=7 evals=101119
      Livermore-13 run=92 seed=2706151228 time=0.176s reward=1.000000 train_r2=1.000000 test_r2=1.000000 complexity=3 evals=29970
      Livermore-18 run=89 seed=4203616987 time=13.396s reward=0.999999 train_r2=1.000000 test_r2=1.000000 complexity=9 evals=1326442
       Livermore-9 run=88 seed=741423123 time=19.521s reward=0.991901 train_r2=0.999933 test_r2=0.999970 complexity=32 evals=2000006
      Livermore-15 run=92 seed=2706151228 time=0.456s reward=1.000000 train_r2=1.000000 test_r2=1.000000 complexity=3 evals=70708
      Livermore-18 run=88 seed=741423123 time=19.325s reward=0.999999 train_r2=1.000000 test_r2=1.000000 complexity=9 evals=2000012
      Livermore-17 run=92 seed=2706151228 time=0.403s reward=1.000000 train_r2=1.000000 test_r2=1.000000 complexity=6 evals=63280
       Livermore-2 run=92 seed=2706151228 time=6.253s reward=1.000000 train_r2=1.000000 test_r2=1.000000 complexity=9 evals=731168
      Livermore-20 run=92 seed=2706151228 time=0.031s reward=1.000000 train_r2=1.000000 test_r2=1.000000 complexity=6 evals=5883
      Livermore-16 run=92 seed=2706151228 time=0.890s reward=1.000000 train_r2=1.000000 test_r2=1.000000 complexity=5 evals=130832
      Livermore-11 run=88 seed=741423123 time=20.679s reward=0.999998 train_r2=1.000000 test_r2=1.000000 complexity=12 evals=2000003
      Livermore-19 run=92 seed=2706151228 time=0.305s reward=1.000000 train_r2=1.000000 test_r2=1.000000 complexity=12 evals=46831
      Livermore-22 run=92 seed=2706151228 time=0.281s reward=1.000000 train_r2=1.000000 test_r2=1.000000 complexity=6 evals=45029
       Livermore-3 run=93 seed=2970813244 time=0.121s reward=1.000000 train_r2=1.000000 test_r2=1.000000 complexity=11 evals=19159
       Livermore-4 run=93 seed=2970813244 time=0.218s reward=1.000000 train_r2=1.000000 test_r2=1.000000 complexity=11 evals=33889
       Livermore-2 run=93 seed=2970813244 time=0.684s reward=1.000000 train_r2=1.000000 test_r2=1.000000 complexity=9 evals=93401
      Livermore-14 run=92 seed=2706151228 time=2.344s reward=1.000000 train_r2=1.000000 test_r2=1.000000 complexity=14 evals=280572
       Livermore-5 run=93 seed=2970813244 time=0.421s reward=1.000000 train_r2=1.000000 test_r2=1.000000 complexity=14 evals=64572
       Livermore-7 run=89 seed=4203616987 time=17.776s reward=0.999854 train_r2=1.000000 test_r2=1.000000 complexity=8 evals=2000001
      Livermore-21 run=91 seed=3089837783 time=8.573s reward=1.000000 train_r2=1.000000 test_r2=1.000000 complexity=20 evals=943098
       Livermore-9 run=89 seed=4203616987 time=18.592s reward=0.994201 train_r2=0.999966 test_r2=0.998945 complexity=30 evals=2000000
       Livermore-6 run=89 seed=4203616987 time=18.944s reward=0.993647 train_r2=0.999959 test_r2=0.999750 complexity=41 evals=2000000
      Livermore-11 run=89 seed=4203616987 time=18.529s reward=0.999994 train_r2=1.000000 test_r2=1.000000 complexity=12 evals=2000005
      Livermore-13 run=93 seed=2970813244 time=0.123s reward=1.000000 train_r2=1.000000 test_r2=1.000000 complexity=3 evals=21338
       Livermore-8 run=89 seed=4203616987 time=19.590s reward=0.999948 train_r2=1.000000 test_r2=1.000000 complexity=14 evals=2000000
      Livermore-15 run=93 seed=2970813244 time=0.312s reward=1.000000 train_r2=1.000000 test_r2=1.000000 complexity=3 evals=48809
      Livermore-21 run=92 seed=2706151228 time=3.872s reward=1.000000 train_r2=1.000000 test_r2=1.000000 complexity=16 evals=489445
       Livermore-1 run=93 seed=2970813244 time=3.868s reward=1.000000 train_r2=1.000000 test_r2=1.000000 complexity=7 evals=90174
       Livermore-6 run=90 seed=1451685539 time=17.498s reward=1.000000 train_r2=1.000000 test_r2=1.000000 complexity=19 evals=1776407
      Livermore-21 run=89 seed=4203616987 time=18.665s reward=0.996468 train_r2=0.999987 test_r2=0.999746 complexity=21 evals=2000000
      Livermore-20 run=93 seed=2970813244 time=0.013s reward=1.000000 train_r2=1.000000 test_r2=1.000000 complexity=6 evals=2612
      Livermore-19 run=93 seed=2970813244 time=0.612s reward=1.000000 train_r2=1.000000 test_r2=1.000000 complexity=10 evals=88088
      Livermore-22 run=93 seed=2970813244 time=0.261s reward=1.000000 train_r2=1.000000 test_r2=1.000000 complexity=6 evals=43570
       Livermore-7 run=90 seed=1451685539 time=18.401s reward=0.999879 train_r2=1.000000 test_r2=1.000000 complexity=26 evals=2000005
      Livermore-10 run=89 seed=4203616987 time=21.674s reward=0.991391 train_r2=0.999925 test_r2=0.999809 complexity=21 evals=2000003
       Livermore-8 run=90 seed=1451685539 time=18.988s reward=0.999962 train_r2=1.000000 test_r2=1.000000 complexity=14 evals=2000000
       Livermore-4 run=94 seed=172779871 time=0.345s reward=1.000000 train_r2=1.000000 test_r2=1.000000 complexity=13 evals=51973
      Livermore-10 run=90 seed=1451685539 time=19.629s reward=0.992003 train_r2=0.999935 test_r2=0.999920 complexity=9 evals=2000005
       Livermore-9 run=90 seed=1451685539 time=19.377s reward=0.994834 train_r2=0.999973 test_r2=0.999963 complexity=38 evals=2000002
       Livermore-3 run=94 seed=172779871 time=0.939s reward=1.000000 train_r2=1.000000 test_r2=1.000000 complexity=11 evals=125712
       Livermore-5 run=94 seed=172779871 time=1.096s reward=1.000000 train_r2=1.000000 test_r2=1.000000 complexity=14 evals=139541
      Livermore-21 run=90 seed=1451685539 time=18.297s reward=0.994886 train_r2=0.999974 test_r2=0.999978 complexity=20 evals=2000000
      Livermore-14 run=93 seed=2970813244 time=4.361s reward=1.000000 train_r2=1.000000 test_r2=1.000000 complexity=14 evals=516659
       Livermore-1 run=94 seed=172779871 time=2.964s reward=1.000000 train_r2=1.000000 test_r2=1.000000 complexity=7 evals=72200
      Livermore-18 run=91 seed=3089837783 time=15.729s reward=0.999999 train_r2=1.000000 test_r2=1.000000 complexity=9 evals=1520010
      Livermore-12 run=94 seed=172779871 time=0.441s reward=1.000000 train_r2=1.000000 test_r2=1.000000 complexity=7 evals=59600
      Livermore-13 run=94 seed=172779871 time=0.243s reward=1.000000 train_r2=1.000000 test_r2=1.000000 complexity=3 evals=43019
      Livermore-15 run=94 seed=172779871 time=0.140s reward=1.000000 train_r2=1.000000 test_r2=1.000000 complexity=3 evals=24717
      Livermore-16 run=94 seed=172779871 time=0.283s reward=1.000000 train_r2=1.000000 test_r2=1.000000 complexity=3 evals=48591
       Livermore-7 run=91 seed=3089837783 time=18.819s reward=0.999826 train_r2=1.000000 test_r2=1.000000 complexity=23 evals=2000001
      Livermore-18 run=90 seed=1451685539 time=20.577s reward=0.964282 train_r2=0.998628 test_r2=0.996176 complexity=21 evals=2000003
      Livermore-19 run=94 seed=172779871 time=0.564s reward=1.000000 train_r2=1.000000 test_r2=1.000000 complexity=10 evals=83499
      Livermore-14 run=94 seed=172779871 time=1.348s reward=1.000000 train_r2=1.000000 test_r2=1.000000 complexity=14 evals=177367
      Livermore-20 run=94 seed=172779871 time=0.035s reward=1.000000 train_r2=1.000000 test_r2=1.000000 complexity=6 evals=6630
       Livermore-2 run=94 seed=172779871 time=4.811s reward=1.000000 train_r2=1.000000 test_r2=1.000000 complexity=9 evals=524293
       Livermore-9 run=91 seed=3089837783 time=19.260s reward=0.987534 train_r2=0.999841 test_r2=0.999827 complexity=26 evals=2000001
      Livermore-11 run=91 seed=3089837783 time=19.014s reward=0.999998 train_r2=1.000000 test_r2=1.000000 complexity=12 evals=2000002
       Livermore-2 run=95 seed=2754163514 time=0.239s reward=1.000000 train_r2=1.000000 test_r2=1.000000 complexity=9 evals=37163
       Livermore-6 run=91 seed=3089837783 time=20.075s reward=0.990684 train_r2=0.999912 test_r2=0.999850 complexity=33 evals=2000008
       Livermore-4 run=95 seed=2754163514 time=0.184s reward=1.000000 train_r2=1.000000 test_r2=1.000000 complexity=11 evals=30308
      Livermore-22 run=94 seed=172779871 time=1.238s reward=1.000000 train_r2=1.000000 test_r2=1.000000 complexity=6 evals=166177
       Livermore-5 run=95 seed=2754163514 time=0.808s reward=1.000000 train_r2=1.000000 test_r2=1.000000 complexity=14 evals=108812
       Livermore-3 run=95 seed=2754163514 time=1.122s reward=1.000000 train_r2=1.000000 test_r2=1.000000 complexity=11 evals=147913
       Livermore-8 run=92 seed=2706151228 time=16.873s reward=0.999937 train_r2=1.000000 test_r2=1.000000 complexity=14 evals=2000007
       Livermore-1 run=95 seed=2754163514 time=1.942s reward=1.000000 train_r2=1.000000 test_r2=1.000000 complexity=7 evals=45231
      Livermore-11 run=95 seed=2754163514 time=0.333s reward=1.000000 train_r2=1.000000 test_r2=1.000000 complexity=12 evals=48249
       Livermore-7 run=92 seed=2706151228 time=18.852s reward=0.999793 train_r2=1.000000 test_r2=1.000000 complexity=8 evals=2000005
      Livermore-10 run=93 seed=2970813244 time=11.555s reward=1.000000 train_r2=1.000000 test_r2=1.000000 complexity=6 evals=1231684
      Livermore-13 run=95 seed=2754163514 time=0.460s reward=1.000000 train_r2=1.000000 test_r2=1.000000 complexity=3 evals=68945
      Livermore-17 run=94 seed=172779871 time=4.837s reward=1.000000 train_r2=1.000000 test_r2=1.000000 complexity=6 evals=567490
      Livermore-14 run=95 seed=2754163514 time=0.890s reward=1.000000 train_r2=1.000000 test_r2=1.000000 complexity=14 evals=125362
      Livermore-15 run=95 seed=2754163514 time=0.794s reward=1.000000 train_r2=1.000000 test_r2=1.000000 complexity=3 evals=115023
       Livermore-6 run=92 seed=2706151228 time=19.884s reward=0.994424 train_r2=0.999969 test_r2=0.999781 complexity=38 evals=2000003
      Livermore-19 run=95 seed=2754163514 time=0.138s reward=1.000000 train_r2=1.000000 test_r2=1.000000 complexity=10 evals=23757
      Livermore-20 run=95 seed=2754163514 time=0.023s reward=1.000000 train_r2=1.000000 test_r2=1.000000 complexity=6 evals=4391
      Livermore-16 run=95 seed=2754163514 time=0.760s reward=1.000000 train_r2=1.000000 test_r2=1.000000 complexity=3 evals=119339
      Livermore-22 run=95 seed=2754163514 time=0.430s reward=1.000000 train_r2=1.000000 test_r2=1.000000 complexity=6 evals=73054
       Livermore-9 run=92 seed=2706151228 time=20.016s reward=0.997370 train_r2=0.999993 test_r2=0.999968 complexity=27 evals=2000003
      Livermore-11 run=92 seed=2706151228 time=19.482s reward=0.999998 train_r2=1.000000 test_r2=1.000000 complexity=12 evals=2000006
       Livermore-2 run=96 seed=3294841411 time=0.235s reward=1.000000 train_r2=1.000000 test_r2=1.000000 complexity=9 evals=35979
       Livermore-4 run=96 seed=3294841411 time=0.246s reward=1.000000 train_r2=1.000000 test_r2=1.000000 complexity=11 evals=38693
      Livermore-10 run=92 seed=2706151228 time=20.144s reward=0.991685 train_r2=0.999930 test_r2=0.985980 complexity=22 evals=2000005
       Livermore-5 run=96 seed=3294841411 time=0.894s reward=1.000000 train_r2=1.000000 test_r2=1.000000 complexity=14 evals=127238
      Livermore-17 run=95 seed=2754163514 time=4.243s reward=1.000000 train_r2=1.000000 test_r2=1.000000 complexity=6 evals=501222
       Livermore-1 run=96 seed=3294841411 time=3.261s reward=1.000000 train_r2=1.000000 test_r2=1.000000 complexity=7 evals=76895
       Livermore-7 run=93 seed=2970813244 time=18.718s reward=0.999870 train_r2=1.000000 test_r2=1.000000 complexity=8 evals=2000003
      Livermore-11 run=93 seed=2970813244 time=17.366s reward=0.999994 train_r2=1.000000 test_r2=1.000000 complexity=12 evals=2000001
       Livermore-8 run=93 seed=2970813244 time=18.953s reward=0.999957 train_r2=1.000000 test_r2=1.000000 complexity=14 evals=2000005
       Livermore-9 run=93 seed=2970813244 time=18.711s reward=0.995232 train_r2=0.999977 test_r2=0.999749 complexity=20 evals=2000004
      Livermore-13 run=96 seed=3294841411 time=0.164s reward=1.000000 train_r2=1.000000 test_r2=1.000000 complexity=3 evals=29281
       Livermore-3 run=96 seed=3294841411 time=4.256s reward=1.000000 train_r2=1.000000 test_r2=1.000000 complexity=11 evals=487156
      Livermore-16 run=93 seed=2970813244 time=16.894s reward=1.000000 train_r2=1.000000 test_r2=1.000000 complexity=3 evals=1983386
       Livermore-6 run=93 seed=2970813244 time=19.860s reward=0.996572 train_r2=0.999988 test_r2=0.999831 complexity=32 evals=2000002
      Livermore-15 run=96 seed=3294841411 time=0.205s reward=1.000000 train_r2=1.000000 test_r2=1.000000 complexity=3 evals=32778
      Livermore-14 run=96 seed=3294841411 time=0.915s reward=1.000000 train_r2=1.000000 test_r2=1.000000 complexity=14 evals=135601
      Livermore-10 run=96 seed=3294841411 time=1.952s reward=1.000000 train_r2=1.000000 test_r2=1.000000 complexity=6 evals=246587
      Livermore-17 run=93 seed=2970813244 time=17.497s reward=0.989615 train_r2=0.999890 test_r2=0.999757 complexity=29 evals=2000008
      Livermore-20 run=96 seed=3294841411 time=0.030s reward=1.000000 train_r2=1.000000 test_r2=1.000000 complexity=6 evals=5623
      Livermore-11 run=96 seed=3294841411 time=1.635s reward=1.000000 train_r2=1.000000 test_r2=1.000000 complexity=12 evals=207087
      Livermore-18 run=92 seed=2706151228 time=21.729s reward=0.983295 train_r2=0.999711 test_r2=0.999386 complexity=34 evals=2000006
      Livermore-19 run=96 seed=3294841411 time=0.265s reward=1.000000 train_r2=1.000000 test_r2=1.000000 complexity=10 evals=44865
      Livermore-12 run=96 seed=3294841411 time=1.913s reward=1.000000 train_r2=1.000000 test_r2=1.000000 complexity=7 evals=219815
       Livermore-2 run=97 seed=3184510963 time=0.379s reward=1.000000 train_r2=1.000000 test_r2=1.000000 complexity=9 evals=58952
       Livermore-4 run=97 seed=3184510963 time=0.206s reward=1.000000 train_r2=1.000000 test_r2=1.000000 complexity=13 evals=32088
       Livermore-3 run=97 seed=3184510963 time=0.750s reward=1.000000 train_r2=1.000000 test_r2=1.000000 complexity=11 evals=107090
       Livermore-1 run=97 seed=3184510963 time=1.205s reward=1.000000 train_r2=1.000000 test_r2=1.000000 complexity=7 evals=29799
      Livermore-17 run=96 seed=3294841411 time=2.171s reward=1.000000 train_r2=1.000000 test_r2=1.000000 complexity=6 evals=281445
      Livermore-21 run=93 seed=2970813244 time=18.809s reward=0.994225 train_r2=0.999966 test_r2=0.999699 complexity=21 evals=2000000
      Livermore-12 run=93 seed=2970813244 time=21.720s reward=0.899141 train_r2=0.987417 test_r2=-1050714297668021775675434875654919237229389681393890492416.000000 complexity=58 evals=2000005
      Livermore-11 run=97 seed=3184510963 time=0.249s reward=1.000000 train_r2=1.000000 test_r2=1.000000 complexity=12 evals=39516
      Livermore-22 run=96 seed=3294841411 time=3.567s reward=1.000000 train_r2=1.000000 test_r2=1.000000 complexity=6 evals=434018
       Livermore-7 run=94 seed=172779871 time=18.700s reward=0.999909 train_r2=1.000000 test_r2=1.000000 complexity=8 evals=2000004
       Livermore-8 run=94 seed=172779871 time=19.004s reward=0.999970 train_r2=1.000000 test_r2=1.000000 complexity=14 evals=2000004
      Livermore-14 run=97 seed=3184510963 time=0.563s reward=1.000000 train_r2=1.000000 test_r2=1.000000 complexity=14 evals=80519
       Livermore-5 run=97 seed=3184510963 time=4.070s reward=1.000000 train_r2=1.000000 test_r2=1.000000 complexity=14 evals=552148
      Livermore-11 run=94 seed=172779871 time=18.797s reward=0.999980 train_r2=1.000000 test_r2=1.000000 complexity=12 evals=2000004
      Livermore-10 run=94 seed=172779871 time=18.901s reward=0.976465 train_r2=0.999419 test_r2=0.999692 complexity=34 evals=2000003
       Livermore-6 run=95 seed=2754163514 time=16.034s reward=1.000000 train_r2=1.000000 test_r2=1.000000 complexity=17 evals=1660096
       Livermore-6 run=94 seed=172779871 time=19.947s reward=0.994276 train_r2=0.999967 test_r2=0.999862 complexity=25 evals=2000003
      Livermore-20 run=97 seed=3184510963 time=0.042s reward=1.000000 train_r2=1.000000 test_r2=1.000000 complexity=6 evals=7696
      Livermore-19 run=97 seed=3184510963 time=0.419s reward=1.000000 train_r2=1.000000 test_r2=1.000000 complexity=12 evals=68123
      Livermore-18 run=93 seed=2970813244 time=23.012s reward=0.985974 train_r2=0.999798 test_r2=0.999745 complexity=30 evals=2000001
       Livermore-9 run=94 seed=172779871 time=19.866s reward=0.992096 train_r2=0.999937 test_r2=0.999410 complexity=22 evals=2000006
      Livermore-22 run=97 seed=3184510963 time=0.756s reward=1.000000 train_r2=1.000000 test_r2=1.000000 complexity=6 evals=107596
       Livermore-3 run=98 seed=1468460158 time=0.347s reward=1.000000 train_r2=1.000000 test_r2=1.000000 complexity=11 evals=51745
       Livermore-2 run=98 seed=1468460158 time=0.638s reward=1.000000 train_r2=1.000000 test_r2=1.000000 complexity=9 evals=83407
       Livermore-4 run=98 seed=1468460158 time=0.209s reward=1.000000 train_r2=1.000000 test_r2=1.000000 complexity=11 evals=34621
       Livermore-5 run=98 seed=1468460158 time=0.664s reward=1.000000 train_r2=1.000000 test_r2=1.000000 complexity=15 evals=95610
       Livermore-8 run=95 seed=2754163514 time=18.186s reward=0.999940 train_r2=1.000000 test_r2=1.000000 complexity=14 evals=2000001
      Livermore-21 run=94 seed=172779871 time=19.867s reward=0.992752 train_r2=0.999947 test_r2=0.999951 complexity=20 evals=2000004
      Livermore-10 run=95 seed=2754163514 time=18.368s reward=0.998798 train_r2=0.999999 test_r2=0.999999 complexity=23 evals=2000003
       Livermore-7 run=95 seed=2754163514 time=18.598s reward=0.999848 train_r2=1.000000 test_r2=1.000000 complexity=56 evals=2000000
      Livermore-11 run=98 seed=1468460158 time=0.052s reward=1.000000 train_r2=1.000000 test_r2=1.000000 complexity=12 evals=9656
      Livermore-13 run=98 seed=1468460158 time=0.045s reward=1.000000 train_r2=1.000000 test_r2=1.000000 complexity=3 evals=8137
       Livermore-8 run=97 seed=3184510963 time=8.288s reward=1.000000 train_r2=1.000000 test_r2=1.000000 complexity=2 evals=1011057
       Livermore-1 run=98 seed=1468460158 time=4.284s reward=1.000000 train_r2=1.000000 test_r2=1.000000 complexity=7 evals=101868
      Livermore-15 run=98 seed=1468460158 time=0.403s reward=1.000000 train_r2=1.000000 test_r2=1.000000 complexity=3 evals=67865
      Livermore-12 run=98 seed=1468460158 time=1.566s reward=1.000000 train_r2=1.000000 test_r2=1.000000 complexity=7 evals=194799
      Livermore-14 run=98 seed=1468460158 time=1.648s reward=1.000000 train_r2=1.000000 test_r2=1.000000 complexity=14 evals=223666
      Livermore-18 run=94 seed=172779871 time=22.646s reward=0.991309 train_r2=0.999923 test_r2=0.999856 complexity=25 evals=2000009
      Livermore-20 run=98 seed=1468460158 time=0.036s reward=1.000000 train_r2=1.000000 test_r2=1.000000 complexity=6 evals=6211
      Livermore-19 run=98 seed=1468460158 time=0.284s reward=1.000000 train_r2=1.000000 test_r2=1.000000 complexity=10 evals=47401
       Livermore-9 run=95 seed=2754163514 time=20.620s reward=0.995993 train_r2=0.999984 test_r2=0.999941 complexity=31 evals=2000003
      Livermore-21 run=97 seed=3184510963 time=5.686s reward=1.000000 train_r2=1.000000 test_r2=1.000000 complexity=22 evals=628107
       Livermore-2 run=99 seed=972782567 time=0.087s reward=1.000000 train_r2=1.000000 test_r2=1.000000 complexity=9 evals=14466
wrote 100 rows to results_seed_bias/livermore/mt19937-quantum/livermore/livermore_002_livermore-2.csv
       Livermore-8 run=96 seed=3294841411 time=14.397s reward=1.000000 train_r2=1.000000 test_r2=1.000000 complexity=2 evals=1630702
       Livermore-4 run=99 seed=972782567 time=0.159s reward=1.000000 train_r2=1.000000 test_r2=1.000000 complexity=11 evals=25884
wrote 100 rows to results_seed_bias/livermore/mt19937-quantum/livermore/livermore_004_livermore-4.csv
      Livermore-10 run=97 seed=3184510963 time=10.000s reward=1.000000 train_r2=1.000000 test_r2=1.000000 complexity=6 evals=1097735
      Livermore-21 run=95 seed=2754163514 time=18.470s reward=0.994073 train_r2=0.999964 test_r2=0.999918 complexity=38 evals=2000002
       Livermore-3 run=99 seed=972782567 time=0.710s reward=1.000000 train_r2=1.000000 test_r2=1.000000 complexity=11 evals=94286
wrote 100 rows to results_seed_bias/livermore/mt19937-quantum/livermore/livermore_003_livermore-3.csv
      Livermore-13 run=97 seed=3184510963 time=8.414s reward=1.000000 train_r2=1.000000 test_r2=1.000000 complexity=3 evals=961735
       Livermore-8 run=98 seed=1468460158 time=5.451s reward=1.000000 train_r2=1.000000 test_r2=1.000000 complexity=2 evals=648040
      Livermore-12 run=95 seed=2754163514 time=21.630s reward=0.980341 train_r2=0.999598 test_r2=-20.900463 complexity=28 evals=2000004
      Livermore-17 run=98 seed=1468460158 time=2.844s reward=1.000000 train_r2=1.000000 test_r2=1.000000 complexity=6 evals=390803
      Livermore-11 run=99 seed=972782567 time=0.255s reward=0.999999 train_r2=1.000000 test_r2=1.000000 complexity=12 evals=38465
wrote 100 rows to results_seed_bias/livermore/mt19937-quantum/livermore/livermore_011_livermore-11.csv
      Livermore-18 run=97 seed=3184510963 time=8.770s reward=0.999999 train_r2=1.000000 test_r2=1.000000 complexity=9 evals=877524
       Livermore-1 run=99 seed=972782567 time=3.009s reward=1.000000 train_r2=1.000000 test_r2=1.000000 complexity=7 evals=71804
wrote 100 rows to results_seed_bias/livermore/mt19937-quantum/livermore/livermore_001_livermore-1.csv
      Livermore-15 run=99 seed=972782567 time=0.179s reward=1.000000 train_r2=1.000000 test_r2=1.000000 complexity=3 evals=29343
      Livermore-17 run=97 seed=3184510963 time=9.588s reward=1.000000 train_r2=1.000000 test_r2=1.000000 complexity=6 evals=1144474
       Livermore-5 run=99 seed=972782567 time=2.598s reward=1.000000 train_r2=1.000000 test_r2=1.000000 complexity=14 evals=336489
wrote 100 rows to results_seed_bias/livermore/mt19937-quantum/livermore/livermore_005_livermore-5.csv
      Livermore-14 run=99 seed=972782567 time=0.524s reward=1.000000 train_r2=1.000000 test_r2=1.000000 complexity=14 evals=75215
wrote 100 rows to results_seed_bias/livermore/mt19937-quantum/livermore/livermore_014_livermore-14.csv
      Livermore-19 run=99 seed=972782567 time=0.118s reward=1.000000 train_r2=1.000000 test_r2=1.000000 complexity=10 evals=20007
wrote 100 rows to results_seed_bias/livermore/mt19937-quantum/livermore/livermore_019_livermore-19.csv
      Livermore-20 run=99 seed=972782567 time=0.017s reward=1.000000 train_r2=1.000000 test_r2=1.000000 complexity=6 evals=3316
wrote 100 rows to results_seed_bias/livermore/mt19937-quantum/livermore/livermore_020_livermore-20.csv
      Livermore-18 run=95 seed=2754163514 time=21.964s reward=0.963886 train_r2=0.998596 test_r2=0.998478 complexity=27 evals=2000002
       Livermore-7 run=96 seed=3294841411 time=18.971s reward=0.999884 train_r2=1.000000 test_r2=1.000000 complexity=8 evals=2000002
       Livermore-6 run=96 seed=3294841411 time=19.774s reward=0.995403 train_r2=0.999979 test_r2=0.999957 complexity=24 evals=2000003
      Livermore-22 run=99 seed=972782567 time=0.787s reward=1.000000 train_r2=1.000000 test_r2=1.000000 complexity=6 evals=113963
       Livermore-9 run=96 seed=3294841411 time=19.001s reward=0.996288 train_r2=0.999986 test_r2=0.999934 complexity=48 evals=2000001
      Livermore-17 run=99 seed=972782567 time=2.142s reward=1.000000 train_r2=1.000000 test_r2=1.000000 complexity=6 evals=298167
wrote 100 rows to results_seed_bias/livermore/mt19937-quantum/livermore/livermore_017_livermore-17.csv
      Livermore-13 run=99 seed=972782567 time=3.617s reward=1.000000 train_r2=1.000000 test_r2=1.000000 complexity=3 evals=457776
wrote 100 rows to results_seed_bias/livermore/mt19937-quantum/livermore/livermore_013_livermore-13.csv
      Livermore-22 run=98 seed=1468460158 time=6.075s reward=1.000000 train_r2=1.000000 test_r2=1.000000 complexity=6 evals=805550
wrote 100 rows to results_seed_bias/livermore/mt19937-quantum/livermore/livermore_022_livermore-22.csv
      Livermore-16 run=96 seed=3294841411 time=17.707s reward=0.989313 train_r2=0.999883 test_r2=0.997173 complexity=17 evals=2000002
      Livermore-21 run=96 seed=3294841411 time=17.772s reward=0.997029 train_r2=0.999991 test_r2=0.999977 complexity=19 evals=2000003
       Livermore-7 run=97 seed=3184510963 time=17.840s reward=0.999872 train_r2=1.000000 test_r2=1.000000 complexity=30 evals=2000005
      Livermore-18 run=96 seed=3294841411 time=19.835s reward=0.920311 train_r2=0.992502 test_r2=0.988414 complexity=22 evals=2000000
       Livermore-6 run=97 seed=3184510963 time=18.680s reward=0.992288 train_r2=0.999940 test_r2=0.999969 complexity=33 evals=2000005
      Livermore-16 run=98 seed=1468460158 time=9.737s reward=1.000000 train_r2=1.000000 test_r2=1.000000 complexity=3 evals=1348867
      Livermore-15 run=97 seed=3184510963 time=15.353s reward=0.992079 train_r2=0.999936 test_r2=0.999937 complexity=3 evals=2000009
wrote 100 rows to results_seed_bias/livermore/mt19937-quantum/livermore/livermore_015_livermore-15.csv
      Livermore-12 run=99 seed=972782567 time=7.317s reward=1.000000 train_r2=1.000000 test_r2=1.000000 complexity=7 evals=778336
       Livermore-9 run=97 seed=3184510963 time=19.285s reward=0.992463 train_r2=0.999942 test_r2=0.999599 complexity=17 evals=2000002
      Livermore-12 run=97 seed=3184510963 time=18.804s reward=0.996743 train_r2=0.999989 test_r2=0.999994 complexity=25 evals=2000007
wrote 100 rows to results_seed_bias/livermore/mt19937-quantum/livermore/livermore_012_livermore-12.csv
      Livermore-16 run=99 seed=972782567 time=8.841s reward=1.000000 train_r2=1.000000 test_r2=1.000000 complexity=3 evals=1326232
      Livermore-16 run=97 seed=3184510963 time=18.463s reward=0.986711 train_r2=0.999819 test_r2=0.998660 complexity=40 evals=2000000
wrote 100 rows to results_seed_bias/livermore/mt19937-quantum/livermore/livermore_016_livermore-16.csv
       Livermore-6 run=98 seed=1468460158 time=17.151s reward=0.996770 train_r2=0.999990 test_r2=0.998172 complexity=29 evals=2000004
       Livermore-7 run=98 seed=1468460158 time=17.176s reward=0.999653 train_r2=1.000000 test_r2=1.000000 complexity=21 evals=2000001
       Livermore-9 run=98 seed=1468460158 time=17.237s reward=0.998495 train_r2=0.999998 test_r2=0.999539 complexity=17 evals=2000004
      Livermore-21 run=98 seed=1468460158 time=15.556s reward=0.995463 train_r2=0.999979 test_r2=0.999971 complexity=21 evals=2000002
       Livermore-7 run=99 seed=972782567 time=14.557s reward=0.999809 train_r2=1.000000 test_r2=1.000000 complexity=22 evals=2000005
wrote 100 rows to results_seed_bias/livermore/mt19937-quantum/livermore/livermore_007_livermore-7.csv
      Livermore-10 run=98 seed=1468460158 time=17.962s reward=0.985956 train_r2=0.999797 test_r2=0.999875 complexity=27 evals=2000009
       Livermore-6 run=99 seed=972782567 time=14.793s reward=0.992912 train_r2=0.999949 test_r2=0.999907 complexity=32 evals=2000002
wrote 100 rows to results_seed_bias/livermore/mt19937-quantum/livermore/livermore_006_livermore-6.csv
       Livermore-8 run=99 seed=972782567 time=15.032s reward=0.999961 train_r2=1.000000 test_r2=1.000000 complexity=14 evals=2000001
wrote 100 rows to results_seed_bias/livermore/mt19937-quantum/livermore/livermore_008_livermore-8.csv
       Livermore-9 run=99 seed=972782567 time=14.983s reward=0.989777 train_r2=0.999893 test_r2=0.999641 complexity=18 evals=2000003
wrote 100 rows to results_seed_bias/livermore/mt19937-quantum/livermore/livermore_009_livermore-9.csv
      Livermore-18 run=98 seed=1468460158 time=17.187s reward=0.985515 train_r2=0.999784 test_r2=0.999927 complexity=23 evals=2000002
      Livermore-10 run=99 seed=972782567 time=15.714s reward=0.959403 train_r2=0.998209 test_r2=0.993146 complexity=31 evals=2000000
wrote 100 rows to results_seed_bias/livermore/mt19937-quantum/livermore/livermore_010_livermore-10.csv
      Livermore-18 run=99 seed=972782567 time=15.036s reward=0.977793 train_r2=0.999484 test_r2=0.999197 complexity=23 evals=2000002
wrote 100 rows to results_seed_bias/livermore/mt19937-quantum/livermore/livermore_018_livermore-18.csv
      Livermore-21 run=99 seed=972782567 time=14.846s reward=0.993867 train_r2=0.999962 test_r2=0.999947 complexity=17 evals=2000005
wrote 100 rows to results_seed_bias/livermore/mt19937-quantum/livermore/livermore_021_livermore-21.csv
total wall time : 501.0s
