benchmark group : Livermore
cases           : Livermore-1, Livermore-2, Livermore-3, Livermore-4, Livermore-5, Livermore-6, Livermore-7, Livermore-8, Livermore-9, Livermore-10, Livermore-11, Livermore-12, Livermore-13, Livermore-14, Livermore-15, Livermore-16, Livermore-17, Livermore-18, Livermore-19, Livermore-20, Livermore-21, Livermore-22
runs per case   : 100
seed_source     : quantum
ops             : +,-,*,/,sin,cos,exp,log
c               : 6.0
gamma           : 0.5
gp_rate         : 0.5
mutation_rate   : 0.1
exploration_rate: 0.1
sample_multiplier: 2.0
test_ratio      : 0.5
workers         : 32
output          : results_seed_bias/livermore/pcg-quantum/livermore
      Livermore-20 run=0  seed=723072574 time=0.030s reward=1.000000 train_r2=1.000000 test_r2=1.000000 complexity=6 evals=5700
       Livermore-5 run=0  seed=723072574 time=0.222s reward=1.000000 train_r2=1.000000 test_r2=1.000000 complexity=16 evals=38553
      Livermore-22 run=0  seed=723072574 time=0.210s reward=1.000000 train_r2=1.000000 test_r2=1.000000 complexity=6 evals=37252
      Livermore-11 run=0  seed=723072574 time=0.232s reward=1.000000 train_r2=1.000000 test_r2=1.000000 complexity=12 evals=38013
       Livermore-4 run=1  seed=971434279 time=0.236s reward=1.000000 train_r2=1.000000 test_r2=1.000000 complexity=12 evals=39683
      Livermore-15 run=0  seed=723072574 time=0.251s reward=1.000000 train_r2=1.000000 test_r2=1.000000 complexity=3 evals=41296
       Livermore-4 run=0  seed=723072574 time=0.258s reward=1.000000 train_r2=1.000000 test_r2=1.000000 complexity=11 evals=39768
      Livermore-11 run=1  seed=971434279 time=0.285s reward=1.000000 train_r2=1.000000 test_r2=1.000000 complexity=12 evals=45618
      Livermore-19 run=0  seed=723072574 time=0.335s reward=1.000000 train_r2=1.000000 test_r2=1.000000 complexity=12 evals=50873
      Livermore-13 run=1  seed=971434279 time=0.153s reward=1.000000 train_r2=1.000000 test_r2=1.000000 complexity=3 evals=28473
      Livermore-20 run=1  seed=971434279 time=0.012s reward=1.000000 train_r2=1.000000 test_r2=1.000000 complexity=6 evals=2503
       Livermore-3 run=1  seed=971434279 time=0.545s reward=1.000000 train_r2=1.000000 test_r2=1.000000 complexity=11 evals=81317
      Livermore-15 run=1  seed=971434279 time=0.378s reward=1.000000 train_r2=1.000000 test_r2=1.000000 complexity=3 evals=64086
       Livermore-5 run=1  seed=971434279 time=0.706s reward=1.000000 train_r2=1.000000 test_r2=1.000000 complexity=14 evals=100162
      Livermore-19 run=1  seed=971434279 time=0.392s reward=1.000000 train_r2=1.000000 test_r2=1.000000 complexity=12 evals=58005
       Livermore-3 run=0  seed=723072574 time=0.759s reward=1.000000 train_r2=1.000000 test_r2=1.000000 complexity=11 evals=97182
       Livermore-2 run=0  seed=723072574 time=0.838s reward=1.000000 train_r2=1.000000 test_r2=1.000000 complexity=9 evals=111629
       Livermore-4 run=2  seed=3325160576 time=0.190s reward=1.000000 train_r2=1.000000 test_r2=1.000000 complexity=13 evals=29025
      Livermore-14 run=0  seed=723072574 time=1.023s reward=1.000000 train_r2=1.000000 test_r2=1.000000 complexity=14 evals=135097
      Livermore-14 run=1  seed=971434279 time=0.906s reward=1.000000 train_r2=1.000000 test_r2=1.000000 complexity=14 evals=134676
      Livermore-16 run=1  seed=971434279 time=0.993s reward=1.000000 train_r2=1.000000 test_r2=1.000000 complexity=3 evals=143174
      Livermore-12 run=1  seed=971434279 time=1.248s reward=1.000000 train_r2=1.000000 test_r2=1.000000 complexity=7 evals=146701
       Livermore-3 run=2  seed=3325160576 time=0.751s reward=1.000000 train_r2=1.000000 test_r2=1.000000 complexity=11 evals=100533
       Livermore-5 run=2  seed=3325160576 time=0.630s reward=1.000000 train_r2=1.000000 test_r2=1.000000 complexity=14 evals=93380
      Livermore-17 run=0  seed=723072574 time=1.728s reward=1.000000 train_r2=1.000000 test_r2=1.000000 complexity=6 evals=222944
      Livermore-12 run=2  seed=3325160576 time=0.225s reward=1.000000 train_r2=1.000000 test_r2=1.000000 complexity=7 evals=32353
      Livermore-13 run=2  seed=3325160576 time=0.178s reward=1.000000 train_r2=1.000000 test_r2=1.000000 complexity=3 evals=31670
      Livermore-15 run=2  seed=3325160576 time=0.290s reward=1.000000 train_r2=1.000000 test_r2=1.000000 complexity=3 evals=46113
      Livermore-13 run=0  seed=723072574 time=2.239s reward=1.000000 train_r2=1.000000 test_r2=1.000000 complexity=3 evals=285744
      Livermore-17 run=1  seed=971434279 time=1.904s reward=1.000000 train_r2=1.000000 test_r2=1.000000 complexity=6 evals=239547
      Livermore-22 run=1  seed=971434279 time=1.916s reward=1.000000 train_r2=1.000000 test_r2=1.000000 complexity=6 evals=281837
      Livermore-16 run=2  seed=3325160576 time=0.347s reward=1.000000 train_r2=1.000000 test_r2=1.000000 complexity=3 evals=57937
      Livermore-20 run=2  seed=3325160576 time=0.029s reward=1.000000 train_r2=1.000000 test_r2=1.000000 complexity=6 evals=5495
      Livermore-19 run=2  seed=3325160576 time=0.169s reward=1.000000 train_r2=1.000000 test_r2=1.000000 complexity=10 evals=29669
       Livermore-1 run=1  seed=971434279 time=2.799s reward=1.000000 train_r2=1.000000 test_r2=1.000000 complexity=7 evals=67387
       Livermore-2 run=1  seed=971434279 time=2.800s reward=1.000000 train_r2=1.000000 test_r2=1.000000 complexity=9 evals=313183
      Livermore-14 run=2  seed=3325160576 time=0.959s reward=1.000000 train_r2=1.000000 test_r2=1.000000 complexity=14 evals=129181
       Livermore-3 run=3  seed=3163586042 time=0.438s reward=1.000000 train_r2=1.000000 test_r2=1.000000 complexity=11 evals=64039
       Livermore-2 run=3  seed=3163586042 time=0.513s reward=1.000000 train_r2=1.000000 test_r2=1.000000 complexity=9 evals=74345
      Livermore-22 run=2  seed=3325160576 time=0.839s reward=1.000000 train_r2=1.000000 test_r2=1.000000 complexity=6 evals=131925
       Livermore-4 run=3  seed=3163586042 time=0.437s reward=1.000000 train_r2=1.000000 test_r2=1.000000 complexity=13 evals=64671
       Livermore-1 run=0  seed=723072574 time=3.936s reward=1.000000 train_r2=1.000000 test_r2=1.000000 complexity=7 evals=91446
       Livermore-5 run=3  seed=3163586042 time=0.759s reward=1.000000 train_r2=1.000000 test_r2=1.000000 complexity=14 evals=112719
       Livermore-1 run=2  seed=3325160576 time=3.792s reward=1.000000 train_r2=1.000000 test_r2=1.000000 complexity=7 evals=90295
       Livermore-2 run=2  seed=3325160576 time=3.765s reward=1.000000 train_r2=1.000000 test_r2=1.000000 complexity=9 evals=414963
      Livermore-17 run=2  seed=3325160576 time=2.218s reward=1.000000 train_r2=1.000000 test_r2=1.000000 complexity=6 evals=274613
      Livermore-21 run=2  seed=3325160576 time=1.898s reward=1.000000 train_r2=1.000000 test_r2=1.000000 complexity=17 evals=236399
      Livermore-12 run=0  seed=723072574 time=4.567s reward=1.000000 train_r2=1.000000 test_r2=0.999996 complexity=12 evals=546293
      Livermore-12 run=3  seed=3163586042 time=0.109s reward=1.000000 train_r2=1.000000 test_r2=1.000000 complexity=7 evals=16421
      Livermore-13 run=3  seed=3163586042 time=0.217s reward=1.000000 train_r2=1.000000 test_r2=1.000000 complexity=3 evals=37190
      Livermore-15 run=3  seed=3163586042 time=0.476s reward=1.000000 train_r2=1.000000 test_r2=1.000000 complexity=3 evals=72542
      Livermore-16 run=3  seed=3163586042 time=0.325s reward=1.000000 train_r2=1.000000 test_r2=1.000000 complexity=5 evals=53704
       Livermore-6 run=3  seed=3163586042 time=1.693s reward=1.000000 train_r2=1.000000 test_r2=1.000000 complexity=17 evals=232787
      Livermore-14 run=3  seed=3163586042 time=0.821s reward=1.000000 train_r2=1.000000 test_r2=1.000000 complexity=14 evals=120932
      Livermore-20 run=3  seed=3163586042 time=0.012s reward=1.000000 train_r2=1.000000 test_r2=1.000000 complexity=6 evals=2493
      Livermore-19 run=3  seed=3163586042 time=0.569s reward=1.000000 train_r2=1.000000 test_r2=1.000000 complexity=10 evals=90513
      Livermore-17 run=3  seed=3163586042 time=0.727s reward=1.000000 train_r2=1.000000 test_r2=1.000000 complexity=6 evals=104792
      Livermore-22 run=3  seed=3163586042 time=0.245s reward=1.000000 train_r2=1.000000 test_r2=1.000000 complexity=6 evals=43195
       Livermore-1 run=3  seed=3163586042 time=3.537s reward=1.000000 train_r2=1.000000 test_r2=1.000000 complexity=7 evals=85943
      Livermore-10 run=3  seed=3163586042 time=2.074s reward=1.000000 train_r2=1.000000 test_r2=1.000000 complexity=6 evals=278401
       Livermore-4 run=4  seed=1227433701 time=0.223s reward=1.000000 train_r2=1.000000 test_r2=1.000000 complexity=13 evals=37987
       Livermore-3 run=4  seed=1227433701 time=0.465s reward=1.000000 train_r2=1.000000 test_r2=1.000000 complexity=11 evals=66944
       Livermore-5 run=4  seed=1227433701 time=1.906s reward=1.000000 train_r2=1.000000 test_r2=1.000000 complexity=15 evals=262125
       Livermore-8 run=3  seed=3163586042 time=5.931s reward=1.000000 train_r2=1.000000 test_r2=1.000000 complexity=2 evals=679215
       Livermore-1 run=4  seed=1227433701 time=4.393s reward=1.000000 train_r2=1.000000 test_r2=1.000000 complexity=7 evals=101023
       Livermore-6 run=2  seed=3325160576 time=9.925s reward=1.000000 train_r2=1.000000 test_r2=1.000000 complexity=17 evals=998198
       Livermore-2 run=4  seed=1227433701 time=9.103s reward=1.000000 train_r2=1.000000 test_r2=1.000000 complexity=9 evals=1095547
      Livermore-11 run=4  seed=1227433701 time=0.177s reward=1.000000 train_r2=1.000000 test_r2=1.000000 complexity=12 evals=28802
      Livermore-10 run=1  seed=971434279 time=15.865s reward=1.000000 train_r2=1.000000 test_r2=1.000000 complexity=6 evals=1654359
      Livermore-13 run=4  seed=1227433701 time=0.291s reward=1.000000 train_r2=1.000000 test_r2=1.000000 complexity=3 evals=47573
       Livermore-7 run=0  seed=723072574 time=17.235s reward=0.999871 train_r2=1.000000 test_r2=1.000000 complexity=8 evals=2000004
      Livermore-14 run=4  seed=1227433701 time=0.987s reward=1.000000 train_r2=1.000000 test_r2=1.000000 complexity=14 evals=131778
      Livermore-15 run=4  seed=1227433701 time=0.171s reward=1.000000 train_r2=1.000000 test_r2=1.000000 complexity=3 evals=30217
       Livermore-8 run=2  seed=3325160576 time=16.285s reward=0.999932 train_r2=1.000000 test_r2=1.000000 complexity=14 evals=2000004
      Livermore-16 run=4  seed=1227433701 time=0.579s reward=1.000000 train_r2=1.000000 test_r2=1.000000 complexity=3 evals=83171
      Livermore-19 run=4  seed=1227433701 time=0.209s reward=1.000000 train_r2=1.000000 test_r2=1.000000 complexity=10 evals=32636
      Livermore-20 run=4  seed=1227433701 time=0.021s reward=1.000000 train_r2=1.000000 test_r2=1.000000 complexity=6 evals=3883
      Livermore-21 run=1  seed=971434279 time=18.489s reward=0.995439 train_r2=0.999979 test_r2=0.999928 complexity=28 evals=2000008
      Livermore-22 run=4  seed=1227433701 time=0.096s reward=1.000000 train_r2=1.000000 test_r2=1.000000 complexity=6 evals=18062
      Livermore-21 run=0  seed=723072574 time=19.078s reward=0.994175 train_r2=0.999966 test_r2=0.999960 complexity=23 evals=2000002
       Livermore-8 run=1  seed=971434279 time=19.131s reward=0.999940 train_r2=1.000000 test_r2=1.000000 complexity=14 evals=2000003
       Livermore-8 run=0  seed=723072574 time=19.186s reward=0.999956 train_r2=1.000000 test_r2=1.000000 complexity=14 evals=2000005
      Livermore-10 run=0  seed=723072574 time=19.189s reward=0.996798 train_r2=0.999990 test_r2=0.999994 complexity=15 evals=2000001
       Livermore-3 run=5  seed=2057259013 time=0.345s reward=1.000000 train_r2=1.000000 test_r2=1.000000 complexity=11 evals=48403
       Livermore-4 run=5  seed=2057259013 time=0.342s reward=1.000000 train_r2=1.000000 test_r2=1.000000 complexity=13 evals=50926
       Livermore-7 run=1  seed=971434279 time=19.520s reward=0.999812 train_r2=1.000000 test_r2=1.000000 complexity=22 evals=2000002
      Livermore-16 run=0  seed=723072574 time=20.018s reward=0.981507 train_r2=0.999645 test_r2=0.999638 complexity=32 evals=2000005
       Livermore-9 run=0  seed=723072574 time=19.719s reward=0.994096 train_r2=0.999965 test_r2=0.999924 complexity=67 evals=2000000
      Livermore-18 run=1  seed=971434279 time=19.902s reward=0.999999 train_r2=1.000000 test_r2=1.000000 complexity=9 evals=2000001
       Livermore-6 run=0  seed=723072574 time=20.370s reward=0.995409 train_r2=0.999979 test_r2=0.999969 complexity=37 evals=2000002
       Livermore-6 run=1  seed=971434279 time=20.557s reward=0.991816 train_r2=0.999932 test_r2=0.999872 complexity=19 evals=2000003
       Livermore-7 run=2  seed=3325160576 time=19.439s reward=0.999986 train_r2=1.000000 test_r2=1.000000 complexity=24 evals=2000002
       Livermore-9 run=1  seed=971434279 time=20.499s reward=0.990692 train_r2=0.999912 test_r2=0.999888 complexity=18 evals=2000005
       Livermore-5 run=5  seed=2057259013 time=1.402s reward=1.000000 train_r2=1.000000 test_r2=1.000000 complexity=15 evals=184647
      Livermore-15 run=5  seed=2057259013 time=0.092s reward=1.000000 train_r2=1.000000 test_r2=1.000000 complexity=3 evals=16132
      Livermore-13 run=5  seed=2057259013 time=0.375s reward=1.000000 train_r2=1.000000 test_r2=1.000000 complexity=3 evals=60661
      Livermore-10 run=5  seed=2057259013 time=0.855s reward=1.000000 train_r2=1.000000 test_r2=1.000000 complexity=6 evals=115563
       Livermore-9 run=2  seed=3325160576 time=19.836s reward=0.989206 train_r2=0.999881 test_r2=0.999935 complexity=17 evals=2000004
       Livermore-2 run=5  seed=2057259013 time=1.993s reward=1.000000 train_r2=1.000000 test_r2=1.000000 complexity=9 evals=243562
      Livermore-10 run=2  seed=3325160576 time=19.709s reward=0.998108 train_r2=0.999996 test_r2=0.999997 complexity=24 evals=2000006
      Livermore-20 run=5  seed=2057259013 time=0.131s reward=1.000000 train_r2=1.000000 test_r2=1.000000 complexity=6 evals=22415
      Livermore-22 run=5  seed=2057259013 time=0.175s reward=1.000000 train_r2=1.000000 test_r2=1.000000 complexity=6 evals=32226
      Livermore-17 run=5  seed=2057259013 time=0.734s reward=1.000000 train_r2=1.000000 test_r2=1.000000 complexity=6 evals=106997
      Livermore-19 run=5  seed=2057259013 time=0.534s reward=1.000000 train_r2=1.000000 test_r2=1.000000 complexity=10 evals=75417
       Livermore-2 run=6  seed=3814845113 time=0.180s reward=1.000000 train_r2=1.000000 test_r2=1.000000 complexity=9 evals=29501
       Livermore-4 run=6  seed=3814845113 time=0.123s reward=1.000000 train_r2=1.000000 test_r2=1.000000 complexity=12 evals=19911
      Livermore-11 run=2  seed=3325160576 time=19.921s reward=0.999995 train_r2=1.000000 test_r2=1.000000 complexity=12 evals=2000002
       Livermore-3 run=6  seed=3814845113 time=0.735s reward=1.000000 train_r2=1.000000 test_r2=1.000000 complexity=11 evals=99481
       Livermore-1 run=5  seed=2057259013 time=3.427s reward=1.000000 train_r2=1.000000 test_r2=1.000000 complexity=7 evals=82260
       Livermore-7 run=3  seed=3163586042 time=18.813s reward=0.999812 train_r2=1.000000 test_r2=1.000000 complexity=8 evals=2000001
      Livermore-14 run=5  seed=2057259013 time=2.518s reward=1.000000 train_r2=1.000000 test_r2=1.000000 complexity=14 evals=297711
      Livermore-11 run=6  seed=3814845113 time=0.070s reward=1.000000 train_r2=1.000000 test_r2=1.000000 complexity=12 evals=11760
      Livermore-12 run=6  seed=3814845113 time=0.024s reward=1.000000 train_r2=1.000000 test_r2=1.000000 complexity=7 evals=4143
      Livermore-18 run=0  seed=723072574 time=23.396s reward=0.999999 train_r2=1.000000 test_r2=1.000000 complexity=9 evals=2000000
      Livermore-13 run=6  seed=3814845113 time=0.176s reward=1.000000 train_r2=1.000000 test_r2=1.000000 complexity=3 evals=28818
      Livermore-10 run=6  seed=3814845113 time=0.895s reward=1.000000 train_r2=1.000000 test_r2=1.000000 complexity=6 evals=124024
      Livermore-12 run=5  seed=2057259013 time=2.989s reward=0.999999 train_r2=1.000000 test_r2=0.987011 complexity=27 evals=375667
      Livermore-15 run=6  seed=3814845113 time=0.263s reward=1.000000 train_r2=1.000000 test_r2=1.000000 complexity=3 evals=42280
      Livermore-21 run=3  seed=3163586042 time=18.148s reward=0.995938 train_r2=0.999983 test_r2=0.999425 complexity=20 evals=2000003
      Livermore-14 run=6  seed=3814845113 time=0.471s reward=1.000000 train_r2=1.000000 test_r2=1.000000 complexity=14 evals=68333
      Livermore-20 run=6  seed=3814845113 time=0.012s reward=1.000000 train_r2=1.000000 test_r2=1.000000 complexity=6 evals=2455
      Livermore-19 run=6  seed=3814845113 time=0.202s reward=1.000000 train_r2=1.000000 test_r2=1.000000 complexity=10 evals=36007
      Livermore-22 run=6  seed=3814845113 time=0.069s reward=1.000000 train_r2=1.000000 test_r2=1.000000 complexity=6 evals=13134
      Livermore-16 run=6  seed=3814845113 time=0.959s reward=1.000000 train_r2=1.000000 test_r2=1.000000 complexity=3 evals=134895
       Livermore-9 run=3  seed=3163586042 time=20.290s reward=0.997562 train_r2=0.999994 test_r2=0.999561 complexity=26 evals=2000001
      Livermore-21 run=5  seed=2057259013 time=3.490s reward=1.000000 train_r2=1.000000 test_r2=1.000000 complexity=20 evals=419435
       Livermore-8 run=4  seed=1227433701 time=14.980s reward=1.000000 train_r2=1.000000 test_r2=1.000000 complexity=2 evals=1662850
       Livermore-4 run=7  seed=2770303473 time=0.254s reward=1.000000 train_r2=1.000000 test_r2=1.000000 complexity=11 evals=41461
       Livermore-2 run=7  seed=2770303473 time=0.541s reward=1.000000 train_r2=1.000000 test_r2=1.000000 complexity=9 evals=74205
      Livermore-18 run=2  seed=3325160576 time=22.456s reward=0.963942 train_r2=0.998601 test_r2=0.998707 complexity=43 evals=2000007
      Livermore-11 run=3  seed=3163586042 time=20.692s reward=0.999998 train_r2=1.000000 test_r2=1.000000 complexity=12 evals=2000000
       Livermore-3 run=7  seed=2770303473 time=0.713s reward=1.000000 train_r2=1.000000 test_r2=1.000000 complexity=11 evals=99997
       Livermore-5 run=7  seed=2770303473 time=0.542s reward=1.000000 train_r2=1.000000 test_r2=1.000000 complexity=14 evals=76039
      Livermore-11 run=7  seed=2770303473 time=0.305s reward=0.999999 train_r2=1.000000 test_r2=1.000000 complexity=12 evals=43507
       Livermore-5 run=6  seed=3814845113 time=4.558s reward=1.000000 train_r2=1.000000 test_r2=1.000000 complexity=15 evals=555031
       Livermore-7 run=4  seed=1227433701 time=17.644s reward=0.999802 train_r2=1.000000 test_r2=1.000000 complexity=22 evals=2000004
      Livermore-13 run=7  seed=2770303473 time=0.204s reward=1.000000 train_r2=1.000000 test_r2=1.000000 complexity=3 evals=35325
       Livermore-6 run=7  seed=2770303473 time=1.767s reward=1.000000 train_r2=1.000000 test_r2=1.000000 complexity=17 evals=222607
      Livermore-21 run=4  seed=1227433701 time=8.682s reward=1.000000 train_r2=1.000000 test_r2=1.000000 complexity=19 evals=917507
       Livermore-1 run=7  seed=2770303473 time=2.824s reward=1.000000 train_r2=1.000000 test_r2=1.000000 complexity=7 evals=69315
      Livermore-16 run=7  seed=2770303473 time=0.340s reward=1.000000 train_r2=1.000000 test_r2=1.000000 complexity=5 evals=57561
      Livermore-17 run=6  seed=3814845113 time=3.459s reward=1.000000 train_r2=1.000000 test_r2=1.000000 complexity=6 evals=457198
      Livermore-20 run=7  seed=2770303473 time=0.012s reward=1.000000 train_r2=1.000000 test_r2=1.000000 complexity=6 evals=2484
      Livermore-19 run=7  seed=2770303473 time=0.515s reward=1.000000 train_r2=1.000000 test_r2=1.000000 complexity=10 evals=78363
      Livermore-14 run=7  seed=2770303473 time=1.207s reward=1.000000 train_r2=1.000000 test_r2=1.000000 complexity=14 evals=168085
      Livermore-18 run=3  seed=3163586042 time=22.488s reward=0.967723 train_r2=0.998888 test_r2=0.997296 complexity=10 evals=2000007
      Livermore-16 run=5  seed=2057259013 time=7.107s reward=1.000000 train_r2=1.000000 test_r2=1.000000 complexity=3 evals=853281
       Livermore-6 run=4  seed=1227433701 time=20.799s reward=0.991193 train_r2=0.999921 test_r2=0.999808 complexity=23 evals=2000000
       Livermore-4 run=8  seed=3183815639 time=0.367s reward=1.000000 train_r2=1.000000 test_r2=1.000000 complexity=13 evals=55373
      Livermore-22 run=7  seed=2770303473 time=0.839s reward=1.000000 train_r2=1.000000 test_r2=1.000000 complexity=6 evals=132716
       Livermore-5 run=8  seed=3183815639 time=0.354s reward=1.000000 train_r2=1.000000 test_r2=1.000000 complexity=14 evals=56553
       Livermore-1 run=6  seed=3814845113 time=7.296s reward=1.000000 train_r2=1.000000 test_r2=1.000000 complexity=7 evals=160879
       Livermore-3 run=8  seed=3183815639 time=1.771s reward=1.000000 train_r2=1.000000 test_r2=1.000000 complexity=11 evals=220241
       Livermore-1 run=8  seed=3183815639 time=3.160s reward=1.000000 train_r2=1.000000 test_r2=1.000000 complexity=7 evals=75132
       Livermore-9 run=4  seed=1227433701 time=20.420s reward=0.991049 train_r2=0.999918 test_r2=0.999947 complexity=25 evals=2000008
      Livermore-11 run=8  seed=3183815639 time=0.176s reward=1.000000 train_r2=1.000000 test_r2=1.000000 complexity=12 evals=27091
      Livermore-18 run=4  seed=1227433701 time=14.727s reward=0.999999 train_r2=1.000000 test_r2=1.000000 complexity=9 evals=1548111
      Livermore-13 run=8  seed=3183815639 time=0.148s reward=1.000000 train_r2=1.000000 test_r2=1.000000 complexity=3 evals=26553
      Livermore-10 run=4  seed=1227433701 time=21.762s reward=0.992978 train_r2=0.999950 test_r2=0.999967 complexity=40 evals=2000002
      Livermore-14 run=8  seed=3183815639 time=0.732s reward=1.000000 train_r2=1.000000 test_r2=1.000000 complexity=14 evals=113468
      Livermore-15 run=7  seed=2770303473 time=6.720s reward=1.000000 train_r2=1.000000 test_r2=1.000000 complexity=3 evals=803672
       Livermore-2 run=8  seed=3183815639 time=6.028s reward=1.000000 train_r2=1.000000 test_r2=1.000000 complexity=9 evals=663497
      Livermore-12 run=4  seed=1227433701 time=18.488s reward=0.999998 train_r2=1.000000 test_r2=1.000000 complexity=26 evals=2000004
      Livermore-16 run=8  seed=3183815639 time=0.803s reward=1.000000 train_r2=1.000000 test_r2=1.000000 complexity=3 evals=135705
      Livermore-20 run=8  seed=3183815639 time=0.030s reward=1.000000 train_r2=1.000000 test_r2=1.000000 complexity=8 evals=5996
      Livermore-19 run=8  seed=3183815639 time=0.286s reward=1.000000 train_r2=1.000000 test_r2=1.000000 complexity=12 evals=48472
      Livermore-22 run=8  seed=3183815639 time=0.089s reward=1.000000 train_r2=1.000000 test_r2=1.000000 complexity=6 evals=16394
       Livermore-6 run=8  seed=3183815639 time=7.235s reward=1.000000 train_r2=1.000000 test_r2=1.000000 complexity=19 evals=813197
      Livermore-17 run=4  seed=1227433701 time=18.818s reward=0.990493 train_r2=0.999908 test_r2=0.999900 complexity=24 evals=2000002
      Livermore-12 run=8  seed=3183815639 time=5.294s reward=1.000000 train_r2=1.000000 test_r2=1.000000 complexity=7 evals=558328
       Livermore-8 run=7  seed=2770303473 time=11.621s reward=1.000000 train_r2=1.000000 test_r2=1.000000 complexity=2 evals=1357702
       Livermore-4 run=9  seed=3828183215 time=0.498s reward=1.000000 train_r2=1.000000 test_r2=1.000000 complexity=13 evals=70327
       Livermore-2 run=9  seed=3828183215 time=1.184s reward=1.000000 train_r2=1.000000 test_r2=1.000000 complexity=9 evals=153091
       Livermore-8 run=5  seed=2057259013 time=17.371s reward=1.000000 train_r2=1.000000 test_r2=1.000000 complexity=2 evals=1860653
       Livermore-3 run=9  seed=3828183215 time=0.806s reward=1.000000 train_r2=1.000000 test_r2=1.000000 complexity=11 evals=115310
       Livermore-1 run=9  seed=3828183215 time=3.561s reward=1.000000 train_r2=1.000000 test_r2=1.000000 complexity=7 evals=85338
       Livermore-7 run=5  seed=2057259013 time=18.504s reward=0.999821 train_r2=1.000000 test_r2=1.000000 complexity=23 evals=2000000
      Livermore-10 run=9  seed=3828183215 time=0.592s reward=1.000000 train_r2=1.000000 test_r2=1.000000 complexity=6 evals=96354
      Livermore-12 run=9  seed=3828183215 time=0.391s reward=1.000000 train_r2=1.000000 test_r2=0.999996 complexity=12 evals=56433
      Livermore-11 run=5  seed=2057259013 time=18.705s reward=0.999936 train_r2=1.000000 test_r2=1.000000 complexity=12 evals=2000003
      Livermore-13 run=9  seed=3828183215 time=0.125s reward=1.000000 train_r2=1.000000 test_r2=1.000000 complexity=3 evals=22789
      Livermore-21 run=7  seed=2770303473 time=12.282s reward=1.000000 train_r2=1.000000 test_r2=1.000000 complexity=15 evals=1345519
      Livermore-14 run=9  seed=3828183215 time=0.825s reward=1.000000 train_r2=1.000000 test_r2=1.000000 complexity=14 evals=123564
       Livermore-9 run=5  seed=2057259013 time=19.807s reward=0.994088 train_r2=0.999965 test_r2=0.999896 complexity=26 evals=2000004
      Livermore-17 run=8  seed=3183815639 time=7.066s reward=1.000000 train_r2=1.000000 test_r2=1.000000 complexity=6 evals=763855
      Livermore-17 run=9  seed=3828183215 time=0.475s reward=1.000000 train_r2=1.000000 test_r2=1.000000 complexity=6 evals=76242
      Livermore-20 run=9  seed=3828183215 time=0.012s reward=1.000000 train_r2=1.000000 test_r2=1.000000 complexity=6 evals=1997
      Livermore-16 run=9  seed=3828183215 time=0.810s reward=1.000000 train_r2=1.000000 test_r2=1.000000 complexity=3 evals=127365
      Livermore-19 run=9  seed=3828183215 time=0.289s reward=1.000000 train_r2=1.000000 test_r2=1.000000 complexity=10 evals=49626
       Livermore-6 run=5  seed=2057259013 time=20.912s reward=0.995558 train_r2=0.999980 test_r2=0.999990 complexity=46 evals=2000002
      Livermore-15 run=8  seed=3183815639 time=7.892s reward=1.000000 train_r2=1.000000 test_r2=1.000000 complexity=3 evals=795192
       Livermore-8 run=6  seed=3814845113 time=18.675s reward=0.999937 train_r2=1.000000 test_r2=1.000000 complexity=14 evals=2000002
       Livermore-4 run=10 seed=2437489881 time=0.194s reward=1.000000 train_r2=1.000000 test_r2=1.000000 complexity=13 evals=30738
       Livermore-7 run=6  seed=3814845113 time=19.136s reward=0.999843 train_r2=1.000000 test_r2=1.000000 complexity=42 evals=2000001
       Livermore-9 run=6  seed=3814845113 time=19.192s reward=0.993515 train_r2=0.999957 test_r2=0.999950 complexity=25 evals=2000001
       Livermore-2 run=10 seed=2437489881 time=1.202s reward=1.000000 train_r2=1.000000 test_r2=1.000000 complexity=9 evals=149295
       Livermore-1 run=10 seed=2437489881 time=1.767s reward=1.000000 train_r2=1.000000 test_r2=1.000000 complexity=7 evals=44165
      Livermore-22 run=9  seed=3828183215 time=2.035s reward=1.000000 train_r2=1.000000 test_r2=1.000000 complexity=6 evals=288474
       Livermore-6 run=6  seed=3814845113 time=21.009s reward=0.991835 train_r2=0.999932 test_r2=0.999951 complexity=29 evals=2000010
      Livermore-18 run=5  seed=2057259013 time=22.114s reward=0.982484 train_r2=0.999682 test_r2=0.999635 complexity=10 evals=2000001
       Livermore-5 run=10 seed=2437489881 time=2.130s reward=1.000000 train_r2=1.000000 test_r2=1.000000 complexity=14 evals=264011
      Livermore-13 run=10 seed=2437489881 time=0.308s reward=1.000000 train_r2=1.000000 test_r2=1.000000 complexity=3 evals=52791
       Livermore-7 run=7  seed=2770303473 time=18.655s reward=0.999717 train_r2=1.000000 test_r2=1.000000 complexity=24 evals=2000003
       Livermore-3 run=10 seed=2437489881 time=2.838s reward=1.000000 train_r2=1.000000 test_r2=1.000000 complexity=11 evals=320264
      Livermore-14 run=10 seed=2437489881 time=0.148s reward=1.000000 train_r2=1.000000 test_r2=1.000000 complexity=14 evals=24598
       Livermore-5 run=9  seed=3828183215 time=7.384s reward=1.000000 train_r2=1.000000 test_r2=1.000000 complexity=14 evals=833171
      Livermore-21 run=6  seed=3814845113 time=20.027s reward=0.997908 train_r2=0.999996 test_r2=0.999981 complexity=30 evals=2000000
      Livermore-15 run=10 seed=2437489881 time=0.346s reward=1.000000 train_r2=1.000000 test_r2=1.000000 complexity=3 evals=52459
      Livermore-20 run=10 seed=2437489881 time=0.005s reward=1.000000 train_r2=1.000000 test_r2=1.000000 complexity=6 evals=1043
      Livermore-19 run=10 seed=2437489881 time=0.312s reward=1.000000 train_r2=1.000000 test_r2=1.000000 complexity=12 evals=48502
       Livermore-9 run=7  seed=2770303473 time=19.558s reward=0.994651 train_r2=0.999971 test_r2=0.971855 complexity=22 evals=2000001
      Livermore-22 run=10 seed=2437489881 time=0.407s reward=1.000000 train_r2=1.000000 test_r2=1.000000 complexity=6 evals=63610
       Livermore-2 run=11 seed=2218870180 time=0.291s reward=1.000000 train_r2=1.000000 test_r2=1.000000 complexity=9 evals=42187
       Livermore-3 run=11 seed=2218870180 time=0.359s reward=1.000000 train_r2=1.000000 test_r2=1.000000 complexity=11 evals=52377
       Livermore-4 run=11 seed=2218870180 time=0.448s reward=1.000000 train_r2=1.000000 test_r2=1.000000 complexity=13 evals=66183
      Livermore-18 run=6  seed=3814845113 time=22.168s reward=0.951940 train_r2=0.997451 test_r2=0.996311 complexity=41 evals=2000007
      Livermore-17 run=10 seed=2437489881 time=2.602s reward=1.000000 train_r2=1.000000 test_r2=1.000000 complexity=6 evals=309102
      Livermore-10 run=7  seed=2770303473 time=21.082s reward=0.986978 train_r2=0.999826 test_r2=0.999717 complexity=39 evals=2000003
      Livermore-10 run=8  seed=3183815639 time=15.865s reward=1.000000 train_r2=1.000000 test_r2=1.000000 complexity=6 evals=1778930
       Livermore-5 run=11 seed=2218870180 time=0.684s reward=1.000000 train_r2=1.000000 test_r2=1.000000 complexity=14 evals=97665
       Livermore-7 run=8  seed=3183815639 time=18.618s reward=0.999834 train_r2=1.000000 test_r2=1.000000 complexity=8 evals=2000004
      Livermore-12 run=7  seed=2770303473 time=21.603s reward=0.999996 train_r2=1.000000 test_r2=1.000000 complexity=17 evals=2000006
      Livermore-18 run=7  seed=2770303473 time=20.448s reward=0.939554 train_r2=0.995861 test_r2=0.998333 complexity=35 evals=2000005
      Livermore-17 run=7  seed=2770303473 time=20.548s reward=0.990745 train_r2=0.999913 test_r2=0.999934 complexity=35 evals=2000001
       Livermore-8 run=8  seed=3183815639 time=19.362s reward=0.999943 train_r2=1.000000 test_r2=1.000000 complexity=14 evals=2000001
      Livermore-15 run=11 seed=2218870180 time=0.362s reward=1.000000 train_r2=1.000000 test_r2=1.000000 complexity=3 evals=55277
      Livermore-13 run=11 seed=2218870180 time=0.909s reward=1.000000 train_r2=1.000000 test_r2=1.000000 complexity=3 evals=145284
      Livermore-14 run=11 seed=2218870180 time=1.381s reward=1.000000 train_r2=1.000000 test_r2=1.000000 complexity=14 evals=177566
      Livermore-10 run=10 seed=2437489881 time=6.846s reward=1.000000 train_r2=1.000000 test_r2=1.000000 complexity=6 evals=754836
      Livermore-12 run=11 seed=2218870180 time=1.875s reward=1.000000 train_r2=1.000000 test_r2=1.000000 complexity=7 evals=220813
       Livermore-1 run=11 seed=2218870180 time=4.447s reward=1.000000 train_r2=1.000000 test_r2=1.000000 complexity=7 evals=104158
      Livermore-20 run=11 seed=2218870180 time=0.034s reward=1.000000 train_r2=1.000000 test_r2=1.000000 complexity=6 evals=6641
      Livermore-19 run=11 seed=2218870180 time=0.127s reward=1.000000 train_r2=1.000000 test_r2=1.000000 complexity=10 evals=22501
      Livermore-22 run=11 seed=2218870180 time=0.233s reward=1.000000 train_r2=1.000000 test_r2=1.000000 complexity=6 evals=37921
       Livermore-1 run=12 seed=1677402687 time=0.666s reward=1.000000 train_r2=1.000000 test_r2=1.000000 complexity=7 evals=17349
       Livermore-9 run=8  seed=3183815639 time=20.508s reward=0.985849 train_r2=0.999794 test_r2=0.999950 complexity=17 evals=2000003
       Livermore-2 run=12 seed=1677402687 time=0.462s reward=1.000000 train_r2=1.000000 test_r2=1.000000 complexity=9 evals=64379
       Livermore-4 run=12 seed=1677402687 time=0.208s reward=1.000000 train_r2=1.000000 test_r2=1.000000 complexity=13 evals=32856
       Livermore-3 run=12 seed=1677402687 time=0.410s reward=1.000000 train_r2=1.000000 test_r2=1.000000 complexity=11 evals=64169
      Livermore-16 run=10 seed=2437489881 time=7.145s reward=1.000000 train_r2=1.000000 test_r2=1.000000 complexity=3 evals=882329
      Livermore-12 run=10 seed=2437489881 time=8.699s reward=1.000000 train_r2=1.000000 test_r2=1.000000 complexity=7 evals=896281
      Livermore-21 run=8  seed=3183815639 time=17.978s reward=0.994415 train_r2=0.999968 test_r2=0.999964 complexity=20 evals=2000005
       Livermore-8 run=10 seed=2437489881 time=10.919s reward=1.000000 train_r2=1.000000 test_r2=1.000000 complexity=2 evals=1234327
      Livermore-11 run=12 seed=1677402687 time=0.195s reward=1.000000 train_r2=1.000000 test_r2=1.000000 complexity=12 evals=28155
      Livermore-12 run=12 seed=1677402687 time=1.005s reward=1.000000 train_r2=1.000000 test_r2=1.000000 complexity=7 evals=118423
      Livermore-13 run=12 seed=1677402687 time=0.278s reward=1.000000 train_r2=1.000000 test_r2=1.000000 complexity=3 evals=44694
      Livermore-15 run=9  seed=3828183215 time=15.467s reward=0.947476 train_r2=0.996927 test_r2=0.994971 complexity=15 evals=2000002
       Livermore-7 run=9  seed=3828183215 time=17.873s reward=0.999794 train_r2=1.000000 test_r2=1.000000 complexity=22 evals=2000002
      Livermore-15 run=12 seed=1677402687 time=0.355s reward=1.000000 train_r2=1.000000 test_r2=1.000000 complexity=3 evals=61002
      Livermore-14 run=12 seed=1677402687 time=0.565s reward=1.000000 train_r2=1.000000 test_r2=1.000000 complexity=14 evals=80313
      Livermore-18 run=8  seed=3183815639 time=21.616s reward=0.984721 train_r2=0.999759 test_r2=0.999772 complexity=23 evals=2000004
       Livermore-9 run=9  seed=3828183215 time=18.461s reward=0.991018 train_r2=0.999918 test_r2=0.999875 complexity=23 evals=2000003
      Livermore-19 run=12 seed=1677402687 time=0.250s reward=1.000000 train_r2=1.000000 test_r2=1.000000 complexity=10 evals=40060
      Livermore-20 run=12 seed=1677402687 time=0.029s reward=1.000000 train_r2=1.000000 test_r2=1.000000 complexity=6 evals=5691
      Livermore-22 run=12 seed=1677402687 time=0.191s reward=1.000000 train_r2=1.000000 test_r2=1.000000 complexity=6 evals=33877
       Livermore-8 run=9  seed=3828183215 time=19.420s reward=0.999952 train_r2=1.000000 test_r2=1.000000 complexity=14 evals=2000002
       Livermore-1 run=13 seed=310923819 time=0.580s reward=1.000000 train_r2=1.000000 test_r2=1.000000 complexity=7 evals=14472
      Livermore-11 run=9  seed=3828183215 time=18.867s reward=0.999998 train_r2=1.000000 test_r2=1.000000 complexity=12 evals=2000005
       Livermore-4 run=13 seed=310923819 time=0.071s reward=1.000000 train_r2=1.000000 test_r2=1.000000 complexity=11 evals=12107
       Livermore-3 run=13 seed=310923819 time=0.526s reward=1.000000 train_r2=1.000000 test_r2=1.000000 complexity=11 evals=80262
       Livermore-6 run=9  seed=3828183215 time=20.699s reward=0.992918 train_r2=0.999949 test_r2=0.999970 complexity=25 evals=2000002
       Livermore-6 run=13 seed=310923819 time=0.826s reward=1.000000 train_r2=1.000000 test_r2=1.000000 complexity=17 evals=123076
       Livermore-5 run=13 seed=310923819 time=0.934s reward=1.000000 train_r2=1.000000 test_r2=1.000000 complexity=15 evals=131932
       Livermore-7 run=10 seed=2437489881 time=17.086s reward=0.999864 train_r2=1.000000 test_r2=1.000000 complexity=10 evals=2000001
      Livermore-17 run=11 seed=2218870180 time=10.998s reward=1.000000 train_r2=1.000000 test_r2=1.000000 complexity=6 evals=1243976
      Livermore-21 run=9  seed=3828183215 time=19.404s reward=0.998051 train_r2=0.999996 test_r2=0.999923 complexity=19 evals=2000003
      Livermore-11 run=13 seed=310923819 time=0.378s reward=1.000000 train_r2=1.000000 test_r2=1.000000 complexity=12 evals=60490
      Livermore-13 run=13 seed=310923819 time=0.222s reward=1.000000 train_r2=1.000000 test_r2=1.000000 complexity=3 evals=39892
      Livermore-12 run=13 seed=310923819 time=0.485s reward=1.000000 train_r2=1.000000 test_r2=1.000000 complexity=7 evals=68470
      Livermore-15 run=13 seed=310923819 time=0.396s reward=1.000000 train_r2=1.000000 test_r2=1.000000 complexity=3 evals=66402
       Livermore-8 run=12 seed=1677402687 time=9.790s reward=1.000000 train_r2=1.000000 test_r2=1.000000 complexity=2 evals=1131253
       Livermore-9 run=10 seed=2437489881 time=18.528s reward=0.989643 train_r2=0.999890 test_r2=0.999835 complexity=29 evals=2000002
      Livermore-16 run=12 seed=1677402687 time=6.197s reward=1.000000 train_r2=1.000000 test_r2=1.000000 complexity=5 evals=807944
      Livermore-16 run=13 seed=310923819 time=0.615s reward=1.000000 train_r2=1.000000 test_r2=1.000000 complexity=3 evals=98630
      Livermore-20 run=13 seed=310923819 time=0.011s reward=1.000000 train_r2=1.000000 test_r2=1.000000 complexity=6 evals=2220
      Livermore-19 run=13 seed=310923819 time=0.350s reward=1.000000 train_r2=1.000000 test_r2=1.000000 complexity=12 evals=57442
      Livermore-11 run=10 seed=2437489881 time=18.819s reward=0.999999 train_r2=1.000000 test_r2=1.000000 complexity=12 evals=2000005
      Livermore-22 run=13 seed=310923819 time=0.245s reward=1.000000 train_r2=1.000000 test_r2=1.000000 complexity=6 evals=44048
       Livermore-2 run=14 seed=1777581980 time=0.316s reward=1.000000 train_r2=1.000000 test_r2=1.000000 complexity=9 evals=50190
       Livermore-6 run=10 seed=2437489881 time=20.617s reward=0.994366 train_r2=0.999968 test_r2=0.999982 complexity=23 evals=2000000
       Livermore-3 run=14 seed=1777581980 time=0.215s reward=1.000000 train_r2=1.000000 test_r2=1.000000 complexity=11 evals=35792
       Livermore-4 run=14 seed=1777581980 time=0.718s reward=1.000000 train_r2=1.000000 test_r2=1.000000 complexity=11 evals=96381
       Livermore-1 run=14 seed=1777581980 time=1.514s reward=1.000000 train_r2=1.000000 test_r2=1.000000 complexity=7 evals=38664
       Livermore-5 run=12 seed=1677402687 time=13.306s reward=1.000000 train_r2=1.000000 test_r2=1.000000 complexity=15 evals=1404620
       Livermore-5 run=14 seed=1777581980 time=1.542s reward=1.000000 train_r2=1.000000 test_r2=1.000000 complexity=14 evals=216905
      Livermore-18 run=9  seed=3828183215 time=23.745s reward=0.994852 train_r2=0.999973 test_r2=0.999983 complexity=40 evals=2000000
      Livermore-21 run=13 seed=310923819 time=3.064s reward=1.000000 train_r2=1.000000 test_r2=1.000000 complexity=15 evals=391856
       Livermore-8 run=11 seed=2218870180 time=17.880s reward=0.999945 train_r2=1.000000 test_r2=1.000000 complexity=14 evals=2000003
      Livermore-12 run=14 seed=1777581980 time=0.366s reward=0.999999 train_r2=1.000000 test_r2=1.000000 complexity=14 evals=53802
      Livermore-13 run=14 seed=1777581980 time=0.103s reward=1.000000 train_r2=1.000000 test_r2=1.000000 complexity=3 evals=18356
       Livermore-7 run=11 seed=2218870180 time=18.620s reward=0.999790 train_r2=1.000000 test_r2=1.000000 complexity=8 evals=2000004
      Livermore-21 run=10 seed=2437489881 time=20.976s reward=0.993334 train_r2=0.999955 test_r2=0.999909 complexity=18 evals=2000004
      Livermore-15 run=14 seed=1777581980 time=0.296s reward=1.000000 train_r2=1.000000 test_r2=1.000000 complexity=3 evals=48237
       Livermore-9 run=11 seed=2218870180 time=18.953s reward=0.995089 train_r2=0.999976 test_r2=0.999943 complexity=26 evals=2000005
      Livermore-17 run=13 seed=310923819 time=4.985s reward=1.000000 train_r2=1.000000 test_r2=1.000000 complexity=6 evals=548377
      Livermore-18 run=10 seed=2437489881 time=21.585s reward=0.962760 train_r2=0.998504 test_r2=0.998804 complexity=32 evals=2000003
      Livermore-20 run=14 seed=1777581980 time=0.009s reward=1.000000 train_r2=1.000000 test_r2=1.000000 complexity=6 evals=1704
      Livermore-19 run=14 seed=1777581980 time=0.572s reward=1.000000 train_r2=1.000000 test_r2=1.000000 complexity=10 evals=78918
      Livermore-16 run=11 seed=2218870180 time=18.283s reward=0.977878 train_r2=0.999488 test_r2=0.998264 complexity=13 evals=2000000
      Livermore-22 run=14 seed=1777581980 time=0.231s reward=1.000000 train_r2=1.000000 test_r2=1.000000 complexity=6 evals=38392
       Livermore-6 run=11 seed=2218870180 time=20.572s reward=0.998518 train_r2=0.999998 test_r2=0.999924 complexity=27 evals=2000001
       Livermore-2 run=15 seed=354449225 time=0.352s reward=1.000000 train_r2=1.000000 test_r2=1.000000 complexity=9 evals=50814
      Livermore-11 run=11 seed=2218870180 time=19.970s reward=0.999999 train_r2=1.000000 test_r2=1.000000 complexity=12 evals=2000003
      Livermore-10 run=11 seed=2218870180 time=20.579s reward=0.987217 train_r2=0.999832 test_r2=0.996938 complexity=22 evals=2000006
       Livermore-4 run=15 seed=354449225 time=0.337s reward=1.000000 train_r2=1.000000 test_r2=1.000000 complexity=13 evals=50274
       Livermore-7 run=15 seed=354449225 time=0.289s reward=1.000000 train_r2=1.000000 test_r2=1.000000 complexity=2 evals=44561
      Livermore-10 run=14 seed=1777581980 time=3.651s reward=1.000000 train_r2=1.000000 test_r2=1.000000 complexity=6 evals=418975
       Livermore-1 run=15 seed=354449225 time=1.115s reward=1.000000 train_r2=1.000000 test_r2=1.000000 complexity=7 evals=27167
      Livermore-16 run=14 seed=1777581980 time=3.288s reward=1.000000 train_r2=1.000000 test_r2=1.000000 complexity=3 evals=406329
      Livermore-11 run=15 seed=354449225 time=0.115s reward=0.999999 train_r2=1.000000 test_r2=1.000000 complexity=12 evals=18693
       Livermore-7 run=12 seed=1677402687 time=18.327s reward=0.999809 train_r2=1.000000 test_r2=1.000000 complexity=22 evals=2000000
      Livermore-13 run=15 seed=354449225 time=0.131s reward=1.000000 train_r2=1.000000 test_r2=1.000000 complexity=3 evals=23359
      Livermore-21 run=11 seed=2218870180 time=19.910s reward=0.994828 train_r2=0.999973 test_r2=0.999606 complexity=17 evals=2000005
      Livermore-21 run=12 seed=1677402687 time=13.755s reward=1.000000 train_r2=1.000000 test_r2=1.000000 complexity=19 evals=1410375
      Livermore-15 run=15 seed=354449225 time=0.219s reward=1.000000 train_r2=1.000000 test_r2=1.000000 complexity=3 evals=36202
      Livermore-10 run=12 seed=1677402687 time=17.913s reward=0.978138 train_r2=0.999500 test_r2=0.997821 complexity=37 evals=2000006
      Livermore-14 run=15 seed=354449225 time=1.224s reward=1.000000 train_r2=1.000000 test_r2=1.000000 complexity=14 evals=170061
      Livermore-19 run=15 seed=354449225 time=0.323s reward=1.000000 train_r2=1.000000 test_r2=1.000000 complexity=12 evals=50752
      Livermore-20 run=15 seed=354449225 time=0.007s reward=1.000000 train_r2=1.000000 test_r2=1.000000 complexity=6 evals=1356
      Livermore-16 run=15 seed=354449225 time=1.223s reward=1.000000 train_r2=1.000000 test_r2=1.000000 complexity=3 evals=165294
       Livermore-6 run=12 seed=1677402687 time=20.508s reward=0.989646 train_r2=0.999891 test_r2=0.999856 complexity=27 evals=2000001
      Livermore-22 run=15 seed=354449225 time=0.287s reward=1.000000 train_r2=1.000000 test_r2=1.000000 complexity=6 evals=45952
       Livermore-3 run=15 seed=354449225 time=4.152s reward=1.000000 train_r2=1.000000 test_r2=1.000000 complexity=11 evals=443556
      Livermore-18 run=11 seed=2218870180 time=22.173s reward=0.991633 train_r2=0.999929 test_r2=0.999902 complexity=28 evals=2000007
      Livermore-18 run=12 seed=1677402687 time=16.504s reward=0.999999 train_r2=1.000000 test_r2=1.000000 complexity=9 evals=1503772
       Livermore-4 run=16 seed=1949615811 time=0.183s reward=1.000000 train_r2=1.000000 test_r2=1.000000 complexity=11 evals=29868
       Livermore-2 run=16 seed=1949615811 time=0.592s reward=1.000000 train_r2=1.000000 test_r2=1.000000 complexity=9 evals=81415
      Livermore-14 run=14 seed=1777581980 time=6.901s reward=1.000000 train_r2=1.000000 test_r2=1.000000 complexity=14 evals=776016
       Livermore-9 run=12 seed=1677402687 time=20.265s reward=0.992168 train_r2=0.999938 test_r2=0.999456 complexity=23 evals=2000007
       Livermore-3 run=16 seed=1949615811 time=1.855s reward=1.000000 train_r2=1.000000 test_r2=1.000000 complexity=11 evals=220156
      Livermore-17 run=12 seed=1677402687 time=18.440s reward=0.999411 train_r2=1.000000 test_r2=1.000000 complexity=12 evals=2000007
      Livermore-11 run=16 seed=1949615811 time=0.222s reward=0.999999 train_r2=1.000000 test_r2=1.000000 complexity=12 evals=38805
       Livermore-5 run=16 seed=1949615811 time=2.137s reward=1.000000 train_r2=1.000000 test_r2=1.000000 complexity=15 evals=273228
      Livermore-12 run=16 seed=1949615811 time=0.122s reward=1.000000 train_r2=1.000000 test_r2=1.000000 complexity=7 evals=19904
      Livermore-13 run=16 seed=1949615811 time=0.777s reward=1.000000 train_r2=1.000000 test_r2=1.000000 complexity=3 evals=108758
      Livermore-14 run=16 seed=1949615811 time=0.906s reward=1.000000 train_r2=1.000000 test_r2=1.000000 complexity=14 evals=137939
      Livermore-15 run=16 seed=1949615811 time=0.299s reward=1.000000 train_r2=1.000000 test_r2=1.000000 complexity=3 evals=45634
       Livermore-1 run=16 seed=1949615811 time=4.687s reward=1.000000 train_r2=1.000000 test_r2=1.000000 complexity=7 evals=109150
       Livermore-8 run=13 seed=310923819 time=17.784s reward=0.999948 train_r2=1.000000 test_r2=1.000000 complexity=14 evals=2000004
      Livermore-19 run=16 seed=1949615811 time=0.159s reward=1.000000 train_r2=1.000000 test_r2=1.000000 complexity=10 evals=27454
      Livermore-20 run=16 seed=1949615811 time=0.013s reward=1.000000 train_r2=1.000000 test_r2=1.000000 complexity=6 evals=2603
       Livermore-7 run=13 seed=310923819 time=18.541s reward=0.999846 train_r2=1.000000 test_r2=1.000000 complexity=8 evals=2000000
      Livermore-10 run=16 seed=1949615811 time=3.332s reward=1.000000 train_r2=1.000000 test_r2=1.000000 complexity=6 evals=382444
      Livermore-21 run=16 seed=1949615811 time=1.011s reward=1.000000 train_r2=1.000000 test_r2=1.000000 complexity=16 evals=148907
       Livermore-2 run=17 seed=2845477618 time=0.249s reward=1.000000 train_r2=1.000000 test_r2=1.000000 complexity=9 evals=40228
      Livermore-17 run=16 seed=1949615811 time=2.639s reward=1.000000 train_r2=1.000000 test_r2=1.000000 complexity=6 evals=306545
       Livermore-4 run=17 seed=2845477618 time=0.273s reward=1.000000 train_r2=1.000000 test_r2=1.000000 complexity=11 evals=42067
       Livermore-3 run=17 seed=2845477618 time=0.442s reward=1.000000 train_r2=1.000000 test_r2=1.000000 complexity=11 evals=69041
      Livermore-10 run=13 seed=310923819 time=18.765s reward=0.996127 train_r2=0.999985 test_r2=0.999973 complexity=18 evals=2000001
      Livermore-14 run=13 seed=310923819 time=17.877s reward=1.000000 train_r2=1.000000 test_r2=1.000000 complexity=14 evals=1957090
       Livermore-9 run=13 seed=310923819 time=19.965s reward=0.987896 train_r2=0.999850 test_r2=0.999623 complexity=23 evals=2000001
       Livermore-2 run=13 seed=310923819 time=21.925s reward=1.000000 train_r2=1.000000 test_r2=1.000000 complexity=9 evals=1993250
       Livermore-5 run=17 seed=2845477618 time=0.817s reward=1.000000 train_r2=1.000000 test_r2=1.000000 complexity=15 evals=113642
      Livermore-16 run=16 seed=1949615811 time=4.081s reward=1.000000 train_r2=1.000000 test_r2=1.000000 complexity=3 evals=591779
      Livermore-11 run=17 seed=2845477618 time=0.256s reward=1.000000 train_r2=1.000000 test_r2=1.000000 complexity=12 evals=37186
      Livermore-13 run=17 seed=2845477618 time=0.080s reward=1.000000 train_r2=1.000000 test_r2=1.000000 complexity=3 evals=14421
      Livermore-12 run=17 seed=2845477618 time=0.347s reward=1.000000 train_r2=1.000000 test_r2=1.000000 complexity=7 evals=53172
      Livermore-12 run=15 seed=354449225 time=10.530s reward=1.000000 train_r2=1.000000 test_r2=1.000000 complexity=7 evals=1001889
      Livermore-15 run=17 seed=2845477618 time=0.543s reward=1.000000 train_r2=1.000000 test_r2=1.000000 complexity=3 evals=91013
       Livermore-5 run=15 seed=354449225 time=12.599s reward=1.000000 train_r2=1.000000 test_r2=1.000000 complexity=15 evals=1380238
       Livermore-1 run=17 seed=2845477618 time=3.465s reward=1.000000 train_r2=1.000000 test_r2=1.000000 complexity=7 evals=80511
      Livermore-14 run=17 seed=2845477618 time=1.002s reward=1.000000 train_r2=1.000000 test_r2=1.000000 complexity=14 evals=132267
      Livermore-20 run=17 seed=2845477618 time=0.032s reward=1.000000 train_r2=1.000000 test_r2=1.000000 complexity=6 evals=5970
      Livermore-19 run=17 seed=2845477618 time=0.391s reward=1.000000 train_r2=1.000000 test_r2=1.000000 complexity=12 evals=57651
      Livermore-17 run=17 seed=2845477618 time=0.714s reward=1.000000 train_r2=1.000000 test_r2=1.000000 complexity=6 evals=113712
      Livermore-22 run=17 seed=2845477618 time=0.206s reward=1.000000 train_r2=1.000000 test_r2=1.000000 complexity=6 evals=34490
       Livermore-2 run=18 seed=3334804072 time=0.408s reward=1.000000 train_r2=1.000000 test_r2=1.000000 complexity=9 evals=57498
      Livermore-18 run=13 seed=310923819 time=19.788s reward=0.937918 train_r2=0.995619 test_r2=0.997289 complexity=21 evals=2000007
       Livermore-4 run=18 seed=3334804072 time=0.177s reward=1.000000 train_r2=1.000000 test_r2=1.000000 complexity=13 evals=29808
       Livermore-7 run=14 seed=1777581980 time=18.414s reward=0.999891 train_r2=1.000000 test_r2=1.000000 complexity=8 evals=2000006
       Livermore-3 run=18 seed=3334804072 time=1.119s reward=1.000000 train_r2=1.000000 test_r2=1.000000 complexity=11 evals=139616
       Livermore-8 run=14 seed=1777581980 time=18.904s reward=0.999955 train_r2=1.000000 test_r2=1.000000 complexity=14 evals=2000002
       Livermore-9 run=14 seed=1777581980 time=18.811s reward=0.989149 train_r2=0.999880 test_r2=0.999847 complexity=32 evals=2000003
       Livermore-1 run=18 seed=3334804072 time=3.035s reward=1.000000 train_r2=1.000000 test_r2=1.000000 complexity=7 evals=74908
       Livermore-6 run=14 seed=1777581980 time=20.437s reward=0.989485 train_r2=0.999887 test_r2=0.998639 complexity=27 evals=2000001
      Livermore-11 run=14 seed=1777581980 time=19.190s reward=0.999981 train_r2=1.000000 test_r2=1.000000 complexity=12 evals=2000006
      Livermore-11 run=18 seed=3334804072 time=0.391s reward=0.999999 train_r2=1.000000 test_r2=1.000000 complexity=12 evals=54940
      Livermore-13 run=18 seed=3334804072 time=0.135s reward=1.000000 train_r2=1.000000 test_r2=1.000000 complexity=3 evals=23587
       Livermore-8 run=17 seed=2845477618 time=6.169s reward=1.000000 train_r2=1.000000 test_r2=1.000000 complexity=2 evals=772563
      Livermore-15 run=18 seed=3334804072 time=0.410s reward=1.000000 train_r2=1.000000 test_r2=1.000000 complexity=3 evals=68273
       Livermore-6 run=18 seed=3334804072 time=2.978s reward=1.000000 train_r2=1.000000 test_r2=1.000000 complexity=17 evals=337556
      Livermore-17 run=14 seed=1777581980 time=19.752s reward=0.989322 train_r2=0.999883 test_r2=0.999835 complexity=24 evals=2000000
      Livermore-12 run=18 seed=3334804072 time=1.458s reward=1.000000 train_r2=1.000000 test_r2=1.000000 complexity=7 evals=179318
      Livermore-10 run=18 seed=3334804072 time=2.038s reward=1.000000 train_r2=1.000000 test_r2=1.000000 complexity=6 evals=268450
      Livermore-20 run=18 seed=3334804072 time=0.030s reward=1.000000 train_r2=1.000000 test_r2=1.000000 complexity=6 evals=5799
      Livermore-19 run=18 seed=3334804072 time=0.367s reward=1.000000 train_r2=1.000000 test_r2=1.000000 complexity=11 evals=57401
       Livermore-8 run=15 seed=354449225 time=17.954s reward=0.999960 train_r2=1.000000 test_r2=1.000000 complexity=14 evals=2000000
      Livermore-22 run=16 seed=1949615811 time=9.529s reward=1.000000 train_r2=1.000000 test_r2=1.000000 complexity=6 evals=1058917
      Livermore-22 run=18 seed=3334804072 time=0.253s reward=1.000000 train_r2=1.000000 test_r2=1.000000 complexity=6 evals=43424
      Livermore-18 run=14 seed=1777581980 time=20.180s reward=0.968853 train_r2=0.998966 test_r2=0.998362 complexity=25 evals=2000008
      Livermore-21 run=14 seed=1777581980 time=20.256s reward=0.994570 train_r2=0.999970 test_r2=0.999644 complexity=25 evals=2000004
       Livermore-4 run=19 seed=3003924095 time=0.291s reward=1.000000 train_r2=1.000000 test_r2=1.000000 complexity=13 evals=48714
       Livermore-8 run=16 seed=1949615811 time=14.542s reward=1.000000 train_r2=1.000000 test_r2=1.000000 complexity=2 evals=1618497
      Livermore-14 run=18 seed=3334804072 time=2.416s reward=1.000000 train_r2=1.000000 test_r2=1.000000 complexity=14 evals=286923
       Livermore-3 run=19 seed=3003924095 time=0.512s reward=1.000000 train_r2=1.000000 test_r2=1.000000 complexity=11 evals=78000
       Livermore-5 run=19 seed=3003924095 time=1.205s reward=1.000000 train_r2=1.000000 test_r2=1.000000 complexity=14 evals=165215
      Livermore-17 run=15 seed=354449225 time=18.193s reward=1.000000 train_r2=1.000000 test_r2=1.000000 complexity=6 evals=1866031
       Livermore-9 run=15 seed=354449225 time=20.136s reward=0.992435 train_r2=0.999942 test_r2=0.998885 complexity=17 evals=2000002
      Livermore-10 run=15 seed=354449225 time=20.143s reward=0.996823 train_r2=0.999990 test_r2=0.999968 complexity=20 evals=2000004
      Livermore-16 run=17 seed=2845477618 time=8.687s reward=1.000000 train_r2=1.000000 test_r2=1.000000 complexity=3 evals=999082
       Livermore-6 run=19 seed=3003924095 time=1.657s reward=1.000000 train_r2=1.000000 test_r2=1.000000 complexity=17 evals=211868
      Livermore-13 run=19 seed=3003924095 time=0.212s reward=1.000000 train_r2=1.000000 test_r2=1.000000 complexity=3 evals=34709
      Livermore-18 run=18 seed=3334804072 time=2.957s reward=0.999999 train_r2=1.000000 test_r2=1.000000 complexity=9 evals=337385
       Livermore-6 run=15 seed=354449225 time=20.637s reward=0.991497 train_r2=0.999926 test_r2=0.999971 complexity=34 evals=2000003
      Livermore-15 run=19 seed=3003924095 time=0.592s reward=1.000000 train_r2=1.000000 test_r2=1.000000 complexity=3 evals=95736
      Livermore-16 run=19 seed=3003924095 time=0.449s reward=1.000000 train_r2=1.000000 test_r2=1.000000 complexity=5 evals=69323
      Livermore-20 run=19 seed=3003924095 time=0.037s reward=1.000000 train_r2=1.000000 test_r2=1.000000 complexity=6 evals=7226
       Livermore-2 run=19 seed=3003924095 time=2.983s reward=1.000000 train_r2=1.000000 test_r2=1.000000 complexity=9 evals=331664
       Livermore-1 run=19 seed=3003924095 time=3.130s reward=1.000000 train_r2=1.000000 test_r2=1.000000 complexity=7 evals=72410
      Livermore-17 run=19 seed=3003924095 time=0.686s reward=1.000000 train_r2=1.000000 test_r2=1.000000 complexity=6 evals=96632
      Livermore-19 run=19 seed=3003924095 time=0.318s reward=1.000000 train_r2=1.000000 test_r2=1.000000 complexity=10 evals=52265
      Livermore-22 run=19 seed=3003924095 time=0.383s reward=1.000000 train_r2=1.000000 test_r2=1.000000 complexity=6 evals=62036
       Livermore-5 run=18 seed=3334804072 time=8.300s reward=1.000000 train_r2=1.000000 test_r2=1.000000 complexity=14 evals=944565
      Livermore-21 run=15 seed=354449225 time=18.911s reward=0.991028 train_r2=0.999918 test_r2=0.995769 complexity=18 evals=2000001
       Livermore-4 run=20 seed=938757074 time=0.459s reward=1.000000 train_r2=1.000000 test_r2=1.000000 complexity=11 evals=66171
      Livermore-18 run=15 seed=354449225 time=19.639s reward=0.994237 train_r2=0.999966 test_r2=0.999979 complexity=18 evals=2000003
       Livermore-2 run=20 seed=938757074 time=1.245s reward=1.000000 train_r2=1.000000 test_r2=1.000000 complexity=9 evals=165483
       Livermore-3 run=20 seed=938757074 time=1.219s reward=1.000000 train_r2=1.000000 test_r2=1.000000 complexity=11 evals=168789
       Livermore-5 run=20 seed=938757074 time=0.936s reward=1.000000 train_r2=1.000000 test_r2=1.000000 complexity=15 evals=134494
       Livermore-7 run=16 seed=1949615811 time=18.998s reward=0.999893 train_r2=1.000000 test_r2=1.000000 complexity=8 evals=2000001
      Livermore-11 run=20 seed=938757074 time=0.280s reward=0.999999 train_r2=1.000000 test_r2=1.000000 complexity=12 evals=44172
      Livermore-13 run=20 seed=938757074 time=0.114s reward=1.000000 train_r2=1.000000 test_r2=1.000000 complexity=3 evals=20831
      Livermore-16 run=18 seed=3334804072 time=6.330s reward=1.000000 train_r2=1.000000 test_r2=1.000000 complexity=3 evals=792218
       Livermore-6 run=16 seed=1949615811 time=19.656s reward=1.000000 train_r2=1.000000 test_r2=1.000000 complexity=17 evals=1913278
       Livermore-1 run=20 seed=938757074 time=2.661s reward=1.000000 train_r2=1.000000 test_r2=1.000000 complexity=7 evals=63333
      Livermore-14 run=20 seed=938757074 time=1.455s reward=1.000000 train_r2=1.000000 test_r2=1.000000 complexity=14 evals=196576
      Livermore-16 run=20 seed=938757074 time=1.056s reward=1.000000 train_r2=1.000000 test_r2=1.000000 complexity=3 evals=145188
      Livermore-21 run=18 seed=3334804072 time=7.087s reward=1.000000 train_r2=1.000000 test_r2=1.000000 complexity=20 evals=853611
      Livermore-20 run=20 seed=938757074 time=0.017s reward=1.000000 train_r2=1.000000 test_r2=1.000000 complexity=6 evals=3418
       Livermore-9 run=16 seed=1949615811 time=20.473s reward=0.996220 train_r2=0.999986 test_r2=0.999908 complexity=24 evals=2000004
      Livermore-19 run=20 seed=938757074 time=0.506s reward=1.000000 train_r2=1.000000 test_r2=1.000000 complexity=12 evals=69522
      Livermore-22 run=20 seed=938757074 time=0.719s reward=1.000000 train_r2=1.000000 test_r2=1.000000 complexity=6 evals=102618
       Livermore-2 run=21 seed=3434952867 time=0.106s reward=1.000000 train_r2=1.000000 test_r2=1.000000 complexity=9 evals=17531
      Livermore-21 run=20 seed=938757074 time=1.276s reward=1.000000 train_r2=1.000000 test_r2=1.000000 complexity=17 evals=181645
       Livermore-4 run=21 seed=3434952867 time=0.179s reward=1.000000 train_r2=1.000000 test_r2=1.000000 complexity=13 evals=31361
       Livermore-3 run=21 seed=3434952867 time=0.835s reward=1.000000 train_r2=1.000000 test_r2=1.000000 complexity=11 evals=108895
      Livermore-12 run=19 seed=3003924095 time=6.796s reward=1.000000 train_r2=1.000000 test_r2=1.000000 complexity=7 evals=668583
       Livermore-7 run=17 seed=2845477618 time=17.234s reward=0.999824 train_r2=1.000000 test_r2=1.000000 complexity=8 evals=2000002
       Livermore-1 run=21 seed=3434952867 time=2.206s reward=1.000000 train_r2=1.000000 test_r2=1.000000 complexity=7 evals=53680
       Livermore-5 run=21 seed=3434952867 time=0.969s reward=1.000000 train_r2=1.000000 test_r2=1.000000 complexity=14 evals=151979
      Livermore-17 run=18 seed=3334804072 time=10.553s reward=1.000000 train_r2=1.000000 test_r2=1.000000 complexity=6 evals=1115234
      Livermore-11 run=21 seed=3434952867 time=0.154s reward=0.999999 train_r2=1.000000 test_r2=1.000000 complexity=12 evals=25047
      Livermore-11 run=19 seed=3003924095 time=7.929s reward=1.000000 train_r2=1.000000 test_r2=1.000000 complexity=12 evals=702531
       Livermore-6 run=17 seed=2845477618 time=17.975s reward=0.992194 train_r2=0.999938 test_r2=0.999978 complexity=23 evals=2000000
      Livermore-13 run=21 seed=3434952867 time=0.177s reward=1.000000 train_r2=1.000000 test_r2=1.000000 complexity=3 evals=29348
      Livermore-21 run=19 seed=3003924095 time=7.347s reward=1.000000 train_r2=1.000000 test_r2=1.000000 complexity=17 evals=772629
      Livermore-10 run=21 seed=3434952867 time=1.389s reward=1.000000 train_r2=1.000000 test_r2=1.000000 complexity=6 evals=203177
      Livermore-14 run=21 seed=3434952867 time=0.935s reward=1.000000 train_r2=1.000000 test_r2=1.000000 complexity=14 evals=140326
      Livermore-12 run=20 seed=938757074 time=6.284s reward=1.000000 train_r2=1.000000 test_r2=1.000000 complexity=7 evals=727159
      Livermore-15 run=21 seed=3434952867 time=1.292s reward=1.000000 train_r2=1.000000 test_r2=1.000000 complexity=5 evals=177062
      Livermore-20 run=21 seed=3434952867 time=0.059s reward=1.000000 train_r2=1.000000 test_r2=1.000000 complexity=6 evals=10314
      Livermore-19 run=21 seed=3434952867 time=0.402s reward=1.000000 train_r2=1.000000 test_r2=1.000000 complexity=10 evals=60716
      Livermore-22 run=21 seed=3434952867 time=0.159s reward=1.000000 train_r2=1.000000 test_r2=1.000000 complexity=6 evals=27360
      Livermore-18 run=16 seed=1949615811 time=21.845s reward=0.926141 train_r2=0.993640 test_r2=0.990687 complexity=38 evals=2000002
       Livermore-9 run=17 seed=2845477618 time=19.941s reward=0.990387 train_r2=0.999906 test_r2=0.999914 complexity=19 evals=2000002
      Livermore-16 run=21 seed=3434952867 time=2.536s reward=1.000000 train_r2=1.000000 test_r2=1.000000 complexity=5 evals=330122
       Livermore-4 run=22 seed=2073228580 time=0.121s reward=1.000000 train_r2=1.000000 test_r2=1.000000 complexity=11 evals=19386
      Livermore-17 run=21 seed=3434952867 time=2.156s reward=1.000000 train_r2=1.000000 test_r2=1.000000 complexity=6 evals=310398
      Livermore-12 run=21 seed=3434952867 time=3.697s reward=1.000000 train_r2=1.000000 test_r2=1.000000 complexity=7 evals=410128
      Livermore-10 run=17 seed=2845477618 time=21.502s reward=0.996471 train_r2=0.999987 test_r2=0.999986 complexity=15 evals=2000003
       Livermore-5 run=22 seed=2073228580 time=1.359s reward=1.000000 train_r2=1.000000 test_r2=1.000000 complexity=14 evals=179470
      Livermore-21 run=17 seed=2845477618 time=20.479s reward=0.988015 train_r2=0.999853 test_r2=0.999902 complexity=25 evals=2000000
       Livermore-8 run=18 seed=3334804072 time=18.410s reward=0.999939 train_r2=1.000000 test_r2=1.000000 complexity=14 evals=2000004
       Livermore-3 run=22 seed=2073228580 time=2.646s reward=1.000000 train_r2=1.000000 test_r2=1.000000 complexity=11 evals=312268
       Livermore-1 run=22 seed=2073228580 time=3.328s reward=1.000000 train_r2=1.000000 test_r2=1.000000 complexity=7 evals=82570
       Livermore-7 run=18 seed=3334804072 time=18.900s reward=0.999827 train_r2=1.000000 test_r2=1.000000 complexity=8 evals=2000000
      Livermore-11 run=22 seed=2073228580 time=0.231s reward=0.999999 train_r2=1.000000 test_r2=1.000000 complexity=12 evals=35730
      Livermore-14 run=22 seed=2073228580 time=0.487s reward=1.000000 train_r2=1.000000 test_r2=1.000000 complexity=14 evals=68502
      Livermore-15 run=22 seed=2073228580 time=0.483s reward=1.000000 train_r2=1.000000 test_r2=1.000000 complexity=3 evals=72961
       Livermore-9 run=18 seed=3334804072 time=18.927s reward=0.993859 train_r2=0.999962 test_r2=0.999864 complexity=25 evals=2000006
      Livermore-18 run=17 seed=2845477618 time=22.597s reward=0.973019 train_r2=0.999231 test_r2=0.999109 complexity=24 evals=2000001
      Livermore-16 run=22 seed=2073228580 time=1.576s reward=1.000000 train_r2=1.000000 test_r2=1.000000 complexity=3 evals=213400
      Livermore-20 run=22 seed=2073228580 time=0.011s reward=1.000000 train_r2=1.000000 test_r2=1.000000 complexity=6 evals=2133
      Livermore-19 run=22 seed=2073228580 time=0.433s reward=1.000000 train_r2=1.000000 test_r2=1.000000 complexity=12 evals=62855
      Livermore-13 run=22 seed=2073228580 time=2.505s reward=1.000000 train_r2=1.000000 test_r2=1.000000 complexity=3 evals=325709
      Livermore-22 run=22 seed=2073228580 time=0.488s reward=1.000000 train_r2=1.000000 test_r2=1.000000 complexity=6 evals=74482
      Livermore-18 run=21 seed=3434952867 time=7.860s reward=0.999999 train_r2=1.000000 test_r2=1.000000 complexity=9 evals=872944
       Livermore-2 run=23 seed=1668493585 time=0.992s reward=1.000000 train_r2=1.000000 test_r2=1.000000 complexity=9 evals=126393
       Livermore-8 run=19 seed=3003924095 time=18.231s reward=0.999941 train_r2=1.000000 test_r2=1.000000 complexity=14 evals=2000004
       Livermore-4 run=23 seed=1668493585 time=0.135s reward=1.000000 train_r2=1.000000 test_r2=1.000000 complexity=11 evals=21762
       Livermore-3 run=23 seed=1668493585 time=0.503s reward=1.000000 train_r2=1.000000 test_r2=1.000000 complexity=11 evals=75689
      Livermore-12 run=22 seed=2073228580 time=4.484s reward=1.000000 train_r2=1.000000 test_r2=1.000000 complexity=7 evals=477196
       Livermore-7 run=19 seed=3003924095 time=18.815s reward=0.999821 train_r2=1.000000 test_r2=1.000000 complexity=8 evals=2000002
      Livermore-21 run=22 seed=2073228580 time=2.236s reward=1.000000 train_r2=1.000000 test_r2=1.000000 complexity=22 evals=270446
       Livermore-9 run=19 seed=3003924095 time=18.752s reward=0.986774 train_r2=0.999820 test_r2=0.996508 complexity=29 evals=2000002
      Livermore-17 run=20 seed=938757074 time=14.491s reward=1.000000 train_r2=1.000000 test_r2=1.000000 complexity=6 evals=1495482
      Livermore-12 run=23 seed=1668493585 time=0.058s reward=1.000000 train_r2=1.000000 test_r2=1.000000 complexity=7 evals=8345
      Livermore-10 run=23 seed=1668493585 time=0.925s reward=1.000000 train_r2=1.000000 test_r2=1.000000 complexity=6 evals=120063
       Livermore-1 run=23 seed=1668493585 time=2.972s reward=1.000000 train_r2=1.000000 test_r2=1.000000 complexity=7 evals=70499
      Livermore-10 run=19 seed=3003924095 time=19.372s reward=0.996724 train_r2=0.999989 test_r2=0.999996 complexity=15 evals=2000005
      Livermore-15 run=23 seed=1668493585 time=0.483s reward=1.000000 train_r2=1.000000 test_r2=1.000000 complexity=3 evals=72700
       Livermore-8 run=20 seed=938757074 time=17.282s reward=0.999947 train_r2=1.000000 test_r2=1.000000 complexity=14 evals=2000001
      Livermore-14 run=23 seed=1668493585 time=0.786s reward=1.000000 train_r2=1.000000 test_r2=1.000000 complexity=14 evals=101096
      Livermore-13 run=23 seed=1668493585 time=1.286s reward=1.000000 train_r2=1.000000 test_r2=1.000000 complexity=3 evals=177847
      Livermore-20 run=23 seed=1668493585 time=0.040s reward=1.000000 train_r2=1.000000 test_r2=1.000000 complexity=6 evals=7092
       Livermore-5 run=23 seed=1668493585 time=2.813s reward=1.000000 train_r2=1.000000 test_r2=1.000000 complexity=15 evals=336462
      Livermore-14 run=19 seed=3003924095 time=19.464s reward=0.997787 train_r2=0.999995 test_r2=0.999953 complexity=36 evals=2000000
      Livermore-19 run=23 seed=1668493585 time=0.539s reward=1.000000 train_r2=1.000000 test_r2=1.000000 complexity=10 evals=77162
      Livermore-22 run=23 seed=1668493585 time=0.106s reward=1.000000 train_r2=1.000000 test_r2=1.000000 complexity=6 evals=18690
       Livermore-7 run=20 seed=938757074 time=18.844s reward=0.999844 train_r2=1.000000 test_r2=1.000000 complexity=8 evals=2000003
       Livermore-4 run=24 seed=3850872759 time=0.144s reward=1.000000 train_r2=1.000000 test_r2=1.000000 complexity=11 evals=23465
       Livermore-5 run=24 seed=3850872759 time=0.338s reward=1.000000 train_r2=1.000000 test_r2=1.000000 complexity=14 evals=53380
      Livermore-18 run=23 seed=1668493585 time=2.410s reward=0.999999 train_r2=1.000000 test_r2=1.000000 complexity=9 evals=294377
       Livermore-6 run=20 seed=938757074 time=20.614s reward=0.995782 train_r2=0.999982 test_r2=0.999981 complexity=27 evals=2000002
      Livermore-10 run=20 seed=938757074 time=20.262s reward=0.984607 train_r2=0.999756 test_r2=0.999326 complexity=37 evals=2000000
       Livermore-9 run=20 seed=938757074 time=20.332s reward=0.991705 train_r2=0.999930 test_r2=0.999883 complexity=48 evals=2000004
       Livermore-3 run=24 seed=3850872759 time=3.386s reward=1.000000 train_r2=1.000000 test_r2=1.000000 complexity=11 evals=365229
      Livermore-15 run=20 seed=938757074 time=20.193s reward=0.975747 train_r2=0.999382 test_r2=0.973517 complexity=33 evals=2000009
      Livermore-12 run=24 seed=3850872759 time=0.132s reward=1.000000 train_r2=1.000000 test_r2=1.000000 complexity=7 evals=20928
      Livermore-18 run=19 seed=3003924095 time=22.891s reward=0.989675 train_r2=0.999891 test_r2=0.999857 complexity=38 evals=2000004
      Livermore-11 run=24 seed=3850872759 time=0.377s reward=1.000000 train_r2=1.000000 test_r2=1.000000 complexity=12 evals=51649
       Livermore-7 run=22 seed=2073228580 time=12.467s reward=1.000000 train_r2=1.000000 test_r2=1.000000 complexity=2 evals=1345462
       Livermore-8 run=21 seed=3434952867 time=16.579s reward=0.999965 train_r2=1.000000 test_r2=1.000000 complexity=14 evals=2000005
      Livermore-14 run=24 seed=3850872759 time=0.440s reward=1.000000 train_r2=1.000000 test_r2=1.000000 complexity=14 evals=64661
      Livermore-16 run=23 seed=1668493585 time=5.201s reward=1.000000 train_r2=1.000000 test_r2=1.000000 complexity=3 evals=643801
       Livermore-1 run=24 seed=3850872759 time=4.482s reward=1.000000 train_r2=1.000000 test_r2=1.000000 complexity=7 evals=107679
      Livermore-20 run=24 seed=3850872759 time=0.057s reward=1.000000 train_r2=1.000000 test_r2=1.000000 complexity=6 evals=10442
      Livermore-16 run=24 seed=3850872759 time=0.566s reward=1.000000 train_r2=1.000000 test_r2=1.000000 complexity=3 evals=88658
      Livermore-22 run=24 seed=3850872759 time=0.349s reward=1.000000 train_r2=1.000000 test_r2=1.000000 complexity=6 evals=55660
      Livermore-18 run=20 seed=938757074 time=20.401s reward=0.985762 train_r2=0.999791 test_r2=0.999828 complexity=24 evals=2000001
      Livermore-13 run=24 seed=3850872759 time=1.323s reward=1.000000 train_r2=1.000000 test_r2=1.000000 complexity=3 evals=203993
      Livermore-19 run=24 seed=3850872759 time=0.906s reward=1.000000 train_r2=1.000000 test_r2=1.000000 complexity=10 evals=123569
      Livermore-17 run=22 seed=2073228580 time=11.458s reward=1.000000 train_r2=1.000000 test_r2=1.000000 complexity=6 evals=1234057
       Livermore-3 run=25 seed=2537996840 time=0.582s reward=1.000000 train_r2=1.000000 test_r2=1.000000 complexity=11 evals=90451
       Livermore-4 run=25 seed=2537996840 time=0.467s reward=1.000000 train_r2=1.000000 test_r2=1.000000 complexity=11 evals=68076
       Livermore-1 run=25 seed=2537996840 time=1.172s reward=1.000000 train_r2=1.000000 test_r2=1.000000 complexity=7 evals=29635
       Livermore-7 run=21 seed=3434952867 time=19.001s reward=0.999953 train_r2=1.000000 test_r2=1.000000 complexity=30 evals=2000002
      Livermore-15 run=24 seed=3850872759 time=2.538s reward=1.000000 train_r2=1.000000 test_r2=1.000000 complexity=3 evals=311458
       Livermore-5 run=25 seed=2537996840 time=1.239s reward=1.000000 train_r2=1.000000 test_r2=1.000000 complexity=14 evals=158824
       Livermore-6 run=21 seed=3434952867 time=20.511s reward=0.993951 train_r2=0.999963 test_r2=0.999563 complexity=29 evals=2000003
       Livermore-2 run=25 seed=2537996840 time=2.426s reward=1.000000 train_r2=1.000000 test_r2=1.000000 complexity=9 evals=295114
       Livermore-9 run=21 seed=3434952867 time=20.405s reward=0.991338 train_r2=0.999924 test_r2=0.999148 complexity=25 evals=2000002
      Livermore-12 run=25 seed=2537996840 time=0.787s reward=1.000000 train_r2=1.000000 test_r2=1.000000 complexity=7 evals=104735
      Livermore-13 run=25 seed=2537996840 time=0.874s reward=1.000000 train_r2=1.000000 test_r2=1.000000 complexity=3 evals=133804
      Livermore-15 run=25 seed=2537996840 time=0.338s reward=1.000000 train_r2=1.000000 test_r2=1.000000 complexity=3 evals=50398
      Livermore-11 run=25 seed=2537996840 time=2.039s reward=1.000000 train_r2=1.000000 test_r2=1.000000 complexity=12 evals=236016
      Livermore-17 run=24 seed=3850872759 time=4.699s reward=1.000000 train_r2=1.000000 test_r2=1.000000 complexity=6 evals=595235
      Livermore-14 run=25 seed=2537996840 time=0.779s reward=1.000000 train_r2=1.000000 test_r2=1.000000 complexity=14 evals=105375
      Livermore-20 run=25 seed=2537996840 time=0.019s reward=1.000000 train_r2=1.000000 test_r2=1.000000 complexity=6 evals=3618
       Livermore-6 run=22 seed=2073228580 time=17.762s reward=0.989491 train_r2=0.999887 test_r2=0.999834 complexity=23 evals=2000006
      Livermore-18 run=25 seed=2537996840 time=0.478s reward=0.999999 train_r2=1.000000 test_r2=1.000000 complexity=9 evals=66257
      Livermore-19 run=25 seed=2537996840 time=0.463s reward=1.000000 train_r2=1.000000 test_r2=1.000000 complexity=12 evals=71242
       Livermore-2 run=26 seed=3995401709 time=0.305s reward=1.000000 train_r2=1.000000 test_r2=1.000000 complexity=9 evals=47016
      Livermore-21 run=21 seed=3434952867 time=20.159s reward=0.997131 train_r2=0.999992 test_r2=0.999997 complexity=26 evals=2000004
       Livermore-4 run=26 seed=3995401709 time=0.475s reward=1.000000 train_r2=1.000000 test_r2=1.000000 complexity=11 evals=69843
      Livermore-16 run=25 seed=2537996840 time=2.341s reward=1.000000 train_r2=1.000000 test_r2=1.000000 complexity=3 evals=334342
      Livermore-21 run=23 seed=1668493585 time=10.980s reward=1.000000 train_r2=1.000000 test_r2=1.000000 complexity=17 evals=1133264
       Livermore-3 run=26 seed=3995401709 time=1.296s reward=1.000000 train_r2=1.000000 test_r2=1.000000 complexity=11 evals=174880
       Livermore-5 run=26 seed=3995401709 time=0.594s reward=1.000000 train_r2=1.000000 test_r2=1.000000 complexity=14 evals=85901
       Livermore-2 run=22 seed=2073228580 time=20.985s reward=0.997476 train_r2=0.999994 test_r2=0.999993 complexity=37 evals=2000008
       Livermore-8 run=22 seed=2073228580 time=18.992s reward=0.999940 train_r2=1.000000 test_r2=1.000000 complexity=14 evals=2000002
       Livermore-2 run=24 seed=3850872759 time=11.509s reward=1.000000 train_r2=1.000000 test_r2=1.000000 complexity=9 evals=1084114
      Livermore-11 run=26 seed=3995401709 time=0.337s reward=0.999999 train_r2=1.000000 test_r2=1.000000 complexity=12 evals=50325
       Livermore-1 run=26 seed=3995401709 time=2.581s reward=1.000000 train_r2=1.000000 test_r2=1.000000 complexity=7 evals=62113
      Livermore-14 run=26 seed=3995401709 time=0.195s reward=1.000000 train_r2=1.000000 test_r2=1.000000 complexity=14 evals=29747
      Livermore-12 run=26 seed=3995401709 time=0.584s reward=1.000000 train_r2=1.000000 test_r2=1.000000 complexity=7 evals=74085
       Livermore-8 run=25 seed=2537996840 time=5.996s reward=1.000000 train_r2=1.000000 test_r2=1.000000 complexity=2 evals=707657
      Livermore-15 run=26 seed=3995401709 time=0.242s reward=1.000000 train_r2=1.000000 test_r2=1.000000 complexity=3 evals=37728
       Livermore-9 run=22 seed=2073228580 time=19.725s reward=0.989983 train_r2=0.999898 test_r2=0.999904 complexity=41 evals=2000003
      Livermore-19 run=26 seed=3995401709 time=0.241s reward=1.000000 train_r2=1.000000 test_r2=1.000000 complexity=12 evals=37335
      Livermore-20 run=26 seed=3995401709 time=0.001s reward=1.000000 train_r2=1.000000 test_r2=1.000000 complexity=6 evals=184
      Livermore-13 run=26 seed=3995401709 time=1.538s reward=1.000000 train_r2=1.000000 test_r2=1.000000 complexity=3 evals=212353
      Livermore-10 run=22 seed=2073228580 time=20.433s reward=0.995878 train_r2=0.999983 test_r2=0.999931 complexity=23 evals=2000001
      Livermore-22 run=25 seed=2537996840 time=4.632s reward=1.000000 train_r2=1.000000 test_r2=1.000000 complexity=6 evals=619193
      Livermore-10 run=26 seed=3995401709 time=2.609s reward=1.000000 train_r2=1.000000 test_r2=1.000000 complexity=6 evals=308059
      Livermore-21 run=26 seed=3995401709 time=1.455s reward=1.000000 train_r2=1.000000 test_r2=1.000000 complexity=16 evals=185042
       Livermore-4 run=27 seed=3994838759 time=0.117s reward=1.000000 train_r2=1.000000 test_r2=1.000000 complexity=11 evals=19263
       Livermore-3 run=27 seed=3994838759 time=0.536s reward=1.000000 train_r2=1.000000 test_r2=1.000000 complexity=11 evals=74872
      Livermore-18 run=26 seed=3995401709 time=2.274s reward=0.999999 train_r2=1.000000 test_r2=1.000000 complexity=9 evals=250783
      Livermore-18 run=22 seed=2073228580 time=20.405s reward=0.967571 train_r2=0.998877 test_r2=0.998355 complexity=17 evals=2000005
       Livermore-2 run=27 seed=3994838759 time=1.142s reward=1.000000 train_r2=1.000000 test_r2=1.000000 complexity=9 evals=154901
       Livermore-5 run=27 seed=3994838759 time=0.443s reward=1.000000 train_r2=1.000000 test_r2=1.000000 complexity=14 evals=65653
       Livermore-1 run=27 seed=3994838759 time=1.728s reward=1.000000 train_r2=1.000000 test_r2=1.000000 complexity=7 evals=42844
       Livermore-7 run=23 seed=1668493585 time=17.842s reward=0.999820 train_r2=1.000000 test_r2=1.000000 complexity=8 evals=2000002
      Livermore-11 run=23 seed=1668493585 time=17.776s reward=0.999923 train_r2=1.000000 test_r2=1.000000 complexity=12 evals=2000000
       Livermore-8 run=23 seed=1668493585 time=18.137s reward=0.999945 train_r2=1.000000 test_r2=1.000000 complexity=14 evals=2000006
      Livermore-12 run=27 seed=3994838759 time=1.358s reward=0.999999 train_r2=1.000000 test_r2=1.000000 complexity=19 evals=183348
      Livermore-15 run=27 seed=3994838759 time=0.388s reward=1.000000 train_r2=1.000000 test_r2=1.000000 complexity=3 evals=65371
      Livermore-17 run=26 seed=3995401709 time=5.088s reward=1.000000 train_r2=1.000000 test_r2=1.000000 complexity=6 evals=598779
       Livermore-6 run=23 seed=1668493585 time=20.079s reward=0.993680 train_r2=0.999960 test_r2=0.999969 complexity=23 evals=2000002
      Livermore-16 run=27 seed=3994838759 time=0.612s reward=1.000000 train_r2=1.000000 test_r2=1.000000 complexity=3 evals=102601
       Livermore-9 run=23 seed=1668493585 time=19.938s reward=0.993142 train_r2=0.999952 test_r2=0.999779 complexity=33 evals=2000000
      Livermore-20 run=27 seed=3994838759 time=0.043s reward=1.000000 train_r2=1.000000 test_r2=1.000000 complexity=6 evals=7533
      Livermore-19 run=27 seed=3994838759 time=0.227s reward=1.000000 train_r2=1.000000 test_r2=1.000000 complexity=10 evals=37748
       Livermore-7 run=24 seed=3850872759 time=17.209s reward=0.999890 train_r2=1.000000 test_r2=1.000000 complexity=8 evals=2000002
      Livermore-17 run=23 seed=1668493585 time=19.632s reward=0.994707 train_r2=0.999972 test_r2=0.999954 complexity=44 evals=2000004
      Livermore-17 run=27 seed=3994838759 time=2.432s reward=1.000000 train_r2=1.000000 test_r2=1.000000 complexity=6 evals=282595
       Livermore-3 run=28 seed=861316294 time=0.623s reward=1.000000 train_r2=1.000000 test_r2=1.000000 complexity=11 evals=87413
       Livermore-8 run=24 seed=3850872759 time=17.828s reward=0.999959 train_r2=1.000000 test_r2=1.000000 complexity=14 evals=2000003
      Livermore-22 run=27 seed=3994838759 time=2.496s reward=1.000000 train_r2=1.000000 test_r2=1.000000 complexity=6 evals=361156
       Livermore-4 run=28 seed=861316294 time=0.348s reward=1.000000 train_r2=1.000000 test_r2=1.000000 complexity=11 evals=51973
      Livermore-18 run=27 seed=3994838759 time=3.460s reward=0.999999 train_r2=1.000000 test_r2=1.000000 complexity=9 evals=396407
       Livermore-5 run=28 seed=861316294 time=0.436s reward=1.000000 train_r2=1.000000 test_r2=1.000000 complexity=14 evals=70928
       Livermore-9 run=24 seed=3850872759 time=18.061s reward=0.991131 train_r2=0.999920 test_r2=0.944568 complexity=30 evals=2000004
      Livermore-22 run=26 seed=3995401709 time=9.005s reward=1.000000 train_r2=1.000000 test_r2=1.000000 complexity=6 evals=1018674
       Livermore-1 run=28 seed=861316294 time=3.254s reward=1.000000 train_r2=1.000000 test_r2=1.000000 complexity=7 evals=77944
       Livermore-6 run=24 seed=3850872759 time=21.331s reward=0.995346 train_r2=0.999978 test_r2=0.989089 complexity=25 evals=2000006
       Livermore-2 run=28 seed=861316294 time=4.139s reward=1.000000 train_r2=1.000000 test_r2=1.000000 complexity=9 evals=440904
      Livermore-10 run=24 seed=3850872759 time=20.274s reward=0.992698 train_r2=0.999946 test_r2=0.999914 complexity=37 evals=2000000
      Livermore-14 run=28 seed=861316294 time=0.537s reward=1.000000 train_r2=1.000000 test_r2=1.000000 complexity=14 evals=76932
      Livermore-15 run=28 seed=861316294 time=0.335s reward=1.000000 train_r2=1.000000 test_r2=1.000000 complexity=3 evals=52772
      Livermore-21 run=24 seed=3850872759 time=19.587s reward=1.000000 train_r2=1.000000 test_r2=1.000000 complexity=15 evals=1918783
      Livermore-13 run=27 seed=3994838759 time=8.811s reward=1.000000 train_r2=1.000000 test_r2=1.000000 complexity=3 evals=1040029
      Livermore-12 run=28 seed=861316294 time=1.989s reward=1.000000 train_r2=1.000000 test_r2=1.000000 complexity=7 evals=266793
      Livermore-20 run=28 seed=861316294 time=0.006s reward=1.000000 train_r2=1.000000 test_r2=1.000000 complexity=6 evals=1286
      Livermore-17 run=25 seed=2537996840 time=15.777s reward=1.000000 train_r2=1.000000 test_r2=1.000000 complexity=6 evals=1670833
      Livermore-19 run=28 seed=861316294 time=0.110s reward=1.000000 train_r2=1.000000 test_r2=1.000000 complexity=10 evals=19636
      Livermore-14 run=27 seed=3994838759 time=8.663s reward=1.000000 train_r2=1.000000 test_r2=1.000000 complexity=14 evals=933785
       Livermore-7 run=25 seed=2537996840 time=18.928s reward=0.999936 train_r2=1.000000 test_r2=1.000000 complexity=19 evals=2000000
       Livermore-6 run=25 seed=2537996840 time=18.937s reward=0.993386 train_r2=0.999956 test_r2=0.999876 complexity=28 evals=2000007
       Livermore-4 run=29 seed=2169555080 time=0.279s reward=1.000000 train_r2=1.000000 test_r2=1.000000 complexity=11 evals=45886
       Livermore-2 run=29 seed=2169555080 time=0.769s reward=1.000000 train_r2=1.000000 test_r2=1.000000 complexity=9 evals=99785
       Livermore-3 run=29 seed=2169555080 time=0.910s reward=1.000000 train_r2=1.000000 test_r2=1.000000 complexity=11 evals=121439
       Livermore-5 run=29 seed=2169555080 time=0.726s reward=1.000000 train_r2=1.000000 test_r2=1.000000 complexity=14 evals=109654
      Livermore-22 run=28 seed=861316294 time=1.821s reward=1.000000 train_r2=1.000000 test_r2=1.000000 complexity=6 evals=242120
       Livermore-1 run=29 seed=2169555080 time=1.787s reward=1.000000 train_r2=1.000000 test_r2=1.000000 complexity=7 evals=43666
       Livermore-9 run=25 seed=2537996840 time=20.117s reward=0.990582 train_r2=0.999910 test_r2=0.999522 complexity=28 evals=2000007
      Livermore-11 run=29 seed=2169555080 time=0.113s reward=1.000000 train_r2=1.000000 test_r2=1.000000 complexity=12 evals=17666
      Livermore-12 run=29 seed=2169555080 time=0.262s reward=1.000000 train_r2=1.000000 test_r2=1.000000 complexity=7 evals=31311
      Livermore-13 run=29 seed=2169555080 time=0.294s reward=1.000000 train_r2=1.000000 test_r2=1.000000 complexity=3 evals=46313
       Livermore-6 run=29 seed=2169555080 time=1.896s reward=1.000000 train_r2=1.000000 test_r2=1.000000 complexity=18 evals=224053
      Livermore-18 run=24 seed=3850872759 time=22.949s reward=0.963921 train_r2=0.998599 test_r2=0.996486 complexity=32 evals=2000010
      Livermore-10 run=25 seed=2537996840 time=20.809s reward=0.976040 train_r2=0.999397 test_r2=0.997688 complexity=31 evals=2000010
      Livermore-13 run=28 seed=861316294 time=4.711s reward=1.000000 train_r2=1.000000 test_r2=1.000000 complexity=3 evals=577645
      Livermore-16 run=26 seed=3995401709 time=15.507s reward=1.000000 train_r2=1.000000 test_r2=1.000000 complexity=3 evals=1768466
      Livermore-19 run=29 seed=2169555080 time=0.359s reward=1.000000 train_r2=1.000000 test_r2=1.000000 complexity=10 evals=51607
      Livermore-16 run=29 seed=2169555080 time=0.512s reward=1.000000 train_r2=1.000000 test_r2=1.000000 complexity=3 evals=77812
      Livermore-20 run=29 seed=2169555080 time=0.105s reward=1.000000 train_r2=1.000000 test_r2=1.000000 complexity=6 evals=18418
       Livermore-8 run=26 seed=3995401709 time=17.394s reward=0.999933 train_r2=1.000000 test_r2=1.000000 complexity=14 evals=2000002
      Livermore-14 run=29 seed=2169555080 time=1.376s reward=1.000000 train_r2=1.000000 test_r2=1.000000 complexity=14 evals=178172
      Livermore-22 run=29 seed=2169555080 time=0.575s reward=1.000000 train_r2=1.000000 test_r2=1.000000 complexity=6 evals=84776
      Livermore-21 run=25 seed=2537996840 time=20.209s reward=0.992092 train_r2=0.999936 test_r2=0.999855 complexity=21 evals=2000003
      Livermore-15 run=29 seed=2169555080 time=2.029s reward=1.000000 train_r2=1.000000 test_r2=1.000000 complexity=3 evals=274871
       Livermore-4 run=30 seed=758553822 time=0.584s reward=1.000000 train_r2=1.000000 test_r2=1.000000 complexity=12 evals=81022
       Livermore-7 run=26 seed=3995401709 time=19.119s reward=0.999798 train_r2=1.000000 test_r2=1.000000 complexity=8 evals=2000005
       Livermore-3 run=30 seed=758553822 time=1.460s reward=1.000000 train_r2=1.000000 test_r2=1.000000 complexity=11 evals=171243
      Livermore-16 run=28 seed=861316294 time=6.323s reward=1.000000 train_r2=1.000000 test_r2=1.000000 complexity=3 evals=804606
       Livermore-1 run=30 seed=758553822 time=1.983s reward=1.000000 train_r2=1.000000 test_r2=1.000000 complexity=7 evals=49175
      Livermore-10 run=27 seed=3994838759 time=15.521s reward=1.000000 train_r2=1.000000 test_r2=1.000000 complexity=6 evals=1601640
       Livermore-6 run=26 seed=3995401709 time=19.597s reward=0.991910 train_r2=0.999933 test_r2=0.999066 complexity=37 evals=2000004
      Livermore-11 run=30 seed=758553822 time=0.099s reward=0.999999 train_r2=1.000000 test_r2=1.000000 complexity=12 evals=15537
      Livermore-13 run=30 seed=758553822 time=0.147s reward=1.000000 train_r2=1.000000 test_r2=1.000000 complexity=3 evals=25569
      Livermore-17 run=29 seed=2169555080 time=3.288s reward=1.000000 train_r2=1.000000 test_r2=1.000000 complexity=6 evals=375567
       Livermore-9 run=26 seed=3995401709 time=19.979s reward=0.994863 train_r2=0.999973 test_r2=0.997686 complexity=23 evals=2000001
      Livermore-21 run=27 seed=3994838759 time=13.292s reward=1.000000 train_r2=1.000000 test_r2=1.000000 complexity=22 evals=1398171
      Livermore-15 run=30 seed=758553822 time=0.351s reward=1.000000 train_r2=1.000000 test_r2=1.000000 complexity=3 evals=54608
      Livermore-17 run=30 seed=758553822 time=0.481s reward=1.000000 train_r2=1.000000 test_r2=1.000000 complexity=6 evals=72100
       Livermore-8 run=27 seed=3994838759 time=16.906s reward=0.999944 train_r2=1.000000 test_r2=1.000000 complexity=14 evals=2000000
      Livermore-20 run=30 seed=758553822 time=0.028s reward=1.000000 train_r2=1.000000 test_r2=1.000000 complexity=6 evals=5362
      Livermore-16 run=30 seed=758553822 time=0.786s reward=1.000000 train_r2=1.000000 test_r2=1.000000 complexity=5 evals=119640
      Livermore-19 run=30 seed=758553822 time=0.171s reward=1.000000 train_r2=1.000000 test_r2=1.000000 complexity=10 evals=27811
      Livermore-22 run=30 seed=758553822 time=0.179s reward=1.000000 train_r2=1.000000 test_r2=1.000000 complexity=6 evals=30711
      Livermore-14 run=30 seed=758553822 time=1.504s reward=1.000000 train_r2=1.000000 test_r2=1.000000 complexity=14 evals=190628
      Livermore-12 run=30 seed=758553822 time=1.751s reward=1.000000 train_r2=1.000000 test_r2=1.000000 complexity=7 evals=206634
       Livermore-4 run=31 seed=1393567789 time=0.330s reward=1.000000 train_r2=1.000000 test_r2=1.000000 complexity=13 evals=54014
       Livermore-3 run=31 seed=1393567789 time=0.797s reward=1.000000 train_r2=1.000000 test_r2=1.000000 complexity=11 evals=105538
       Livermore-6 run=27 seed=3994838759 time=18.639s reward=1.000000 train_r2=1.000000 test_r2=1.000000 complexity=17 evals=1834497
       Livermore-9 run=27 seed=3994838759 time=18.535s reward=0.992920 train_r2=0.999949 test_r2=0.999390 complexity=27 evals=2000006
       Livermore-7 run=27 seed=3994838759 time=19.025s reward=0.999765 train_r2=1.000000 test_r2=1.000000 complexity=22 evals=2000001
      Livermore-10 run=30 seed=758553822 time=3.628s reward=1.000000 train_r2=1.000000 test_r2=1.000000 complexity=6 evals=431131
       Livermore-5 run=31 seed=1393567789 time=1.355s reward=1.000000 train_r2=1.000000 test_r2=1.000000 complexity=14 evals=189649
       Livermore-2 run=31 seed=1393567789 time=2.451s reward=1.000000 train_r2=1.000000 test_r2=1.000000 complexity=9 evals=284230
       Livermore-8 run=30 seed=758553822 time=4.399s reward=1.000000 train_r2=1.000000 test_r2=1.000000 complexity=2 evals=512907
      Livermore-11 run=31 seed=1393567789 time=0.717s reward=1.000000 train_r2=1.000000 test_r2=1.000000 complexity=12 evals=100823
      Livermore-13 run=31 seed=1393567789 time=0.142s reward=1.000000 train_r2=1.000000 test_r2=1.000000 complexity=3 evals=24330
      Livermore-11 run=27 seed=3994838759 time=19.498s reward=0.999984 train_r2=1.000000 test_r2=1.000000 complexity=12 evals=2000004
      Livermore-10 run=31 seed=1393567789 time=1.412s reward=1.000000 train_r2=1.000000 test_r2=1.000000 complexity=6 evals=200662
      Livermore-15 run=31 seed=1393567789 time=1.065s reward=1.000000 train_r2=1.000000 test_r2=1.000000 complexity=3 evals=154176
       Livermore-1 run=31 seed=1393567789 time=4.004s reward=1.000000 train_r2=1.000000 test_r2=1.000000 complexity=7 evals=91958
      Livermore-12 run=31 seed=1393567789 time=1.519s reward=1.000000 train_r2=1.000000 test_r2=1.000000 complexity=7 evals=176352
      Livermore-20 run=31 seed=1393567789 time=0.034s reward=1.000000 train_r2=1.000000 test_r2=1.000000 complexity=6 evals=6264
      Livermore-19 run=31 seed=1393567789 time=0.396s reward=1.000000 train_r2=1.000000 test_r2=1.000000 complexity=10 evals=59855
      Livermore-22 run=31 seed=1393567789 time=0.353s reward=1.000000 train_r2=1.000000 test_r2=1.000000 complexity=6 evals=55037
      Livermore-17 run=31 seed=1393567789 time=1.374s reward=1.000000 train_r2=1.000000 test_r2=1.000000 complexity=6 evals=191913
       Livermore-2 run=30 seed=758553822 time=8.205s reward=1.000000 train_r2=1.000000 test_r2=1.000000 complexity=9 evals=856040
       Livermore-2 run=32 seed=540967856 time=0.294s reward=1.000000 train_r2=1.000000 test_r2=1.000000 complexity=9 evals=46150
      Livermore-16 run=31 seed=1393567789 time=2.036s reward=1.000000 train_r2=1.000000 test_r2=1.000000 complexity=3 evals=275331
       Livermore-4 run=32 seed=540967856 time=0.178s reward=1.000000 train_r2=1.000000 test_r2=1.000000 complexity=11 evals=30782
       Livermore-5 run=32 seed=540967856 time=0.504s reward=1.000000 train_r2=1.000000 test_r2=1.000000 complexity=14 evals=73285
       Livermore-5 run=30 seed=758553822 time=8.421s reward=1.000000 train_r2=1.000000 test_r2=1.000000 complexity=14 evals=989897
       Livermore-3 run=32 seed=540967856 time=1.179s reward=1.000000 train_r2=1.000000 test_r2=1.000000 complexity=11 evals=151868
       Livermore-6 run=28 seed=861316294 time=17.946s reward=0.995072 train_r2=0.999975 test_r2=0.999972 complexity=24 evals=2000002
      Livermore-10 run=29 seed=2169555080 time=12.856s reward=1.000000 train_r2=1.000000 test_r2=1.000000 complexity=6 evals=1368962
      Livermore-11 run=32 seed=540967856 time=0.137s reward=1.000000 train_r2=1.000000 test_r2=1.000000 complexity=12 evals=22608
       Livermore-7 run=28 seed=861316294 time=18.510s reward=0.999806 train_r2=1.000000 test_r2=1.000000 complexity=22 evals=2000004
       Livermore-8 run=28 seed=861316294 time=18.421s reward=0.999953 train_r2=1.000000 test_r2=1.000000 complexity=14 evals=2000003
      Livermore-14 run=31 seed=1393567789 time=4.679s reward=1.000000 train_r2=1.000000 test_r2=1.000000 complexity=14 evals=560401
      Livermore-13 run=32 seed=540967856 time=0.213s reward=1.000000 train_r2=1.000000 test_r2=1.000000 complexity=3 evals=36223
      Livermore-15 run=32 seed=540967856 time=0.225s reward=1.000000 train_r2=1.000000 test_r2=1.000000 complexity=3 evals=39073
       Livermore-1 run=32 seed=540967856 time=3.315s reward=1.000000 train_r2=1.000000 test_r2=1.000000 complexity=7 evals=79094
      Livermore-10 run=28 seed=861316294 time=19.194s reward=0.995715 train_r2=0.999981 test_r2=0.999993 complexity=15 evals=2000001
      Livermore-19 run=32 seed=540967856 time=0.156s reward=1.000000 train_r2=1.000000 test_r2=1.000000 complexity=12 evals=27336
       Livermore-9 run=28 seed=861316294 time=19.474s reward=0.996521 train_r2=0.999988 test_r2=0.999895 complexity=33 evals=2000001
      Livermore-20 run=32 seed=540967856 time=0.020s reward=1.000000 train_r2=1.000000 test_r2=1.000000 complexity=6 evals=3977
      Livermore-11 run=28 seed=861316294 time=18.346s reward=0.999951 train_r2=1.000000 test_r2=1.000000 complexity=12 evals=2000004
      Livermore-22 run=32 seed=540967856 time=0.997s reward=1.000000 train_r2=1.000000 test_r2=1.000000 complexity=6 evals=147079
      Livermore-14 run=32 seed=540967856 time=2.274s reward=1.000000 train_r2=1.000000 test_r2=1.000000 complexity=14 evals=279659
      Livermore-16 run=32 seed=540967856 time=2.572s reward=1.000000 train_r2=1.000000 test_r2=1.000000 complexity=3 evals=348016
       Livermore-4 run=33 seed=902677639 time=0.235s reward=1.000000 train_r2=1.000000 test_r2=1.000000 complexity=13 evals=36572
      Livermore-21 run=28 seed=861316294 time=18.486s reward=0.994604 train_r2=0.999971 test_r2=0.999708 complexity=26 evals=2000002
       Livermore-9 run=32 seed=540967856 time=4.942s reward=1.000000 train_r2=1.000000 test_r2=1.000000 complexity=24 evals=540701
      Livermore-12 run=32 seed=540967856 time=3.716s reward=1.000000 train_r2=1.000000 test_r2=1.000000 complexity=7 evals=424695
       Livermore-8 run=29 seed=2169555080 time=17.464s reward=0.999938 train_r2=1.000000 test_r2=1.000000 complexity=14 evals=2000006
       Livermore-3 run=33 seed=902677639 time=1.901s reward=1.000000 train_r2=1.000000 test_r2=1.000000 complexity=11 evals=230449
       Livermore-5 run=33 seed=902677639 time=1.360s reward=1.000000 train_r2=1.000000 test_r2=1.000000 complexity=16 evals=177765
      Livermore-11 run=33 seed=902677639 time=0.045s reward=1.000000 train_r2=1.000000 test_r2=1.000000 complexity=12 evals=8034
       Livermore-1 run=33 seed=902677639 time=2.890s reward=1.000000 train_r2=1.000000 test_r2=1.000000 complexity=7 evals=69259
      Livermore-12 run=33 seed=902677639 time=0.210s reward=1.000000 train_r2=1.000000 test_r2=1.000000 complexity=7 evals=28899
       Livermore-7 run=29 seed=2169555080 time=18.458s reward=0.999704 train_r2=1.000000 test_r2=0.999998 complexity=31 evals=2000002
      Livermore-13 run=33 seed=902677639 time=0.367s reward=1.000000 train_r2=1.000000 test_r2=1.000000 complexity=3 evals=57765
      Livermore-17 run=28 seed=861316294 time=20.253s reward=0.996188 train_r2=0.999985 test_r2=0.999996 complexity=28 evals=2000004
      Livermore-15 run=33 seed=902677639 time=0.392s reward=1.000000 train_r2=1.000000 test_r2=1.000000 complexity=3 evals=60268
       Livermore-8 run=32 seed=540967856 time=6.763s reward=1.000000 train_r2=1.000000 test_r2=1.000000 complexity=2 evals=805135
      Livermore-16 run=33 seed=902677639 time=0.839s reward=1.000000 train_r2=1.000000 test_r2=1.000000 complexity=3 evals=121363
      Livermore-19 run=33 seed=902677639 time=0.462s reward=1.000000 train_r2=1.000000 test_r2=1.000000 complexity=10 evals=66296
      Livermore-20 run=33 seed=902677639 time=0.025s reward=1.000000 train_r2=1.000000 test_r2=1.000000 complexity=6 evals=4902
      Livermore-14 run=33 seed=902677639 time=1.216s reward=1.000000 train_r2=1.000000 test_r2=1.000000 complexity=14 evals=157301
      Livermore-22 run=33 seed=902677639 time=0.129s reward=1.000000 train_r2=1.000000 test_r2=1.000000 complexity=6 evals=22542
      Livermore-21 run=32 seed=540967856 time=5.031s reward=1.000000 train_r2=1.000000 test_r2=1.000000 complexity=16 evals=595113
      Livermore-17 run=33 seed=902677639 time=1.445s reward=1.000000 train_r2=1.000000 test_r2=1.000000 complexity=6 evals=194669
       Livermore-4 run=34 seed=2191321948 time=0.154s reward=1.000000 train_r2=1.000000 test_r2=1.000000 complexity=11 evals=26228
      Livermore-18 run=28 seed=861316294 time=21.787s reward=0.990270 train_r2=0.999903 test_r2=0.999901 complexity=41 evals=2000003
      Livermore-17 run=32 seed=540967856 time=6.844s reward=1.000000 train_r2=1.000000 test_r2=1.000000 complexity=6 evals=793983
       Livermore-9 run=29 seed=2169555080 time=20.333s reward=0.995537 train_r2=0.999980 test_r2=0.998440 complexity=17 evals=2000001
      Livermore-21 run=29 seed=2169555080 time=19.319s reward=0.997273 train_r2=0.999993 test_r2=0.999470 complexity=17 evals=2000002
       Livermore-5 run=34 seed=2191321948 time=1.421s reward=1.000000 train_r2=1.000000 test_r2=1.000000 complexity=14 evals=189220
       Livermore-3 run=34 seed=2191321948 time=2.157s reward=1.000000 train_r2=1.000000 test_r2=1.000000 complexity=11 evals=269776
       Livermore-1 run=34 seed=2191321948 time=2.927s reward=1.000000 train_r2=1.000000 test_r2=1.000000 complexity=7 evals=69480
       Livermore-2 run=33 seed=902677639 time=7.124s reward=1.000000 train_r2=1.000000 test_r2=1.000000 complexity=9 evals=802827
      Livermore-13 run=34 seed=2191321948 time=0.100s reward=1.000000 train_r2=1.000000 test_r2=1.000000 complexity=3 evals=18450
       Livermore-7 run=30 seed=758553822 time=19.090s reward=0.999795 train_r2=1.000000 test_r2=1.000000 complexity=8 evals=2000000
      Livermore-10 run=34 seed=2191321948 time=1.586s reward=1.000000 train_r2=1.000000 test_r2=1.000000 complexity=6 evals=200287
      Livermore-15 run=34 seed=2191321948 time=0.634s reward=1.000000 train_r2=1.000000 test_r2=1.000000 complexity=3 evals=91071
      Livermore-16 run=34 seed=2191321948 time=0.654s reward=1.000000 train_r2=1.000000 test_r2=1.000000 complexity=5 evals=98516
      Livermore-14 run=34 seed=2191321948 time=0.998s reward=1.000000 train_r2=1.000000 test_r2=1.000000 complexity=14 evals=146046
       Livermore-8 run=31 seed=1393567789 time=16.437s reward=0.999935 train_r2=1.000000 test_r2=1.000000 complexity=14 evals=2000014
      Livermore-20 run=34 seed=2191321948 time=0.027s reward=1.000000 train_r2=1.000000 test_r2=1.000000 complexity=6 evals=4999
      Livermore-19 run=34 seed=2191321948 time=0.200s reward=1.000000 train_r2=1.000000 test_r2=1.000000 complexity=10 evals=34372
      Livermore-18 run=29 seed=2169555080 time=22.518s reward=0.990209 train_r2=0.999902 test_r2=0.999862 complexity=32 evals=2000002
       Livermore-6 run=30 seed=758553822 time=20.490s reward=0.993791 train_r2=0.999961 test_r2=0.999948 complexity=33 evals=2000002
       Livermore-9 run=30 seed=758553822 time=20.252s reward=0.990020 train_r2=0.999898 test_r2=0.999782 complexity=17 evals=2000000
      Livermore-22 run=34 seed=2191321948 time=0.357s reward=1.000000 train_r2=1.000000 test_r2=1.000000 complexity=6 evals=60355
      Livermore-21 run=30 seed=758553822 time=18.860s reward=0.995564 train_r2=0.999980 test_r2=0.999976 complexity=20 evals=2000004
       Livermore-4 run=35 seed=1851676975 time=0.327s reward=1.000000 train_r2=1.000000 test_r2=1.000000 complexity=11 evals=53482
       Livermore-2 run=35 seed=1851676975 time=0.711s reward=1.000000 train_r2=1.000000 test_r2=1.000000 complexity=9 evals=94728
       Livermore-3 run=35 seed=1851676975 time=0.997s reward=1.000000 train_r2=1.000000 test_r2=1.000000 complexity=11 evals=128984
       Livermore-7 run=31 seed=1393567789 time=19.217s reward=0.999816 train_r2=1.000000 test_r2=1.000000 complexity=8 evals=2000005
       Livermore-1 run=35 seed=1851676975 time=2.733s reward=1.000000 train_r2=1.000000 test_r2=1.000000 complexity=7 evals=65441
      Livermore-18 run=30 seed=758553822 time=21.709s reward=0.961742 train_r2=0.998418 test_r2=0.998282 complexity=37 evals=2000000
      Livermore-11 run=35 seed=1851676975 time=0.275s reward=0.999999 train_r2=1.000000 test_r2=1.000000 complexity=12 evals=40450
      Livermore-12 run=35 seed=1851676975 time=0.166s reward=1.000000 train_r2=1.000000 test_r2=1.000000 complexity=7 evals=22541
      Livermore-13 run=35 seed=1851676975 time=0.245s reward=1.000000 train_r2=1.000000 test_r2=1.000000 complexity=3 evals=39093
       Livermore-9 run=31 seed=1393567789 time=20.307s reward=0.993730 train_r2=0.999960 test_r2=0.999963 complexity=27 evals=2000006
       Livermore-6 run=31 seed=1393567789 time=20.867s reward=0.990530 train_r2=0.999909 test_r2=0.999954 complexity=39 evals=2000001
       Livermore-5 run=35 seed=1851676975 time=3.924s reward=1.000000 train_r2=1.000000 test_r2=1.000000 complexity=15 evals=486636
      Livermore-16 run=35 seed=1851676975 time=0.958s reward=1.000000 train_r2=1.000000 test_r2=1.000000 complexity=3 evals=135819
      Livermore-15 run=35 seed=1851676975 time=1.569s reward=1.000000 train_r2=1.000000 test_r2=1.000000 complexity=3 evals=209414
      Livermore-19 run=35 seed=1851676975 time=0.537s reward=1.000000 train_r2=1.000000 test_r2=1.000000 complexity=12 evals=76372
      Livermore-12 run=34 seed=2191321948 time=7.640s reward=1.000000 train_r2=1.000000 test_r2=0.665834 complexity=29 evals=842747
      Livermore-20 run=35 seed=1851676975 time=0.033s reward=1.000000 train_r2=1.000000 test_r2=1.000000 complexity=6 evals=6180
      Livermore-22 run=35 seed=1851676975 time=0.363s reward=1.000000 train_r2=1.000000 test_r2=1.000000 complexity=6 evals=56139
      Livermore-21 run=31 seed=1393567789 time=20.472s reward=0.998191 train_r2=0.999997 test_r2=0.999996 complexity=34 evals=2000001
       Livermore-6 run=32 seed=540967856 time=19.448s reward=0.991742 train_r2=0.999931 test_r2=0.999820 complexity=26 evals=2000005
       Livermore-7 run=32 seed=540967856 time=19.135s reward=0.999829 train_r2=1.000000 test_r2=1.000000 complexity=8 evals=2000004
       Livermore-4 run=36 seed=1139067352 time=0.151s reward=1.000000 train_r2=1.000000 test_r2=1.000000 complexity=11 evals=24104
      Livermore-17 run=35 seed=1851676975 time=2.523s reward=1.000000 train_r2=1.000000 test_r2=1.000000 complexity=6 evals=303643
       Livermore-2 run=36 seed=1139067352 time=0.526s reward=1.000000 train_r2=1.000000 test_r2=1.000000 complexity=9 evals=74725
      Livermore-18 run=31 seed=1393567789 time=21.076s reward=0.972646 train_r2=0.999209 test_r2=0.999488 complexity=55 evals=2000004
       Livermore-3 run=36 seed=1139067352 time=0.455s reward=1.000000 train_r2=1.000000 test_r2=1.000000 complexity=11 evals=69739
      Livermore-21 run=35 seed=1851676975 time=1.264s reward=1.000000 train_r2=1.000000 test_r2=1.000000 complexity=16 evals=159461
       Livermore-5 run=36 seed=1139067352 time=1.032s reward=1.000000 train_r2=1.000000 test_r2=1.000000 complexity=14 evals=143747
      Livermore-10 run=32 seed=540967856 time=19.757s reward=0.995215 train_r2=0.999977 test_r2=0.999952 complexity=18 evals=2000003
      Livermore-11 run=36 seed=1139067352 time=0.558s reward=0.999999 train_r2=1.000000 test_r2=1.000000 complexity=12 evals=77598
      Livermore-12 run=36 seed=1139067352 time=0.334s reward=1.000000 train_r2=1.000000 test_r2=1.000000 complexity=7 evals=51127
      Livermore-18 run=33 seed=902677639 time=14.036s reward=0.999999 train_r2=1.000000 test_r2=1.000000 complexity=9 evals=1331470
      Livermore-13 run=36 seed=1139067352 time=0.347s reward=1.000000 train_r2=1.000000 test_r2=1.000000 complexity=3 evals=55732
      Livermore-15 run=36 seed=1139067352 time=0.372s reward=1.000000 train_r2=1.000000 test_r2=1.000000 complexity=3 evals=59541
       Livermore-8 run=33 seed=902677639 time=17.720s reward=0.999947 train_r2=1.000000 test_r2=1.000000 complexity=14 evals=2000003
       Livermore-2 run=34 seed=2191321948 time=15.864s reward=1.000000 train_r2=1.000000 test_r2=1.000000 complexity=9 evals=1493121
      Livermore-14 run=35 seed=1851676975 time=7.237s reward=1.000000 train_r2=1.000000 test_r2=1.000000 complexity=14 evals=789758
      Livermore-20 run=36 seed=1139067352 time=0.023s reward=1.000000 train_r2=1.000000 test_r2=1.000000 complexity=6 evals=4313
       Livermore-1 run=36 seed=1139067352 time=4.764s reward=1.000000 train_r2=1.000000 test_r2=1.000000 complexity=7 evals=110766
      Livermore-18 run=32 seed=540967856 time=21.543s reward=0.977005 train_r2=0.999446 test_r2=0.999223 complexity=10 evals=2000004
       Livermore-6 run=33 seed=902677639 time=18.580s reward=0.993693 train_r2=0.999960 test_r2=0.999981 complexity=23 evals=2000003
       Livermore-7 run=33 seed=902677639 time=18.635s reward=0.999813 train_r2=1.000000 test_r2=1.000000 complexity=22 evals=2000003
       Livermore-9 run=33 seed=902677639 time=18.360s reward=0.993959 train_r2=0.999963 test_r2=0.999927 complexity=30 evals=2000007
      Livermore-19 run=36 seed=1139067352 time=0.804s reward=1.000000 train_r2=1.000000 test_r2=1.000000 complexity=10 evals=108939
       Livermore-4 run=37 seed=1305444561 time=0.306s reward=1.000000 train_r2=1.000000 test_r2=1.000000 complexity=13 evals=49200
      Livermore-22 run=36 seed=1139067352 time=0.749s reward=1.000000 train_r2=1.000000 test_r2=1.000000 complexity=6 evals=111354
       Livermore-3 run=37 seed=1305444561 time=0.709s reward=1.000000 train_r2=1.000000 test_r2=1.000000 complexity=11 evals=95932
       Livermore-2 run=37 seed=1305444561 time=1.466s reward=1.000000 train_r2=1.000000 test_r2=1.000000 complexity=9 evals=196546
       Livermore-7 run=37 seed=1305444561 time=1.020s reward=1.000000 train_r2=1.000000 test_r2=1.000000 complexity=2 evals=140854
       Livermore-7 run=34 seed=2191321948 time=17.883s reward=0.999988 train_r2=1.000000 test_r2=1.000000 complexity=23 evals=2000000
      Livermore-11 run=37 seed=1305444561 time=0.189s reward=1.000000 train_r2=1.000000 test_r2=1.000000 complexity=12 evals=29981
       Livermore-1 run=37 seed=1305444561 time=3.181s reward=1.000000 train_r2=1.000000 test_r2=1.000000 complexity=7 evals=73455
       Livermore-8 run=34 seed=2191321948 time=18.209s reward=0.999953 train_r2=1.000000 test_r2=1.000000 complexity=14 evals=2000004
      Livermore-13 run=37 seed=1305444561 time=0.117s reward=1.000000 train_r2=1.000000 test_r2=1.000000 complexity=3 evals=19616
      Livermore-14 run=36 seed=1139067352 time=6.233s reward=1.000000 train_r2=1.000000 test_r2=1.000000 complexity=14 evals=739468
      Livermore-12 run=37 seed=1305444561 time=0.423s reward=1.000000 train_r2=1.000000 test_r2=1.000000 complexity=7 evals=60978
      Livermore-21 run=33 seed=902677639 time=20.249s reward=0.987835 train_r2=0.999848 test_r2=0.999921 complexity=17 evals=2000007
      Livermore-10 run=37 seed=1305444561 time=2.456s reward=1.000000 train_r2=1.000000 test_r2=1.000000 complexity=6 evals=309726
      Livermore-15 run=37 seed=1305444561 time=1.031s reward=1.000000 train_r2=1.000000 test_r2=1.000000 complexity=3 evals=146185
      Livermore-20 run=37 seed=1305444561 time=0.031s reward=1.000000 train_r2=1.000000 test_r2=1.000000 complexity=6 evals=5652
      Livermore-16 run=37 seed=1305444561 time=1.065s reward=1.000000 train_r2=1.000000 test_r2=1.000000 complexity=5 evals=164050
      Livermore-14 run=37 seed=1305444561 time=1.300s reward=1.000000 train_r2=1.000000 test_r2=1.000000 complexity=14 evals=168750
      Livermore-19 run=37 seed=1305444561 time=0.364s reward=1.000000 train_r2=1.000000 test_r2=1.000000 complexity=12 evals=54754
      Livermore-10 run=33 seed=902677639 time=21.544s reward=0.982385 train_r2=0.999678 test_r2=0.999475 complexity=45 evals=2000003
      Livermore-22 run=37 seed=1305444561 time=0.298s reward=1.000000 train_r2=1.000000 test_r2=1.000000 complexity=6 evals=53310
      Livermore-17 run=36 seed=1139067352 time=7.357s reward=1.000000 train_r2=1.000000 test_r2=1.000000 complexity=6 evals=847408
       Livermore-4 run=38 seed=1869174399 time=0.249s reward=1.000000 train_r2=1.000000 test_r2=1.000000 complexity=11 evals=41583
       Livermore-6 run=34 seed=2191321948 time=20.513s reward=0.995778 train_r2=0.999982 test_r2=0.999940 complexity=30 evals=2000004
       Livermore-3 run=38 seed=1869174399 time=0.544s reward=1.000000 train_r2=1.000000 test_r2=1.000000 complexity=11 evals=79284
      Livermore-16 run=36 seed=1139067352 time=7.840s reward=1.000000 train_r2=1.000000 test_r2=1.000000 complexity=3 evals=937153
       Livermore-2 run=38 seed=1869174399 time=0.738s reward=1.000000 train_r2=1.000000 test_r2=1.000000 complexity=9 evals=94896
      Livermore-11 run=34 seed=2191321948 time=19.206s reward=0.999999 train_r2=1.000000 test_r2=1.000000 complexity=12 evals=2000004
      Livermore-11 run=38 seed=1869174399 time=0.190s reward=1.000000 train_r2=1.000000 test_r2=1.000000 complexity=12 evals=29978
      Livermore-12 run=38 seed=1869174399 time=0.207s reward=1.000000 train_r2=1.000000 test_r2=1.000000 complexity=7 evals=32220
       Livermore-5 run=38 seed=1869174399 time=1.241s reward=1.000000 train_r2=1.000000 test_r2=1.000000 complexity=14 evals=165438
       Livermore-9 run=34 seed=2191321948 time=20.257s reward=0.992990 train_r2=0.999950 test_r2=0.998702 complexity=28 evals=2000012
      Livermore-13 run=38 seed=1869174399 time=0.390s reward=1.000000 train_r2=1.000000 test_r2=1.000000 complexity=3 evals=64383
      Livermore-15 run=38 seed=1869174399 time=0.239s reward=1.000000 train_r2=1.000000 test_r2=1.000000 complexity=3 evals=38335
      Livermore-16 run=38 seed=1869174399 time=0.319s reward=1.000000 train_r2=1.000000 test_r2=1.000000 complexity=3 evals=52233
       Livermore-1 run=38 seed=1869174399 time=2.052s reward=1.000000 train_r2=1.000000 test_r2=1.000000 complexity=7 evals=48503
      Livermore-14 run=38 seed=1869174399 time=0.456s reward=1.000000 train_r2=1.000000 test_r2=1.000000 complexity=14 evals=67471
      Livermore-20 run=38 seed=1869174399 time=0.011s reward=1.000000 train_r2=1.000000 test_r2=1.000000 complexity=6 evals=2324
      Livermore-19 run=38 seed=1869174399 time=0.256s reward=1.000000 train_r2=1.000000 test_r2=1.000000 complexity=10 evals=38141
      Livermore-21 run=34 seed=2191321948 time=18.418s reward=0.991293 train_r2=0.999923 test_r2=0.998039 complexity=21 evals=2000006
      Livermore-22 run=38 seed=1869174399 time=0.455s reward=1.000000 train_r2=1.000000 test_r2=1.000000 complexity=6 evals=67395
      Livermore-10 run=35 seed=1851676975 time=16.022s reward=1.000000 train_r2=1.000000 test_r2=1.000000 complexity=6 evals=1647365
      Livermore-21 run=37 seed=1305444561 time=3.013s reward=1.000000 train_r2=1.000000 test_r2=1.000000 complexity=17 evals=361671
      Livermore-17 run=37 seed=1305444561 time=3.982s reward=1.000000 train_r2=1.000000 test_r2=1.000000 complexity=6 evals=471690
       Livermore-6 run=35 seed=1851676975 time=18.328s reward=0.990760 train_r2=0.999913 test_r2=0.999948 complexity=31 evals=2000001
       Livermore-5 run=39 seed=2928440539 time=0.270s reward=1.000000 train_r2=1.000000 test_r2=1.000000 complexity=14 evals=45473
       Livermore-4 run=39 seed=2928440539 time=0.319s reward=1.000000 train_r2=1.000000 test_r2=1.000000 complexity=11 evals=48444
       Livermore-3 run=39 seed=2928440539 time=0.475s reward=1.000000 train_r2=1.000000 test_r2=1.000000 complexity=11 evals=67759
       Livermore-9 run=37 seed=1305444561 time=7.060s reward=1.000000 train_r2=1.000000 test_r2=1.000000 complexity=23 evals=832727
       Livermore-7 run=35 seed=1851676975 time=19.123s reward=0.999986 train_r2=1.000000 test_r2=1.000000 complexity=23 evals=2000004
       Livermore-8 run=35 seed=1851676975 time=18.798s reward=0.999946 train_r2=1.000000 test_r2=1.000000 complexity=14 evals=2000004
       Livermore-1 run=39 seed=2928440539 time=2.032s reward=1.000000 train_r2=1.000000 test_r2=1.000000 complexity=7 evals=49264
      Livermore-12 run=39 seed=2928440539 time=0.303s reward=1.000000 train_r2=1.000000 test_r2=1.000000 complexity=7 evals=45983
      Livermore-13 run=39 seed=2928440539 time=0.288s reward=1.000000 train_r2=1.000000 test_r2=1.000000 complexity=3 evals=50726
      Livermore-14 run=39 seed=2928440539 time=0.330s reward=1.000000 train_r2=1.000000 test_r2=1.000000 complexity=14 evals=49270
       Livermore-5 run=37 seed=1305444561 time=9.018s reward=1.000000 train_r2=1.000000 test_r2=1.000000 complexity=14 evals=962318
      Livermore-15 run=39 seed=2928440539 time=0.393s reward=1.000000 train_r2=1.000000 test_r2=1.000000 complexity=3 evals=68039
      Livermore-18 run=34 seed=2191321948 time=22.012s reward=0.955508 train_r2=0.997832 test_r2=0.997950 complexity=18 evals=2000008
       Livermore-8 run=36 seed=1139067352 time=14.810s reward=1.000000 train_r2=1.000000 test_r2=1.000000 complexity=2 evals=1633335
      Livermore-19 run=39 seed=2928440539 time=0.244s reward=1.000000 train_r2=1.000000 test_r2=1.000000 complexity=10 evals=38424
      Livermore-20 run=39 seed=2928440539 time=0.165s reward=1.000000 train_r2=1.000000 test_r2=1.000000 complexity=6 evals=27353
      Livermore-17 run=34 seed=2191321948 time=22.453s reward=0.974837 train_r2=0.999334 test_r2=0.997153 complexity=40 evals=2000001
      Livermore-22 run=39 seed=2928440539 time=0.044s reward=1.000000 train_r2=1.000000 test_r2=1.000000 complexity=6 evals=7998
       Livermore-2 run=39 seed=2928440539 time=3.319s reward=1.000000 train_r2=1.000000 test_r2=1.000000 complexity=9 evals=340618
       Livermore-6 run=37 seed=1305444561 time=10.350s reward=1.000000 train_r2=1.000000 test_r2=1.000000 complexity=17 evals=1111115
       Livermore-8 run=38 seed=1869174399 time=5.649s reward=1.000000 train_r2=1.000000 test_r2=1.000000 complexity=2 evals=657590
       Livermore-4 run=40 seed=4027297405 time=0.137s reward=1.000000 train_r2=1.000000 test_r2=1.000000 complexity=13 evals=24413
       Livermore-3 run=40 seed=4027297405 time=0.855s reward=1.000000 train_r2=1.000000 test_r2=1.000000 complexity=11 evals=112247
       Livermore-9 run=35 seed=1851676975 time=20.856s reward=0.990175 train_r2=0.999902 test_r2=0.999904 complexity=29 evals=2000002
       Livermore-5 run=40 seed=4027297405 time=0.811s reward=1.000000 train_r2=1.000000 test_r2=1.000000 complexity=14 evals=118779
       Livermore-2 run=40 seed=4027297405 time=2.312s reward=1.000000 train_r2=1.000000 test_r2=1.000000 complexity=9 evals=278881
      Livermore-17 run=38 seed=1869174399 time=6.787s reward=1.000000 train_r2=1.000000 test_r2=1.000000 complexity=6 evals=714179
       Livermore-9 run=38 seed=1869174399 time=8.411s reward=1.000000 train_r2=1.000000 test_r2=1.000000 complexity=23 evals=909381
      Livermore-12 run=40 seed=4027297405 time=0.351s reward=1.000000 train_r2=1.000000 test_r2=1.000000 complexity=7 evals=48145
      Livermore-10 run=40 seed=4027297405 time=1.275s reward=1.000000 train_r2=1.000000 test_r2=1.000000 complexity=6 evals=159941
       Livermore-9 run=36 seed=1139067352 time=18.547s reward=0.996416 train_r2=0.999987 test_r2=0.999737 complexity=13 evals=2000005
      Livermore-13 run=40 seed=4027297405 time=0.262s reward=1.000000 train_r2=1.000000 test_r2=1.000000 complexity=3 evals=43333
      Livermore-10 run=36 seed=1139067352 time=18.866s reward=0.996701 train_r2=0.999989 test_r2=0.999988 complexity=27 evals=2000002
       Livermore-7 run=36 seed=1139067352 time=19.337s reward=0.999765 train_r2=1.000000 test_r2=1.000000 complexity=8 evals=2000004
       Livermore-6 run=36 seed=1139067352 time=19.270s reward=0.997333 train_r2=0.999993 test_r2=0.999985 complexity=39 evals=2000000
      Livermore-19 run=40 seed=4027297405 time=0.082s reward=1.000000 train_r2=1.000000 test_r2=1.000000 complexity=10 evals=15292
      Livermore-20 run=40 seed=4027297405 time=0.045s reward=1.000000 train_r2=1.000000 test_r2=1.000000 complexity=6 evals=8788
      Livermore-16 run=40 seed=4027297405 time=0.938s reward=1.000000 train_r2=1.000000 test_r2=1.000000 complexity=3 evals=128580
      Livermore-15 run=40 seed=4027297405 time=1.163s reward=1.000000 train_r2=1.000000 test_r2=1.000000 complexity=3 evals=185318
      Livermore-18 run=35 seed=1851676975 time=21.951s reward=0.990655 train_r2=0.999911 test_r2=0.999956 complexity=30 evals=2000003
       Livermore-1 run=40 seed=4027297405 time=5.079s reward=1.000000 train_r2=1.000000 test_r2=1.000000 complexity=7 evals=119440
      Livermore-22 run=40 seed=4027297405 time=0.475s reward=1.000000 train_r2=1.000000 test_r2=1.000000 complexity=6 evals=74974
      Livermore-14 run=40 seed=4027297405 time=1.714s reward=1.000000 train_r2=1.000000 test_r2=1.000000 complexity=14 evals=209918
       Livermore-4 run=41 seed=3926696696 time=0.292s reward=1.000000 train_r2=1.000000 test_r2=1.000000 complexity=13 evals=43973
       Livermore-3 run=41 seed=3926696696 time=0.473s reward=1.000000 train_r2=1.000000 test_r2=1.000000 complexity=11 evals=68234
       Livermore-5 run=41 seed=3926696696 time=0.818s reward=1.000000 train_r2=1.000000 test_r2=1.000000 complexity=15 evals=111324
      Livermore-17 run=40 seed=4027297405 time=3.482s reward=1.000000 train_r2=1.000000 test_r2=1.000000 complexity=6 evals=407222
       Livermore-1 run=41 seed=3926696696 time=3.592s reward=1.000000 train_r2=1.000000 test_r2=1.000000 complexity=7 evals=86905
      Livermore-10 run=41 seed=3926696696 time=0.394s reward=1.000000 train_r2=1.000000 test_r2=1.000000 complexity=6 evals=62621
      Livermore-18 run=36 seed=1139067352 time=20.376s reward=0.979687 train_r2=0.999570 test_r2=0.999870 complexity=27 evals=2000000
      Livermore-21 run=36 seed=1139067352 time=20.089s reward=0.995955 train_r2=0.999984 test_r2=0.998942 complexity=23 evals=2000003
       Livermore-8 run=37 seed=1305444561 time=19.408s reward=0.999929 train_r2=1.000000 test_r2=1.000000 complexity=14 evals=2000000
      Livermore-12 run=41 seed=3926696696 time=1.151s reward=1.000000 train_r2=1.000000 test_r2=1.000000 complexity=7 evals=155682
      Livermore-15 run=41 seed=3926696696 time=0.753s reward=1.000000 train_r2=1.000000 test_r2=1.000000 complexity=3 evals=114110
       Livermore-2 run=41 seed=3926696696 time=6.658s reward=1.000000 train_r2=1.000000 test_r2=1.000000 complexity=9 evals=660416
      Livermore-16 run=41 seed=3926696696 time=0.936s reward=1.000000 train_r2=1.000000 test_r2=1.000000 complexity=5 evals=140524
      Livermore-13 run=41 seed=3926696696 time=2.968s reward=1.000000 train_r2=1.000000 test_r2=1.000000 complexity=3 evals=362975
      Livermore-19 run=41 seed=3926696696 time=0.262s reward=1.000000 train_r2=1.000000 test_r2=1.000000 complexity=10 evals=39296
      Livermore-20 run=41 seed=3926696696 time=0.051s reward=1.000000 train_r2=1.000000 test_r2=1.000000 complexity=6 evals=9476
       Livermore-7 run=38 seed=1869174399 time=18.842s reward=0.999787 train_r2=1.000000 test_r2=1.000000 complexity=36 evals=2000002
       Livermore-6 run=38 seed=1869174399 time=19.078s reward=0.995214 train_r2=0.999977 test_r2=0.999973 complexity=30 evals=2000000
      Livermore-18 run=37 seed=1305444561 time=21.049s reward=0.965599 train_r2=0.998731 test_r2=0.998518 complexity=13 evals=2000001
       Livermore-7 run=41 seed=3926696696 time=9.008s reward=1.000000 train_r2=1.000000 test_r2=1.000000 complexity=2 evals=1005852
       Livermore-3 run=42 seed=3747793057 time=0.316s reward=1.000000 train_r2=1.000000 test_r2=1.000000 complexity=11 evals=46779
       Livermore-4 run=42 seed=3747793057 time=0.106s reward=1.000000 train_r2=1.000000 test_r2=1.000000 complexity=11 evals=17088
       Livermore-7 run=39 seed=2928440539 time=17.989s reward=0.999739 train_r2=1.000000 test_r2=1.000000 complexity=24 evals=2000004
       Livermore-5 run=42 seed=3747793057 time=0.352s reward=1.000000 train_r2=1.000000 test_r2=1.000000 complexity=14 evals=53237
      Livermore-22 run=41 seed=3926696696 time=2.192s reward=1.000000 train_r2=1.000000 test_r2=1.000000 complexity=6 evals=266856
      Livermore-10 run=38 seed=1869174399 time=21.144s reward=0.997063 train_r2=0.999991 test_r2=0.999989 complexity=14 evals=2000001
       Livermore-1 run=42 seed=3747793057 time=2.657s reward=1.000000 train_r2=1.000000 test_r2=1.000000 complexity=7 evals=63452
       Livermore-8 run=39 seed=2928440539 time=19.112s reward=0.999932 train_r2=1.000000 test_r2=1.000000 complexity=14 evals=2000002
       Livermore-6 run=39 seed=2928440539 time=19.449s reward=0.995059 train_r2=0.999975 test_r2=0.999980 complexity=27 evals=2000007
      Livermore-21 run=38 seed=1869174399 time=20.572s reward=0.990722 train_r2=0.999912 test_r2=0.999834 complexity=17 evals=2000004
      Livermore-13 run=42 seed=3747793057 time=0.348s reward=1.000000 train_r2=1.000000 test_r2=1.000000 complexity=3 evals=54623
      Livermore-18 run=38 seed=1869174399 time=21.045s reward=0.986382 train_r2=0.999809 test_r2=0.999812 complexity=25 evals=2000004
      Livermore-15 run=42 seed=3747793057 time=0.231s reward=1.000000 train_r2=1.000000 test_r2=1.000000 complexity=3 evals=39712
      Livermore-10 run=39 seed=2928440539 time=19.525s reward=0.993223 train_r2=0.999953 test_r2=0.999959 complexity=23 evals=2000000
      Livermore-10 run=42 seed=3747793057 time=1.454s reward=1.000000 train_r2=1.000000 test_r2=1.000000 complexity=6 evals=198698
      Livermore-17 run=41 seed=3926696696 time=6.185s reward=1.000000 train_r2=1.000000 test_r2=1.000000 complexity=6 evals=684803
       Livermore-9 run=39 seed=2928440539 time=20.462s reward=0.986908 train_r2=0.999824 test_r2=0.999799 complexity=31 evals=2000001
      Livermore-16 run=42 seed=3747793057 time=0.679s reward=1.000000 train_r2=1.000000 test_r2=1.000000 complexity=3 evals=106642
      Livermore-20 run=42 seed=3747793057 time=0.038s reward=1.000000 train_r2=1.000000 test_r2=1.000000 complexity=6 evals=6942
      Livermore-12 run=42 seed=3747793057 time=1.519s reward=1.000000 train_r2=1.000000 test_r2=1.000000 complexity=7 evals=195600
      Livermore-11 run=40 seed=4027297405 time=15.586s reward=1.000000 train_r2=1.000000 test_r2=1.000000 complexity=12 evals=1446573
      Livermore-17 run=42 seed=3747793057 time=0.753s reward=1.000000 train_r2=1.000000 test_r2=1.000000 complexity=6 evals=120905
      Livermore-19 run=42 seed=3747793057 time=0.525s reward=1.000000 train_r2=1.000000 test_r2=1.000000 complexity=12 evals=73558
      Livermore-11 run=39 seed=2928440539 time=20.432s reward=0.999998 train_r2=1.000000 test_r2=1.000000 complexity=12 evals=2000009
      Livermore-22 run=42 seed=3747793057 time=0.686s reward=1.000000 train_r2=1.000000 test_r2=1.000000 complexity=6 evals=102925
       Livermore-4 run=43 seed=837591013 time=0.343s reward=1.000000 train_r2=1.000000 test_r2=1.000000 complexity=11 evals=50147
      Livermore-16 run=39 seed=2928440539 time=19.885s reward=0.995994 train_r2=0.999984 test_r2=0.999979 complexity=30 evals=2000003
       Livermore-3 run=43 seed=837591013 time=0.568s reward=1.000000 train_r2=1.000000 test_r2=1.000000 complexity=11 evals=87221
       Livermore-5 run=43 seed=837591013 time=0.804s reward=1.000000 train_r2=1.000000 test_r2=1.000000 complexity=14 evals=112511
       Livermore-6 run=40 seed=4027297405 time=18.910s reward=0.986007 train_r2=0.999799 test_r2=0.999915 complexity=21 evals=2000005
      Livermore-17 run=39 seed=2928440539 time=20.117s reward=0.996740 train_r2=0.999989 test_r2=0.999984 complexity=39 evals=2000006
      Livermore-11 run=43 seed=837591013 time=0.051s reward=0.999999 train_r2=1.000000 test_r2=1.000000 complexity=12 evals=9042
      Livermore-13 run=43 seed=837591013 time=0.132s reward=1.000000 train_r2=1.000000 test_r2=1.000000 complexity=3 evals=24214
      Livermore-18 run=39 seed=2928440539 time=20.475s reward=0.947014 train_r2=0.996870 test_r2=0.996360 complexity=16 evals=2000001
       Livermore-8 run=40 seed=4027297405 time=18.675s reward=0.999933 train_r2=1.000000 test_r2=1.000000 complexity=14 evals=2000001
       Livermore-7 run=40 seed=4027297405 time=18.830s reward=0.999805 train_r2=1.000000 test_r2=1.000000 complexity=22 evals=2000002
      Livermore-15 run=43 seed=837591013 time=0.270s reward=1.000000 train_r2=1.000000 test_r2=1.000000 complexity=3 evals=44863
      Livermore-21 run=39 seed=2928440539 time=20.254s reward=0.993833 train_r2=0.999961 test_r2=0.999966 complexity=25 evals=2000009
      Livermore-19 run=43 seed=837591013 time=0.156s reward=1.000000 train_r2=1.000000 test_r2=1.000000 complexity=10 evals=25295
      Livermore-20 run=43 seed=837591013 time=0.017s reward=1.000000 train_r2=1.000000 test_r2=1.000000 complexity=6 evals=3191
       Livermore-9 run=40 seed=4027297405 time=19.345s reward=0.991346 train_r2=0.999924 test_r2=0.999891 complexity=34 evals=2000001
      Livermore-22 run=43 seed=837591013 time=0.380s reward=1.000000 train_r2=1.000000 test_r2=1.000000 complexity=6 evals=61600
      Livermore-12 run=43 seed=837591013 time=1.680s reward=1.000000 train_r2=1.000000 test_r2=1.000000 complexity=7 evals=200375
      Livermore-10 run=43 seed=837591013 time=2.370s reward=1.000000 train_r2=1.000000 test_r2=1.000000 complexity=6 evals=272988
       Livermore-1 run=43 seed=837591013 time=3.922s reward=1.000000 train_r2=1.000000 test_r2=1.000000 complexity=7 evals=94540
      Livermore-16 run=43 seed=837591013 time=2.619s reward=1.000000 train_r2=1.000000 test_r2=1.000000 complexity=3 evals=345668
       Livermore-1 run=44 seed=2366855942 time=1.423s reward=1.000000 train_r2=1.000000 test_r2=1.000000 complexity=7 evals=34720
       Livermore-3 run=44 seed=2366855942 time=0.937s reward=1.000000 train_r2=1.000000 test_r2=1.000000 complexity=11 evals=121643
       Livermore-8 run=41 seed=3926696696 time=16.337s reward=1.000000 train_r2=1.000000 test_r2=1.000000 complexity=2 evals=1801180
       Livermore-4 run=44 seed=2366855942 time=0.687s reward=1.000000 train_r2=1.000000 test_r2=1.000000 complexity=11 evals=102383
      Livermore-21 run=40 seed=4027297405 time=18.997s reward=0.992358 train_r2=0.999941 test_r2=0.999737 complexity=16 evals=2000002
       Livermore-2 run=44 seed=2366855942 time=3.301s reward=1.000000 train_r2=1.000000 test_r2=1.000000 complexity=9 evals=364011
      Livermore-11 run=44 seed=2366855942 time=0.315s reward=1.000000 train_r2=1.000000 test_r2=1.000000 complexity=12 evals=46110
      Livermore-21 run=41 seed=3926696696 time=12.804s reward=1.000000 train_r2=1.000000 test_r2=1.000000 complexity=19 evals=1321456
      Livermore-14 run=43 seed=837591013 time=5.989s reward=1.000000 train_r2=1.000000 test_r2=1.000000 complexity=14 evals=731004
      Livermore-13 run=44 seed=2366855942 time=0.167s reward=1.000000 train_r2=1.000000 test_r2=1.000000 complexity=3 evals=28208
      Livermore-12 run=44 seed=2366855942 time=1.131s reward=1.000000 train_r2=1.000000 test_r2=1.000000 complexity=7 evals=140444
      Livermore-18 run=40 seed=4027297405 time=21.763s reward=0.978055 train_r2=0.999497 test_r2=0.999729 complexity=22 evals=2000002
       Livermore-6 run=41 seed=3926696696 time=20.523s reward=0.991885 train_r2=0.999933 test_r2=0.999255 complexity=33 evals=2000002
      Livermore-14 run=44 seed=2366855942 time=0.651s reward=1.000000 train_r2=1.000000 test_r2=1.000000 complexity=14 evals=99970
      Livermore-19 run=44 seed=2366855942 time=0.149s reward=1.000000 train_r2=1.000000 test_r2=1.000000 complexity=10 evals=26360
      Livermore-20 run=44 seed=2366855942 time=0.082s reward=1.000000 train_r2=1.000000 test_r2=1.000000 complexity=6 evals=14850
       Livermore-9 run=41 seed=3926696696 time=19.541s reward=0.992541 train_r2=0.999944 test_r2=0.996834 complexity=17 evals=2000008
      Livermore-17 run=44 seed=2366855942 time=1.419s reward=1.000000 train_r2=1.000000 test_r2=1.000000 complexity=6 evals=182833
      Livermore-11 run=41 seed=3926696696 time=18.691s reward=0.999999 train_r2=1.000000 test_r2=1.000000 complexity=12 evals=2000002
      Livermore-22 run=44 seed=2366855942 time=0.470s reward=1.000000 train_r2=1.000000 test_r2=1.000000 complexity=6 evals=75043
       Livermore-2 run=43 seed=837591013 time=9.869s reward=1.000000 train_r2=1.000000 test_r2=1.000000 complexity=9 evals=967231
       Livermore-4 run=45 seed=3465266528 time=0.272s reward=1.000000 train_r2=1.000000 test_r2=1.000000 complexity=13 evals=42406
       Livermore-3 run=45 seed=3465266528 time=0.719s reward=1.000000 train_r2=1.000000 test_r2=1.000000 complexity=11 evals=98016
       Livermore-5 run=45 seed=3465266528 time=0.446s reward=1.000000 train_r2=1.000000 test_r2=1.000000 complexity=15 evals=68816
       Livermore-2 run=45 seed=3465266528 time=1.521s reward=1.000000 train_r2=1.000000 test_r2=1.000000 complexity=9 evals=207226
      Livermore-14 run=41 seed=3926696696 time=19.838s reward=0.998693 train_r2=0.999998 test_r2=0.999997 complexity=22 evals=2000000
       Livermore-5 run=44 seed=2366855942 time=7.171s reward=1.000000 train_r2=1.000000 test_r2=1.000000 complexity=15 evals=790930
       Livermore-1 run=45 seed=3465266528 time=3.273s reward=1.000000 train_r2=1.000000 test_r2=1.000000 complexity=7 evals=76946
      Livermore-11 run=45 seed=3465266528 time=0.118s reward=0.999999 train_r2=1.000000 test_r2=1.000000 complexity=12 evals=19357
      Livermore-10 run=44 seed=2366855942 time=7.362s reward=1.000000 train_r2=1.000000 test_r2=1.000000 complexity=6 evals=805944
      Livermore-13 run=45 seed=3465266528 time=0.183s reward=1.000000 train_r2=1.000000 test_r2=1.000000 complexity=3 evals=33012
      Livermore-12 run=45 seed=3465266528 time=0.236s reward=1.000000 train_r2=1.000000 test_r2=1.000000 complexity=7 evals=34559
      Livermore-21 run=44 seed=2366855942 time=4.848s reward=1.000000 train_r2=1.000000 test_r2=1.000000 complexity=19 evals=600826
      Livermore-16 run=45 seed=3465266528 time=0.095s reward=1.000000 train_r2=1.000000 test_r2=1.000000 complexity=3 evals=17359
      Livermore-15 run=45 seed=3465266528 time=0.308s reward=1.000000 train_r2=1.000000 test_r2=1.000000 complexity=3 evals=49400
      Livermore-14 run=45 seed=3465266528 time=0.570s reward=1.000000 train_r2=1.000000 test_r2=1.000000 complexity=14 evals=85520
      Livermore-19 run=45 seed=3465266528 time=0.579s reward=1.000000 train_r2=1.000000 test_r2=1.000000 complexity=10 evals=89666
      Livermore-20 run=45 seed=3465266528 time=0.015s reward=1.000000 train_r2=1.000000 test_r2=1.000000 complexity=6 evals=3072
      Livermore-18 run=41 seed=3926696696 time=21.523s reward=0.989017 train_r2=0.999877 test_r2=0.996553 complexity=34 evals=2000003
      Livermore-22 run=45 seed=3465266528 time=0.131s reward=1.000000 train_r2=1.000000 test_r2=1.000000 complexity=6 evals=24118
       Livermore-7 run=42 seed=3747793057 time=18.813s reward=0.999909 train_r2=1.000000 test_r2=1.000000 complexity=31 evals=2000000
       Livermore-6 run=42 seed=3747793057 time=19.645s reward=0.990033 train_r2=0.999899 test_r2=0.998921 complexity=38 evals=2000007
       Livermore-8 run=42 seed=3747793057 time=19.183s reward=0.999958 train_r2=1.000000 test_r2=1.000000 complexity=14 evals=2000000
       Livermore-4 run=46 seed=323105323 time=0.132s reward=1.000000 train_r2=1.000000 test_r2=1.000000 complexity=13 evals=21507
       Livermore-2 run=42 seed=3747793057 time=20.518s reward=0.995117 train_r2=0.999976 test_r2=0.999862 complexity=45 evals=2000001
       Livermore-3 run=46 seed=323105323 time=0.357s reward=1.000000 train_r2=1.000000 test_r2=1.000000 complexity=11 evals=56840
       Livermore-5 run=46 seed=323105323 time=0.378s reward=1.000000 train_r2=1.000000 test_r2=1.000000 complexity=14 evals=56210
       Livermore-9 run=42 seed=3747793057 time=19.682s reward=0.987082 train_r2=0.999829 test_r2=0.999306 complexity=20 evals=2000000
      Livermore-11 run=42 seed=3747793057 time=19.499s reward=0.999998 train_r2=1.000000 test_r2=1.000000 complexity=12 evals=2000001
       Livermore-6 run=44 seed=2366855942 time=13.553s reward=1.000000 train_r2=1.000000 test_r2=1.000000 complexity=17 evals=1347755
      Livermore-18 run=45 seed=3465266528 time=4.692s reward=0.999999 train_r2=1.000000 test_r2=1.000000 complexity=9 evals=491211
      Livermore-14 run=42 seed=3747793057 time=19.343s reward=0.999147 train_r2=0.999999 test_r2=0.999999 complexity=25 evals=2000000
      Livermore-13 run=46 seed=323105323 time=0.117s reward=1.000000 train_r2=1.000000 test_r2=1.000000 complexity=3 evals=20040
       Livermore-9 run=43 seed=837591013 time=17.625s reward=0.990224 train_r2=0.999903 test_r2=0.998856 complexity=16 evals=2000003
      Livermore-15 run=46 seed=323105323 time=0.075s reward=1.000000 train_r2=1.000000 test_r2=1.000000 complexity=5 evals=13609
       Livermore-2 run=46 seed=323105323 time=2.402s reward=1.000000 train_r2=1.000000 test_r2=1.000000 complexity=9 evals=263419
      Livermore-12 run=46 seed=323105323 time=0.747s reward=1.000000 train_r2=1.000000 test_r2=1.000000 complexity=7 evals=102868
       Livermore-7 run=43 seed=837591013 time=18.468s reward=0.999811 train_r2=1.000000 test_r2=0.999999 complexity=24 evals=2000001
      Livermore-18 run=42 seed=3747793057 time=19.511s reward=0.977636 train_r2=0.999477 test_r2=0.999085 complexity=29 evals=2000006
      Livermore-20 run=46 seed=323105323 time=0.041s reward=1.000000 train_r2=1.000000 test_r2=1.000000 complexity=6 evals=7944
      Livermore-21 run=42 seed=3747793057 time=19.465s reward=0.991347 train_r2=0.999924 test_r2=0.999650 complexity=15 evals=2000006
       Livermore-8 run=43 seed=837591013 time=18.725s reward=0.999980 train_r2=1.000000 test_r2=1.000000 complexity=14 evals=2000002
      Livermore-17 run=45 seed=3465266528 time=5.980s reward=1.000000 train_r2=1.000000 test_r2=1.000000 complexity=6 evals=730653
       Livermore-1 run=47 seed=3059174495 time=0.215s reward=1.000000 train_r2=1.000000 test_r2=1.000000 complexity=7 evals=5593
      Livermore-14 run=46 seed=323105323 time=1.265s reward=1.000000 train_r2=1.000000 test_r2=1.000000 complexity=14 evals=162735
      Livermore-17 run=46 seed=323105323 time=0.986s reward=1.000000 train_r2=1.000000 test_r2=1.000000 complexity=6 evals=131526
      Livermore-19 run=46 seed=323105323 time=0.626s reward=1.000000 train_r2=1.000000 test_r2=1.000000 complexity=10 evals=87638
       Livermore-4 run=47 seed=3059174495 time=0.139s reward=1.000000 train_r2=1.000000 test_r2=1.000000 complexity=11 evals=22512
       Livermore-3 run=47 seed=3059174495 time=0.242s reward=1.000000 train_r2=1.000000 test_r2=1.000000 complexity=11 evals=36483
       Livermore-2 run=47 seed=3059174495 time=0.444s reward=1.000000 train_r2=1.000000 test_r2=1.000000 complexity=9 evals=68476
       Livermore-1 run=46 seed=323105323 time=4.481s reward=1.000000 train_r2=1.000000 test_r2=1.000000 complexity=7 evals=108888
       Livermore-6 run=43 seed=837591013 time=20.214s reward=0.994209 train_r2=0.999966 test_r2=0.997926 complexity=21 evals=2000003
      Livermore-18 run=43 seed=837591013 time=19.311s reward=0.999999 train_r2=1.000000 test_r2=1.000000 complexity=9 evals=2000004
      Livermore-11 run=47 seed=3059174495 time=0.781s reward=1.000000 train_r2=1.000000 test_r2=1.000000 complexity=12 evals=103107
      Livermore-22 run=46 seed=323105323 time=2.461s reward=1.000000 train_r2=1.000000 test_r2=1.000000 complexity=6 evals=352768
      Livermore-21 run=43 seed=837591013 time=19.552s reward=0.996271 train_r2=0.999986 test_r2=0.983744 complexity=23 evals=2000002
      Livermore-13 run=47 seed=3059174495 time=0.327s reward=1.000000 train_r2=1.000000 test_r2=1.000000 complexity=3 evals=53831
      Livermore-15 run=47 seed=3059174495 time=0.234s reward=1.000000 train_r2=1.000000 test_r2=1.000000 complexity=3 evals=37870
      Livermore-12 run=47 seed=3059174495 time=1.565s reward=1.000000 train_r2=1.000000 test_r2=1.000000 complexity=7 evals=198474
      Livermore-16 run=47 seed=3059174495 time=0.670s reward=1.000000 train_r2=1.000000 test_r2=1.000000 complexity=3 evals=97452
      Livermore-19 run=47 seed=3059174495 time=0.158s reward=1.000000 train_r2=1.000000 test_r2=1.000000 complexity=10 evals=25929
      Livermore-20 run=47 seed=3059174495 time=0.011s reward=1.000000 train_r2=1.000000 test_r2=1.000000 complexity=6 evals=2211
      Livermore-17 run=43 seed=837591013 time=21.461s reward=0.999612 train_r2=1.000000 test_r2=1.000000 complexity=15 evals=2000003
       Livermore-7 run=44 seed=2366855942 time=18.911s reward=0.999984 train_r2=1.000000 test_r2=1.000000 complexity=24 evals=2000000
      Livermore-17 run=47 seed=3059174495 time=1.305s reward=1.000000 train_r2=1.000000 test_r2=1.000000 complexity=6 evals=172812
       Livermore-8 run=44 seed=2366855942 time=19.105s reward=0.999943 train_r2=1.000000 test_r2=1.000000 complexity=14 evals=2000004
      Livermore-14 run=47 seed=3059174495 time=1.773s reward=1.000000 train_r2=1.000000 test_r2=1.000000 complexity=14 evals=237178
      Livermore-10 run=46 seed=323105323 time=5.980s reward=1.000000 train_r2=1.000000 test_r2=1.000000 complexity=6 evals=695386
       Livermore-2 run=48 seed=1796736039 time=0.331s reward=1.000000 train_r2=1.000000 test_r2=1.000000 complexity=9 evals=49267
       Livermore-4 run=48 seed=1796736039 time=0.329s reward=1.000000 train_r2=1.000000 test_r2=1.000000 complexity=13 evals=52363
       Livermore-9 run=44 seed=2366855942 time=19.279s reward=0.989193 train_r2=0.999881 test_r2=0.999636 complexity=24 evals=2000004
       Livermore-3 run=48 seed=1796736039 time=1.385s reward=1.000000 train_r2=1.000000 test_r2=1.000000 complexity=11 evals=165703
      Livermore-16 run=44 seed=2366855942 time=17.242s reward=0.980781 train_r2=0.999616 test_r2=0.999810 complexity=17 evals=2000003
      Livermore-16 run=46 seed=323105323 time=6.585s reward=1.000000 train_r2=1.000000 test_r2=1.000000 complexity=5 evals=924972
      Livermore-22 run=47 seed=3059174495 time=2.345s reward=1.000000 train_r2=1.000000 test_r2=1.000000 complexity=6 evals=334276
      Livermore-12 run=48 seed=1796736039 time=1.175s reward=1.000000 train_r2=1.000000 test_r2=1.000000 complexity=7 evals=137864
      Livermore-13 run=48 seed=1796736039 time=0.057s reward=1.000000 train_r2=1.000000 test_r2=1.000000 complexity=3 evals=10216
       Livermore-1 run=48 seed=1796736039 time=3.966s reward=1.000000 train_r2=1.000000 test_r2=1.000000 complexity=7 evals=94114
       Livermore-5 run=48 seed=1796736039 time=4.169s reward=1.000000 train_r2=1.000000 test_r2=1.000000 complexity=15 evals=480168
      Livermore-15 run=48 seed=1796736039 time=0.562s reward=1.000000 train_r2=1.000000 test_r2=1.000000 complexity=3 evals=82044
      Livermore-15 run=44 seed=2366855942 time=20.794s reward=0.971802 train_r2=0.999158 test_r2=0.997998 complexity=31 evals=2000004
      Livermore-16 run=48 seed=1796736039 time=0.709s reward=1.000000 train_r2=1.000000 test_r2=1.000000 complexity=3 evals=109216
      Livermore-19 run=48 seed=1796736039 time=0.257s reward=1.000000 train_r2=1.000000 test_r2=1.000000 complexity=10 evals=40906
      Livermore-20 run=48 seed=1796736039 time=0.049s reward=1.000000 train_r2=1.000000 test_r2=1.000000 complexity=6 evals=9293
       Livermore-8 run=45 seed=3465266528 time=18.010s reward=0.999936 train_r2=1.000000 test_r2=1.000000 complexity=14 evals=2000007
      Livermore-22 run=48 seed=1796736039 time=0.333s reward=1.000000 train_r2=1.000000 test_r2=1.000000 complexity=6 evals=58775
       Livermore-7 run=45 seed=3465266528 time=19.273s reward=0.999844 train_r2=1.000000 test_r2=1.000000 complexity=47 evals=2000003
      Livermore-18 run=44 seed=2366855942 time=22.231s reward=0.984641 train_r2=0.999757 test_r2=0.999890 complexity=25 evals=2000004
       Livermore-2 run=49 seed=4080976823 time=0.586s reward=1.000000 train_r2=1.000000 test_r2=1.000000 complexity=9 evals=83584
      Livermore-10 run=45 seed=3465266528 time=19.499s reward=0.993141 train_r2=0.999952 test_r2=0.999957 complexity=9 evals=2000008
       Livermore-6 run=45 seed=3465266528 time=20.584s reward=0.993048 train_r2=0.999951 test_r2=0.999663 complexity=32 evals=2000004
       Livermore-4 run=49 seed=4080976823 time=0.259s reward=1.000000 train_r2=1.000000 test_r2=1.000000 complexity=11 evals=41699
       Livermore-3 run=49 seed=4080976823 time=1.289s reward=1.000000 train_r2=1.000000 test_r2=1.000000 complexity=11 evals=159746
       Livermore-5 run=49 seed=4080976823 time=0.857s reward=1.000000 train_r2=1.000000 test_r2=1.000000 complexity=14 evals=124841
       Livermore-1 run=49 seed=4080976823 time=2.983s reward=1.000000 train_r2=1.000000 test_r2=1.000000 complexity=7 evals=70923
       Livermore-8 run=47 seed=3059174495 time=12.535s reward=1.000000 train_r2=1.000000 test_r2=1.000000 complexity=2 evals=1400888
       Livermore-9 run=45 seed=3465266528 time=20.911s reward=0.990075 train_r2=0.999900 test_r2=0.999666 complexity=28 evals=2000002
      Livermore-11 run=49 seed=4080976823 time=0.066s reward=1.000000 train_r2=1.000000 test_r2=1.000000 complexity=12 evals=11394
      Livermore-13 run=49 seed=4080976823 time=0.126s reward=1.000000 train_r2=1.000000 test_r2=1.000000 complexity=3 evals=22119
       Livermore-5 run=47 seed=3059174495 time=13.217s reward=1.000000 train_r2=1.000000 test_r2=1.000000 complexity=14 evals=1435775
      Livermore-12 run=49 seed=4080976823 time=0.819s reward=1.000000 train_r2=1.000000 test_r2=1.000000 complexity=7 evals=105205
      Livermore-15 run=49 seed=4080976823 time=0.578s reward=1.000000 train_r2=1.000000 test_r2=1.000000 complexity=3 evals=85476
      Livermore-16 run=49 seed=4080976823 time=0.375s reward=1.000000 train_r2=1.000000 test_r2=1.000000 complexity=5 evals=56175
      Livermore-21 run=48 seed=1796736039 time=4.708s reward=1.000000 train_r2=1.000000 test_r2=1.000000 complexity=15 evals=550526
      Livermore-21 run=45 seed=3465266528 time=19.290s reward=0.990653 train_r2=0.999911 test_r2=0.999572 complexity=45 evals=2000002
      Livermore-20 run=49 seed=4080976823 time=0.010s reward=1.000000 train_r2=1.000000 test_r2=1.000000 complexity=6 evals=1934
      Livermore-19 run=49 seed=4080976823 time=0.714s reward=1.000000 train_r2=1.000000 test_r2=1.000000 complexity=10 evals=100487
      Livermore-22 run=49 seed=4080976823 time=0.453s reward=1.000000 train_r2=1.000000 test_r2=1.000000 complexity=6 evals=71206
       Livermore-7 run=46 seed=323105323 time=17.842s reward=0.999752 train_r2=1.000000 test_r2=1.000000 complexity=9 evals=2000000
       Livermore-2 run=50 seed=1129862598 time=0.263s reward=1.000000 train_r2=1.000000 test_r2=1.000000 complexity=9 evals=40775
       Livermore-3 run=50 seed=1129862598 time=0.191s reward=1.000000 train_r2=1.000000 test_r2=1.000000 complexity=11 evals=32254
       Livermore-4 run=50 seed=1129862598 time=0.461s reward=1.000000 train_r2=1.000000 test_r2=1.000000 complexity=13 evals=71199
       Livermore-8 run=46 seed=323105323 time=18.668s reward=0.999955 train_r2=1.000000 test_r2=1.000000 complexity=14 evals=2000001
      Livermore-14 run=49 seed=4080976823 time=3.990s reward=1.000000 train_r2=1.000000 test_r2=1.000000 complexity=14 evals=466073
       Livermore-6 run=46 seed=323105323 time=19.579s reward=0.989910 train_r2=0.999896 test_r2=0.999907 complexity=25 evals=2000002
      Livermore-11 run=46 seed=323105323 time=18.912s reward=0.999998 train_r2=1.000000 test_r2=1.000000 complexity=12 evals=2000001
       Livermore-8 run=48 seed=1796736039 time=13.193s reward=1.000000 train_r2=1.000000 test_r2=1.000000 complexity=2 evals=1607913
       Livermore-5 run=50 seed=1129862598 time=1.208s reward=1.000000 train_r2=1.000000 test_r2=1.000000 complexity=14 evals=170606
       Livermore-9 run=46 seed=323105323 time=20.442s reward=0.989272 train_r2=0.999882 test_r2=0.999917 complexity=27 evals=2000009
      Livermore-21 run=46 seed=323105323 time=18.669s reward=0.991080 train_r2=0.999919 test_r2=0.999900 complexity=20 evals=2000002
      Livermore-17 run=49 seed=4080976823 time=4.700s reward=1.000000 train_r2=1.000000 test_r2=1.000000 complexity=6 evals=525906
       Livermore-9 run=47 seed=3059174495 time=18.416s reward=0.992547 train_r2=0.999944 test_r2=0.999963 complexity=19 evals=2000002
       Livermore-7 run=47 seed=3059174495 time=18.552s reward=0.999849 train_r2=1.000000 test_r2=1.000000 complexity=27 evals=2000002
      Livermore-18 run=49 seed=4080976823 time=5.112s reward=0.999999 train_r2=1.000000 test_r2=1.000000 complexity=9 evals=501598
      Livermore-15 run=50 seed=1129862598 time=0.506s reward=1.000000 train_r2=1.000000 test_r2=1.000000 complexity=3 evals=79978
      Livermore-12 run=50 seed=1129862598 time=1.087s reward=1.000000 train_r2=1.000000 test_r2=1.000000 complexity=7 evals=133471
      Livermore-14 run=48 seed=1796736039 time=12.369s reward=1.000000 train_r2=1.000000 test_r2=1.000000 complexity=14 evals=1302560
      Livermore-20 run=50 seed=1129862598 time=0.018s reward=1.000000 train_r2=1.000000 test_r2=1.000000 complexity=6 evals=3471
       Livermore-6 run=50 seed=1129862598 time=3.159s reward=1.000000 train_r2=1.000000 test_r2=1.000000 complexity=17 evals=359003
      Livermore-22 run=50 seed=1129862598 time=0.207s reward=1.000000 train_r2=1.000000 test_r2=1.000000 complexity=6 evals=33599
      Livermore-19 run=50 seed=1129862598 time=0.387s reward=1.000000 train_r2=1.000000 test_r2=1.000000 complexity=12 evals=57172
       Livermore-1 run=50 seed=1129862598 time=4.936s reward=1.000000 train_r2=1.000000 test_r2=1.000000 complexity=7 evals=115568
      Livermore-14 run=50 seed=1129862598 time=1.674s reward=1.000000 train_r2=1.000000 test_r2=1.000000 complexity=14 evals=209530
       Livermore-4 run=51 seed=2501308237 time=0.197s reward=1.000000 train_r2=1.000000 test_r2=1.000000 complexity=11 evals=31165
       Livermore-6 run=47 seed=3059174495 time=20.451s reward=0.983705 train_r2=0.999726 test_r2=0.999602 complexity=36 evals=2000001
      Livermore-18 run=46 seed=323105323 time=21.403s reward=0.977641 train_r2=0.999477 test_r2=0.999679 complexity=38 evals=2000011
      Livermore-18 run=47 seed=3059174495 time=18.089s reward=0.974165 train_r2=0.999297 test_r2=0.999450 complexity=10 evals=2000005
      Livermore-10 run=47 seed=3059174495 time=20.542s reward=0.996044 train_r2=0.999984 test_r2=0.999959 complexity=34 evals=2000003
       Livermore-5 run=51 seed=2501308237 time=0.756s reward=1.000000 train_r2=1.000000 test_r2=1.000000 complexity=14 evals=100816
       Livermore-2 run=51 seed=2501308237 time=1.773s reward=1.000000 train_r2=1.000000 test_r2=1.000000 complexity=9 evals=206629
      Livermore-13 run=50 seed=1129862598 time=3.554s reward=1.000000 train_r2=1.000000 test_r2=1.000000 complexity=3 evals=480144
      Livermore-12 run=51 seed=2501308237 time=0.056s reward=1.000000 train_r2=1.000000 test_r2=1.000000 complexity=7 evals=9585
       Livermore-3 run=51 seed=2501308237 time=1.857s reward=1.000000 train_r2=1.000000 test_r2=1.000000 complexity=11 evals=222001
      Livermore-13 run=51 seed=2501308237 time=0.192s reward=1.000000 train_r2=1.000000 test_r2=1.000000 complexity=3 evals=34904
       Livermore-1 run=51 seed=2501308237 time=2.626s reward=1.000000 train_r2=1.000000 test_r2=1.000000 complexity=7 evals=62131
       Livermore-7 run=48 seed=1796736039 time=18.237s reward=0.999827 train_r2=1.000000 test_r2=1.000000 complexity=8 evals=2000001
      Livermore-21 run=47 seed=3059174495 time=19.570s reward=0.993330 train_r2=0.999955 test_r2=0.999008 complexity=22 evals=2000002
      Livermore-11 run=48 seed=1796736039 time=17.293s reward=0.999579 train_r2=1.000000 test_r2=1.000000 complexity=12 evals=2000002
      Livermore-19 run=51 seed=2501308237 time=0.077s reward=1.000000 train_r2=1.000000 test_r2=1.000000 complexity=10 evals=14009
      Livermore-20 run=51 seed=2501308237 time=0.055s reward=1.000000 train_r2=1.000000 test_r2=1.000000 complexity=6 evals=10190
      Livermore-14 run=51 seed=2501308237 time=1.274s reward=1.000000 train_r2=1.000000 test_r2=1.000000 complexity=14 evals=167157
      Livermore-22 run=51 seed=2501308237 time=0.214s reward=1.000000 train_r2=1.000000 test_r2=1.000000 complexity=6 evals=36302
      Livermore-21 run=49 seed=4080976823 time=9.561s reward=1.000000 train_r2=1.000000 test_r2=1.000000 complexity=20 evals=1068638
       Livermore-2 run=52 seed=2872581883 time=0.562s reward=1.000000 train_r2=1.000000 test_r2=1.000000 complexity=9 evals=83267
       Livermore-3 run=52 seed=2872581883 time=0.424s reward=1.000000 train_r2=1.000000 test_r2=1.000000 complexity=11 evals=63626
       Livermore-9 run=48 seed=1796736039 time=19.612s reward=0.990348 train_r2=0.999905 test_r2=0.999849 complexity=17 evals=2000005
       Livermore-4 run=52 seed=2872581883 time=0.184s reward=1.000000 train_r2=1.000000 test_r2=1.000000 complexity=12 evals=30410
       Livermore-6 run=48 seed=1796736039 time=20.789s reward=0.993870 train_r2=0.999962 test_r2=0.999964 complexity=42 evals=2000000
      Livermore-18 run=51 seed=2501308237 time=3.475s reward=0.999999 train_r2=1.000000 test_r2=1.000000 complexity=9 evals=380771
      Livermore-10 run=48 seed=1796736039 time=20.866s reward=0.998663 train_r2=0.999998 test_r2=0.999959 complexity=21 evals=2000004
       Livermore-5 run=52 seed=2872581883 time=1.398s reward=1.000000 train_r2=1.000000 test_r2=1.000000 complexity=16 evals=180386
       Livermore-1 run=52 seed=2872581883 time=2.943s reward=1.000000 train_r2=1.000000 test_r2=1.000000 complexity=7 evals=69618
      Livermore-10 run=49 seed=4080976823 time=14.448s reward=1.000000 train_r2=1.000000 test_r2=1.000000 complexity=6 evals=1645178
      Livermore-17 run=48 seed=1796736039 time=18.826s reward=1.000000 train_r2=1.000000 test_r2=1.000000 complexity=6 evals=1874718
      Livermore-13 run=52 seed=2872581883 time=0.093s reward=1.000000 train_r2=1.000000 test_r2=1.000000 complexity=3 evals=15926
      Livermore-14 run=52 seed=2872581883 time=0.822s reward=1.000000 train_r2=1.000000 test_r2=1.000000 complexity=14 evals=110486
      Livermore-15 run=52 seed=2872581883 time=0.479s reward=1.000000 train_r2=1.000000 test_r2=1.000000 complexity=3 evals=70751
       Livermore-8 run=49 seed=4080976823 time=17.059s reward=1.000000 train_r2=1.000000 test_r2=1.000000 complexity=2 evals=1751616
       Livermore-7 run=49 seed=4080976823 time=18.544s reward=0.999842 train_r2=1.000000 test_r2=1.000000 complexity=8 evals=2000005
      Livermore-16 run=51 seed=2501308237 time=8.380s reward=1.000000 train_r2=1.000000 test_r2=1.000000 complexity=5 evals=987330
      Livermore-18 run=48 seed=1796736039 time=22.100s reward=0.955038 train_r2=0.997784 test_r2=0.997787 complexity=32 evals=2000000
      Livermore-20 run=52 seed=2872581883 time=0.037s reward=1.000000 train_r2=1.000000 test_r2=1.000000 complexity=6 evals=6752
      Livermore-10 run=51 seed=2501308237 time=9.870s reward=1.000000 train_r2=1.000000 test_r2=1.000000 complexity=6 evals=967872
      Livermore-19 run=52 seed=2872581883 time=0.367s reward=1.000000 train_r2=1.000000 test_r2=1.000000 complexity=12 evals=53739
      Livermore-22 run=52 seed=2872581883 time=0.140s reward=1.000000 train_r2=1.000000 test_r2=1.000000 complexity=6 evals=23216
       Livermore-9 run=49 seed=4080976823 time=19.663s reward=0.991446 train_r2=0.999926 test_r2=0.999481 complexity=17 evals=2000005
       Livermore-6 run=49 seed=4080976823 time=20.438s reward=0.987936 train_r2=0.999851 test_r2=0.999932 complexity=33 evals=2000005
       Livermore-4 run=53 seed=2157573201 time=0.343s reward=1.000000 train_r2=1.000000 test_r2=1.000000 complexity=13 evals=51750
      Livermore-16 run=52 seed=2872581883 time=3.891s reward=1.000000 train_r2=1.000000 test_r2=1.000000 complexity=3 evals=479586
       Livermore-8 run=50 seed=1129862598 time=15.504s reward=1.000000 train_r2=1.000000 test_r2=1.000000 complexity=2 evals=1827092
       Livermore-1 run=53 seed=2157573201 time=1.556s reward=1.000000 train_r2=1.000000 test_r2=1.000000 complexity=7 evals=37920
       Livermore-5 run=53 seed=2157573201 time=0.494s reward=1.000000 train_r2=1.000000 test_r2=1.000000 complexity=14 evals=76609
       Livermore-3 run=53 seed=2157573201 time=3.313s reward=1.000000 train_r2=1.000000 test_r2=1.000000 complexity=11 evals=359838
       Livermore-7 run=50 seed=1129862598 time=18.338s reward=0.999814 train_r2=1.000000 test_r2=1.000000 complexity=8 evals=2000001
      Livermore-11 run=53 seed=2157573201 time=0.397s reward=0.999999 train_r2=1.000000 test_r2=1.000000 complexity=12 evals=58701
      Livermore-16 run=50 seed=1129862598 time=17.696s reward=0.992853 train_r2=0.999948 test_r2=0.982538 complexity=13 evals=2000001
      Livermore-11 run=50 seed=1129862598 time=19.088s reward=0.999999 train_r2=1.000000 test_r2=1.000000 complexity=12 evals=2000007
       Livermore-8 run=51 seed=2501308237 time=16.045s reward=0.999927 train_r2=1.000000 test_r2=1.000000 complexity=14 evals=2000008
       Livermore-9 run=50 seed=1129862598 time=19.856s reward=0.995661 train_r2=0.999981 test_r2=0.999816 complexity=33 evals=2000002
      Livermore-10 run=50 seed=1129862598 time=19.658s reward=0.996131 train_r2=0.999985 test_r2=0.999996 complexity=15 evals=2000006
      Livermore-14 run=53 seed=2157573201 time=0.659s reward=1.000000 train_r2=1.000000 test_r2=1.000000 complexity=14 evals=98064
      Livermore-17 run=53 seed=2157573201 time=0.377s reward=1.000000 train_r2=1.000000 test_r2=1.000000 complexity=6 evals=61319
      Livermore-16 run=53 seed=2157573201 time=1.008s reward=1.000000 train_r2=1.000000 test_r2=1.000000 complexity=5 evals=152234
      Livermore-19 run=53 seed=2157573201 time=0.530s reward=1.000000 train_r2=1.000000 test_r2=1.000000 complexity=10 evals=83056
      Livermore-20 run=53 seed=2157573201 time=0.061s reward=1.000000 train_r2=1.000000 test_r2=1.000000 complexity=6 evals=10936
      Livermore-13 run=53 seed=2157573201 time=1.475s reward=1.000000 train_r2=1.000000 test_r2=1.000000 complexity=3 evals=207032
      Livermore-17 run=50 seed=1129862598 time=19.833s reward=0.999604 train_r2=1.000000 test_r2=0.999999 complexity=12 evals=2000002
       Livermore-2 run=54 seed=1287263512 time=0.383s reward=1.000000 train_r2=1.000000 test_r2=1.000000 complexity=9 evals=55158
       Livermore-7 run=51 seed=2501308237 time=18.612s reward=0.999857 train_r2=1.000000 test_r2=1.000000 complexity=30 evals=2000001
      Livermore-22 run=53 seed=2157573201 time=1.463s reward=1.000000 train_r2=1.000000 test_r2=1.000000 complexity=6 evals=216002
       Livermore-4 run=54 seed=1287263512 time=0.272s reward=1.000000 train_r2=1.000000 test_r2=1.000000 complexity=11 evals=40670
      Livermore-21 run=50 seed=1129862598 time=20.500s reward=0.991964 train_r2=0.999934 test_r2=0.999816 complexity=23 evals=2000000
       Livermore-5 run=54 seed=1287263512 time=0.479s reward=1.000000 train_r2=1.000000 test_r2=1.000000 complexity=14 evals=71469
       Livermore-9 run=51 seed=2501308237 time=18.871s reward=0.990563 train_r2=0.999909 test_r2=0.999812 complexity=22 evals=2000004
      Livermore-15 run=51 seed=2501308237 time=17.936s reward=0.969159 train_r2=0.998987 test_r2=0.999132 complexity=40 evals=2000006
      Livermore-18 run=52 seed=2872581883 time=10.503s reward=0.999999 train_r2=1.000000 test_r2=1.000000 complexity=9 evals=995975
      Livermore-18 run=50 seed=1129862598 time=21.044s reward=0.998867 train_r2=0.999999 test_r2=0.999998 complexity=55 evals=2000004
      Livermore-11 run=51 seed=2501308237 time=19.123s reward=0.999986 train_r2=1.000000 test_r2=1.000000 complexity=12 evals=2000001
      Livermore-21 run=53 seed=2157573201 time=2.741s reward=1.000000 train_r2=1.000000 test_r2=1.000000 complexity=19 evals=345037
      Livermore-13 run=54 seed=1287263512 time=0.224s reward=1.000000 train_r2=1.000000 test_r2=1.000000 complexity=3 evals=36467
       Livermore-3 run=54 seed=1287263512 time=1.771s reward=1.000000 train_r2=1.000000 test_r2=1.000000 complexity=11 evals=216627
      Livermore-21 run=51 seed=2501308237 time=17.834s reward=0.990885 train_r2=0.999915 test_r2=0.999849 complexity=17 evals=2000002
      Livermore-15 run=54 seed=1287263512 time=0.279s reward=1.000000 train_r2=1.000000 test_r2=1.000000 complexity=3 evals=42640
      Livermore-14 run=54 seed=1287263512 time=0.533s reward=1.000000 train_r2=1.000000 test_r2=1.000000 complexity=14 evals=83563
       Livermore-9 run=52 seed=2872581883 time=15.164s reward=1.000000 train_r2=1.000000 test_r2=1.000000 complexity=23 evals=1512454
      Livermore-20 run=54 seed=1287263512 time=0.004s reward=1.000000 train_r2=1.000000 test_r2=1.000000 complexity=6 evals=820
      Livermore-19 run=54 seed=1287263512 time=0.313s reward=1.000000 train_r2=1.000000 test_r2=1.000000 complexity=12 evals=51426
       Livermore-6 run=51 seed=2501308237 time=21.090s reward=0.994914 train_r2=0.999974 test_r2=0.999988 complexity=35 evals=2000004
      Livermore-22 run=54 seed=1287263512 time=0.131s reward=1.000000 train_r2=1.000000 test_r2=1.000000 complexity=6 evals=23934
      Livermore-16 run=54 seed=1287263512 time=0.838s reward=1.000000 train_r2=1.000000 test_r2=1.000000 complexity=3 evals=119576
       Livermore-2 run=55 seed=1830868652 time=0.215s reward=1.000000 train_r2=1.000000 test_r2=1.000000 complexity=9 evals=33886
       Livermore-1 run=54 seed=1287263512 time=4.087s reward=1.000000 train_r2=1.000000 test_r2=1.000000 complexity=7 evals=98455
      Livermore-17 run=51 seed=2501308237 time=19.659s reward=0.994720 train_r2=0.999972 test_r2=0.998355 complexity=24 evals=2000006
       Livermore-3 run=55 seed=1830868652 time=0.300s reward=1.000000 train_r2=1.000000 test_r2=1.000000 complexity=11 evals=42318
       Livermore-4 run=55 seed=1830868652 time=0.237s reward=1.000000 train_r2=1.000000 test_r2=1.000000 complexity=13 evals=39918
       Livermore-1 run=55 seed=1830868652 time=1.735s reward=1.000000 train_r2=1.000000 test_r2=1.000000 complexity=7 evals=41535
       Livermore-7 run=52 seed=2872581883 time=18.831s reward=0.999859 train_r2=1.000000 test_r2=1.000000 complexity=8 evals=2000001
      Livermore-10 run=53 seed=2157573201 time=9.230s reward=1.000000 train_r2=1.000000 test_r2=1.000000 complexity=6 evals=1004145
      Livermore-12 run=54 seed=1287263512 time=3.896s reward=1.000000 train_r2=1.000000 test_r2=1.000000 complexity=7 evals=417517
       Livermore-6 run=52 seed=2872581883 time=19.536s reward=0.992128 train_r2=0.999937 test_r2=0.999883 complexity=20 evals=2000001
      Livermore-12 run=52 seed=2872581883 time=17.725s reward=0.994871 train_r2=0.999973 test_r2=0.935757 complexity=21 evals=2000006
      Livermore-18 run=53 seed=2157573201 time=7.680s reward=0.999999 train_r2=1.000000 test_r2=1.000000 complexity=9 evals=793860
       Livermore-8 run=52 seed=2872581883 time=18.797s reward=0.999942 train_r2=1.000000 test_r2=1.000000 complexity=14 evals=2000005
      Livermore-14 run=55 seed=1830868652 time=0.531s reward=1.000000 train_r2=1.000000 test_r2=1.000000 complexity=14 evals=83729
      Livermore-15 run=55 seed=1830868652 time=0.392s reward=1.000000 train_r2=1.000000 test_r2=1.000000 complexity=3 evals=64564
      Livermore-15 run=53 seed=2157573201 time=8.788s reward=1.000000 train_r2=1.000000 test_r2=1.000000 complexity=3 evals=1173016
      Livermore-11 run=52 seed=2872581883 time=19.480s reward=0.999997 train_r2=1.000000 test_r2=1.000000 complexity=12 evals=2000005
      Livermore-20 run=55 seed=1830868652 time=0.018s reward=1.000000 train_r2=1.000000 test_r2=1.000000 complexity=6 evals=3512
      Livermore-10 run=52 seed=2872581883 time=19.953s reward=0.995116 train_r2=0.999976 test_r2=0.999980 complexity=9 evals=2000000
      Livermore-19 run=55 seed=1830868652 time=0.497s reward=1.000000 train_r2=1.000000 test_r2=1.000000 complexity=10 evals=78851
      Livermore-22 run=55 seed=1830868652 time=0.805s reward=1.000000 train_r2=1.000000 test_r2=1.000000 complexity=6 evals=119348
       Livermore-2 run=56 seed=3383119910 time=0.847s reward=1.000000 train_r2=1.000000 test_r2=1.000000 complexity=9 evals=111684
       Livermore-3 run=56 seed=3383119910 time=0.250s reward=1.000000 train_r2=1.000000 test_r2=1.000000 complexity=11 evals=37096
       Livermore-4 run=56 seed=3383119910 time=0.112s reward=1.000000 train_r2=1.000000 test_r2=1.000000 complexity=13 evals=18108
       Livermore-5 run=56 seed=3383119910 time=0.364s reward=1.000000 train_r2=1.000000 test_r2=1.000000 complexity=14 evals=53714
       Livermore-6 run=55 seed=1830868652 time=7.143s reward=1.000000 train_r2=1.000000 test_r2=1.000000 complexity=17 evals=835640
      Livermore-17 run=52 seed=2872581883 time=20.328s reward=0.989904 train_r2=0.999896 test_r2=0.997934 complexity=35 evals=2000005
      Livermore-17 run=55 seed=1830868652 time=4.122s reward=1.000000 train_r2=1.000000 test_r2=1.000000 complexity=6 evals=501988
      Livermore-16 run=55 seed=1830868652 time=4.630s reward=1.000000 train_r2=1.000000 test_r2=1.000000 complexity=5 evals=564776
       Livermore-1 run=56 seed=3383119910 time=4.261s reward=1.000000 train_r2=1.000000 test_r2=1.000000 complexity=7 evals=101209
       Livermore-6 run=54 seed=1287263512 time=11.186s reward=1.000000 train_r2=1.000000 test_r2=1.000000 complexity=17 evals=1133068
       Livermore-7 run=55 seed=1830868652 time=8.561s reward=1.000000 train_r2=1.000000 test_r2=1.000000 complexity=2 evals=982340
      Livermore-12 run=56 seed=3383119910 time=0.043s reward=1.000000 train_r2=1.000000 test_r2=1.000000 complexity=7 evals=7036
       Livermore-8 run=53 seed=2157573201 time=18.634s reward=0.999945 train_r2=1.000000 test_r2=1.000000 complexity=14 evals=2000003
       Livermore-7 run=53 seed=2157573201 time=18.936s reward=0.999818 train_r2=1.000000 test_r2=1.000000 complexity=8 evals=2000002
      Livermore-21 run=52 seed=2872581883 time=20.637s reward=0.993704 train_r2=0.999960 test_r2=0.999956 complexity=24 evals=2000003
       Livermore-2 run=53 seed=2157573201 time=20.478s reward=0.993127 train_r2=0.999952 test_r2=0.999989 complexity=39 evals=2000000
      Livermore-15 run=56 seed=3383119910 time=0.642s reward=1.000000 train_r2=1.000000 test_r2=1.000000 complexity=3 evals=91180
      Livermore-10 run=55 seed=1830868652 time=8.383s reward=1.000000 train_r2=1.000000 test_r2=1.000000 complexity=6 evals=882856
      Livermore-20 run=56 seed=3383119910 time=0.006s reward=1.000000 train_r2=1.000000 test_r2=1.000000 complexity=6 evals=1067
      Livermore-19 run=56 seed=3383119910 time=0.270s reward=1.000000 train_r2=1.000000 test_r2=1.000000 complexity=12 evals=40378
       Livermore-8 run=54 seed=1287263512 time=12.279s reward=1.000000 train_r2=1.000000 test_r2=1.000000 complexity=2 evals=1402110
      Livermore-16 run=56 seed=3383119910 time=1.017s reward=1.000000 train_r2=1.000000 test_r2=1.000000 complexity=5 evals=153380
       Livermore-2 run=57 seed=646788872 time=0.301s reward=1.000000 train_r2=1.000000 test_r2=1.000000 complexity=9 evals=45847
       Livermore-6 run=53 seed=2157573201 time=20.567s reward=0.991647 train_r2=0.999929 test_r2=0.999920 complexity=29 evals=2000000
       Livermore-9 run=53 seed=2157573201 time=20.238s reward=0.998179 train_r2=0.999997 test_r2=0.999835 complexity=28 evals=2000003
      Livermore-14 run=56 seed=3383119910 time=1.957s reward=1.000000 train_r2=1.000000 test_r2=1.000000 complexity=14 evals=241472
      Livermore-17 run=56 seed=3383119910 time=1.623s reward=1.000000 train_r2=1.000000 test_r2=1.000000 complexity=6 evals=206446
       Livermore-4 run=57 seed=646788872 time=0.304s reward=1.000000 train_r2=1.000000 test_r2=1.000000 complexity=13 evals=45380
       Livermore-3 run=57 seed=646788872 time=0.798s reward=1.000000 train_r2=1.000000 test_r2=1.000000 complexity=11 evals=106911
      Livermore-22 run=56 seed=3383119910 time=2.090s reward=1.000000 train_r2=1.000000 test_r2=1.000000 complexity=6 evals=262901
       Livermore-5 run=57 seed=646788872 time=1.830s reward=1.000000 train_r2=1.000000 test_r2=1.000000 complexity=15 evals=243276
      Livermore-11 run=57 seed=646788872 time=0.293s reward=0.999999 train_r2=1.000000 test_r2=1.000000 complexity=12 evals=46449
      Livermore-12 run=57 seed=646788872 time=0.096s reward=1.000000 train_r2=1.000000 test_r2=1.000000 complexity=7 evals=16319
      Livermore-13 run=57 seed=646788872 time=0.157s reward=1.000000 train_r2=1.000000 test_r2=1.000000 complexity=3 evals=27644
       Livermore-8 run=56 seed=3383119910 time=6.271s reward=1.000000 train_r2=1.000000 test_r2=1.000000 complexity=2 evals=732249
       Livermore-1 run=57 seed=646788872 time=3.544s reward=1.000000 train_r2=1.000000 test_r2=1.000000 complexity=7 evals=84820
      Livermore-13 run=55 seed=1830868652 time=11.349s reward=1.000000 train_r2=1.000000 test_r2=1.000000 complexity=3 evals=1385336
      Livermore-15 run=57 seed=646788872 time=0.759s reward=1.000000 train_r2=1.000000 test_r2=1.000000 complexity=3 evals=113285
       Livermore-5 run=55 seed=1830868652 time=14.589s reward=1.000000 train_r2=1.000000 test_r2=1.000000 complexity=14 evals=1593867
      Livermore-19 run=57 seed=646788872 time=0.327s reward=1.000000 train_r2=1.000000 test_r2=1.000000 complexity=12 evals=48597
      Livermore-17 run=57 seed=646788872 time=1.223s reward=1.000000 train_r2=1.000000 test_r2=1.000000 complexity=6 evals=173679
      Livermore-13 run=56 seed=3383119910 time=6.111s reward=1.000000 train_r2=1.000000 test_r2=1.000000 complexity=3 evals=710079
      Livermore-20 run=57 seed=646788872 time=0.048s reward=1.000000 train_r2=1.000000 test_r2=1.000000 complexity=6 evals=8787
      Livermore-22 run=57 seed=646788872 time=0.329s reward=1.000000 train_r2=1.000000 test_r2=1.000000 complexity=6 evals=51499
      Livermore-16 run=57 seed=646788872 time=1.999s reward=1.000000 train_r2=1.000000 test_r2=1.000000 complexity=3 evals=274246
      Livermore-18 run=54 seed=1287263512 time=16.744s reward=0.999999 train_r2=1.000000 test_r2=1.000000 complexity=9 evals=1550482
       Livermore-2 run=58 seed=3169893663 time=0.626s reward=1.000000 train_r2=1.000000 test_r2=1.000000 complexity=9 evals=73359
       Livermore-4 run=58 seed=3169893663 time=0.136s reward=1.000000 train_r2=1.000000 test_r2=1.000000 complexity=13 evals=23202
      Livermore-10 run=57 seed=646788872 time=3.980s reward=1.000000 train_r2=1.000000 test_r2=1.000000 complexity=6 evals=455114
       Livermore-3 run=58 seed=3169893663 time=0.454s reward=1.000000 train_r2=1.000000 test_r2=1.000000 complexity=11 evals=66110
      Livermore-17 run=54 seed=1287263512 time=17.291s reward=0.988283 train_r2=0.999859 test_r2=0.999893 complexity=39 evals=2000000
       Livermore-7 run=54 seed=1287263512 time=18.961s reward=0.999833 train_r2=1.000000 test_r2=1.000000 complexity=8 evals=2000004
       Livermore-1 run=58 seed=3169893663 time=1.801s reward=1.000000 train_r2=1.000000 test_r2=1.000000 complexity=7 evals=43644
      Livermore-12 run=53 seed=2157573201 time=23.383s reward=0.885716 train_r2=0.983351 test_r2=-0.018917 complexity=35 evals=2000001
      Livermore-12 run=58 seed=3169893663 time=0.214s reward=1.000000 train_r2=1.000000 test_r2=1.000000 complexity=7 evals=32461
      Livermore-11 run=54 seed=1287263512 time=19.089s reward=0.999998 train_r2=1.000000 test_r2=1.000000 complexity=12 evals=2000011
      Livermore-13 run=58 seed=3169893663 time=0.164s reward=1.000000 train_r2=1.000000 test_r2=1.000000 complexity=3 evals=29233
       Livermore-9 run=54 seed=1287263512 time=19.299s reward=0.994249 train_r2=0.999967 test_r2=0.999662 complexity=27 evals=2000001
      Livermore-10 run=54 seed=1287263512 time=19.643s reward=0.991135 train_r2=0.999920 test_r2=0.999870 complexity=24 evals=2000001
       Livermore-8 run=55 seed=1830868652 time=17.539s reward=0.999977 train_r2=1.000000 test_r2=1.000000 complexity=14 evals=2000003
      Livermore-15 run=58 seed=3169893663 time=0.380s reward=1.000000 train_r2=1.000000 test_r2=1.000000 complexity=3 evals=60044
      Livermore-19 run=58 seed=3169893663 time=0.485s reward=1.000000 train_r2=1.000000 test_r2=1.000000 complexity=12 evals=72311
      Livermore-20 run=58 seed=3169893663 time=0.022s reward=1.000000 train_r2=1.000000 test_r2=1.000000 complexity=6 evals=4482
      Livermore-14 run=58 seed=3169893663 time=2.170s reward=1.000000 train_r2=1.000000 test_r2=1.000000 complexity=14 evals=256880
      Livermore-21 run=54 seed=1287263512 time=20.119s reward=0.993866 train_r2=0.999962 test_r2=0.998329 complexity=26 evals=2000005
      Livermore-22 run=58 seed=3169893663 time=0.194s reward=1.000000 train_r2=1.000000 test_r2=1.000000 complexity=6 evals=31953
       Livermore-6 run=57 seed=646788872 time=9.014s reward=1.000000 train_r2=1.000000 test_r2=1.000000 complexity=17 evals=915470
       Livermore-3 run=59 seed=314500441 time=0.485s reward=1.000000 train_r2=1.000000 test_r2=1.000000 complexity=11 evals=68021
       Livermore-8 run=58 seed=3169893663 time=4.224s reward=1.000000 train_r2=1.000000 test_r2=1.000000 complexity=2 evals=531205
      Livermore-11 run=55 seed=1830868652 time=18.460s reward=0.999998 train_r2=1.000000 test_r2=1.000000 complexity=12 evals=2000000
       Livermore-4 run=59 seed=314500441 time=0.139s reward=1.000000 train_r2=1.000000 test_r2=1.000000 complexity=11 evals=22716
      Livermore-10 run=56 seed=3383119910 time=13.434s reward=1.000000 train_r2=1.000000 test_r2=1.000000 complexity=6 evals=1355053
      Livermore-11 run=58 seed=3169893663 time=4.170s reward=1.000000 train_r2=1.000000 test_r2=1.000000 complexity=12 evals=428917
       Livermore-9 run=55 seed=1830868652 time=19.628s reward=0.997260 train_r2=0.999992 test_r2=0.997327 complexity=34 evals=2000002
      Livermore-12 run=55 seed=1830868652 time=18.483s reward=0.976994 train_r2=0.999445 test_r2=-56823487488354876025382882485286213685277522965968880506067889148129181696.000000 complexity=51 evals=2000001
       Livermore-5 run=59 seed=314500441 time=1.007s reward=1.000000 train_r2=1.000000 test_r2=1.000000 complexity=14 evals=141826
       Livermore-1 run=59 seed=314500441 time=3.344s reward=1.000000 train_r2=1.000000 test_r2=1.000000 complexity=7 evals=79081
      Livermore-13 run=59 seed=314500441 time=0.096s reward=1.000000 train_r2=1.000000 test_r2=1.000000 complexity=3 evals=17012
      Livermore-21 run=55 seed=1830868652 time=19.560s reward=0.994533 train_r2=0.999970 test_r2=0.995739 complexity=25 evals=2000003
      Livermore-14 run=59 seed=314500441 time=0.567s reward=1.000000 train_r2=1.000000 test_r2=1.000000 complexity=14 evals=80680
      Livermore-15 run=59 seed=314500441 time=0.349s reward=1.000000 train_r2=1.000000 test_r2=1.000000 complexity=3 evals=54967
      Livermore-16 run=59 seed=314500441 time=0.587s reward=1.000000 train_r2=1.000000 test_r2=1.000000 complexity=3 evals=87104
      Livermore-18 run=55 seed=1830868652 time=20.707s reward=0.950724 train_r2=0.997314 test_r2=0.979281 complexity=43 evals=2000004
      Livermore-11 run=56 seed=3383119910 time=16.267s reward=0.999998 train_r2=1.000000 test_r2=1.000000 complexity=12 evals=2000001
      Livermore-20 run=59 seed=314500441 time=0.005s reward=1.000000 train_r2=1.000000 test_r2=1.000000 complexity=6 evals=875
      Livermore-19 run=59 seed=314500441 time=0.344s reward=1.000000 train_r2=1.000000 test_r2=1.000000 complexity=12 evals=55508
      Livermore-22 run=59 seed=314500441 time=0.171s reward=1.000000 train_r2=1.000000 test_r2=1.000000 complexity=6 evals=29533
       Livermore-7 run=56 seed=3383119910 time=17.977s reward=0.999858 train_r2=1.000000 test_r2=1.000000 complexity=32 evals=2000003
       Livermore-5 run=58 seed=3169893663 time=9.317s reward=1.000000 train_r2=1.000000 test_r2=1.000000 complexity=15 evals=1032337
       Livermore-9 run=56 seed=3383119910 time=18.603s reward=0.991258 train_r2=0.999922 test_r2=0.999199 complexity=29 evals=2000007
       Livermore-4 run=60 seed=1881455519 time=0.067s reward=1.000000 train_r2=1.000000 test_r2=1.000000 complexity=13 evals=11792
       Livermore-2 run=60 seed=1881455519 time=1.456s reward=1.000000 train_r2=1.000000 test_r2=1.000000 complexity=9 evals=201496
       Livermore-5 run=60 seed=1881455519 time=0.732s reward=1.000000 train_r2=1.000000 test_r2=1.000000 complexity=14 evals=117508
      Livermore-17 run=58 seed=3169893663 time=9.221s reward=1.000000 train_r2=1.000000 test_r2=1.000000 complexity=6 evals=1076901
       Livermore-1 run=60 seed=1881455519 time=2.237s reward=1.000000 train_r2=1.000000 test_r2=1.000000 complexity=7 evals=54237
       Livermore-6 run=56 seed=3383119910 time=20.708s reward=0.996496 train_r2=0.999988 test_r2=0.999954 complexity=27 evals=2000007
       Livermore-3 run=60 seed=1881455519 time=2.622s reward=1.000000 train_r2=1.000000 test_r2=1.000000 complexity=11 evals=317864
      Livermore-10 run=60 seed=1881455519 time=1.093s reward=1.000000 train_r2=1.000000 test_r2=1.000000 complexity=6 evals=146020
      Livermore-11 run=60 seed=1881455519 time=0.615s reward=1.000000 train_r2=1.000000 test_r2=1.000000 complexity=12 evals=82241
      Livermore-13 run=60 seed=1881455519 time=0.090s reward=1.000000 train_r2=1.000000 test_r2=1.000000 complexity=3 evals=16268
      Livermore-10 run=59 seed=314500441 time=7.655s reward=1.000000 train_r2=1.000000 test_r2=1.000000 complexity=6 evals=769965
      Livermore-12 run=59 seed=314500441 time=8.146s reward=1.000000 train_r2=1.000000 test_r2=1.000000 complexity=7 evals=844412
      Livermore-15 run=60 seed=1881455519 time=0.836s reward=1.000000 train_r2=1.000000 test_r2=1.000000 complexity=3 evals=117415
      Livermore-21 run=56 seed=3383119910 time=19.706s reward=0.996329 train_r2=0.999986 test_r2=0.999946 complexity=20 evals=2000002
       Livermore-8 run=57 seed=646788872 time=19.064s reward=0.999940 train_r2=1.000000 test_r2=1.000000 complexity=14 evals=2000000
       Livermore-7 run=57 seed=646788872 time=19.283s reward=0.999809 train_r2=1.000000 test_r2=1.000000 complexity=8 evals=2000004
      Livermore-20 run=60 seed=1881455519 time=0.024s reward=1.000000 train_r2=1.000000 test_r2=1.000000 complexity=6 evals=4519
      Livermore-19 run=60 seed=1881455519 time=0.188s reward=1.000000 train_r2=1.000000 test_r2=1.000000 complexity=10 evals=30072
       Livermore-9 run=57 seed=646788872 time=19.504s reward=0.993611 train_r2=0.999959 test_r2=0.999935 complexity=30 evals=2000002
      Livermore-22 run=60 seed=1881455519 time=0.665s reward=1.000000 train_r2=1.000000 test_r2=1.000000 complexity=6 evals=104633
      Livermore-17 run=60 seed=1881455519 time=1.546s reward=1.000000 train_r2=1.000000 test_r2=1.000000 complexity=6 evals=186453
       Livermore-2 run=61 seed=2621623777 time=0.642s reward=1.000000 train_r2=1.000000 test_r2=1.000000 complexity=9 evals=89628
       Livermore-3 run=61 seed=2621623777 time=0.568s reward=1.000000 train_r2=1.000000 test_r2=1.000000 complexity=11 evals=78122
       Livermore-1 run=61 seed=2621623777 time=0.796s reward=1.000000 train_r2=1.000000 test_r2=1.000000 complexity=7 evals=19329
       Livermore-4 run=61 seed=2621623777 time=0.251s reward=1.000000 train_r2=1.000000 test_r2=1.000000 complexity=13 evals=38994
      Livermore-18 run=56 seed=3383119910 time=22.436s reward=0.989891 train_r2=0.999896 test_r2=0.999666 complexity=17 evals=2000012
      Livermore-14 run=57 seed=646788872 time=19.200s reward=0.998821 train_r2=0.999999 test_r2=0.999999 complexity=22 evals=2000002
       Livermore-5 run=61 seed=2621623777 time=1.287s reward=1.000000 train_r2=1.000000 test_r2=1.000000 complexity=14 evals=167864
      Livermore-16 run=58 seed=3169893663 time=16.371s reward=0.987250 train_r2=0.999833 test_r2=0.999768 complexity=17 evals=2000001
      Livermore-21 run=57 seed=646788872 time=18.914s reward=0.991723 train_r2=0.999930 test_r2=0.999937 complexity=25 evals=2000000
      Livermore-11 run=61 seed=2621623777 time=0.338s reward=1.000000 train_r2=1.000000 test_r2=1.000000 complexity=12 evals=52071
      Livermore-13 run=61 seed=2621623777 time=0.041s reward=1.000000 train_r2=1.000000 test_r2=1.000000 complexity=3 evals=7824
       Livermore-9 run=58 seed=3169893663 time=18.015s reward=0.997103 train_r2=0.999992 test_r2=0.999973 complexity=30 evals=2000001
      Livermore-15 run=61 seed=2621623777 time=0.137s reward=1.000000 train_r2=1.000000 test_r2=1.000000 complexity=3 evals=24406
      Livermore-16 run=61 seed=2621623777 time=0.395s reward=1.000000 train_r2=1.000000 test_r2=1.000000 complexity=3 evals=68606
       Livermore-7 run=58 seed=3169893663 time=19.196s reward=0.999678 train_r2=1.000000 test_r2=1.000000 complexity=22 evals=2000001
      Livermore-12 run=60 seed=1881455519 time=6.894s reward=1.000000 train_r2=1.000000 test_r2=1.000000 complexity=7 evals=706588
      Livermore-10 run=58 seed=3169893663 time=19.028s reward=1.000000 train_r2=1.000000 test_r2=1.000000 complexity=6 evals=1981799
      Livermore-17 run=61 seed=2621623777 time=0.389s reward=1.000000 train_r2=1.000000 test_r2=1.000000 complexity=6 evals=67067
      Livermore-20 run=61 seed=2621623777 time=0.046s reward=1.000000 train_r2=1.000000 test_r2=1.000000 complexity=6 evals=8640
      Livermore-19 run=61 seed=2621623777 time=0.344s reward=1.000000 train_r2=1.000000 test_r2=1.000000 complexity=10 evals=50765
      Livermore-14 run=61 seed=2621623777 time=2.071s reward=1.000000 train_r2=1.000000 test_r2=1.000000 complexity=14 evals=263636
       Livermore-6 run=58 seed=3169893663 time=20.603s reward=0.992895 train_r2=0.999949 test_r2=0.999723 complexity=25 evals=2000009
      Livermore-21 run=61 seed=2621623777 time=1.079s reward=1.000000 train_r2=1.000000 test_r2=1.000000 complexity=17 evals=158241
       Livermore-4 run=62 seed=4135381994 time=0.245s reward=1.000000 train_r2=1.000000 test_r2=1.000000 complexity=11 evals=41859
      Livermore-10 run=61 seed=2621623777 time=3.855s reward=1.000000 train_r2=1.000000 test_r2=1.000000 complexity=6 evals=466896
      Livermore-16 run=60 seed=1881455519 time=7.866s reward=1.000000 train_r2=1.000000 test_r2=1.000000 complexity=5 evals=986563
      Livermore-18 run=57 seed=646788872 time=23.082s reward=0.987910 train_r2=0.999850 test_r2=0.999948 complexity=38 evals=2000008
       Livermore-3 run=62 seed=4135381994 time=1.006s reward=1.000000 train_r2=1.000000 test_r2=1.000000 complexity=11 evals=136785
      Livermore-21 run=58 seed=3169893663 time=19.504s reward=0.995108 train_r2=0.999976 test_r2=0.999656 complexity=29 evals=2000001
      Livermore-18 run=58 seed=3169893663 time=20.123s reward=0.980380 train_r2=0.999600 test_r2=0.998986 complexity=20 evals=2000002
       Livermore-7 run=59 seed=314500441 time=18.408s reward=0.999837 train_r2=1.000000 test_r2=1.000000 complexity=8 evals=2000005
       Livermore-1 run=62 seed=4135381994 time=3.140s reward=1.000000 train_r2=1.000000 test_r2=1.000000 complexity=7 evals=74630
      Livermore-13 run=62 seed=4135381994 time=0.141s reward=1.000000 train_r2=1.000000 test_r2=1.000000 complexity=3 evals=23904
      Livermore-10 run=62 seed=4135381994 time=1.314s reward=1.000000 train_r2=1.000000 test_r2=1.000000 complexity=6 evals=173694
      Livermore-11 run=59 seed=314500441 time=17.852s reward=0.999990 train_r2=1.000000 test_r2=1.000000 complexity=12 evals=2000002
      Livermore-12 run=62 seed=4135381994 time=0.262s reward=1.000000 train_r2=1.000000 test_r2=1.000000 complexity=7 evals=36626
       Livermore-8 run=59 seed=314500441 time=18.545s reward=0.999943 train_r2=1.000000 test_r2=1.000000 complexity=14 evals=2000000
       Livermore-2 run=62 seed=4135381994 time=3.286s reward=1.000000 train_r2=1.000000 test_r2=1.000000 complexity=9 evals=375457
      Livermore-19 run=62 seed=4135381994 time=0.201s reward=1.000000 train_r2=1.000000 test_r2=1.000000 complexity=12 evals=34272
      Livermore-20 run=62 seed=4135381994 time=0.036s reward=1.000000 train_r2=1.000000 test_r2=1.000000 complexity=6 evals=6787
      Livermore-15 run=62 seed=4135381994 time=0.922s reward=1.000000 train_r2=1.000000 test_r2=1.000000 complexity=3 evals=130398
      Livermore-22 run=62 seed=4135381994 time=0.126s reward=1.000000 train_r2=1.000000 test_r2=1.000000 complexity=6 evals=21074
       Livermore-2 run=59 seed=314500441 time=20.505s reward=0.999060 train_r2=0.999999 test_r2=0.999999 complexity=35 evals=2000004
       Livermore-9 run=59 seed=314500441 time=19.388s reward=0.988894 train_r2=0.999874 test_r2=0.999839 complexity=32 evals=2000004
       Livermore-3 run=63 seed=2643969318 time=0.302s reward=1.000000 train_r2=1.000000 test_r2=1.000000 complexity=11 evals=44167
      Livermore-14 run=62 seed=4135381994 time=1.824s reward=1.000000 train_r2=1.000000 test_r2=1.000000 complexity=14 evals=231920
       Livermore-4 run=63 seed=2643969318 time=0.239s reward=1.000000 train_r2=1.000000 test_r2=1.000000 complexity=11 evals=35374
      Livermore-22 run=61 seed=2621623777 time=5.470s reward=1.000000 train_r2=1.000000 test_r2=1.000000 complexity=6 evals=647238
       Livermore-6 run=59 seed=314500441 time=20.657s reward=0.995620 train_r2=0.999981 test_r2=0.999977 complexity=33 evals=2000004
       Livermore-8 run=62 seed=4135381994 time=3.854s reward=1.000000 train_r2=1.000000 test_r2=1.000000 complexity=2 evals=473137
      Livermore-21 run=60 seed=1881455519 time=12.357s reward=1.000000 train_r2=1.000000 test_r2=1.000000 complexity=15 evals=1250497
      Livermore-21 run=59 seed=314500441 time=18.359s reward=0.995333 train_r2=0.999978 test_r2=0.999954 complexity=20 evals=2000002
       Livermore-2 run=63 seed=2643969318 time=2.712s reward=1.000000 train_r2=1.000000 test_r2=1.000000 complexity=9 evals=305676
      Livermore-17 run=59 seed=314500441 time=19.196s reward=0.995938 train_r2=0.999983 test_r2=0.999990 complexity=13 evals=2000004
       Livermore-1 run=63 seed=2643969318 time=2.930s reward=1.000000 train_r2=1.000000 test_r2=1.000000 complexity=7 evals=68849
      Livermore-12 run=63 seed=2643969318 time=0.168s reward=1.000000 train_r2=1.000000 test_r2=1.000000 complexity=7 evals=24230
      Livermore-11 run=63 seed=2643969318 time=0.296s reward=1.000000 train_r2=1.000000 test_r2=1.000000 complexity=12 evals=47937
       Livermore-8 run=60 seed=1881455519 time=16.445s reward=0.999964 train_r2=1.000000 test_r2=1.000000 complexity=14 evals=2000003
       Livermore-6 run=61 seed=2621623777 time=11.448s reward=1.000000 train_r2=1.000000 test_r2=1.000000 complexity=17 evals=1193469
      Livermore-13 run=63 seed=2643969318 time=0.462s reward=1.000000 train_r2=1.000000 test_r2=1.000000 complexity=3 evals=76624
      Livermore-15 run=63 seed=2643969318 time=0.423s reward=1.000000 train_r2=1.000000 test_r2=1.000000 complexity=3 evals=67682
      Livermore-14 run=63 seed=2643969318 time=0.539s reward=1.000000 train_r2=1.000000 test_r2=1.000000 complexity=14 evals=79193
      Livermore-20 run=63 seed=2643969318 time=0.108s reward=1.000000 train_r2=1.000000 test_r2=1.000000 complexity=6 evals=19061
      Livermore-19 run=63 seed=2643969318 time=0.407s reward=1.000000 train_r2=1.000000 test_r2=1.000000 complexity=10 evals=61718
      Livermore-22 run=63 seed=2643969318 time=0.274s reward=1.000000 train_r2=1.000000 test_r2=1.000000 complexity=6 evals=44449
       Livermore-7 run=60 seed=1881455519 time=17.265s reward=0.999889 train_r2=1.000000 test_r2=1.000000 complexity=8 evals=2000005
       Livermore-3 run=64 seed=2172690349 time=1.035s reward=1.000000 train_r2=1.000000 test_r2=1.000000 complexity=11 evals=142605
       Livermore-2 run=64 seed=2172690349 time=1.463s reward=1.000000 train_r2=1.000000 test_r2=1.000000 complexity=9 evals=176217
       Livermore-4 run=64 seed=2172690349 time=0.373s reward=1.000000 train_r2=1.000000 test_r2=1.000000 complexity=13 evals=58447
       Livermore-5 run=64 seed=2172690349 time=0.614s reward=1.000000 train_r2=1.000000 test_r2=1.000000 complexity=14 evals=90638
       Livermore-1 run=64 seed=2172690349 time=2.189s reward=1.000000 train_r2=1.000000 test_r2=1.000000 complexity=7 evals=53330
       Livermore-6 run=60 seed=1881455519 time=19.373s reward=0.984234 train_r2=0.999743 test_r2=0.999616 complexity=37 evals=2000002
       Livermore-9 run=60 seed=1881455519 time=19.352s reward=0.992941 train_r2=0.999949 test_r2=0.999374 complexity=17 evals=2000000
      Livermore-17 run=63 seed=2643969318 time=3.434s reward=1.000000 train_r2=1.000000 test_r2=1.000000 complexity=6 evals=410941
      Livermore-11 run=64 seed=2172690349 time=0.166s reward=1.000000 train_r2=1.000000 test_r2=1.000000 complexity=12 evals=27354
      Livermore-21 run=63 seed=2643969318 time=3.389s reward=1.000000 train_r2=1.000000 test_r2=1.000000 complexity=17 evals=390763
      Livermore-13 run=64 seed=2172690349 time=0.164s reward=1.000000 train_r2=1.000000 test_r2=1.000000 complexity=3 evals=27858
       Livermore-5 run=63 seed=2643969318 time=6.445s reward=1.000000 train_r2=1.000000 test_r2=1.000000 complexity=14 evals=699384
      Livermore-16 run=63 seed=2643969318 time=4.267s reward=1.000000 train_r2=1.000000 test_r2=1.000000 complexity=3 evals=560702
      Livermore-14 run=64 seed=2172690349 time=0.458s reward=1.000000 train_r2=1.000000 test_r2=1.000000 complexity=14 evals=66112
      Livermore-18 run=59 seed=314500441 time=23.715s reward=0.987683 train_r2=0.999844 test_r2=0.999764 complexity=25 evals=2000005
      Livermore-16 run=64 seed=2172690349 time=0.416s reward=1.000000 train_r2=1.000000 test_r2=1.000000 complexity=3 evals=68850
      Livermore-14 run=60 seed=1881455519 time=19.629s reward=0.996556 train_r2=0.999988 test_r2=0.999989 complexity=19 evals=2000000
      Livermore-20 run=64 seed=2172690349 time=0.007s reward=1.000000 train_r2=1.000000 test_r2=1.000000 complexity=6 evals=1253
      Livermore-19 run=64 seed=2172690349 time=0.349s reward=1.000000 train_r2=1.000000 test_r2=1.000000 complexity=10 evals=57820
      Livermore-15 run=64 seed=2172690349 time=1.026s reward=1.000000 train_r2=1.000000 test_r2=1.000000 complexity=3 evals=142071
      Livermore-22 run=64 seed=2172690349 time=0.317s reward=1.000000 train_r2=1.000000 test_r2=1.000000 complexity=6 evals=53319
      Livermore-16 run=62 seed=4135381994 time=9.907s reward=1.000000 train_r2=1.000000 test_r2=1.000000 complexity=3 evals=1274711
       Livermore-3 run=65 seed=534831994 time=0.430s reward=1.000000 train_r2=1.000000 test_r2=1.000000 complexity=11 evals=65387
       Livermore-4 run=65 seed=534831994 time=0.243s reward=1.000000 train_r2=1.000000 test_r2=1.000000 complexity=11 evals=39848
       Livermore-2 run=65 seed=534831994 time=1.532s reward=1.000000 train_r2=1.000000 test_r2=1.000000 complexity=9 evals=200882
       Livermore-8 run=61 seed=2621623777 time=18.898s reward=0.999929 train_r2=1.000000 test_r2=1.000000 complexity=14 evals=2000008
       Livermore-7 run=61 seed=2621623777 time=18.894s reward=0.999830 train_r2=1.000000 test_r2=1.000000 complexity=26 evals=2000002
       Livermore-1 run=65 seed=534831994 time=2.576s reward=1.000000 train_r2=1.000000 test_r2=1.000000 complexity=7 evals=60715
       Livermore-5 run=62 seed=4135381994 time=14.219s reward=1.000000 train_r2=1.000000 test_r2=1.000000 complexity=15 evals=1734434
      Livermore-12 run=61 seed=2621623777 time=17.684s reward=0.906084 train_r2=0.989257 test_r2=-0.020415 complexity=28 evals=2000002
       Livermore-9 run=61 seed=2621623777 time=19.895s reward=0.992672 train_r2=0.999946 test_r2=0.999898 complexity=23 evals=2000002
      Livermore-18 run=60 seed=1881455519 time=22.807s reward=0.984177 train_r2=0.999742 test_r2=0.999712 complexity=17 evals=2000008
      Livermore-13 run=65 seed=534831994 time=0.127s reward=1.000000 train_r2=1.000000 test_r2=1.000000 complexity=3 evals=21531
      Livermore-14 run=65 seed=534831994 time=1.330s reward=1.000000 train_r2=1.000000 test_r2=1.000000 complexity=14 evals=170755
      Livermore-15 run=65 seed=534831994 time=0.626s reward=1.000000 train_r2=1.000000 test_r2=1.000000 complexity=3 evals=93722
      Livermore-12 run=64 seed=2172690349 time=7.933s reward=1.000000 train_r2=1.000000 test_r2=1.000000 complexity=7 evals=908334
      Livermore-10 run=63 seed=2643969318 time=12.682s reward=1.000000 train_r2=1.000000 test_r2=1.000000 complexity=6 evals=1238356
      Livermore-11 run=62 seed=4135381994 time=17.798s reward=0.999998 train_r2=1.000000 test_r2=1.000000 complexity=12 evals=2000002
       Livermore-7 run=62 seed=4135381994 time=18.449s reward=0.999801 train_r2=1.000000 test_r2=1.000000 complexity=22 evals=2000001
      Livermore-20 run=65 seed=534831994 time=0.032s reward=1.000000 train_r2=1.000000 test_r2=1.000000 complexity=6 evals=5769
      Livermore-19 run=65 seed=534831994 time=0.369s reward=1.000000 train_r2=1.000000 test_r2=1.000000 complexity=10 evals=59635
      Livermore-22 run=65 seed=534831994 time=0.145s reward=1.000000 train_r2=1.000000 test_r2=1.000000 complexity=6 evals=26217
      Livermore-18 run=64 seed=2172690349 time=8.934s reward=0.999999 train_r2=1.000000 test_r2=1.000000 complexity=9 evals=883751
       Livermore-6 run=62 seed=4135381994 time=19.825s reward=0.989923 train_r2=0.999896 test_r2=0.999885 complexity=25 evals=2000007
      Livermore-16 run=65 seed=534831994 time=3.133s reward=1.000000 train_r2=1.000000 test_r2=1.000000 complexity=3 evals=417324
       Livermore-4 run=66 seed=2701542408 time=0.330s reward=1.000000 train_r2=1.000000 test_r2=1.000000 complexity=11 evals=49552
       Livermore-9 run=62 seed=4135381994 time=20.367s reward=0.993087 train_r2=0.999952 test_r2=0.999889 complexity=29 evals=2000007
       Livermore-1 run=66 seed=2701542408 time=2.168s reward=1.000000 train_r2=1.000000 test_r2=1.000000 complexity=7 evals=52693
       Livermore-2 run=66 seed=2701542408 time=1.983s reward=1.000000 train_r2=1.000000 test_r2=1.000000 complexity=9 evals=243141
      Livermore-17 run=65 seed=534831994 time=3.864s reward=1.000000 train_r2=1.000000 test_r2=1.000000 complexity=6 evals=510059
      Livermore-18 run=61 seed=2621623777 time=23.314s reward=0.948560 train_r2=0.997059 test_r2=0.997160 complexity=49 evals=2000002
      Livermore-21 run=62 seed=4135381994 time=19.382s reward=0.993027 train_r2=0.999951 test_r2=0.999760 complexity=18 evals=2000001
      Livermore-17 run=62 seed=4135381994 time=20.259s reward=0.999697 train_r2=1.000000 test_r2=1.000000 complexity=15 evals=2000003
       Livermore-6 run=65 seed=534831994 time=9.315s reward=1.000000 train_r2=1.000000 test_r2=1.000000 complexity=17 evals=1106294
      Livermore-13 run=66 seed=2701542408 time=0.053s reward=1.000000 train_r2=1.000000 test_r2=1.000000 complexity=3 evals=9800
      Livermore-14 run=66 seed=2701542408 time=0.175s reward=1.000000 train_r2=1.000000 test_r2=1.000000 complexity=14 evals=30405
      Livermore-12 run=66 seed=2701542408 time=0.319s reward=1.000000 train_r2=1.000000 test_r2=1.000000 complexity=7 evals=47043
       Livermore-8 run=63 seed=2643969318 time=18.522s reward=0.999958 train_r2=1.000000 test_r2=1.000000 complexity=14 evals=2000003
      Livermore-15 run=66 seed=2701542408 time=0.143s reward=1.000000 train_r2=1.000000 test_r2=1.000000 complexity=3 evals=26039
       Livermore-7 run=63 seed=2643969318 time=18.858s reward=0.999901 train_r2=1.000000 test_r2=1.000000 complexity=8 evals=2000001
      Livermore-10 run=66 seed=2701542408 time=1.134s reward=1.000000 train_r2=1.000000 test_r2=1.000000 complexity=6 evals=145761
      Livermore-20 run=66 seed=2701542408 time=0.058s reward=1.000000 train_r2=1.000000 test_r2=1.000000 complexity=6 evals=10771
      Livermore-16 run=66 seed=2701542408 time=0.590s reward=1.000000 train_r2=1.000000 test_r2=1.000000 complexity=3 evals=90770
      Livermore-19 run=66 seed=2701542408 time=0.413s reward=1.000000 train_r2=1.000000 test_r2=1.000000 complexity=12 evals=60077
       Livermore-3 run=66 seed=2701542408 time=3.493s reward=1.000000 train_r2=1.000000 test_r2=1.000000 complexity=11 evals=369328
      Livermore-22 run=66 seed=2701542408 time=0.246s reward=1.000000 train_r2=1.000000 test_r2=1.000000 complexity=6 evals=42540
       Livermore-6 run=63 seed=2643969318 time=19.531s reward=0.988842 train_r2=0.999873 test_r2=0.999541 complexity=21 evals=2000004
       Livermore-4 run=67 seed=3905278380 time=0.182s reward=1.000000 train_r2=1.000000 test_r2=1.000000 complexity=11 evals=28936
       Livermore-5 run=67 seed=3905278380 time=0.512s reward=1.000000 train_r2=1.000000 test_r2=1.000000 complexity=15 evals=76864
      Livermore-18 run=62 seed=4135381994 time=21.878s reward=0.926836 train_r2=0.993769 test_r2=0.997080 complexity=34 evals=2000005
       Livermore-2 run=67 seed=3905278380 time=1.003s reward=1.000000 train_r2=1.000000 test_r2=1.000000 complexity=9 evals=134375
       Livermore-9 run=63 seed=2643969318 time=20.239s reward=0.995497 train_r2=0.999980 test_r2=0.999673 complexity=13 evals=2000000
       Livermore-3 run=67 seed=3905278380 time=1.287s reward=1.000000 train_r2=1.000000 test_r2=1.000000 complexity=11 evals=158795
       Livermore-5 run=65 seed=534831994 time=12.960s reward=1.000000 train_r2=1.000000 test_r2=1.000000 complexity=14 evals=1503904
      Livermore-11 run=67 seed=3905278380 time=0.280s reward=1.000000 train_r2=1.000000 test_r2=1.000000 complexity=12 evals=42417
       Livermore-1 run=67 seed=3905278380 time=2.780s reward=1.000000 train_r2=1.000000 test_r2=1.000000 complexity=7 evals=66835
      Livermore-13 run=67 seed=3905278380 time=0.121s reward=1.000000 train_r2=1.000000 test_r2=1.000000 complexity=3 evals=20799
       Livermore-6 run=64 seed=2172690349 time=17.980s reward=0.981321 train_r2=0.999638 test_r2=0.999804 complexity=30 evals=2000008
      Livermore-10 run=67 seed=3905278380 time=1.740s reward=1.000000 train_r2=1.000000 test_r2=1.000000 complexity=6 evals=226776
      Livermore-14 run=67 seed=3905278380 time=0.726s reward=1.000000 train_r2=1.000000 test_r2=1.000000 complexity=14 evals=101196
      Livermore-16 run=67 seed=3905278380 time=0.764s reward=1.000000 train_r2=1.000000 test_r2=1.000000 complexity=3 evals=115606
      Livermore-15 run=67 seed=3905278380 time=0.992s reward=1.000000 train_r2=1.000000 test_r2=1.000000 complexity=3 evals=152967
       Livermore-8 run=64 seed=2172690349 time=18.442s reward=0.999938 train_r2=1.000000 test_r2=1.000000 complexity=14 evals=2000002
      Livermore-20 run=67 seed=3905278380 time=0.012s reward=1.000000 train_r2=1.000000 test_r2=1.000000 complexity=6 evals=2153
      Livermore-19 run=67 seed=3905278380 time=0.396s reward=1.000000 train_r2=1.000000 test_r2=1.000000 complexity=10 evals=65178
      Livermore-22 run=67 seed=3905278380 time=0.110s reward=1.000000 train_r2=1.000000 test_r2=1.000000 complexity=6 evals=20629
       Livermore-7 run=64 seed=2172690349 time=18.905s reward=0.999761 train_r2=1.000000 test_r2=1.000000 complexity=19 evals=2000010
      Livermore-18 run=63 seed=2643969318 time=21.907s reward=0.992312 train_r2=0.999940 test_r2=0.999952 complexity=9 evals=2000000
       Livermore-6 run=66 seed=2701542408 time=7.274s reward=1.000000 train_r2=1.000000 test_r2=1.000000 complexity=17 evals=752221
      Livermore-12 run=67 seed=3905278380 time=2.707s reward=1.000000 train_r2=1.000000 test_r2=1.000000 complexity=7 evals=323272
       Livermore-4 run=68 seed=2580222673 time=0.188s reward=1.000000 train_r2=1.000000 test_r2=1.000000 complexity=11 evals=29669
      Livermore-10 run=65 seed=534831994 time=14.490s reward=1.000000 train_r2=1.000000 test_r2=1.000000 complexity=6 evals=1606469
       Livermore-2 run=68 seed=2580222673 time=0.855s reward=1.000000 train_r2=1.000000 test_r2=1.000000 complexity=9 evals=108761
      Livermore-10 run=64 seed=2172690349 time=19.494s reward=0.991777 train_r2=0.999931 test_r2=0.999910 complexity=28 evals=2000008
       Livermore-9 run=64 seed=2172690349 time=19.788s reward=0.992148 train_r2=0.999937 test_r2=0.999950 complexity=24 evals=2000006
       Livermore-3 run=68 seed=2580222673 time=0.787s reward=1.000000 train_r2=1.000000 test_r2=1.000000 complexity=11 evals=105809
      Livermore-21 run=67 seed=3905278380 time=1.536s reward=1.000000 train_r2=1.000000 test_r2=1.000000 complexity=16 evals=192209
       Livermore-5 run=68 seed=2580222673 time=0.636s reward=1.000000 train_r2=1.000000 test_r2=1.000000 complexity=15 evals=102306
      Livermore-12 run=68 seed=2580222673 time=0.199s reward=1.000000 train_r2=1.000000 test_r2=1.000000 complexity=7 evals=28569
      Livermore-17 run=67 seed=3905278380 time=2.283s reward=1.000000 train_r2=1.000000 test_r2=1.000000 complexity=6 evals=273413
      Livermore-13 run=68 seed=2580222673 time=0.151s reward=1.000000 train_r2=1.000000 test_r2=1.000000 complexity=3 evals=27848
      Livermore-11 run=68 seed=2580222673 time=0.423s reward=1.000000 train_r2=1.000000 test_r2=1.000000 complexity=12 evals=62101
      Livermore-15 run=68 seed=2580222673 time=0.480s reward=1.000000 train_r2=1.000000 test_r2=1.000000 complexity=3 evals=72165
      Livermore-21 run=65 seed=534831994 time=11.427s reward=1.000000 train_r2=1.000000 test_r2=1.000000 complexity=19 evals=1216047
       Livermore-1 run=68 seed=2580222673 time=2.570s reward=1.000000 train_r2=1.000000 test_r2=1.000000 complexity=7 evals=61683
      Livermore-20 run=68 seed=2580222673 time=0.019s reward=1.000000 train_r2=1.000000 test_r2=1.000000 complexity=6 evals=3757
      Livermore-14 run=68 seed=2580222673 time=1.451s reward=1.000000 train_r2=1.000000 test_r2=1.000000 complexity=14 evals=187010
      Livermore-17 run=64 seed=2172690349 time=20.217s reward=0.999627 train_r2=1.000000 test_r2=1.000000 complexity=15 evals=2000004
      Livermore-19 run=68 seed=2580222673 time=0.690s reward=1.000000 train_r2=1.000000 test_r2=1.000000 complexity=12 evals=98267
      Livermore-22 run=68 seed=2580222673 time=0.249s reward=1.000000 train_r2=1.000000 test_r2=1.000000 complexity=6 evals=40633
       Livermore-3 run=69 seed=864589219 time=0.378s reward=1.000000 train_r2=1.000000 test_r2=1.000000 complexity=11 evals=57154
       Livermore-4 run=69 seed=864589219 time=0.257s reward=1.000000 train_r2=1.000000 test_r2=1.000000 complexity=11 evals=42229
      Livermore-17 run=68 seed=2580222673 time=2.275s reward=1.000000 train_r2=1.000000 test_r2=1.000000 complexity=6 evals=287758
       Livermore-2 run=69 seed=864589219 time=0.793s reward=1.000000 train_r2=1.000000 test_r2=1.000000 complexity=9 evals=106357
      Livermore-21 run=64 seed=2172690349 time=20.561s reward=0.996114 train_r2=0.999985 test_r2=0.999988 complexity=27 evals=2000000
      Livermore-12 run=65 seed=534831994 time=16.675s reward=1.000000 train_r2=1.000000 test_r2=1.000000 complexity=7 evals=1715999
       Livermore-5 run=69 seed=864589219 time=0.397s reward=1.000000 train_r2=1.000000 test_r2=1.000000 complexity=14 evals=63785
      Livermore-17 run=66 seed=2701542408 time=10.109s reward=1.000000 train_r2=1.000000 test_r2=1.000000 complexity=6 evals=1061643
       Livermore-7 run=65 seed=534831994 time=19.001s reward=0.999792 train_r2=1.000000 test_r2=1.000000 complexity=23 evals=2000005
       Livermore-6 run=67 seed=3905278380 time=8.725s reward=1.000000 train_r2=1.000000 test_r2=1.000000 complexity=17 evals=884549
       Livermore-8 run=65 seed=534831994 time=19.154s reward=0.999940 train_r2=1.000000 test_r2=1.000000 complexity=14 evals=2000001
      Livermore-13 run=69 seed=864589219 time=0.132s reward=1.000000 train_r2=1.000000 test_r2=1.000000 complexity=3 evals=22839
       Livermore-1 run=69 seed=864589219 time=2.511s reward=1.000000 train_r2=1.000000 test_r2=1.000000 complexity=7 evals=60446
      Livermore-15 run=69 seed=864589219 time=0.432s reward=1.000000 train_r2=1.000000 test_r2=1.000000 complexity=3 evals=66440
       Livermore-6 run=69 seed=864589219 time=1.893s reward=1.000000 train_r2=1.000000 test_r2=1.000000 complexity=17 evals=240006
      Livermore-11 run=65 seed=534831994 time=19.002s reward=0.999999 train_r2=1.000000 test_r2=1.000000 complexity=12 evals=2000003
      Livermore-19 run=69 seed=864589219 time=0.529s reward=1.000000 train_r2=1.000000 test_r2=1.000000 complexity=10 evals=82107
      Livermore-20 run=69 seed=864589219 time=0.056s reward=1.000000 train_r2=1.000000 test_r2=1.000000 complexity=6 evals=10149
      Livermore-16 run=69 seed=864589219 time=1.530s reward=1.000000 train_r2=1.000000 test_r2=1.000000 complexity=3 evals=206495
      Livermore-14 run=69 seed=864589219 time=1.801s reward=1.000000 train_r2=1.000000 test_r2=1.000000 complexity=14 evals=224657
       Livermore-9 run=65 seed=534831994 time=20.836s reward=0.991360 train_r2=0.999924 test_r2=0.999962 complexity=31 evals=2000000
       Livermore-2 run=70 seed=2499012356 time=0.673s reward=1.000000 train_r2=1.000000 test_r2=1.000000 complexity=9 evals=90803
       Livermore-3 run=70 seed=2499012356 time=0.644s reward=1.000000 train_r2=1.000000 test_r2=1.000000 complexity=11 evals=89085
       Livermore-4 run=70 seed=2499012356 time=0.181s reward=1.000000 train_r2=1.000000 test_r2=1.000000 complexity=11 evals=27569
      Livermore-22 run=69 seed=864589219 time=2.280s reward=1.000000 train_r2=1.000000 test_r2=1.000000 complexity=6 evals=287488
      Livermore-12 run=69 seed=864589219 time=4.389s reward=1.000000 train_r2=1.000000 test_r2=1.000000 complexity=7 evals=411661
       Livermore-5 run=66 seed=2701542408 time=17.197s reward=1.000000 train_r2=1.000000 test_r2=1.000000 complexity=14 evals=1764378
       Livermore-5 run=70 seed=2499012356 time=1.571s reward=1.000000 train_r2=1.000000 test_r2=1.000000 complexity=14 evals=205093
      Livermore-10 run=68 seed=2580222673 time=9.916s reward=1.000000 train_r2=1.000000 test_r2=1.000000 complexity=6 evals=1079858
       Livermore-7 run=66 seed=2701542408 time=17.583s reward=0.999786 train_r2=1.000000 test_r2=1.000000 complexity=22 evals=2000003
      Livermore-18 run=65 seed=534831994 time=20.896s reward=0.953869 train_r2=0.997661 test_r2=0.998729 complexity=21 evals=2000001
      Livermore-12 run=70 seed=2499012356 time=0.201s reward=1.000000 train_r2=1.000000 test_r2=1.000000 complexity=7 evals=28801
      Livermore-13 run=70 seed=2499012356 time=0.053s reward=1.000000 train_r2=1.000000 test_r2=1.000000 complexity=3 evals=9443
      Livermore-11 run=70 seed=2499012356 time=0.727s reward=0.999999 train_r2=1.000000 test_r2=1.000000 complexity=12 evals=103124
      Livermore-15 run=70 seed=2499012356 time=0.108s reward=1.000000 train_r2=1.000000 test_r2=1.000000 complexity=3 evals=18645
      Livermore-11 run=66 seed=2701542408 time=17.941s reward=0.999998 train_r2=1.000000 test_r2=1.000000 complexity=12 evals=2000002
       Livermore-1 run=70 seed=2499012356 time=5.218s reward=1.000000 train_r2=1.000000 test_r2=1.000000 complexity=7 evals=124511
       Livermore-9 run=66 seed=2701542408 time=18.278s reward=0.992226 train_r2=0.999939 test_r2=0.999963 complexity=37 evals=2000000
      Livermore-16 run=70 seed=2499012356 time=0.566s reward=1.000000 train_r2=1.000000 test_r2=1.000000 complexity=3 evals=91239
      Livermore-20 run=70 seed=2499012356 time=0.028s reward=1.000000 train_r2=1.000000 test_r2=1.000000 complexity=6 evals=5424
      Livermore-19 run=70 seed=2499012356 time=0.127s reward=1.000000 train_r2=1.000000 test_r2=1.000000 complexity=10 evals=22816
      Livermore-22 run=70 seed=2499012356 time=0.095s reward=1.000000 train_r2=1.000000 test_r2=1.000000 complexity=6 evals=18252
       Livermore-8 run=66 seed=2701542408 time=18.958s reward=0.999945 train_r2=1.000000 test_r2=1.000000 complexity=14 evals=2000007
      Livermore-21 run=69 seed=864589219 time=6.624s reward=1.000000 train_r2=1.000000 test_r2=1.000000 complexity=19 evals=757383
      Livermore-14 run=70 seed=2499012356 time=1.754s reward=1.000000 train_r2=1.000000 test_r2=1.000000 complexity=14 evals=218759
       Livermore-4 run=71 seed=1980462661 time=0.111s reward=1.000000 train_r2=1.000000 test_r2=1.000000 complexity=11 evals=17837
       Livermore-2 run=71 seed=1980462661 time=0.923s reward=1.000000 train_r2=1.000000 test_r2=1.000000 complexity=9 evals=123383
       Livermore-3 run=71 seed=1980462661 time=0.678s reward=1.000000 train_r2=1.000000 test_r2=1.000000 complexity=11 evals=99103
      Livermore-21 run=66 seed=2701542408 time=19.330s reward=0.992697 train_r2=0.999946 test_r2=0.999949 complexity=18 evals=2000000
       Livermore-1 run=71 seed=1980462661 time=1.912s reward=1.000000 train_r2=1.000000 test_r2=1.000000 complexity=7 evals=46786
       Livermore-8 run=67 seed=3905278380 time=18.095s reward=0.999937 train_r2=1.000000 test_r2=1.000000 complexity=14 evals=2000007
      Livermore-18 run=66 seed=2701542408 time=19.899s reward=0.951845 train_r2=0.997441 test_r2=0.996776 complexity=34 evals=2000004
       Livermore-7 run=67 seed=3905278380 time=18.724s reward=0.999824 train_r2=1.000000 test_r2=1.000000 complexity=8 evals=2000003
      Livermore-11 run=71 seed=1980462661 time=0.448s reward=0.999999 train_r2=1.000000 test_r2=1.000000 complexity=12 evals=69353
      Livermore-13 run=71 seed=1980462661 time=0.048s reward=1.000000 train_r2=1.000000 test_r2=1.000000 complexity=3 evals=9164
      Livermore-17 run=69 seed=864589219 time=9.818s reward=1.000000 train_r2=1.000000 test_r2=1.000000 complexity=6 evals=1055331
       Livermore-5 run=71 seed=1980462661 time=1.934s reward=1.000000 train_r2=1.000000 test_r2=1.000000 complexity=16 evals=239063
      Livermore-15 run=71 seed=1980462661 time=0.319s reward=1.000000 train_r2=1.000000 test_r2=1.000000 complexity=3 evals=51844
      Livermore-14 run=71 seed=1980462661 time=0.399s reward=1.000000 train_r2=1.000000 test_r2=1.000000 complexity=14 evals=67251
      Livermore-16 run=71 seed=1980462661 time=0.601s reward=1.000000 train_r2=1.000000 test_r2=1.000000 complexity=3 evals=86936
       Livermore-9 run=67 seed=3905278380 time=19.957s reward=0.992267 train_r2=0.999939 test_r2=0.999924 complexity=36 evals=2000004
      Livermore-20 run=71 seed=1980462661 time=0.031s reward=1.000000 train_r2=1.000000 test_r2=1.000000 complexity=6 evals=5550
      Livermore-18 run=68 seed=2580222673 time=14.852s reward=0.999999 train_r2=1.000000 test_r2=1.000000 complexity=9 evals=1416918
      Livermore-19 run=71 seed=1980462661 time=0.684s reward=1.000000 train_r2=1.000000 test_r2=1.000000 complexity=10 evals=94054
      Livermore-22 run=71 seed=1980462661 time=0.285s reward=1.000000 train_r2=1.000000 test_r2=1.000000 complexity=6 evals=46619
      Livermore-10 run=71 seed=1980462661 time=2.595s reward=1.000000 train_r2=1.000000 test_r2=1.000000 complexity=6 evals=327550
      Livermore-16 run=68 seed=2580222673 time=15.914s reward=0.969826 train_r2=0.999032 test_r2=0.998307 complexity=15 evals=2000008
       Livermore-4 run=72 seed=2452680695 time=0.205s reward=1.000000 train_r2=1.000000 test_r2=1.000000 complexity=13 evals=35124
       Livermore-2 run=72 seed=2452680695 time=1.036s reward=1.000000 train_r2=1.000000 test_r2=1.000000 complexity=9 evals=134466
       Livermore-7 run=68 seed=2580222673 time=17.302s reward=0.999904 train_r2=1.000000 test_r2=1.000000 complexity=30 evals=2000000
       Livermore-3 run=72 seed=2452680695 time=1.365s reward=1.000000 train_r2=1.000000 test_r2=1.000000 complexity=11 evals=163858
       Livermore-8 run=68 seed=2580222673 time=17.917s reward=0.999955 train_r2=1.000000 test_r2=1.000000 complexity=14 evals=2000000
      Livermore-17 run=71 seed=1980462661 time=3.517s reward=1.000000 train_r2=1.000000 test_r2=1.000000 complexity=6 evals=420109
       Livermore-1 run=72 seed=2452680695 time=2.755s reward=1.000000 train_r2=1.000000 test_r2=1.000000 complexity=7 evals=64270
       Livermore-9 run=68 seed=2580222673 time=19.167s reward=0.996034 train_r2=0.999984 test_r2=0.999798 complexity=20 evals=2000000
       Livermore-6 run=68 seed=2580222673 time=20.120s reward=0.990799 train_r2=0.999914 test_r2=0.999887 complexity=37 evals=2000001
      Livermore-21 run=68 seed=2580222673 time=18.494s reward=0.995395 train_r2=0.999979 test_r2=0.999953 complexity=20 evals=2000005
      Livermore-13 run=72 seed=2452680695 time=0.317s reward=1.000000 train_r2=1.000000 test_r2=1.000000 complexity=3 evals=31098
      Livermore-18 run=67 seed=3905278380 time=22.301s reward=0.952919 train_r2=0.997559 test_r2=0.997382 complexity=28 evals=2000007
      Livermore-11 run=72 seed=2452680695 time=2.521s reward=1.000000 train_r2=1.000000 test_r2=1.000000 complexity=12 evals=253235
      Livermore-16 run=72 seed=2452680695 time=0.367s reward=1.000000 train_r2=1.000000 test_r2=1.000000 complexity=3 evals=56690
      Livermore-12 run=72 seed=2452680695 time=2.538s reward=1.000000 train_r2=1.000000 test_r2=1.000000 complexity=7 evals=289256
       Livermore-7 run=69 seed=864589219 time=18.885s reward=0.999836 train_r2=1.000000 test_r2=1.000000 complexity=38 evals=2000003
      Livermore-20 run=72 seed=2452680695 time=0.008s reward=1.000000 train_r2=1.000000 test_r2=1.000000 complexity=6 evals=1476
      Livermore-19 run=72 seed=2452680695 time=0.188s reward=1.000000 train_r2=1.000000 test_r2=1.000000 complexity=10 evals=32605
       Livermore-8 run=69 seed=864589219 time=19.375s reward=0.999945 train_r2=1.000000 test_r2=1.000000 complexity=14 evals=2000003
      Livermore-14 run=72 seed=2452680695 time=1.907s reward=1.000000 train_r2=1.000000 test_r2=1.000000 complexity=14 evals=259878
       Livermore-2 run=73 seed=3630032764 time=0.321s reward=1.000000 train_r2=1.000000 test_r2=1.000000 complexity=9 evals=49047
      Livermore-21 run=71 seed=1980462661 time=6.905s reward=1.000000 train_r2=1.000000 test_r2=1.000000 complexity=15 evals=715241
      Livermore-22 run=72 seed=2452680695 time=0.564s reward=1.000000 train_r2=1.000000 test_r2=1.000000 complexity=6 evals=93491
       Livermore-9 run=69 seed=864589219 time=19.630s reward=0.990700 train_r2=0.999912 test_r2=0.998353 complexity=20 evals=2000000
       Livermore-4 run=73 seed=3630032764 time=0.326s reward=1.000000 train_r2=1.000000 test_r2=1.000000 complexity=13 evals=48682
       Livermore-3 run=73 seed=3630032764 time=0.610s reward=1.000000 train_r2=1.000000 test_r2=1.000000 complexity=11 evals=91790
      Livermore-17 run=72 seed=2452680695 time=2.176s reward=1.000000 train_r2=1.000000 test_r2=1.000000 complexity=6 evals=256823
       Livermore-6 run=72 seed=2452680695 time=6.586s reward=1.000000 train_r2=1.000000 test_r2=1.000000 complexity=17 evals=646676
      Livermore-11 run=69 seed=864589219 time=20.238s reward=0.999999 train_r2=1.000000 test_r2=1.000000 complexity=12 evals=2000000
       Livermore-5 run=72 seed=2452680695 time=7.818s reward=1.000000 train_r2=1.000000 test_r2=1.000000 complexity=14 evals=938006
      Livermore-10 run=69 seed=864589219 time=21.557s reward=0.992871 train_r2=0.999948 test_r2=0.999959 complexity=30 evals=2000000
      Livermore-13 run=73 seed=3630032764 time=0.167s reward=1.000000 train_r2=1.000000 test_r2=1.000000 complexity=3 evals=28595
      Livermore-12 run=71 seed=1980462661 time=10.936s reward=1.000000 train_r2=1.000000 test_r2=1.000000 complexity=7 evals=1064867
      Livermore-15 run=73 seed=3630032764 time=0.372s reward=1.000000 train_r2=1.000000 test_r2=1.000000 complexity=3 evals=59086
      Livermore-18 run=69 seed=864589219 time=20.768s reward=0.992635 train_r2=0.999945 test_r2=0.999858 complexity=29 evals=2000004
      Livermore-14 run=73 seed=3630032764 time=1.691s reward=1.000000 train_r2=1.000000 test_r2=1.000000 complexity=14 evals=222934
       Livermore-7 run=70 seed=2499012356 time=19.301s reward=0.999813 train_r2=1.000000 test_r2=1.000000 complexity=8 evals=2000000
      Livermore-21 run=72 seed=2452680695 time=5.881s reward=1.000000 train_r2=1.000000 test_r2=1.000000 complexity=19 evals=657333
      Livermore-20 run=73 seed=3630032764 time=0.009s reward=1.000000 train_r2=1.000000 test_r2=1.000000 complexity=6 evals=1721
      Livermore-17 run=73 seed=3630032764 time=2.204s reward=1.000000 train_r2=1.000000 test_r2=1.000000 complexity=6 evals=278436
       Livermore-6 run=70 seed=2499012356 time=19.486s reward=0.997545 train_r2=0.999994 test_r2=0.999431 complexity=31 evals=2000007
       Livermore-8 run=70 seed=2499012356 time=18.619s reward=0.999940 train_r2=1.000000 test_r2=1.000000 complexity=14 evals=2000000
      Livermore-22 run=73 seed=3630032764 time=0.103s reward=1.000000 train_r2=1.000000 test_r2=1.000000 complexity=6 evals=18411
      Livermore-19 run=73 seed=3630032764 time=0.242s reward=1.000000 train_r2=1.000000 test_r2=1.000000 complexity=10 evals=37781
       Livermore-1 run=73 seed=3630032764 time=5.780s reward=1.000000 train_r2=1.000000 test_r2=1.000000 complexity=7 evals=124778
       Livermore-4 run=74 seed=4174106357 time=0.039s reward=1.000000 train_r2=1.000000 test_r2=1.000000 complexity=11 evals=6816
       Livermore-2 run=74 seed=4174106357 time=0.556s reward=1.000000 train_r2=1.000000 test_r2=1.000000 complexity=9 evals=78411
       Livermore-3 run=74 seed=4174106357 time=0.924s reward=1.000000 train_r2=1.000000 test_r2=1.000000 complexity=11 evals=120798
       Livermore-9 run=70 seed=2499012356 time=20.695s reward=0.987182 train_r2=0.999831 test_r2=0.999331 complexity=22 evals=2000008
      Livermore-10 run=70 seed=2499012356 time=20.470s reward=0.996782 train_r2=0.999990 test_r2=0.999997 complexity=15 evals=2000004
      Livermore-21 run=70 seed=2499012356 time=19.177s reward=0.998869 train_r2=0.999999 test_r2=0.999368 complexity=27 evals=2000004
      Livermore-11 run=74 seed=4174106357 time=0.214s reward=0.999999 train_r2=1.000000 test_r2=1.000000 complexity=12 evals=33963
      Livermore-17 run=70 seed=2499012356 time=20.022s reward=0.994923 train_r2=0.999974 test_r2=0.999992 complexity=19 evals=2000003
       Livermore-7 run=71 seed=1980462661 time=18.497s reward=0.999848 train_r2=1.000000 test_r2=1.000000 complexity=8 evals=2000004
      Livermore-10 run=74 seed=4174106357 time=0.909s reward=1.000000 train_r2=1.000000 test_r2=1.000000 complexity=6 evals=130743
      Livermore-13 run=74 seed=4174106357 time=0.284s reward=1.000000 train_r2=1.000000 test_r2=1.000000 complexity=3 evals=48960
      Livermore-15 run=74 seed=4174106357 time=0.238s reward=1.000000 train_r2=1.000000 test_r2=1.000000 complexity=3 evals=41430
      Livermore-18 run=72 seed=2452680695 time=10.296s reward=0.999999 train_r2=1.000000 test_r2=1.000000 complexity=9 evals=1002704
       Livermore-1 run=74 seed=4174106357 time=3.793s reward=1.000000 train_r2=1.000000 test_r2=1.000000 complexity=7 evals=90042
      Livermore-16 run=74 seed=4174106357 time=0.394s reward=1.000000 train_r2=1.000000 test_r2=1.000000 complexity=3 evals=67026
      Livermore-14 run=74 seed=4174106357 time=0.517s reward=1.000000 train_r2=1.000000 test_r2=1.000000 complexity=14 evals=81109
      Livermore-20 run=74 seed=4174106357 time=0.030s reward=1.000000 train_r2=1.000000 test_r2=1.000000 complexity=6 evals=5460
      Livermore-19 run=74 seed=4174106357 time=0.187s reward=1.000000 train_r2=1.000000 test_r2=1.000000 complexity=10 evals=30338
      Livermore-12 run=74 seed=4174106357 time=1.207s reward=1.000000 train_r2=1.000000 test_r2=1.000000 complexity=7 evals=149351
      Livermore-22 run=74 seed=4174106357 time=0.458s reward=1.000000 train_r2=1.000000 test_r2=1.000000 complexity=6 evals=73896
       Livermore-8 run=71 seed=1980462661 time=18.895s reward=0.999947 train_r2=1.000000 test_r2=1.000000 complexity=14 evals=2000001
       Livermore-9 run=71 seed=1980462661 time=18.779s reward=0.988878 train_r2=0.999874 test_r2=0.999644 complexity=22 evals=2000005
      Livermore-21 run=74 seed=4174106357 time=0.644s reward=1.000000 train_r2=1.000000 test_r2=1.000000 complexity=15 evals=97033
       Livermore-4 run=75 seed=867240961 time=0.610s reward=1.000000 train_r2=1.000000 test_r2=1.000000 complexity=13 evals=86518
       Livermore-5 run=75 seed=867240961 time=0.552s reward=1.000000 train_r2=1.000000 test_r2=1.000000 complexity=14 evals=87796
       Livermore-6 run=73 seed=3630032764 time=10.101s reward=1.000000 train_r2=1.000000 test_r2=1.000000 complexity=17 evals=1089649
       Livermore-2 run=75 seed=867240961 time=1.027s reward=1.000000 train_r2=1.000000 test_r2=1.000000 complexity=9 evals=144902
       Livermore-3 run=75 seed=867240961 time=0.997s reward=1.000000 train_r2=1.000000 test_r2=1.000000 complexity=11 evals=138551
      Livermore-11 run=75 seed=867240961 time=0.085s reward=1.000000 train_r2=1.000000 test_r2=1.000000 complexity=12 evals=14984
      Livermore-16 run=73 seed=3630032764 time=8.160s reward=1.000000 train_r2=1.000000 test_r2=1.000000 complexity=5 evals=1033266
       Livermore-6 run=71 seed=1980462661 time=20.837s reward=0.988263 train_r2=0.999859 test_r2=0.999882 complexity=34 evals=2000007
      Livermore-13 run=75 seed=867240961 time=0.199s reward=1.000000 train_r2=1.000000 test_r2=1.000000 complexity=3 evals=33824
      Livermore-15 run=75 seed=867240961 time=0.431s reward=1.000000 train_r2=1.000000 test_r2=1.000000 complexity=3 evals=65779
       Livermore-7 run=72 seed=2452680695 time=17.137s reward=0.999853 train_r2=1.000000 test_r2=1.000000 complexity=8 evals=2000003
      Livermore-18 run=71 seed=1980462661 time=19.611s reward=0.981857 train_r2=0.999659 test_r2=0.999700 complexity=14 evals=2000007
       Livermore-1 run=75 seed=867240961 time=2.613s reward=1.000000 train_r2=1.000000 test_r2=1.000000 complexity=7 evals=62580
       Livermore-6 run=74 seed=4174106357 time=6.620s reward=1.000000 train_r2=1.000000 test_r2=1.000000 complexity=17 evals=702400
      Livermore-20 run=75 seed=867240961 time=0.009s reward=1.000000 train_r2=1.000000 test_r2=1.000000 complexity=6 evals=1719
      Livermore-18 run=70 seed=2499012356 time=23.382s reward=0.987497 train_r2=0.999840 test_r2=0.999823 complexity=25 evals=2000003
      Livermore-19 run=75 seed=867240961 time=0.480s reward=1.000000 train_r2=1.000000 test_r2=1.000000 complexity=10 evals=71248
      Livermore-14 run=75 seed=867240961 time=1.481s reward=1.000000 train_r2=1.000000 test_r2=1.000000 complexity=14 evals=188466
      Livermore-22 run=75 seed=867240961 time=0.493s reward=1.000000 train_r2=1.000000 test_r2=1.000000 complexity=6 evals=79233
       Livermore-5 run=73 seed=3630032764 time=12.843s reward=1.000000 train_r2=1.000000 test_r2=1.000000 complexity=14 evals=1500102
      Livermore-16 run=75 seed=867240961 time=1.327s reward=1.000000 train_r2=1.000000 test_r2=1.000000 complexity=3 evals=182121
      Livermore-21 run=75 seed=867240961 time=1.020s reward=1.000000 train_r2=1.000000 test_r2=1.000000 complexity=15 evals=135697
       Livermore-4 run=76 seed=1596437698 time=0.311s reward=1.000000 train_r2=1.000000 test_r2=1.000000 complexity=13 evals=51772
       Livermore-3 run=76 seed=1596437698 time=1.299s reward=1.000000 train_r2=1.000000 test_r2=1.000000 complexity=11 evals=166978
       Livermore-8 run=72 seed=2452680695 time=19.422s reward=0.999953 train_r2=1.000000 test_r2=1.000000 complexity=14 evals=2000000
       Livermore-1 run=76 seed=1596437698 time=2.168s reward=1.000000 train_r2=1.000000 test_r2=1.000000 complexity=7 evals=52562
      Livermore-17 run=75 seed=867240961 time=3.210s reward=1.000000 train_r2=1.000000 test_r2=1.000000 complexity=6 evals=448873
      Livermore-10 run=75 seed=867240961 time=4.244s reward=1.000000 train_r2=1.000000 test_r2=1.000000 complexity=6 evals=543302
      Livermore-11 run=76 seed=1596437698 time=0.228s reward=1.000000 train_r2=1.000000 test_r2=1.000000 complexity=12 evals=38931
      Livermore-13 run=76 seed=1596437698 time=0.199s reward=1.000000 train_r2=1.000000 test_r2=1.000000 complexity=3 evals=35633
       Livermore-9 run=72 seed=2452680695 time=20.092s reward=0.996171 train_r2=0.999985 test_r2=0.999942 complexity=27 evals=2000000
       Livermore-5 run=74 seed=4174106357 time=10.192s reward=1.000000 train_r2=1.000000 test_r2=1.000000 complexity=14 evals=1117220
      Livermore-15 run=72 seed=2452680695 time=17.831s reward=1.000000 train_r2=1.000000 test_r2=1.000000 complexity=3 evals=1777318
       Livermore-5 run=76 seed=1596437698 time=2.789s reward=1.000000 train_r2=1.000000 test_r2=1.000000 complexity=15 evals=332717
      Livermore-15 run=76 seed=1596437698 time=0.328s reward=1.000000 train_r2=1.000000 test_r2=1.000000 complexity=3 evals=51975
      Livermore-16 run=76 seed=1596437698 time=0.744s reward=1.000000 train_r2=1.000000 test_r2=1.000000 complexity=3 evals=108741
      Livermore-20 run=76 seed=1596437698 time=0.010s reward=1.000000 train_r2=1.000000 test_r2=1.000000 complexity=6 evals=1967
      Livermore-19 run=76 seed=1596437698 time=0.572s reward=1.000000 train_r2=1.000000 test_r2=1.000000 complexity=10 evals=80671
      Livermore-14 run=76 seed=1596437698 time=1.244s reward=1.000000 train_r2=1.000000 test_r2=1.000000 complexity=14 evals=179469
      Livermore-12 run=76 seed=1596437698 time=1.785s reward=1.000000 train_r2=1.000000 test_r2=1.000000 complexity=24 evals=226485
      Livermore-10 run=72 seed=2452680695 time=21.237s reward=0.997456 train_r2=0.999993 test_r2=0.999997 complexity=15 evals=2000001
       Livermore-8 run=73 seed=3630032764 time=16.733s reward=0.999967 train_r2=1.000000 test_r2=1.000000 complexity=14 evals=2000004
       Livermore-4 run=77 seed=3765576040 time=0.103s reward=1.000000 train_r2=1.000000 test_r2=1.000000 complexity=11 evals=18046
       Livermore-2 run=77 seed=3765576040 time=0.676s reward=1.000000 train_r2=1.000000 test_r2=1.000000 complexity=9 evals=93979
       Livermore-6 run=76 seed=1596437698 time=4.496s reward=1.000000 train_r2=1.000000 test_r2=1.000000 complexity=17 evals=500183
      Livermore-22 run=76 seed=1596437698 time=1.391s reward=1.000000 train_r2=1.000000 test_r2=1.000000 complexity=6 evals=181550
       Livermore-5 run=77 seed=3765576040 time=0.443s reward=1.000000 train_r2=1.000000 test_r2=1.000000 complexity=14 evals=68443
      Livermore-17 run=76 seed=1596437698 time=2.393s reward=1.000000 train_r2=1.000000 test_r2=1.000000 complexity=6 evals=295077
      Livermore-21 run=76 seed=1596437698 time=2.202s reward=1.000000 train_r2=1.000000 test_r2=1.000000 complexity=15 evals=257753
      Livermore-11 run=77 seed=3765576040 time=0.125s reward=1.000000 train_r2=1.000000 test_r2=1.000000 complexity=12 evals=19491
       Livermore-7 run=73 seed=3630032764 time=19.166s reward=0.999910 train_r2=1.000000 test_r2=1.000000 complexity=8 evals=2000001
       Livermore-3 run=77 seed=3765576040 time=2.613s reward=1.000000 train_r2=1.000000 test_r2=1.000000 complexity=11 evals=297211
      Livermore-11 run=73 seed=3630032764 time=18.585s reward=0.999999 train_r2=1.000000 test_r2=1.000000 complexity=12 evals=2000001
       Livermore-1 run=77 seed=3765576040 time=3.353s reward=1.000000 train_r2=1.000000 test_r2=1.000000 complexity=7 evals=81506
      Livermore-14 run=77 seed=3765576040 time=0.478s reward=1.000000 train_r2=1.000000 test_r2=1.000000 complexity=14 evals=69647
      Livermore-18 run=75 seed=867240961 time=8.402s reward=0.999999 train_r2=1.000000 test_r2=1.000000 complexity=9 evals=945538
      Livermore-12 run=75 seed=867240961 time=9.590s reward=1.000000 train_r2=1.000000 test_r2=1.000000 complexity=7 evals=972272
      Livermore-15 run=77 seed=3765576040 time=0.621s reward=1.000000 train_r2=1.000000 test_r2=1.000000 complexity=3 evals=96367
      Livermore-20 run=77 seed=3765576040 time=0.021s reward=1.000000 train_r2=1.000000 test_r2=1.000000 complexity=6 evals=4191
       Livermore-9 run=73 seed=3630032764 time=19.849s reward=0.997418 train_r2=0.999993 test_r2=0.998980 complexity=24 evals=2000008
      Livermore-22 run=77 seed=3765576040 time=0.227s reward=1.000000 train_r2=1.000000 test_r2=1.000000 complexity=6 evals=37033
      Livermore-12 run=77 seed=3765576040 time=2.129s reward=1.000000 train_r2=1.000000 test_r2=1.000000 complexity=7 evals=262932
      Livermore-17 run=77 seed=3765576040 time=0.738s reward=1.000000 train_r2=1.000000 test_r2=1.000000 complexity=6 evals=105229
      Livermore-19 run=77 seed=3765576040 time=0.780s reward=1.000000 train_r2=1.000000 test_r2=1.000000 complexity=12 evals=112873
       Livermore-3 run=78 seed=1820974996 time=0.326s reward=1.000000 train_r2=1.000000 test_r2=1.000000 complexity=11 evals=48989
       Livermore-4 run=78 seed=1820974996 time=0.153s reward=1.000000 train_r2=1.000000 test_r2=1.000000 complexity=11 evals=25791
       Livermore-2 run=78 seed=1820974996 time=0.899s reward=1.000000 train_r2=1.000000 test_r2=1.000000 complexity=9 evals=111413
       Livermore-5 run=78 seed=1820974996 time=0.515s reward=1.000000 train_r2=1.000000 test_r2=1.000000 complexity=14 evals=75463
      Livermore-10 run=73 seed=3630032764 time=20.712s reward=0.988820 train_r2=0.999872 test_r2=0.999737 complexity=41 evals=2000002
      Livermore-18 run=77 seed=3765576040 time=2.283s reward=0.999999 train_r2=1.000000 test_r2=1.000000 complexity=9 evals=297283
       Livermore-1 run=78 seed=1820974996 time=3.081s reward=1.000000 train_r2=1.000000 test_r2=1.000000 complexity=7 evals=71173
       Livermore-7 run=74 seed=4174106357 time=18.786s reward=0.999849 train_r2=1.000000 test_r2=1.000000 complexity=8 evals=2000001
      Livermore-21 run=73 seed=3630032764 time=19.630s reward=0.998308 train_r2=0.999997 test_r2=0.999882 complexity=32 evals=2000001
      Livermore-12 run=73 seed=3630032764 time=22.147s reward=0.912258 train_r2=0.990749 test_r2=-0.038891 complexity=70 evals=2000007
       Livermore-8 run=74 seed=4174106357 time=18.901s reward=0.999953 train_r2=1.000000 test_r2=1.000000 complexity=14 evals=2000002
      Livermore-14 run=78 seed=1820974996 time=0.154s reward=1.000000 train_r2=1.000000 test_r2=1.000000 complexity=14 evals=26268
      Livermore-12 run=78 seed=1820974996 time=0.778s reward=1.000000 train_r2=1.000000 test_r2=1.000000 complexity=7 evals=90677
      Livermore-18 run=73 seed=3630032764 time=21.612s reward=0.999999 train_r2=1.000000 test_r2=1.000000 complexity=9 evals=2000004
      Livermore-15 run=78 seed=1820974996 time=0.565s reward=1.000000 train_r2=1.000000 test_r2=1.000000 complexity=3 evals=85353
      Livermore-11 run=78 seed=1820974996 time=1.777s reward=1.000000 train_r2=1.000000 test_r2=1.000000 complexity=12 evals=190020
      Livermore-20 run=78 seed=1820974996 time=0.002s reward=1.000000 train_r2=1.000000 test_r2=1.000000 complexity=6 evals=419
      Livermore-19 run=78 seed=1820974996 time=0.475s reward=1.000000 train_r2=1.000000 test_r2=1.000000 complexity=12 evals=70433
      Livermore-22 run=78 seed=1820974996 time=0.452s reward=1.000000 train_r2=1.000000 test_r2=1.000000 complexity=6 evals=71703
       Livermore-9 run=74 seed=4174106357 time=19.780s reward=0.991080 train_r2=0.999919 test_r2=0.999933 complexity=25 evals=2000004
       Livermore-8 run=75 seed=867240961 time=17.359s reward=0.999935 train_r2=1.000000 test_r2=1.000000 complexity=14 evals=2000005
      Livermore-17 run=74 seed=4174106357 time=19.125s reward=0.995949 train_r2=0.999983 test_r2=0.999988 complexity=13 evals=2000002
       Livermore-4 run=79 seed=23958531 time=0.217s reward=1.000000 train_r2=1.000000 test_r2=1.000000 complexity=11 evals=35913
       Livermore-3 run=79 seed=23958531 time=0.674s reward=1.000000 train_r2=1.000000 test_r2=1.000000 complexity=11 evals=103309
       Livermore-1 run=79 seed=23958531 time=2.083s reward=1.000000 train_r2=1.000000 test_r2=1.000000 complexity=7 evals=51790
       Livermore-5 run=79 seed=23958531 time=1.268s reward=1.000000 train_r2=1.000000 test_r2=1.000000 complexity=14 evals=178950
       Livermore-6 run=75 seed=867240961 time=19.950s reward=0.993144 train_r2=0.999952 test_r2=0.999970 complexity=29 evals=2000001
       Livermore-9 run=75 seed=867240961 time=19.663s reward=0.992623 train_r2=0.999945 test_r2=0.999899 complexity=25 evals=2000000
       Livermore-7 run=75 seed=867240961 time=19.720s reward=0.999815 train_r2=1.000000 test_r2=1.000000 complexity=26 evals=2000000
      Livermore-18 run=78 seed=1820974996 time=4.652s reward=0.999999 train_r2=1.000000 test_r2=1.000000 complexity=9 evals=493688
      Livermore-11 run=79 seed=23958531 time=0.564s reward=1.000000 train_r2=1.000000 test_r2=1.000000 complexity=12 evals=77707
      Livermore-13 run=79 seed=23958531 time=0.283s reward=1.000000 train_r2=1.000000 test_r2=1.000000 complexity=3 evals=44950
      Livermore-18 run=74 seed=4174106357 time=22.189s reward=0.978431 train_r2=0.999514 test_r2=0.999465 complexity=39 evals=2000006
      Livermore-15 run=79 seed=23958531 time=0.300s reward=1.000000 train_r2=1.000000 test_r2=1.000000 complexity=3 evals=45039
       Livermore-7 run=76 seed=1596437698 time=18.387s reward=0.999798 train_r2=1.000000 test_r2=1.000000 complexity=40 evals=2000002
       Livermore-8 run=76 seed=1596437698 time=18.384s reward=0.999944 train_r2=1.000000 test_r2=1.000000 complexity=14 evals=2000005
      Livermore-14 run=79 seed=23958531 time=1.675s reward=1.000000 train_r2=1.000000 test_r2=1.000000 complexity=14 evals=204700
      Livermore-17 run=79 seed=23958531 time=1.159s reward=1.000000 train_r2=1.000000 test_r2=1.000000 complexity=6 evals=167737
      Livermore-20 run=79 seed=23958531 time=0.042s reward=1.000000 train_r2=1.000000 test_r2=1.000000 complexity=6 evals=7597
      Livermore-19 run=79 seed=23958531 time=0.293s reward=1.000000 train_r2=1.000000 test_r2=1.000000 complexity=10 evals=45652
       Livermore-2 run=76 seed=1596437698 time=20.573s reward=1.000000 train_r2=1.000000 test_r2=1.000000 complexity=9 evals=1910636
      Livermore-16 run=78 seed=1820974996 time=8.603s reward=1.000000 train_r2=1.000000 test_r2=1.000000 complexity=3 evals=1170707
      Livermore-12 run=79 seed=23958531 time=3.947s reward=1.000000 train_r2=1.000000 test_r2=1.000000 complexity=7 evals=432458
      Livermore-10 run=79 seed=23958531 time=4.728s reward=1.000000 train_r2=1.000000 test_r2=1.000000 complexity=6 evals=531494
       Livermore-2 run=80 seed=3823501306 time=1.115s reward=1.000000 train_r2=1.000000 test_r2=1.000000 complexity=9 evals=148627
      Livermore-16 run=79 seed=23958531 time=3.448s reward=1.000000 train_r2=1.000000 test_r2=1.000000 complexity=3 evals=437817
       Livermore-4 run=80 seed=3823501306 time=0.199s reward=1.000000 train_r2=1.000000 test_r2=1.000000 complexity=13 evals=32175
       Livermore-9 run=76 seed=1596437698 time=20.616s reward=0.992752 train_r2=0.999947 test_r2=0.999949 complexity=34 evals=2000004
      Livermore-16 run=77 seed=3765576040 time=15.388s reward=0.988692 train_r2=0.999869 test_r2=0.983714 complexity=13 evals=2000002
       Livermore-3 run=80 seed=3823501306 time=1.012s reward=1.000000 train_r2=1.000000 test_r2=1.000000 complexity=11 evals=131431
      Livermore-10 run=76 seed=1596437698 time=20.619s reward=0.983098 train_r2=0.999704 test_r2=0.999715 complexity=37 evals=2000000
       Livermore-5 run=80 seed=3823501306 time=0.343s reward=1.000000 train_r2=1.000000 test_r2=1.000000 complexity=14 evals=56144
      Livermore-18 run=79 seed=23958531 time=3.095s reward=0.999999 train_r2=1.000000 test_r2=1.000000 complexity=9 evals=323437
      Livermore-11 run=80 seed=3823501306 time=0.132s reward=1.000000 train_r2=1.000000 test_r2=1.000000 complexity=12 evals=20978
       Livermore-1 run=80 seed=3823501306 time=2.744s reward=1.000000 train_r2=1.000000 test_r2=1.000000 complexity=7 evals=65299
      Livermore-12 run=80 seed=3823501306 time=0.557s reward=1.000000 train_r2=1.000000 test_r2=1.000000 complexity=7 evals=85751
      Livermore-15 run=80 seed=3823501306 time=0.169s reward=1.000000 train_r2=1.000000 test_r2=1.000000 complexity=3 evals=27130
      Livermore-14 run=80 seed=3823501306 time=0.735s reward=1.000000 train_r2=1.000000 test_r2=1.000000 complexity=14 evals=99967
      Livermore-22 run=79 seed=23958531 time=3.240s reward=1.000000 train_r2=1.000000 test_r2=1.000000 complexity=6 evals=386076
       Livermore-6 run=77 seed=3765576040 time=18.735s reward=0.997068 train_r2=0.999991 test_r2=0.998704 complexity=53 evals=2000000
       Livermore-7 run=77 seed=3765576040 time=18.923s reward=0.999947 train_r2=1.000000 test_r2=1.000000 complexity=37 evals=2000000
      Livermore-20 run=80 seed=3823501306 time=0.081s reward=1.000000 train_r2=1.000000 test_r2=1.000000 complexity=6 evals=14695
       Livermore-9 run=77 seed=3765576040 time=18.354s reward=0.996261 train_r2=0.999986 test_r2=0.999772 complexity=62 evals=2000002
       Livermore-8 run=77 seed=3765576040 time=19.044s reward=0.999953 train_r2=1.000000 test_r2=1.000000 complexity=14 evals=2000002
      Livermore-19 run=80 seed=3823501306 time=0.640s reward=1.000000 train_r2=1.000000 test_r2=1.000000 complexity=12 evals=89031
      Livermore-22 run=80 seed=3823501306 time=0.480s reward=1.000000 train_r2=1.000000 test_r2=1.000000 complexity=6 evals=81292
       Livermore-4 run=81 seed=2654901646 time=0.330s reward=1.000000 train_r2=1.000000 test_r2=1.000000 complexity=13 evals=54356
      Livermore-18 run=76 seed=1596437698 time=21.511s reward=0.963505 train_r2=0.998565 test_r2=0.999059 complexity=43 evals=2000007
       Livermore-2 run=81 seed=2654901646 time=0.715s reward=1.000000 train_r2=1.000000 test_r2=1.000000 complexity=9 evals=94061
      Livermore-13 run=77 seed=3765576040 time=18.013s reward=0.965508 train_r2=0.998724 test_r2=0.986584 complexity=22 evals=2000000
       Livermore-5 run=81 seed=2654901646 time=0.350s reward=1.000000 train_r2=1.000000 test_r2=1.000000 complexity=14 evals=56503
      Livermore-16 run=80 seed=3823501306 time=2.088s reward=1.000000 train_r2=1.000000 test_r2=1.000000 complexity=3 evals=311295
      Livermore-13 run=78 seed=1820974996 time=13.441s reward=1.000000 train_r2=1.000000 test_r2=1.000000 complexity=3 evals=1523174
      Livermore-10 run=81 seed=2654901646 time=0.839s reward=1.000000 train_r2=1.000000 test_r2=1.000000 complexity=6 evals=124240
       Livermore-3 run=81 seed=2654901646 time=1.892s reward=1.000000 train_r2=1.000000 test_r2=1.000000 complexity=11 evals=223680
      Livermore-13 run=81 seed=2654901646 time=0.088s reward=1.000000 train_r2=1.000000 test_r2=1.000000 complexity=3 evals=15292
      Livermore-10 run=77 seed=3765576040 time=20.866s reward=0.992989 train_r2=0.999950 test_r2=0.999950 complexity=32 evals=2000000
      Livermore-13 run=80 seed=3823501306 time=3.815s reward=1.000000 train_r2=1.000000 test_r2=1.000000 complexity=3 evals=458850
      Livermore-16 run=81 seed=2654901646 time=0.192s reward=1.000000 train_r2=1.000000 test_r2=1.000000 complexity=3 evals=32356
      Livermore-15 run=81 seed=2654901646 time=0.535s reward=1.000000 train_r2=1.000000 test_r2=1.000000 complexity=3 evals=77779
      Livermore-12 run=81 seed=2654901646 time=0.971s reward=1.000000 train_r2=1.000000 test_r2=1.000000 complexity=7 evals=133733
      Livermore-19 run=81 seed=2654901646 time=0.281s reward=1.000000 train_r2=1.000000 test_r2=1.000000 complexity=10 evals=46773
      Livermore-10 run=78 seed=1820974996 time=17.642s reward=0.989182 train_r2=0.999880 test_r2=0.999823 complexity=16 evals=2000003
      Livermore-20 run=81 seed=2654901646 time=0.017s reward=1.000000 train_r2=1.000000 test_r2=1.000000 complexity=6 evals=3548
       Livermore-7 run=78 seed=1820974996 time=18.701s reward=0.999892 train_r2=1.000000 test_r2=1.000000 complexity=19 evals=2000003
      Livermore-21 run=77 seed=3765576040 time=20.023s reward=0.996612 train_r2=0.999988 test_r2=0.989612 complexity=26 evals=2000000
      Livermore-22 run=81 seed=2654901646 time=0.595s reward=1.000000 train_r2=1.000000 test_r2=1.000000 complexity=6 evals=99583
       Livermore-6 run=78 seed=1820974996 time=19.515s reward=0.997914 train_r2=0.999996 test_r2=0.999966 complexity=30 evals=2000002
       Livermore-8 run=78 seed=1820974996 time=19.180s reward=0.999964 train_r2=1.000000 test_r2=1.000000 complexity=14 evals=2000008
       Livermore-4 run=82 seed=3259510512 time=0.101s reward=1.000000 train_r2=1.000000 test_r2=1.000000 complexity=11 evals=17829
       Livermore-5 run=82 seed=3259510512 time=0.148s reward=1.000000 train_r2=1.000000 test_r2=1.000000 complexity=14 evals=24574
       Livermore-3 run=82 seed=3259510512 time=0.621s reward=1.000000 train_r2=1.000000 test_r2=1.000000 complexity=11 evals=96029
       Livermore-2 run=79 seed=23958531 time=14.417s reward=1.000000 train_r2=1.000000 test_r2=1.000000 complexity=9 evals=1441492
       Livermore-9 run=78 seed=1820974996 time=19.909s reward=0.993322 train_r2=0.999955 test_r2=0.999125 complexity=20 evals=2000004
       Livermore-1 run=81 seed=2654901646 time=5.167s reward=1.000000 train_r2=1.000000 test_r2=1.000000 complexity=7 evals=119347
      Livermore-21 run=79 seed=23958531 time=8.992s reward=1.000000 train_r2=1.000000 test_r2=1.000000 complexity=19 evals=1013384
      Livermore-11 run=82 seed=3259510512 time=0.401s reward=1.000000 train_r2=1.000000 test_r2=1.000000 complexity=12 evals=59368
      Livermore-13 run=82 seed=3259510512 time=0.099s reward=1.000000 train_r2=1.000000 test_r2=1.000000 complexity=3 evals=18187
       Livermore-1 run=82 seed=3259510512 time=1.778s reward=1.000000 train_r2=1.000000 test_r2=1.000000 complexity=7 evals=41197
      Livermore-15 run=82 seed=3259510512 time=0.101s reward=1.000000 train_r2=1.000000 test_r2=1.000000 complexity=3 evals=16600
      Livermore-14 run=82 seed=3259510512 time=0.644s reward=1.000000 train_r2=1.000000 test_r2=1.000000 complexity=14 evals=99155
      Livermore-16 run=82 seed=3259510512 time=0.900s reward=1.000000 train_r2=1.000000 test_r2=1.000000 complexity=3 evals=128880
      Livermore-14 run=81 seed=2654901646 time=4.453s reward=1.000000 train_r2=1.000000 test_r2=1.000000 complexity=14 evals=493567
      Livermore-19 run=82 seed=3259510512 time=0.184s reward=1.000000 train_r2=1.000000 test_r2=1.000000 complexity=10 evals=29441
      Livermore-10 run=82 seed=3259510512 time=1.988s reward=1.000000 train_r2=1.000000 test_r2=1.000000 complexity=6 evals=244451
      Livermore-20 run=82 seed=3259510512 time=0.053s reward=1.000000 train_r2=1.000000 test_r2=1.000000 complexity=6 evals=9218
      Livermore-21 run=82 seed=3259510512 time=1.255s reward=1.000000 train_r2=1.000000 test_r2=1.000000 complexity=16 evals=156485
      Livermore-21 run=78 seed=1820974996 time=19.719s reward=0.993858 train_r2=0.999962 test_r2=0.998634 complexity=22 evals=2000003
      Livermore-17 run=78 seed=1820974996 time=20.214s reward=0.990608 train_r2=0.999910 test_r2=0.999934 complexity=25 evals=2000008
       Livermore-3 run=83 seed=950346302 time=0.326s reward=1.000000 train_r2=1.000000 test_r2=1.000000 complexity=11 evals=48402
       Livermore-4 run=83 seed=950346302 time=0.150s reward=1.000000 train_r2=1.000000 test_r2=1.000000 complexity=13 evals=24364
       Livermore-2 run=83 seed=950346302 time=0.801s reward=1.000000 train_r2=1.000000 test_r2=1.000000 complexity=9 evals=103141
      Livermore-22 run=82 seed=3259510512 time=2.477s reward=1.000000 train_r2=1.000000 test_r2=1.000000 complexity=6 evals=309305
       Livermore-8 run=79 seed=23958531 time=17.211s reward=0.999955 train_r2=1.000000 test_r2=1.000000 complexity=14 evals=2000003
       Livermore-6 run=79 seed=23958531 time=18.461s reward=0.995498 train_r2=0.999980 test_r2=0.999990 complexity=27 evals=2000004
       Livermore-1 run=83 seed=950346302 time=2.052s reward=1.000000 train_r2=1.000000 test_r2=1.000000 complexity=7 evals=49941
       Livermore-7 run=79 seed=23958531 time=18.780s reward=0.999847 train_r2=1.000000 test_r2=1.000000 complexity=8 evals=2000002
       Livermore-9 run=79 seed=23958531 time=19.009s reward=0.995009 train_r2=0.999975 test_r2=0.999961 complexity=30 evals=2000000
      Livermore-12 run=82 seed=3259510512 time=7.034s reward=1.000000 train_r2=1.000000 test_r2=1.000000 complexity=7 evals=799800
      Livermore-13 run=83 seed=950346302 time=0.146s reward=1.000000 train_r2=1.000000 test_r2=1.000000 complexity=3 evals=25740
      Livermore-12 run=83 seed=950346302 time=0.284s reward=1.000000 train_r2=1.000000 test_r2=1.000000 complexity=13 evals=43062
      Livermore-17 run=80 seed=3823501306 time=15.368s reward=1.000000 train_r2=1.000000 test_r2=1.000000 complexity=6 evals=1514833
      Livermore-17 run=81 seed=2654901646 time=12.060s reward=1.000000 train_r2=1.000000 test_r2=1.000000 complexity=6 evals=1281941
      Livermore-15 run=83 seed=950346302 time=2.276s reward=1.000000 train_r2=1.000000 test_r2=1.000000 complexity=3 evals=253291
      Livermore-10 run=83 seed=950346302 time=4.489s reward=1.000000 train_r2=1.000000 test_r2=1.000000 complexity=6 evals=519166
      Livermore-21 run=80 seed=3823501306 time=15.323s reward=1.000000 train_r2=1.000000 test_r2=1.000000 complexity=15 evals=1543463
      Livermore-20 run=83 seed=950346302 time=0.102s reward=1.000000 train_r2=1.000000 test_r2=1.000000 complexity=6 evals=17971
      Livermore-18 run=83 seed=950346302 time=0.605s reward=0.999999 train_r2=1.000000 test_r2=1.000000 complexity=9 evals=87482
      Livermore-22 run=83 seed=950346302 time=0.172s reward=1.000000 train_r2=1.000000 test_r2=1.000000 complexity=6 evals=30907
      Livermore-19 run=83 seed=950346302 time=0.568s reward=1.000000 train_r2=1.000000 test_r2=1.000000 complexity=12 evals=78598
      Livermore-14 run=83 seed=950346302 time=3.658s reward=1.000000 train_r2=1.000000 test_r2=1.000000 complexity=14 evals=450200
       Livermore-3 run=84 seed=1436364170 time=0.519s reward=1.000000 train_r2=1.000000 test_r2=1.000000 complexity=11 evals=80386
       Livermore-9 run=80 seed=3823501306 time=18.210s reward=0.992859 train_r2=0.999948 test_r2=0.999038 complexity=33 evals=2000005
       Livermore-4 run=84 seed=1436364170 time=0.264s reward=1.000000 train_r2=1.000000 test_r2=1.000000 complexity=11 evals=44689
       Livermore-7 run=80 seed=3823501306 time=18.677s reward=0.999904 train_r2=1.000000 test_r2=1.000000 complexity=30 evals=2000002
       Livermore-5 run=83 seed=950346302 time=7.921s reward=1.000000 train_r2=1.000000 test_r2=1.000000 complexity=15 evals=881017
       Livermore-8 run=80 seed=3823501306 time=18.960s reward=0.999947 train_r2=1.000000 test_r2=1.000000 complexity=14 evals=2000003
       Livermore-2 run=84 seed=1436364170 time=2.498s reward=1.000000 train_r2=1.000000 test_r2=1.000000 complexity=9 evals=288910
       Livermore-1 run=84 seed=1436364170 time=2.933s reward=1.000000 train_r2=1.000000 test_r2=1.000000 complexity=7 evals=71997
       Livermore-6 run=80 seed=3823501306 time=20.290s reward=0.997060 train_r2=0.999991 test_r2=0.999980 complexity=40 evals=2000002
       Livermore-2 run=82 seed=3259510512 time=15.046s reward=1.000000 train_r2=1.000000 test_r2=1.000000 complexity=9 evals=1477756
       Livermore-8 run=81 seed=2654901646 time=18.145s reward=0.999945 train_r2=1.000000 test_r2=1.000000 complexity=14 evals=2000002
      Livermore-13 run=84 seed=1436364170 time=0.238s reward=1.000000 train_r2=1.000000 test_r2=1.000000 complexity=3 evals=41686
      Livermore-10 run=80 seed=3823501306 time=20.484s reward=0.993592 train_r2=0.999958 test_r2=0.999940 complexity=33 evals=2000003
      Livermore-16 run=84 seed=1436364170 time=0.523s reward=1.000000 train_r2=1.000000 test_r2=1.000000 complexity=3 evals=78387
       Livermore-9 run=81 seed=2654901646 time=18.724s reward=0.991133 train_r2=0.999920 test_r2=0.999938 complexity=30 evals=2000001
       Livermore-7 run=81 seed=2654901646 time=19.282s reward=0.999863 train_r2=1.000000 test_r2=1.000000 complexity=42 evals=2000004
      Livermore-15 run=84 seed=1436364170 time=1.105s reward=1.000000 train_r2=1.000000 test_r2=1.000000 complexity=3 evals=154610
      Livermore-20 run=84 seed=1436364170 time=0.065s reward=1.000000 train_r2=1.000000 test_r2=1.000000 complexity=6 evals=12347
      Livermore-19 run=84 seed=1436364170 time=0.298s reward=1.000000 train_r2=1.000000 test_r2=1.000000 complexity=10 evals=45976
      Livermore-11 run=81 seed=2654901646 time=19.427s reward=0.999998 train_r2=1.000000 test_r2=1.000000 complexity=12 evals=2000001
       Livermore-6 run=81 seed=2654901646 time=20.197s reward=0.992459 train_r2=0.999942 test_r2=0.999948 complexity=19 evals=2000007
      Livermore-12 run=84 seed=1436364170 time=2.472s reward=1.000000 train_r2=1.000000 test_r2=1.000000 complexity=7 evals=291621
       Livermore-8 run=82 seed=3259510512 time=16.599s reward=0.999938 train_r2=1.000000 test_r2=1.000000 complexity=14 evals=2000006
      Livermore-21 run=81 seed=2654901646 time=17.979s reward=0.992491 train_r2=0.999943 test_r2=0.999865 complexity=23 evals=2000008
      Livermore-18 run=80 seed=3823501306 time=22.099s reward=0.965659 train_r2=0.998735 test_r2=0.997386 complexity=23 evals=2000003
       Livermore-5 run=85 seed=1570424568 time=0.160s reward=1.000000 train_r2=1.000000 test_r2=1.000000 complexity=14 evals=29618
       Livermore-4 run=85 seed=1570424568 time=0.377s reward=1.000000 train_r2=1.000000 test_r2=1.000000 complexity=11 evals=60104
       Livermore-3 run=85 seed=1570424568 time=0.667s reward=1.000000 train_r2=1.000000 test_r2=1.000000 complexity=11 evals=94224
       Livermore-2 run=85 seed=1570424568 time=0.996s reward=1.000000 train_r2=1.000000 test_r2=1.000000 complexity=9 evals=123942
      Livermore-22 run=84 seed=1436364170 time=1.339s reward=1.000000 train_r2=1.000000 test_r2=1.000000 complexity=6 evals=188996
       Livermore-1 run=85 seed=1570424568 time=1.540s reward=1.000000 train_r2=1.000000 test_r2=1.000000 complexity=7 evals=38229
       Livermore-8 run=83 seed=950346302 time=12.990s reward=1.000000 train_r2=1.000000 test_r2=1.000000 complexity=2 evals=1546823
       Livermore-7 run=82 seed=3259510512 time=18.563s reward=0.999825 train_r2=1.000000 test_r2=1.000000 complexity=8 evals=2000006
      Livermore-13 run=85 seed=1570424568 time=0.090s reward=1.000000 train_r2=1.000000 test_r2=1.000000 complexity=3 evals=16794
       Livermore-6 run=82 seed=3259510512 time=19.052s reward=0.994030 train_r2=0.999964 test_r2=0.999947 complexity=39 evals=2000002
      Livermore-16 run=85 seed=1570424568 time=0.362s reward=1.000000 train_r2=1.000000 test_r2=1.000000 complexity=3 evals=61591
      Livermore-10 run=85 seed=1570424568 time=1.883s reward=1.000000 train_r2=1.000000 test_r2=1.000000 complexity=6 evals=233719
      Livermore-12 run=85 seed=1570424568 time=1.542s reward=1.000000 train_r2=1.000000 test_r2=1.000000 complexity=7 evals=186415
      Livermore-19 run=85 seed=1570424568 time=0.390s reward=1.000000 train_r2=1.000000 test_r2=1.000000 complexity=10 evals=58072
      Livermore-20 run=85 seed=1570424568 time=0.040s reward=1.000000 train_r2=1.000000 test_r2=1.000000 complexity=6 evals=7459
      Livermore-15 run=85 seed=1570424568 time=1.469s reward=1.000000 train_r2=1.000000 test_r2=1.000000 complexity=3 evals=214239
       Livermore-5 run=84 seed=1436364170 time=7.657s reward=1.000000 train_r2=1.000000 test_r2=1.000000 complexity=14 evals=968799
       Livermore-9 run=82 seed=3259510512 time=19.785s reward=0.990290 train_r2=0.999904 test_r2=0.999895 complexity=17 evals=2000000
      Livermore-22 run=85 seed=1570424568 time=0.261s reward=1.000000 train_r2=1.000000 test_r2=1.000000 complexity=6 evals=43482
      Livermore-18 run=81 seed=2654901646 time=21.793s reward=0.957227 train_r2=0.998003 test_r2=0.997675 complexity=41 evals=2000004
       Livermore-4 run=86 seed=4035782163 time=0.031s reward=1.000000 train_r2=1.000000 test_r2=1.000000 complexity=11 evals=5427
      Livermore-14 run=85 seed=1570424568 time=2.005s reward=1.000000 train_r2=1.000000 test_r2=1.000000 complexity=14 evals=242173
      Livermore-17 run=85 seed=1570424568 time=1.188s reward=1.000000 train_r2=1.000000 test_r2=1.000000 complexity=6 evals=174588
       Livermore-3 run=86 seed=4035782163 time=0.462s reward=1.000000 train_r2=1.000000 test_r2=1.000000 complexity=11 evals=68462
      Livermore-17 run=82 seed=3259510512 time=19.421s reward=0.994506 train_r2=0.999969 test_r2=0.999987 complexity=13 evals=2000003
       Livermore-2 run=86 seed=4035782163 time=1.731s reward=1.000000 train_r2=1.000000 test_r2=1.000000 complexity=9 evals=202547
       Livermore-5 run=86 seed=4035782163 time=2.728s reward=1.000000 train_r2=1.000000 test_r2=1.000000 complexity=16 evals=334344
       Livermore-1 run=86 seed=4035782163 time=3.058s reward=1.000000 train_r2=1.000000 test_r2=1.000000 complexity=7 evals=76316
       Livermore-7 run=83 seed=950346302 time=18.900s reward=0.999841 train_r2=1.000000 test_r2=1.000000 complexity=8 evals=2000001
       Livermore-9 run=83 seed=950346302 time=18.694s reward=0.994951 train_r2=0.999974 test_r2=0.999643 complexity=23 evals=2000000
      Livermore-13 run=86 seed=4035782163 time=0.575s reward=1.000000 train_r2=1.000000 test_r2=1.000000 complexity=3 evals=84679
      Livermore-14 run=86 seed=4035782163 time=0.374s reward=1.000000 train_r2=1.000000 test_r2=1.000000 complexity=14 evals=60912
      Livermore-15 run=86 seed=4035782163 time=0.397s reward=1.000000 train_r2=1.000000 test_r2=1.000000 complexity=3 evals=59938
       Livermore-6 run=83 seed=950346302 time=20.156s reward=0.996963 train_r2=0.999991 test_r2=0.999962 complexity=24 evals=2000003
      Livermore-11 run=83 seed=950346302 time=19.423s reward=0.999998 train_r2=1.000000 test_r2=1.000000 complexity=12 evals=2000000
      Livermore-16 run=86 seed=4035782163 time=0.864s reward=1.000000 train_r2=1.000000 test_r2=1.000000 complexity=3 evals=136195
      Livermore-20 run=86 seed=4035782163 time=0.024s reward=1.000000 train_r2=1.000000 test_r2=1.000000 complexity=6 evals=4724
      Livermore-18 run=82 seed=3259510512 time=23.609s reward=0.989259 train_r2=0.999882 test_r2=0.999893 complexity=43 evals=2000003
      Livermore-19 run=86 seed=4035782163 time=0.410s reward=1.000000 train_r2=1.000000 test_r2=1.000000 complexity=10 evals=61261
      Livermore-22 run=86 seed=4035782163 time=1.055s reward=1.000000 train_r2=1.000000 test_r2=1.000000 complexity=6 evals=145527
       Livermore-6 run=86 seed=4035782163 time=6.854s reward=1.000000 train_r2=1.000000 test_r2=1.000000 complexity=17 evals=734767
       Livermore-2 run=87 seed=2538244260 time=0.267s reward=1.000000 train_r2=1.000000 test_r2=1.000000 complexity=9 evals=39186
      Livermore-18 run=86 seed=4035782163 time=2.316s reward=0.999999 train_r2=1.000000 test_r2=1.000000 complexity=9 evals=259075
       Livermore-4 run=87 seed=2538244260 time=0.232s reward=1.000000 train_r2=1.000000 test_r2=1.000000 complexity=11 evals=33740
      Livermore-16 run=83 seed=950346302 time=17.560s reward=0.987523 train_r2=0.999840 test_r2=0.998801 complexity=14 evals=2000003
       Livermore-3 run=87 seed=2538244260 time=0.438s reward=1.000000 train_r2=1.000000 test_r2=1.000000 complexity=11 evals=64538
       Livermore-1 run=87 seed=2538244260 time=2.509s reward=1.000000 train_r2=1.000000 test_r2=1.000000 complexity=7 evals=60207
      Livermore-14 run=84 seed=1436364170 time=15.629s reward=1.000000 train_r2=1.000000 test_r2=1.000000 complexity=14 evals=1649581
       Livermore-5 run=87 seed=2538244260 time=2.899s reward=1.000000 train_r2=1.000000 test_r2=1.000000 complexity=14 evals=351280
      Livermore-11 run=87 seed=2538244260 time=0.209s reward=1.000000 train_r2=1.000000 test_r2=1.000000 complexity=12 evals=32181
      Livermore-12 run=87 seed=2538244260 time=0.032s reward=1.000000 train_r2=1.000000 test_r2=1.000000 complexity=7 evals=4867
      Livermore-21 run=83 seed=950346302 time=20.100s reward=0.996231 train_r2=0.999986 test_r2=0.999393 complexity=29 evals=2000009
       Livermore-7 run=84 seed=1436364170 time=18.541s reward=0.999970 train_r2=1.000000 test_r2=1.000000 complexity=30 evals=2000004
      Livermore-17 run=83 seed=950346302 time=20.986s reward=0.994688 train_r2=0.999971 test_r2=0.999968 complexity=22 evals=2000004
       Livermore-8 run=84 seed=1436364170 time=18.359s reward=0.999973 train_r2=1.000000 test_r2=1.000000 complexity=14 evals=2000003
      Livermore-14 run=87 seed=2538244260 time=0.488s reward=1.000000 train_r2=1.000000 test_r2=1.000000 complexity=14 evals=68989
      Livermore-15 run=87 seed=2538244260 time=0.417s reward=1.000000 train_r2=1.000000 test_r2=1.000000 complexity=3 evals=64465
       Livermore-6 run=84 seed=1436364170 time=19.182s reward=0.994902 train_r2=0.999974 test_r2=0.999762 complexity=28 evals=2000005
      Livermore-20 run=87 seed=2538244260 time=0.017s reward=1.000000 train_r2=1.000000 test_r2=1.000000 complexity=6 evals=3171
      Livermore-16 run=87 seed=2538244260 time=0.634s reward=1.000000 train_r2=1.000000 test_r2=1.000000 complexity=5 evals=94578
      Livermore-22 run=87 seed=2538244260 time=0.173s reward=1.000000 train_r2=1.000000 test_r2=1.000000 complexity=6 evals=28045
      Livermore-21 run=85 seed=1570424568 time=12.187s reward=1.000000 train_r2=1.000000 test_r2=1.000000 complexity=16 evals=1266698
      Livermore-19 run=87 seed=2538244260 time=0.466s reward=1.000000 train_r2=1.000000 test_r2=1.000000 complexity=10 evals=67447
      Livermore-11 run=84 seed=1436364170 time=17.671s reward=0.999999 train_r2=1.000000 test_r2=1.000000 complexity=12 evals=2000004
      Livermore-10 run=84 seed=1436364170 time=18.609s reward=0.993158 train_r2=0.999953 test_r2=0.999941 complexity=6 evals=2000000
       Livermore-4 run=88 seed=741423123 time=0.315s reward=1.000000 train_r2=1.000000 test_r2=1.000000 complexity=13 evals=50357
       Livermore-3 run=88 seed=741423123 time=0.717s reward=1.000000 train_r2=1.000000 test_r2=1.000000 complexity=11 evals=95973
       Livermore-5 run=88 seed=741423123 time=0.695s reward=1.000000 train_r2=1.000000 test_r2=1.000000 complexity=14 evals=97480
       Livermore-9 run=84 seed=1436364170 time=20.041s reward=0.993935 train_r2=0.999963 test_r2=0.999704 complexity=32 evals=2000000
      Livermore-21 run=87 seed=2538244260 time=1.438s reward=1.000000 train_r2=1.000000 test_r2=1.000000 complexity=15 evals=194867
       Livermore-2 run=88 seed=741423123 time=1.285s reward=1.000000 train_r2=1.000000 test_r2=1.000000 complexity=9 evals=155495
      Livermore-10 run=86 seed=4035782163 time=11.543s reward=1.000000 train_r2=1.000000 test_r2=1.000000 complexity=6 evals=1240995
      Livermore-12 run=88 seed=741423123 time=0.193s reward=1.000000 train_r2=1.000000 test_r2=1.000000 complexity=7 evals=29466
       Livermore-8 run=85 seed=1570424568 time=16.788s reward=0.999918 train_r2=1.000000 test_r2=1.000000 complexity=14 evals=2000002
       Livermore-7 run=85 seed=1570424568 time=16.963s reward=0.999985 train_r2=1.000000 test_r2=1.000000 complexity=24 evals=2000000
      Livermore-18 run=87 seed=2538244260 time=2.874s reward=0.999999 train_r2=1.000000 test_r2=1.000000 complexity=9 evals=313703
      Livermore-15 run=88 seed=741423123 time=0.475s reward=1.000000 train_r2=1.000000 test_r2=1.000000 complexity=3 evals=80846
      Livermore-14 run=88 seed=741423123 time=0.651s reward=1.000000 train_r2=1.000000 test_r2=1.000000 complexity=14 evals=97510
       Livermore-1 run=88 seed=741423123 time=2.839s reward=1.000000 train_r2=1.000000 test_r2=1.000000 complexity=7 evals=66526
      Livermore-17 run=88 seed=741423123 time=0.552s reward=1.000000 train_r2=1.000000 test_r2=1.000000 complexity=6 evals=91780
      Livermore-20 run=88 seed=741423123 time=0.026s reward=1.000000 train_r2=1.000000 test_r2=1.000000 complexity=6 evals=4954
      Livermore-17 run=84 seed=1436364170 time=20.057s reward=0.996360 train_r2=0.999987 test_r2=0.999971 complexity=19 evals=2000000
      Livermore-19 run=88 seed=741423123 time=0.515s reward=1.000000 train_r2=1.000000 test_r2=1.000000 complexity=10 evals=72275
      Livermore-13 run=87 seed=2538244260 time=5.231s reward=1.000000 train_r2=1.000000 test_r2=1.000000 complexity=3 evals=564513
      Livermore-16 run=88 seed=741423123 time=1.599s reward=1.000000 train_r2=1.000000 test_r2=1.000000 complexity=3 evals=223527
      Livermore-21 run=84 seed=1436364170 time=20.282s reward=0.993826 train_r2=0.999961 test_r2=0.999002 complexity=29 evals=2000002
      Livermore-10 run=87 seed=2538244260 time=6.429s reward=1.000000 train_r2=1.000000 test_r2=1.000000 complexity=6 evals=671512
       Livermore-4 run=89 seed=4203616987 time=0.351s reward=1.000000 train_r2=1.000000 test_r2=1.000000 complexity=11 evals=53506
      Livermore-18 run=84 seed=1436364170 time=21.069s reward=0.995572 train_r2=0.999980 test_r2=0.999187 complexity=30 evals=2000006
       Livermore-3 run=89 seed=4203616987 time=0.627s reward=1.000000 train_r2=1.000000 test_r2=1.000000 complexity=11 evals=87859
       Livermore-9 run=85 seed=1570424568 time=19.539s reward=0.991066 train_r2=0.999919 test_r2=0.999777 complexity=23 evals=2000001
      Livermore-11 run=85 seed=1570424568 time=19.598s reward=0.999998 train_r2=1.000000 test_r2=1.000000 complexity=12 evals=2000003
       Livermore-5 run=89 seed=4203616987 time=0.581s reward=1.000000 train_r2=1.000000 test_r2=1.000000 complexity=14 evals=85422
       Livermore-6 run=85 seed=1570424568 time=20.102s reward=0.989204 train_r2=0.999881 test_r2=0.999403 complexity=26 evals=2000000
       Livermore-1 run=89 seed=4203616987 time=2.008s reward=1.000000 train_r2=1.000000 test_r2=1.000000 complexity=7 evals=48315
      Livermore-13 run=89 seed=4203616987 time=0.116s reward=1.000000 train_r2=1.000000 test_r2=1.000000 complexity=3 evals=19966
      Livermore-22 run=88 seed=741423123 time=2.861s reward=1.000000 train_r2=1.000000 test_r2=1.000000 complexity=6 evals=346339
      Livermore-15 run=89 seed=4203616987 time=0.240s reward=1.000000 train_r2=1.000000 test_r2=1.000000 complexity=3 evals=37677
       Livermore-8 run=86 seed=4035782163 time=17.735s reward=0.999977 train_r2=1.000000 test_r2=1.000000 complexity=14 evals=2000007
      Livermore-16 run=89 seed=4203616987 time=0.261s reward=1.000000 train_r2=1.000000 test_r2=1.000000 complexity=3 evals=42257
      Livermore-14 run=89 seed=4203616987 time=1.094s reward=1.000000 train_r2=1.000000 test_r2=1.000000 complexity=14 evals=145716
       Livermore-7 run=86 seed=4035782163 time=18.225s reward=0.999931 train_r2=1.000000 test_r2=1.000000 complexity=8 evals=2000001
      Livermore-20 run=89 seed=4203616987 time=0.045s reward=1.000000 train_r2=1.000000 test_r2=1.000000 complexity=6 evals=8003
      Livermore-17 run=89 seed=4203616987 time=0.462s reward=1.000000 train_r2=1.000000 test_r2=1.000000 complexity=6 evals=77171
      Livermore-19 run=89 seed=4203616987 time=0.534s reward=1.000000 train_r2=1.000000 test_r2=1.000000 complexity=10 evals=75637
      Livermore-22 run=89 seed=4203616987 time=0.502s reward=1.000000 train_r2=1.000000 test_r2=1.000000 complexity=6 evals=83912
      Livermore-10 run=88 seed=741423123 time=6.249s reward=1.000000 train_r2=1.000000 test_r2=1.000000 complexity=6 evals=761783
       Livermore-2 run=90 seed=1451685539 time=0.393s reward=1.000000 train_r2=1.000000 test_r2=1.000000 complexity=9 evals=60317
       Livermore-9 run=86 seed=4035782163 time=18.655s reward=0.995908 train_r2=0.999983 test_r2=0.997504 complexity=22 evals=2000006
       Livermore-4 run=90 seed=1451685539 time=0.249s reward=1.000000 train_r2=1.000000 test_r2=1.000000 complexity=13 evals=40499
       Livermore-3 run=90 seed=1451685539 time=0.700s reward=1.000000 train_r2=1.000000 test_r2=1.000000 complexity=11 evals=100118
      Livermore-21 run=88 seed=741423123 time=5.645s reward=1.000000 train_r2=1.000000 test_r2=1.000000 complexity=16 evals=645090
      Livermore-12 run=86 seed=4035782163 time=18.009s reward=0.999995 train_r2=1.000000 test_r2=1.000000 complexity=17 evals=2000005
       Livermore-1 run=90 seed=1451685539 time=2.033s reward=1.000000 train_r2=1.000000 test_r2=1.000000 complexity=7 evals=48965
       Livermore-5 run=90 seed=1451685539 time=1.862s reward=1.000000 train_r2=1.000000 test_r2=1.000000 complexity=14 evals=254780
      Livermore-18 run=85 seed=1570424568 time=22.318s reward=0.958495 train_r2=0.998125 test_r2=0.996693 complexity=36 evals=2000004
      Livermore-11 run=90 seed=1451685539 time=0.280s reward=1.000000 train_r2=1.000000 test_r2=1.000000 complexity=12 evals=44293
      Livermore-13 run=90 seed=1451685539 time=0.169s reward=1.000000 train_r2=1.000000 test_r2=1.000000 complexity=3 evals=30613
      Livermore-11 run=86 seed=4035782163 time=19.217s reward=0.999997 train_r2=1.000000 test_r2=1.000000 complexity=12 evals=2000000
      Livermore-12 run=90 seed=1451685539 time=0.468s reward=1.000000 train_r2=1.000000 test_r2=1.000000 complexity=7 evals=61854
      Livermore-15 run=90 seed=1451685539 time=0.367s reward=1.000000 train_r2=1.000000 test_r2=1.000000 complexity=3 evals=56464
      Livermore-13 run=88 seed=741423123 time=9.807s reward=1.000000 train_r2=1.000000 test_r2=1.000000 complexity=3 evals=1115310
      Livermore-14 run=90 seed=1451685539 time=1.427s reward=1.000000 train_r2=1.000000 test_r2=1.000000 complexity=14 evals=195430
      Livermore-21 run=86 seed=4035782163 time=18.187s reward=0.994424 train_r2=0.999969 test_r2=0.999070 complexity=15 evals=2000002
      Livermore-17 run=86 seed=4035782163 time=19.043s reward=1.000000 train_r2=1.000000 test_r2=1.000000 complexity=6 evals=1920294
      Livermore-20 run=90 seed=1451685539 time=0.023s reward=1.000000 train_r2=1.000000 test_r2=1.000000 complexity=6 evals=4575
      Livermore-22 run=90 seed=1451685539 time=0.410s reward=1.000000 train_r2=1.000000 test_r2=1.000000 complexity=6 evals=70961
      Livermore-19 run=90 seed=1451685539 time=0.692s reward=1.000000 train_r2=1.000000 test_r2=1.000000 complexity=10 evals=106878
       Livermore-2 run=91 seed=3089837783 time=1.040s reward=1.000000 train_r2=1.000000 test_r2=1.000000 complexity=9 evals=152876
       Livermore-8 run=87 seed=2538244260 time=18.059s reward=0.999925 train_r2=1.000000 test_r2=1.000000 complexity=14 evals=2000000
       Livermore-4 run=91 seed=3089837783 time=0.143s reward=1.000000 train_r2=1.000000 test_r2=1.000000 complexity=11 evals=23344
       Livermore-3 run=91 seed=3089837783 time=0.604s reward=1.000000 train_r2=1.000000 test_r2=1.000000 complexity=11 evals=92827
       Livermore-5 run=91 seed=3089837783 time=0.894s reward=1.000000 train_r2=1.000000 test_r2=1.000000 complexity=14 evals=124285
      Livermore-10 run=89 seed=4203616987 time=9.883s reward=1.000000 train_r2=1.000000 test_r2=1.000000 complexity=6 evals=1011191
       Livermore-7 run=87 seed=2538244260 time=19.337s reward=0.999734 train_r2=1.000000 test_r2=1.000000 complexity=22 evals=2000001
       Livermore-1 run=91 seed=3089837783 time=3.762s reward=1.000000 train_r2=1.000000 test_r2=1.000000 complexity=7 evals=93676
       Livermore-8 run=90 seed=1451685539 time=7.243s reward=1.000000 train_r2=1.000000 test_r2=1.000000 complexity=2 evals=960463
      Livermore-21 run=90 seed=1451685539 time=4.435s reward=1.000000 train_r2=1.000000 test_r2=1.000000 complexity=19 evals=503949
       Livermore-9 run=87 seed=2538244260 time=20.147s reward=0.990485 train_r2=0.999908 test_r2=0.999764 complexity=27 evals=2000007
      Livermore-16 run=90 seed=1451685539 time=6.522s reward=1.000000 train_r2=1.000000 test_r2=1.000000 complexity=3 evals=801262
      Livermore-10 run=91 seed=3089837783 time=0.967s reward=1.000000 train_r2=1.000000 test_r2=1.000000 complexity=6 evals=140522
      Livermore-13 run=91 seed=3089837783 time=0.174s reward=1.000000 train_r2=1.000000 test_r2=1.000000 complexity=3 evals=28644
      Livermore-14 run=91 seed=3089837783 time=0.123s reward=1.000000 train_r2=1.000000 test_r2=1.000000 complexity=14 evals=20099
       Livermore-6 run=87 seed=2538244260 time=21.638s reward=0.991893 train_r2=0.999933 test_r2=0.999926 complexity=30 evals=2000006
      Livermore-15 run=91 seed=3089837783 time=0.346s reward=1.000000 train_r2=1.000000 test_r2=1.000000 complexity=3 evals=57949
      Livermore-12 run=89 seed=4203616987 time=12.199s reward=1.000000 train_r2=1.000000 test_r2=1.000000 complexity=7 evals=1108975
      Livermore-20 run=91 seed=3089837783 time=0.014s reward=1.000000 train_r2=1.000000 test_r2=1.000000 complexity=6 evals=2582
      Livermore-16 run=91 seed=3089837783 time=0.558s reward=1.000000 train_r2=1.000000 test_r2=1.000000 complexity=5 evals=84529
      Livermore-19 run=91 seed=3089837783 time=0.291s reward=1.000000 train_r2=1.000000 test_r2=1.000000 complexity=12 evals=48339
      Livermore-22 run=91 seed=3089837783 time=0.445s reward=1.000000 train_r2=1.000000 test_r2=1.000000 complexity=6 evals=69985
      Livermore-21 run=91 seed=3089837783 time=1.241s reward=1.000000 train_r2=1.000000 test_r2=1.000000 complexity=16 evals=156356
       Livermore-3 run=92 seed=2706151228 time=0.329s reward=1.000000 train_r2=1.000000 test_r2=1.000000 complexity=11 evals=47857
       Livermore-2 run=92 seed=2706151228 time=0.981s reward=1.000000 train_r2=1.000000 test_r2=1.000000 complexity=9 evals=126960
       Livermore-4 run=92 seed=2706151228 time=0.047s reward=1.000000 train_r2=1.000000 test_r2=1.000000 complexity=11 evals=8419
       Livermore-8 run=88 seed=741423123 time=18.539s reward=0.999958 train_r2=1.000000 test_r2=1.000000 complexity=14 evals=2000003
      Livermore-17 run=87 seed=2538244260 time=20.342s reward=0.995730 train_r2=0.999982 test_r2=0.999931 complexity=32 evals=2000007
       Livermore-7 run=88 seed=741423123 time=18.710s reward=0.999857 train_r2=1.000000 test_r2=1.000000 complexity=26 evals=2000003
       Livermore-6 run=88 seed=741423123 time=19.373s reward=0.994585 train_r2=0.999970 test_r2=0.999987 complexity=27 evals=2000002
      Livermore-17 run=90 seed=1451685539 time=9.696s reward=1.000000 train_r2=1.000000 test_r2=1.000000 complexity=6 evals=975773
       Livermore-9 run=88 seed=741423123 time=19.784s reward=0.992070 train_r2=0.999936 test_r2=0.999812 complexity=30 evals=2000004
      Livermore-11 run=88 seed=741423123 time=19.757s reward=0.999998 train_r2=1.000000 test_r2=1.000000 complexity=12 evals=2000001
      Livermore-10 run=92 seed=2706151228 time=1.751s reward=1.000000 train_r2=1.000000 test_r2=1.000000 complexity=6 evals=235921
      Livermore-13 run=92 seed=2706151228 time=0.108s reward=1.000000 train_r2=1.000000 test_r2=1.000000 complexity=3 evals=18327
       Livermore-7 run=89 seed=4203616987 time=17.395s reward=0.999762 train_r2=1.000000 test_r2=1.000000 complexity=25 evals=2000002
      Livermore-15 run=92 seed=2706151228 time=0.443s reward=1.000000 train_r2=1.000000 test_r2=1.000000 complexity=3 evals=65759
      Livermore-18 run=88 seed=741423123 time=19.825s reward=0.999999 train_r2=1.000000 test_r2=1.000000 complexity=9 evals=2000002
      Livermore-16 run=92 seed=2706151228 time=0.520s reward=1.000000 train_r2=1.000000 test_r2=1.000000 complexity=5 evals=87834
      Livermore-21 run=89 seed=4203616987 time=15.802s reward=1.000000 train_r2=1.000000 test_r2=1.000000 complexity=15 evals=1629500
      Livermore-20 run=92 seed=2706151228 time=0.050s reward=1.000000 train_r2=1.000000 test_r2=1.000000 complexity=6 evals=9100
       Livermore-1 run=92 seed=2706151228 time=5.071s reward=1.000000 train_r2=1.000000 test_r2=1.000000 complexity=7 evals=117874
      Livermore-22 run=92 seed=2706151228 time=0.124s reward=1.000000 train_r2=1.000000 test_r2=1.000000 complexity=6 evals=22086
       Livermore-8 run=89 seed=4203616987 time=18.532s reward=0.999948 train_r2=1.000000 test_r2=1.000000 complexity=14 evals=2000006
      Livermore-12 run=91 seed=3089837783 time=7.223s reward=1.000000 train_r2=1.000000 test_r2=1.000000 complexity=7 evals=742427
       Livermore-2 run=93 seed=2970813244 time=0.424s reward=1.000000 train_r2=1.000000 test_r2=1.000000 complexity=9 evals=55914
      Livermore-19 run=92 seed=2706151228 time=1.111s reward=1.000000 train_r2=1.000000 test_r2=1.000000 complexity=12 evals=159416
      Livermore-12 run=92 seed=2706151228 time=3.086s reward=1.000000 train_r2=1.000000 test_r2=1.000000 complexity=7 evals=342845
       Livermore-4 run=93 seed=2970813244 time=0.767s reward=1.000000 train_r2=1.000000 test_r2=1.000000 complexity=11 evals=105075
      Livermore-14 run=92 seed=2706151228 time=2.752s reward=1.000000 train_r2=1.000000 test_r2=1.000000 complexity=14 evals=342384
       Livermore-6 run=89 seed=4203616987 time=20.066s reward=0.990339 train_r2=0.999905 test_r2=0.999926 complexity=28 evals=2000002
       Livermore-3 run=93 seed=2970813244 time=1.205s reward=1.000000 train_r2=1.000000 test_r2=1.000000 complexity=11 evals=146566
       Livermore-9 run=89 seed=4203616987 time=19.854s reward=0.990056 train_r2=0.999899 test_r2=0.996277 complexity=25 evals=2000002
      Livermore-11 run=89 seed=4203616987 time=19.591s reward=0.999994 train_r2=1.000000 test_r2=1.000000 complexity=12 evals=2000000
       Livermore-2 run=89 seed=4203616987 time=21.840s reward=0.992166 train_r2=0.999938 test_r2=0.999907 complexity=21 evals=2000000
      Livermore-18 run=92 seed=2706151228 time=3.367s reward=0.999999 train_r2=1.000000 test_r2=1.000000 complexity=9 evals=396630
       Livermore-7 run=90 seed=1451685539 time=17.706s reward=0.999891 train_r2=1.000000 test_r2=1.000000 complexity=8 evals=2000002
       Livermore-1 run=93 seed=2970813244 time=3.298s reward=1.000000 train_r2=1.000000 test_r2=1.000000 complexity=7 evals=78479
      Livermore-14 run=93 seed=2970813244 time=0.544s reward=1.000000 train_r2=1.000000 test_r2=1.000000 complexity=14 evals=83762
      Livermore-15 run=93 seed=2970813244 time=0.370s reward=1.000000 train_r2=1.000000 test_r2=1.000000 complexity=3 evals=61295
      Livermore-17 run=91 seed=3089837783 time=9.312s reward=1.000000 train_r2=1.000000 test_r2=1.000000 complexity=6 evals=988631
       Livermore-9 run=90 seed=1451685539 time=17.624s reward=0.992849 train_r2=0.999948 test_r2=0.999860 complexity=25 evals=2000003
      Livermore-20 run=93 seed=2970813244 time=0.064s reward=1.000000 train_r2=1.000000 test_r2=1.000000 complexity=6 evals=11653
      Livermore-19 run=93 seed=2970813244 time=0.584s reward=1.000000 train_r2=1.000000 test_r2=1.000000 complexity=12 evals=85343
       Livermore-5 run=92 seed=2706151228 time=8.365s reward=1.000000 train_r2=1.000000 test_r2=1.000000 complexity=15 evals=948940
       Livermore-6 run=90 seed=1451685539 time=19.686s reward=0.993773 train_r2=0.999961 test_r2=0.999951 complexity=23 evals=2000004
      Livermore-18 run=89 seed=4203616987 time=21.466s reward=0.993104 train_r2=0.999952 test_r2=0.999972 complexity=36 evals=2000000
       Livermore-2 run=94 seed=172779871 time=0.432s reward=1.000000 train_r2=1.000000 test_r2=1.000000 complexity=9 evals=63692
      Livermore-17 run=93 seed=2970813244 time=2.124s reward=1.000000 train_r2=1.000000 test_r2=1.000000 complexity=6 evals=290614
       Livermore-4 run=94 seed=172779871 time=0.316s reward=1.000000 train_r2=1.000000 test_r2=1.000000 complexity=13 evals=51818
      Livermore-10 run=90 seed=1451685539 time=19.361s reward=0.992549 train_r2=0.999944 test_r2=0.999910 complexity=23 evals=2000001
      Livermore-21 run=93 seed=2970813244 time=1.923s reward=1.000000 train_r2=1.000000 test_r2=1.000000 complexity=20 evals=260653
       Livermore-3 run=94 seed=172779871 time=0.665s reward=1.000000 train_r2=1.000000 test_r2=1.000000 complexity=11 evals=93642
      Livermore-22 run=93 seed=2970813244 time=2.021s reward=1.000000 train_r2=1.000000 test_r2=1.000000 complexity=6 evals=274807
       Livermore-1 run=94 seed=172779871 time=2.213s reward=1.000000 train_r2=1.000000 test_r2=1.000000 complexity=7 evals=53268
      Livermore-10 run=94 seed=172779871 time=0.799s reward=1.000000 train_r2=1.000000 test_r2=1.000000 complexity=6 evals=109029
      Livermore-16 run=93 seed=2970813244 time=4.110s reward=1.000000 train_r2=1.000000 test_r2=1.000000 complexity=3 evals=561182
      Livermore-13 run=94 seed=172779871 time=0.012s reward=1.000000 train_r2=1.000000 test_r2=1.000000 complexity=3 evals=2258
      Livermore-14 run=94 seed=172779871 time=1.114s reward=1.000000 train_r2=1.000000 test_r2=1.000000 complexity=14 evals=166138
      Livermore-15 run=94 seed=172779871 time=0.682s reward=1.000000 train_r2=1.000000 test_r2=1.000000 complexity=3 evals=108076
       Livermore-5 run=93 seed=2970813244 time=9.591s reward=1.000000 train_r2=1.000000 test_r2=1.000000 complexity=14 evals=1126964
       Livermore-6 run=91 seed=3089837783 time=19.240s reward=0.989389 train_r2=0.999885 test_r2=0.999928 complexity=33 evals=2000002
       Livermore-8 run=91 seed=3089837783 time=18.552s reward=0.999943 train_r2=1.000000 test_r2=1.000000 complexity=14 evals=2000002
       Livermore-7 run=91 seed=3089837783 time=18.525s reward=0.999826 train_r2=1.000000 test_r2=1.000000 complexity=22 evals=2000001
      Livermore-20 run=94 seed=172779871 time=0.037s reward=1.000000 train_r2=1.000000 test_r2=1.000000 complexity=6 evals=6766
      Livermore-19 run=94 seed=172779871 time=0.378s reward=1.000000 train_r2=1.000000 test_r2=1.000000 complexity=10 evals=54736
      Livermore-18 run=90 seed=1451685539 time=22.480s reward=0.995134 train_r2=0.999976 test_r2=0.999885 complexity=26 evals=2000003
      Livermore-11 run=91 seed=3089837783 time=17.997s reward=0.999998 train_r2=1.000000 test_r2=1.000000 complexity=12 evals=2000010
       Livermore-2 run=95 seed=2754163514 time=0.266s reward=1.000000 train_r2=1.000000 test_r2=1.000000 complexity=9 evals=42835
       Livermore-9 run=91 seed=3089837783 time=19.566s reward=0.990703 train_r2=0.999912 test_r2=0.999784 complexity=35 evals=2000000
       Livermore-3 run=95 seed=2754163514 time=0.449s reward=1.000000 train_r2=1.000000 test_r2=1.000000 complexity=11 evals=71723
      Livermore-17 run=94 seed=172779871 time=1.566s reward=1.000000 train_r2=1.000000 test_r2=1.000000 complexity=6 evals=226570
       Livermore-4 run=95 seed=2754163514 time=0.268s reward=1.000000 train_r2=1.000000 test_r2=1.000000 complexity=11 evals=40957
      Livermore-13 run=93 seed=2970813244 time=9.365s reward=1.000000 train_r2=1.000000 test_r2=1.000000 complexity=3 evals=1062812
       Livermore-8 run=94 seed=172779871 time=7.418s reward=1.000000 train_r2=1.000000 test_r2=1.000000 complexity=2 evals=936392
      Livermore-16 run=94 seed=172779871 time=5.189s reward=1.000000 train_r2=1.000000 test_r2=1.000000 complexity=3 evals=683299
       Livermore-8 run=92 seed=2706151228 time=18.516s reward=0.999937 train_r2=1.000000 test_r2=1.000000 complexity=14 evals=2000002
       Livermore-1 run=95 seed=2754163514 time=4.147s reward=1.000000 train_r2=1.000000 test_r2=1.000000 complexity=7 evals=93772
      Livermore-22 run=94 seed=172779871 time=4.314s reward=1.000000 train_r2=1.000000 test_r2=1.000000 complexity=6 evals=505656
      Livermore-11 run=95 seed=2754163514 time=0.114s reward=1.000000 train_r2=1.000000 test_r2=1.000000 complexity=12 evals=19420
      Livermore-13 run=95 seed=2754163514 time=0.080s reward=1.000000 train_r2=1.000000 test_r2=1.000000 complexity=3 evals=13769
      Livermore-12 run=95 seed=2754163514 time=0.185s reward=1.000000 train_r2=1.000000 test_r2=1.000000 complexity=7 evals=27077
       Livermore-7 run=92 seed=2706151228 time=18.836s reward=0.999831 train_r2=1.000000 test_r2=1.000000 complexity=26 evals=2000001
       Livermore-6 run=92 seed=2706151228 time=19.306s reward=0.990098 train_r2=0.999900 test_r2=0.998269 complexity=30 evals=2000004
      Livermore-15 run=95 seed=2754163514 time=0.539s reward=1.000000 train_r2=1.000000 test_r2=1.000000 complexity=3 evals=81624
      Livermore-14 run=95 seed=2754163514 time=0.612s reward=1.000000 train_r2=1.000000 test_r2=1.000000 complexity=14 evals=88476
      Livermore-20 run=95 seed=2754163514 time=0.001s reward=1.000000 train_r2=1.000000 test_r2=1.000000 complexity=6 evals=194
      Livermore-16 run=95 seed=2754163514 time=0.578s reward=1.000000 train_r2=1.000000 test_r2=1.000000 complexity=3 evals=89619
      Livermore-22 run=95 seed=2754163514 time=0.067s reward=1.000000 train_r2=1.000000 test_r2=1.000000 complexity=6 evals=12496
      Livermore-19 run=95 seed=2754163514 time=0.356s reward=1.000000 train_r2=1.000000 test_r2=1.000000 complexity=10 evals=52072
      Livermore-17 run=95 seed=2754163514 time=1.023s reward=1.000000 train_r2=1.000000 test_r2=1.000000 complexity=6 evals=140322
       Livermore-5 run=95 seed=2754163514 time=5.118s reward=1.000000 train_r2=1.000000 test_r2=1.000000 complexity=14 evals=664087
       Livermore-2 run=96 seed=3294841411 time=0.855s reward=1.000000 train_r2=1.000000 test_r2=1.000000 complexity=9 evals=109770
       Livermore-3 run=96 seed=3294841411 time=0.571s reward=1.000000 train_r2=1.000000 test_r2=1.000000 complexity=11 evals=79827
       Livermore-4 run=96 seed=3294841411 time=0.251s reward=1.000000 train_r2=1.000000 test_r2=1.000000 complexity=13 evals=42546
       Livermore-9 run=92 seed=2706151228 time=20.464s reward=0.994934 train_r2=0.999974 test_r2=0.999705 complexity=40 evals=2000000
      Livermore-17 run=92 seed=2706151228 time=18.144s reward=1.000000 train_r2=1.000000 test_r2=1.000000 complexity=6 evals=1841373
      Livermore-11 run=92 seed=2706151228 time=20.132s reward=0.999998 train_r2=1.000000 test_r2=1.000000 complexity=12 evals=2000000
      Livermore-18 run=91 seed=3089837783 time=23.078s reward=0.941515 train_r2=0.996141 test_r2=0.991901 complexity=33 evals=2000000
      Livermore-21 run=92 seed=2706151228 time=18.412s reward=1.000000 train_r2=1.000000 test_r2=1.000000 complexity=15 evals=1903398
       Livermore-5 run=96 seed=3294841411 time=0.982s reward=1.000000 train_r2=1.000000 test_r2=1.000000 complexity=14 evals=135378
      Livermore-11 run=96 seed=3294841411 time=0.501s reward=1.000000 train_r2=1.000000 test_r2=1.000000 complexity=12 evals=70289
       Livermore-5 run=94 seed=172779871 time=12.751s reward=1.000000 train_r2=1.000000 test_r2=1.000000 complexity=14 evals=1438739
      Livermore-12 run=96 seed=3294841411 time=0.315s reward=1.000000 train_r2=1.000000 test_r2=1.000000 complexity=7 evals=44349
      Livermore-14 run=96 seed=3294841411 time=0.338s reward=1.000000 train_r2=1.000000 test_r2=1.000000 complexity=14 evals=50304
      Livermore-13 run=96 seed=3294841411 time=0.553s reward=1.000000 train_r2=1.000000 test_r2=1.000000 complexity=3 evals=82088
      Livermore-15 run=96 seed=3294841411 time=0.547s reward=1.000000 train_r2=1.000000 test_r2=1.000000 complexity=3 evals=88952
       Livermore-8 run=93 seed=2970813244 time=17.415s reward=0.999957 train_r2=1.000000 test_r2=1.000000 complexity=14 evals=2000003
      Livermore-20 run=96 seed=3294841411 time=0.015s reward=1.000000 train_r2=1.000000 test_r2=1.000000 complexity=6 evals=2903
      Livermore-19 run=96 seed=3294841411 time=0.251s reward=1.000000 train_r2=1.000000 test_r2=1.000000 complexity=12 evals=41336
       Livermore-1 run=96 seed=3294841411 time=3.902s reward=1.000000 train_r2=1.000000 test_r2=1.000000 complexity=7 evals=93883
       Livermore-7 run=93 seed=2970813244 time=19.357s reward=0.999870 train_r2=1.000000 test_r2=1.000000 complexity=8 evals=2000001
      Livermore-11 run=93 seed=2970813244 time=19.164s reward=0.999994 train_r2=1.000000 test_r2=1.000000 complexity=12 evals=2000003
       Livermore-3 run=97 seed=3184510963 time=0.194s reward=1.000000 train_r2=1.000000 test_r2=1.000000 complexity=11 evals=30234
       Livermore-6 run=93 seed=2970813244 time=20.109s reward=0.996130 train_r2=0.999985 test_r2=0.999760 complexity=22 evals=2000004
       Livermore-5 run=97 seed=3184510963 time=0.394s reward=1.000000 train_r2=1.000000 test_r2=1.000000 complexity=14 evals=60659
       Livermore-4 run=97 seed=3184510963 time=0.615s reward=1.000000 train_r2=1.000000 test_r2=1.000000 complexity=11 evals=88759
       Livermore-9 run=93 seed=2970813244 time=20.568s reward=0.994977 train_r2=0.999975 test_r2=0.999834 complexity=25 evals=2000004
      Livermore-10 run=93 seed=2970813244 time=21.334s reward=0.992981 train_r2=0.999950 test_r2=0.999851 complexity=35 evals=2000002
      Livermore-18 run=93 seed=2970813244 time=20.039s reward=0.930633 train_r2=0.994444 test_r2=0.986439 complexity=13 evals=2000002
       Livermore-1 run=97 seed=3184510963 time=3.494s reward=1.000000 train_r2=1.000000 test_r2=1.000000 complexity=7 evals=85554
      Livermore-11 run=97 seed=3184510963 time=0.552s reward=1.000000 train_r2=1.000000 test_r2=1.000000 complexity=12 evals=76709
      Livermore-22 run=96 seed=3294841411 time=5.611s reward=1.000000 train_r2=1.000000 test_r2=1.000000 complexity=6 evals=718797
      Livermore-12 run=93 seed=2970813244 time=22.236s reward=0.930487 train_r2=0.994419 test_r2=-263075479180758123931440734847230825928056555213926619968176128.000000 complexity=59 evals=2000003
       Livermore-7 run=94 seed=172779871 time=19.098s reward=0.999982 train_r2=1.000000 test_r2=1.000000 complexity=24 evals=2000007
       Livermore-6 run=94 seed=172779871 time=19.230s reward=0.993387 train_r2=0.999956 test_r2=0.999834 complexity=22 evals=2000002
      Livermore-10 run=96 seed=3294841411 time=7.714s reward=1.000000 train_r2=1.000000 test_r2=1.000000 complexity=6 evals=859864
       Livermore-2 run=97 seed=3184510963 time=4.470s reward=1.000000 train_r2=1.000000 test_r2=1.000000 complexity=9 evals=458782
      Livermore-15 run=97 seed=3184510963 time=0.398s reward=1.000000 train_r2=1.000000 test_r2=1.000000 complexity=3 evals=59059
      Livermore-14 run=97 seed=3184510963 time=0.370s reward=1.000000 train_r2=1.000000 test_r2=1.000000 complexity=14 evals=54269
      Livermore-20 run=97 seed=3184510963 time=0.023s reward=1.000000 train_r2=1.000000 test_r2=1.000000 complexity=6 evals=4425
      Livermore-21 run=94 seed=172779871 time=15.418s reward=1.000000 train_r2=1.000000 test_r2=1.000000 complexity=19 evals=1576876
      Livermore-19 run=97 seed=3184510963 time=0.691s reward=1.000000 train_r2=1.000000 test_r2=1.000000 complexity=10 evals=87065
      Livermore-11 run=94 seed=172779871 time=19.330s reward=0.999980 train_r2=1.000000 test_r2=1.000000 complexity=12 evals=2000000
       Livermore-9 run=94 seed=172779871 time=19.801s reward=0.990477 train_r2=0.999908 test_r2=0.999693 complexity=31 evals=2000001
       Livermore-3 run=98 seed=1468460158 time=0.388s reward=1.000000 train_r2=1.000000 test_r2=1.000000 complexity=11 evals=57071
      Livermore-22 run=97 seed=3184510963 time=0.702s reward=1.000000 train_r2=1.000000 test_r2=1.000000 complexity=6 evals=104310
       Livermore-4 run=98 seed=1468460158 time=0.278s reward=1.000000 train_r2=1.000000 test_r2=1.000000 complexity=13 evals=42203
      Livermore-12 run=94 seed=172779871 time=19.771s reward=0.990780 train_r2=0.999913 test_r2=0.122364 complexity=56 evals=2000011
       Livermore-8 run=96 seed=3294841411 time=9.988s reward=1.000000 train_r2=1.000000 test_r2=1.000000 complexity=2 evals=1166255
      Livermore-18 run=95 seed=2754163514 time=12.060s reward=0.999999 train_r2=1.000000 test_r2=1.000000 complexity=9 evals=1129462
       Livermore-1 run=98 seed=1468460158 time=2.561s reward=1.000000 train_r2=1.000000 test_r2=1.000000 complexity=7 evals=60917
       Livermore-2 run=98 seed=1468460158 time=3.019s reward=1.000000 train_r2=1.000000 test_r2=1.000000 complexity=9 evals=334578
      Livermore-11 run=98 seed=1468460158 time=0.547s reward=1.000000 train_r2=1.000000 test_r2=1.000000 complexity=12 evals=74223
       Livermore-7 run=96 seed=3294841411 time=12.350s reward=1.000000 train_r2=1.000000 test_r2=1.000000 complexity=2 evals=1460385
      Livermore-12 run=98 seed=1468460158 time=0.039s reward=1.000000 train_r2=1.000000 test_r2=1.000000 complexity=7 evals=5944
      Livermore-13 run=98 seed=1468460158 time=0.173s reward=1.000000 train_r2=1.000000 test_r2=1.000000 complexity=3 evals=30034
      Livermore-15 run=98 seed=1468460158 time=0.230s reward=1.000000 train_r2=1.000000 test_r2=1.000000 complexity=3 evals=39540
       Livermore-6 run=95 seed=2754163514 time=19.102s reward=0.994379 train_r2=0.999968 test_r2=0.999944 complexity=25 evals=2000002
       Livermore-8 run=95 seed=2754163514 time=18.940s reward=0.999940 train_r2=1.000000 test_r2=1.000000 complexity=14 evals=2000003
       Livermore-7 run=95 seed=2754163514 time=18.908s reward=0.999858 train_r2=1.000000 test_r2=1.000000 complexity=47 evals=2000005
      Livermore-10 run=98 seed=1468460158 time=2.709s reward=1.000000 train_r2=1.000000 test_r2=1.000000 complexity=6 evals=317367
      Livermore-20 run=98 seed=1468460158 time=0.011s reward=1.000000 train_r2=1.000000 test_r2=1.000000 complexity=6 evals=1950
      Livermore-18 run=94 seed=172779871 time=20.447s reward=0.973149 train_r2=0.999239 test_r2=0.999333 complexity=42 evals=2000007
       Livermore-9 run=95 seed=2754163514 time=17.919s reward=0.993215 train_r2=0.999953 test_r2=0.999910 complexity=33 evals=2000007
      Livermore-19 run=98 seed=1468460158 time=0.691s reward=1.000000 train_r2=1.000000 test_r2=1.000000 complexity=12 evals=95722
       Livermore-2 run=99 seed=972782567 time=0.366s reward=1.000000 train_r2=1.000000 test_r2=1.000000 complexity=9 evals=51342
wrote 100 rows to results_seed_bias/livermore/pcg-quantum/livermore/livermore_002_livermore-2.csv
      Livermore-10 run=95 seed=2754163514 time=18.071s reward=0.993947 train_r2=0.999963 test_r2=0.999984 complexity=9 evals=2000006
       Livermore-4 run=99 seed=972782567 time=0.219s reward=1.000000 train_r2=1.000000 test_r2=1.000000 complexity=13 evals=36949
wrote 100 rows to results_seed_bias/livermore/pcg-quantum/livermore/livermore_004_livermore-4.csv
       Livermore-3 run=99 seed=972782567 time=0.390s reward=1.000000 train_r2=1.000000 test_r2=1.000000 complexity=11 evals=55708
wrote 100 rows to results_seed_bias/livermore/pcg-quantum/livermore/livermore_003_livermore-3.csv
       Livermore-5 run=98 seed=1468460158 time=6.396s reward=1.000000 train_r2=1.000000 test_r2=1.000000 complexity=14 evals=734760
      Livermore-22 run=98 seed=1468460158 time=1.839s reward=1.000000 train_r2=1.000000 test_r2=1.000000 complexity=6 evals=260065
      Livermore-13 run=97 seed=3184510963 time=8.558s reward=1.000000 train_r2=1.000000 test_r2=1.000000 complexity=3 evals=1061133
       Livermore-5 run=99 seed=972782567 time=0.925s reward=1.000000 train_r2=1.000000 test_r2=1.000000 complexity=14 evals=134150
wrote 100 rows to results_seed_bias/livermore/pcg-quantum/livermore/livermore_005_livermore-5.csv
      Livermore-18 run=98 seed=1468460158 time=2.664s reward=0.999999 train_r2=1.000000 test_r2=1.000000 complexity=9 evals=288466
       Livermore-1 run=99 seed=972782567 time=2.373s reward=1.000000 train_r2=1.000000 test_r2=1.000000 complexity=7 evals=57354
wrote 100 rows to results_seed_bias/livermore/pcg-quantum/livermore/livermore_001_livermore-1.csv
      Livermore-11 run=99 seed=972782567 time=0.634s reward=0.999999 train_r2=1.000000 test_r2=1.000000 complexity=12 evals=86733
wrote 100 rows to results_seed_bias/livermore/pcg-quantum/livermore/livermore_011_livermore-11.csv
      Livermore-13 run=99 seed=972782567 time=0.180s reward=1.000000 train_r2=1.000000 test_r2=1.000000 complexity=3 evals=29470
wrote 100 rows to results_seed_bias/livermore/pcg-quantum/livermore/livermore_013_livermore-13.csv
      Livermore-16 run=96 seed=3294841411 time=16.448s reward=0.989313 train_r2=0.999883 test_r2=0.997173 complexity=17 evals=2000006
      Livermore-15 run=99 seed=972782567 time=0.320s reward=1.000000 train_r2=1.000000 test_r2=1.000000 complexity=3 evals=52380
wrote 100 rows to results_seed_bias/livermore/pcg-quantum/livermore/livermore_015_livermore-15.csv
      Livermore-21 run=95 seed=2754163514 time=19.290s reward=0.990533 train_r2=0.999909 test_r2=0.999891 complexity=16 evals=2000006
      Livermore-16 run=99 seed=972782567 time=0.819s reward=1.000000 train_r2=1.000000 test_r2=1.000000 complexity=3 evals=125046
      Livermore-17 run=99 seed=972782567 time=0.705s reward=1.000000 train_r2=1.000000 test_r2=1.000000 complexity=6 evals=100664
      Livermore-21 run=96 seed=3294841411 time=17.050s reward=1.000000 train_r2=1.000000 test_r2=1.000000 complexity=19 evals=1868356
      Livermore-20 run=99 seed=972782567 time=0.034s reward=1.000000 train_r2=1.000000 test_r2=1.000000 complexity=6 evals=6357
wrote 100 rows to results_seed_bias/livermore/pcg-quantum/livermore/livermore_020_livermore-20.csv
      Livermore-19 run=99 seed=972782567 time=0.228s reward=1.000000 train_r2=1.000000 test_r2=1.000000 complexity=12 evals=36736
wrote 100 rows to results_seed_bias/livermore/pcg-quantum/livermore/livermore_019_livermore-19.csv
      Livermore-22 run=99 seed=972782567 time=0.320s reward=1.000000 train_r2=1.000000 test_r2=1.000000 complexity=6 evals=50031
wrote 100 rows to results_seed_bias/livermore/pcg-quantum/livermore/livermore_022_livermore-22.csv
       Livermore-9 run=96 seed=3294841411 time=20.106s reward=0.991376 train_r2=0.999924 test_r2=0.999614 complexity=39 evals=2000000
      Livermore-14 run=99 seed=972782567 time=3.098s reward=1.000000 train_r2=1.000000 test_r2=1.000000 complexity=14 evals=353463
       Livermore-6 run=96 seed=3294841411 time=20.784s reward=0.992753 train_r2=0.999947 test_r2=0.999576 complexity=31 evals=2000003
      Livermore-17 run=96 seed=3294841411 time=20.244s reward=0.995222 train_r2=0.999977 test_r2=0.999990 complexity=27 evals=2000006
       Livermore-7 run=99 seed=972782567 time=6.088s reward=1.000000 train_r2=1.000000 test_r2=1.000000 complexity=2 evals=711142
       Livermore-7 run=97 seed=3184510963 time=18.251s reward=0.999809 train_r2=1.000000 test_r2=1.000000 complexity=8 evals=2000001
      Livermore-16 run=98 seed=1468460158 time=10.228s reward=1.000000 train_r2=1.000000 test_r2=1.000000 complexity=3 evals=1357585
       Livermore-8 run=98 seed=1468460158 time=13.836s reward=1.000000 train_r2=1.000000 test_r2=1.000000 complexity=2 evals=1550252
       Livermore-8 run=97 seed=3184510963 time=19.003s reward=0.999931 train_r2=1.000000 test_r2=1.000000 complexity=14 evals=2000000
       Livermore-6 run=97 seed=3184510963 time=20.058s reward=0.993949 train_r2=0.999963 test_r2=0.999801 complexity=25 evals=2000002
      Livermore-14 run=98 seed=1468460158 time=12.299s reward=1.000000 train_r2=1.000000 test_r2=1.000000 complexity=14 evals=1476433
wrote 100 rows to results_seed_bias/livermore/pcg-quantum/livermore/livermore_014_livermore-14.csv
      Livermore-16 run=97 seed=3184510963 time=17.293s reward=0.966953 train_r2=0.998832 test_r2=0.990721 complexity=24 evals=2000003
wrote 100 rows to results_seed_bias/livermore/pcg-quantum/livermore/livermore_016_livermore-16.csv
      Livermore-18 run=96 seed=3294841411 time=23.638s reward=0.983466 train_r2=0.999717 test_r2=0.997972 complexity=24 evals=2000003
      Livermore-10 run=97 seed=3184510963 time=19.021s reward=0.959299 train_r2=0.998200 test_r2=0.945003 complexity=28 evals=2000000
       Livermore-9 run=97 seed=3184510963 time=19.629s reward=0.992463 train_r2=0.999942 test_r2=0.999599 complexity=17 evals=2000002
      Livermore-17 run=97 seed=3184510963 time=18.493s reward=0.999312 train_r2=1.000000 test_r2=1.000000 complexity=12 evals=2000000
       Livermore-9 run=98 seed=1468460158 time=16.429s reward=0.996562 train_r2=0.999988 test_r2=0.999970 complexity=21 evals=2000002
       Livermore-7 run=98 seed=1468460158 time=17.132s reward=0.999816 train_r2=1.000000 test_r2=1.000000 complexity=31 evals=2000006
wrote 100 rows to results_seed_bias/livermore/pcg-quantum/livermore/livermore_007_livermore-7.csv
      Livermore-21 run=97 seed=3184510963 time=19.367s reward=0.994169 train_r2=0.999966 test_r2=0.999648 complexity=22 evals=2000000
       Livermore-6 run=98 seed=1468460158 time=18.167s reward=0.996715 train_r2=0.999989 test_r2=0.991524 complexity=31 evals=2000000
      Livermore-18 run=97 seed=3184510963 time=19.773s reward=0.980783 train_r2=0.999616 test_r2=0.999945 complexity=29 evals=2000002
      Livermore-12 run=97 seed=3184510963 time=21.980s reward=0.905361 train_r2=0.989073 test_r2=-285273218.735960 complexity=74 evals=2000003
      Livermore-17 run=98 seed=1468460158 time=16.502s reward=0.988333 train_r2=0.999861 test_r2=0.999536 complexity=31 evals=2000003
wrote 100 rows to results_seed_bias/livermore/pcg-quantum/livermore/livermore_017_livermore-17.csv
      Livermore-21 run=98 seed=1468460158 time=16.293s reward=0.995980 train_r2=0.999984 test_r2=0.999512 complexity=46 evals=2000000
       Livermore-8 run=99 seed=972782567 time=14.879s reward=0.999961 train_r2=1.000000 test_r2=1.000000 complexity=14 evals=2000003
wrote 100 rows to results_seed_bias/livermore/pcg-quantum/livermore/livermore_008_livermore-8.csv
      Livermore-10 run=99 seed=972782567 time=14.838s reward=0.997067 train_r2=0.999991 test_r2=0.999989 complexity=15 evals=2000002
wrote 100 rows to results_seed_bias/livermore/pcg-quantum/livermore/livermore_010_livermore-10.csv
       Livermore-6 run=99 seed=972782567 time=16.167s reward=0.994402 train_r2=0.999968 test_r2=0.999923 complexity=32 evals=2000000
wrote 100 rows to results_seed_bias/livermore/pcg-quantum/livermore/livermore_006_livermore-6.csv
       Livermore-9 run=99 seed=972782567 time=15.766s reward=0.994763 train_r2=0.999972 test_r2=0.999975 complexity=35 evals=2000002
wrote 100 rows to results_seed_bias/livermore/pcg-quantum/livermore/livermore_009_livermore-9.csv
      Livermore-12 run=99 seed=972782567 time=16.073s reward=0.964591 train_r2=0.998652 test_r2=-11281553812714933977088.000000 complexity=49 evals=2000012
wrote 100 rows to results_seed_bias/livermore/pcg-quantum/livermore/livermore_012_livermore-12.csv
      Livermore-21 run=99 seed=972782567 time=14.117s reward=0.993867 train_r2=0.999962 test_r2=0.999947 complexity=17 evals=2000001
wrote 100 rows to results_seed_bias/livermore/pcg-quantum/livermore/livermore_021_livermore-21.csv
      Livermore-18 run=99 seed=972782567 time=15.472s reward=0.984870 train_r2=0.999764 test_r2=0.999600 complexity=25 evals=2000005
wrote 100 rows to results_seed_bias/livermore/pcg-quantum/livermore/livermore_018_livermore-18.csv
total wall time : 498.2s
